{"type":"FeatureCollection","features":[{"type":"Feature","properties":{"kind":"badge","ref":"3","color":"#ED6C00","offset":[0,0]},"geometry":{"type":"Point","coordinates":[126.74746815,37.6761745]}},{"type":"Feature","properties":{"kind":"label","name":"대화"},"geometry":{"type":"Point","coordinates":[126.74746815,37.6761745]}},{"type":"Feature","properties":{"kind":"badge","ref":"3","color":"#ED6C00","offset":[0,0]},"geometry":{"type":"Point","coordinates":[126.76123989999999,37.670143249999995]}},{"type":"Feature","properties":{"kind":"label","name":"주엽"},"geometry":{"type":"Point","coordinates":[126.76123989999999,37.670143249999995]}},{"type":"Feature","properties":{"kind":"badge","ref":"3","color":"#ED6C00","offset":[0,0]},"geometry":{"type":"Point","coordinates":[126.773255,37.6597292]}},{"type":"Feature","properties":{"kind":"label","name":"정발산"},"geometry":{"type":"Point","coordinates":[126.773255,37.6597292]}},{"type":"Feature","properties":{"kind":"badge","ref":"3","color":"#ED6C00","offset":[0,0]},"geometry":{"type":"Point","coordinates":[126.7777566,37.652009899999996]}},{"type":"Feature","properties":{"kind":"label","name":"마두"},"geometry":{"type":"Point","coordinates":[126.7777566,37.652009899999996]}},{"type":"Feature","properties":{"kind":"badge","ref":"3","color":"#ED6C00","offset":[0,0]},"geometry":{"type":"Point","coordinates":[126.78796255,37.6430864]}},{"type":"Feature","properties":{"kind":"label","name":"백석"},"geometry":{"type":"Point","coordinates":[126.78796255,37.6430864]}},{"type":"Feature","properties":{"kind":"badge","ref":"3","color":"#ED6C00","offset":[0,0]},"geometry":{"type":"Point","coordinates":[126.8109994,37.6316918]}},{"type":"Feature","properties":{"kind":"label","name":"대곡"},"geometry":{"type":"Point","coordinates":[126.8109994,37.6316918]}},{"type":"Feature","properties":{"kind":"badge","ref":"3","color":"#ED6C00","offset":[0,0]},"geometry":{"type":"Point","coordinates":[126.83262855000001,37.6346248]}},{"type":"Feature","properties":{"kind":"label","name":"화정"},"geometry":{"type":"Point","coordinates":[126.83262855000001,37.6346248]}},{"type":"Feature","properties":{"kind":"badge","ref":"3","color":"#ED6C00","offset":[0,0]},"geometry":{"type":"Point","coordinates":[126.84291495,37.6531073]}},{"type":"Feature","properties":{"kind":"label","name":"원당"},"geometry":{"type":"Point","coordinates":[126.84291495,37.6531073]}},{"type":"Feature","properties":{"kind":"badge","ref":"3","color":"#ED6C00","offset":[0,0]},"geometry":{"type":"Point","coordinates":[126.8737509,37.6505087]}},{"type":"Feature","properties":{"kind":"label","name":"원흥"},"geometry":{"type":"Point","coordinates":[126.8737509,37.6505087]}},{"type":"Feature","properties":{"kind":"badge","ref":"3","color":"#ED6C00","offset":[0,0]},"geometry":{"type":"Point","coordinates":[126.89547454999999,37.65312725]}},{"type":"Feature","properties":{"kind":"label","name":"삼송"},"geometry":{"type":"Point","coordinates":[126.89547454999999,37.65312725]}},{"type":"Feature","properties":{"kind":"badge","ref":"3","color":"#ED6C00","offset":[0,0]},"geometry":{"type":"Point","coordinates":[126.91374195,37.64814335]}},{"type":"Feature","properties":{"kind":"label","name":"지축"},"geometry":{"type":"Point","coordinates":[126.91374195,37.64814335]}},{"type":"Feature","properties":{"kind":"badge","ref":"3","color":"#ED6C00","offset":[0,0]},"geometry":{"type":"Point","coordinates":[126.91880445,37.6368569]}},{"type":"Feature","properties":{"kind":"label","name":"구파발"},"geometry":{"type":"Point","coordinates":[126.91880445,37.6368569]}},{"type":"Feature","properties":{"kind":"badge","ref":"3","color":"#ED6C00","offset":[-10,0]},"geometry":{"type":"Point","coordinates":[126.92070779999999,37.61904865]}},{"type":"Feature","properties":{"kind":"badge","ref":"6","color":"#7C4932","offset":[10,0]},"geometry":{"type":"Point","coordinates":[126.92070779999999,37.61904865]}},{"type":"Feature","properties":{"kind":"label","name":"연신내"},"geometry":{"type":"Point","coordinates":[126.92070779999999,37.61904865]}},{"type":"Feature","properties":{"kind":"badge","ref":"3","color":"#ED6C00","offset":[-10,0]},"geometry":{"type":"Point","coordinates":[126.92982895,37.610319475]}},{"type":"Feature","properties":{"kind":"badge","ref":"6","color":"#7C4932","offset":[10,0]},"geometry":{"type":"Point","coordinates":[126.92982895,37.610319475]}},{"type":"Feature","properties":{"kind":"label","name":"불광"},"geometry":{"type":"Point","coordinates":[126.92982895,37.610319475]}},{"type":"Feature","properties":{"kind":"badge","ref":"3","color":"#ED6C00","offset":[0,0]},"geometry":{"type":"Point","coordinates":[126.93574865,37.60095445]}},{"type":"Feature","properties":{"kind":"label","name":"녹번"},"geometry":{"type":"Point","coordinates":[126.93574865,37.60095445]}},{"type":"Feature","properties":{"kind":"badge","ref":"3","color":"#ED6C00","offset":[0,0]},"geometry":{"type":"Point","coordinates":[126.94422355,37.5887003]}},{"type":"Feature","properties":{"kind":"label","name":"홍제"},"geometry":{"type":"Point","coordinates":[126.94422355,37.5887003]}},{"type":"Feature","properties":{"kind":"badge","ref":"3","color":"#ED6C00","offset":[0,0]},"geometry":{"type":"Point","coordinates":[126.95033525,37.58232445]}},{"type":"Feature","properties":{"kind":"label","name":"무악재"},"geometry":{"type":"Point","coordinates":[126.95033525,37.58232445]}},{"type":"Feature","properties":{"kind":"badge","ref":"3","color":"#ED6C00","offset":[0,0]},"geometry":{"type":"Point","coordinates":[126.95784739999999,37.5745341]}},{"type":"Feature","properties":{"kind":"label","name":"독립문"},"geometry":{"type":"Point","coordinates":[126.95784739999999,37.5745341]}},{"type":"Feature","properties":{"kind":"badge","ref":"3","color":"#ED6C00","offset":[0,0]},"geometry":{"type":"Point","coordinates":[126.9735668,37.5757585]}},{"type":"Feature","properties":{"kind":"label","name":"경복궁(정부서울청사)"},"geometry":{"type":"Point","coordinates":[126.9735668,37.5757585]}},{"type":"Feature","properties":{"kind":"badge","ref":"3","color":"#ED6C00","offset":[0,0]},"geometry":{"type":"Point","coordinates":[126.98621109999999,37.5768519]}},{"type":"Feature","properties":{"kind":"label","name":"안국"},"geometry":{"type":"Point","coordinates":[126.98621109999999,37.5768519]}},{"type":"Feature","properties":{"kind":"badge","ref":"3","color":"#ED6C00","offset":[-20,0]},"geometry":{"type":"Point","coordinates":[126.99183536734701,37.57073904489795]}},{"type":"Feature","properties":{"kind":"badge","ref":"5","color":"#794698","offset":[0,0]},"geometry":{"type":"Point","coordinates":[126.99183536734701,37.57073904489795]}},{"type":"Feature","properties":{"kind":"badge","ref":"1","color":"#004A85","offset":[20,0]},"geometry":{"type":"Point","coordinates":[126.99183536734701,37.57073904489795]}},{"type":"Feature","properties":{"kind":"label","name":"종로3가"},"geometry":{"type":"Point","coordinates":[126.99183536734701,37.57073904489795]}},{"type":"Feature","properties":{"kind":"badge","ref":"3","color":"#ED6C00","offset":[-10,0]},"geometry":{"type":"Point","coordinates":[126.9919166,37.566323325]}},{"type":"Feature","properties":{"kind":"badge","ref":"2","color":"#00A23F","offset":[10,0]},"geometry":{"type":"Point","coordinates":[126.9919166,37.566323325]}},{"type":"Feature","properties":{"kind":"label","name":"을지로3가"},"geometry":{"type":"Point","coordinates":[126.9919166,37.566323325]}},{"type":"Feature","properties":{"kind":"badge","ref":"3","color":"#ED6C00","offset":[-10,0]},"geometry":{"type":"Point","coordinates":[126.99420249444444,37.56133248888889]}},{"type":"Feature","properties":{"kind":"badge","ref":"4","color":"#009BCE","offset":[10,0]},"geometry":{"type":"Point","coordinates":[126.99420249444444,37.56133248888889]}},{"type":"Feature","properties":{"kind":"label","name":"충무로"},"geometry":{"type":"Point","coordinates":[126.99420249444444,37.56133248888889]}},{"type":"Feature","properties":{"kind":"badge","ref":"3","color":"#ED6C00","offset":[0,0]},"geometry":{"type":"Point","coordinates":[127.0057612,37.55904915]}},{"type":"Feature","properties":{"kind":"label","name":"동대입구"},"geometry":{"type":"Point","coordinates":[127.0057612,37.55904915]}},{"type":"Feature","properties":{"kind":"badge","ref":"3","color":"#ED6C00","offset":[-10,0]},"geometry":{"type":"Point","coordinates":[127.01041676666665,37.55441296666667]}},{"type":"Feature","properties":{"kind":"badge","ref":"6","color":"#7C4932","offset":[10,0]},"geometry":{"type":"Point","coordinates":[127.01041676666665,37.55441296666667]}},{"type":"Feature","properties":{"kind":"label","name":"약수"},"geometry":{"type":"Point","coordinates":[127.01041676666665,37.55441296666667]}},{"type":"Feature","properties":{"kind":"badge","ref":"3","color":"#ED6C00","offset":[0,0]},"geometry":{"type":"Point","coordinates":[127.01589475,37.548028450000004]}},{"type":"Feature","properties":{"kind":"label","name":"금호"},"geometry":{"type":"Point","coordinates":[127.01589475,37.548028450000004]}},{"type":"Feature","properties":{"kind":"badge","ref":"3","color":"#ED6C00","offset":[0,0]},"geometry":{"type":"Point","coordinates":[127.0174475,37.5416892]}},{"type":"Feature","properties":{"kind":"label","name":"옥수"},"geometry":{"type":"Point","coordinates":[127.0174475,37.5416892]}},{"type":"Feature","properties":{"kind":"badge","ref":"3","color":"#ED6C00","offset":[0,0]},"geometry":{"type":"Point","coordinates":[127.02849035,37.5261341]}},{"type":"Feature","properties":{"kind":"label","name":"압구정"},"geometry":{"type":"Point","coordinates":[127.02849035,37.5261341]}},{"type":"Feature","properties":{"kind":"badge","ref":"3","color":"#ED6C00","offset":[-10,0]},"geometry":{"type":"Point","coordinates":[127.019630225,37.515947849999996]}},{"type":"Feature","properties":{"kind":"badge","ref":"신분당","color":"#B81B30","offset":[10,0]},"geometry":{"type":"Point","coordinates":[127.019630225,37.515947849999996]}},{"type":"Feature","properties":{"kind":"label","name":"신사"},"geometry":{"type":"Point","coordinates":[127.019630225,37.515947849999996]}},{"type":"Feature","properties":{"kind":"badge","ref":"3","color":"#ED6C00","offset":[0,0]},"geometry":{"type":"Point","coordinates":[127.01109835,37.51273505]}},{"type":"Feature","properties":{"kind":"label","name":"잠원"},"geometry":{"type":"Point","coordinates":[127.01109835,37.51273505]}},{"type":"Feature","properties":{"kind":"badge","ref":"3","color":"#ED6C00","offset":[-20,0]},"geometry":{"type":"Point","coordinates":[127.00500675714288,37.5046127]}},{"type":"Feature","properties":{"kind":"badge","ref":"9","color":"#A49D87","offset":[0,0]},"geometry":{"type":"Point","coordinates":[127.00500675714288,37.5046127]}},{"type":"Feature","properties":{"kind":"badge","ref":"7","color":"#6E7E31","offset":[20,0]},"geometry":{"type":"Point","coordinates":[127.00500675714288,37.5046127]}},{"type":"Feature","properties":{"kind":"label","name":"고속터미널"},"geometry":{"type":"Point","coordinates":[127.00500675714288,37.5046127]}},{"type":"Feature","properties":{"kind":"badge","ref":"3","color":"#ED6C00","offset":[-10,0]},"geometry":{"type":"Point","coordinates":[127.01409566666666,37.4932445]}},{"type":"Feature","properties":{"kind":"badge","ref":"2","color":"#00A23F","offset":[10,0]},"geometry":{"type":"Point","coordinates":[127.01409566666666,37.4932445]}},{"type":"Feature","properties":{"kind":"label","name":"교대(법원·검찰청)"},"geometry":{"type":"Point","coordinates":[127.01409566666666,37.4932445]}},{"type":"Feature","properties":{"kind":"badge","ref":"3","color":"#ED6C00","offset":[0,0]},"geometry":{"type":"Point","coordinates":[127.01630875000001,37.48497865]}},{"type":"Feature","properties":{"kind":"label","name":"남부터미널(예술의전당)"},"geometry":{"type":"Point","coordinates":[127.01630875000001,37.48497865]}},{"type":"Feature","properties":{"kind":"badge","ref":"3","color":"#ED6C00","offset":[-10,0]},"geometry":{"type":"Point","coordinates":[127.034487975,37.484172900000004]}},{"type":"Feature","properties":{"kind":"badge","ref":"신분당","color":"#B81B30","offset":[10,0]},"geometry":{"type":"Point","coordinates":[127.034487975,37.484172900000004]}},{"type":"Feature","properties":{"kind":"label","name":"양재"},"geometry":{"type":"Point","coordinates":[127.034487975,37.484172900000004]}},{"type":"Feature","properties":{"kind":"badge","ref":"3","color":"#ED6C00","offset":[0,0]},"geometry":{"type":"Point","coordinates":[127.0469741,37.48706265]}},{"type":"Feature","properties":{"kind":"label","name":"매봉"},"geometry":{"type":"Point","coordinates":[127.0469741,37.48706265]}},{"type":"Feature","properties":{"kind":"badge","ref":"3","color":"#ED6C00","offset":[0,0]},"geometry":{"type":"Point","coordinates":[127.05547115,37.490908399999995]}},{"type":"Feature","properties":{"kind":"label","name":"도곡"},"geometry":{"type":"Point","coordinates":[127.05547115,37.490908399999995]}},{"type":"Feature","properties":{"kind":"badge","ref":"3","color":"#ED6C00","offset":[0,0]},"geometry":{"type":"Point","coordinates":[127.06319925,37.4944766]}},{"type":"Feature","properties":{"kind":"label","name":"대치"},"geometry":{"type":"Point","coordinates":[127.06319925,37.4944766]}},{"type":"Feature","properties":{"kind":"badge","ref":"3","color":"#ED6C00","offset":[0,0]},"geometry":{"type":"Point","coordinates":[127.06989995,37.4965035]}},{"type":"Feature","properties":{"kind":"label","name":"학여울"},"geometry":{"type":"Point","coordinates":[127.06989995,37.4965035]}},{"type":"Feature","properties":{"kind":"badge","ref":"3","color":"#ED6C00","offset":[0,0]},"geometry":{"type":"Point","coordinates":[127.07953825,37.4936635]}},{"type":"Feature","properties":{"kind":"label","name":"대청"},"geometry":{"type":"Point","coordinates":[127.07953825,37.4936635]}},{"type":"Feature","properties":{"kind":"badge","ref":"3","color":"#ED6C00","offset":[0,0]},"geometry":{"type":"Point","coordinates":[127.0842084,37.48379075]}},{"type":"Feature","properties":{"kind":"label","name":"일원"},"geometry":{"type":"Point","coordinates":[127.0842084,37.48379075]}},{"type":"Feature","properties":{"kind":"badge","ref":"3","color":"#ED6C00","offset":[0,0]},"geometry":{"type":"Point","coordinates":[127.10196395,37.48746015]}},{"type":"Feature","properties":{"kind":"label","name":"수서"},"geometry":{"type":"Point","coordinates":[127.10196395,37.48746015]}},{"type":"Feature","properties":{"kind":"badge","ref":"3","color":"#ED6C00","offset":[-10,0]},"geometry":{"type":"Point","coordinates":[127.11800718333335,37.49288443333334]}},{"type":"Feature","properties":{"kind":"badge","ref":"8","color":"#D11D70","offset":[10,0]},"geometry":{"type":"Point","coordinates":[127.11800718333335,37.49288443333334]}},{"type":"Feature","properties":{"kind":"label","name":"가락시장"},"geometry":{"type":"Point","coordinates":[127.11800718333335,37.49288443333334]}},{"type":"Feature","properties":{"kind":"badge","ref":"3","color":"#ED6C00","offset":[0,0]},"geometry":{"type":"Point","coordinates":[127.1238075,37.4953299]}},{"type":"Feature","properties":{"kind":"label","name":"경찰병원"},"geometry":{"type":"Point","coordinates":[127.1238075,37.4953299]}},{"type":"Feature","properties":{"kind":"badge","ref":"3","color":"#ED6C00","offset":[-10,0]},"geometry":{"type":"Point","coordinates":[127.12799224999999,37.5021958]}},{"type":"Feature","properties":{"kind":"badge","ref":"5","color":"#794698","offset":[10,0]},"geometry":{"type":"Point","coordinates":[127.12799224999999,37.5021958]}},{"type":"Feature","properties":{"kind":"label","name":"오금"},"geometry":{"type":"Point","coordinates":[127.12799224999999,37.5021958]}},{"type":"Feature","properties":{"kind":"badge","ref":"N","color":"#008000","offset":[0,0]},"geometry":{"type":"Point","coordinates":[130.3210817,33.55510755]}},{"type":"Feature","properties":{"kind":"label","name":"하시모토"},"geometry":{"type":"Point","coordinates":[130.3210817,33.55510755]}},{"type":"Feature","properties":{"kind":"badge","ref":"N","color":"#008000","offset":[0,0]},"geometry":{"type":"Point","coordinates":[130.33000859999999,33.5524865]}},{"type":"Feature","properties":{"kind":"label","name":"지로마루"},"geometry":{"type":"Point","coordinates":[130.33000859999999,33.5524865]}},{"type":"Feature","properties":{"kind":"badge","ref":"N","color":"#008000","offset":[0,0]},"geometry":{"type":"Point","coordinates":[130.33784815,33.55049485]}},{"type":"Feature","properties":{"kind":"label","name":"가모"},"geometry":{"type":"Point","coordinates":[130.33784815,33.55049485]}},{"type":"Feature","properties":{"kind":"badge","ref":"N","color":"#008000","offset":[0,0]},"geometry":{"type":"Point","coordinates":[130.3465423,33.54831185]}},{"type":"Feature","properties":{"kind":"label","name":"노케"},"geometry":{"type":"Point","coordinates":[130.3465423,33.54831185]}},{"type":"Feature","properties":{"kind":"badge","ref":"N","color":"#008000","offset":[0,0]},"geometry":{"type":"Point","coordinates":[130.3551501,33.54579665]}},{"type":"Feature","properties":{"kind":"label","name":"우메바야시"},"geometry":{"type":"Point","coordinates":[130.3551501,33.54579665]}},{"type":"Feature","properties":{"kind":"badge","ref":"N","color":"#008000","offset":[0,0]},"geometry":{"type":"Point","coordinates":[130.3623589,33.54730995]}},{"type":"Feature","properties":{"kind":"label","name":"후쿠다이앞"},"geometry":{"type":"Point","coordinates":[130.3623589,33.54730995]}},{"type":"Feature","properties":{"kind":"badge","ref":"N","color":"#008000","offset":[0,0]},"geometry":{"type":"Point","coordinates":[130.3617115,33.55290735]}},{"type":"Feature","properties":{"kind":"label","name":"나나쿠마"},"geometry":{"type":"Point","coordinates":[130.3617115,33.55290735]}},{"type":"Feature","properties":{"kind":"badge","ref":"N","color":"#008000","offset":[0,0]},"geometry":{"type":"Point","coordinates":[130.3617505,33.55965705]}},{"type":"Feature","properties":{"kind":"label","name":"가나야마"},"geometry":{"type":"Point","coordinates":[130.3617505,33.55965705]}},{"type":"Feature","properties":{"kind":"badge","ref":"N","color":"#008000","offset":[0,0]},"geometry":{"type":"Point","coordinates":[130.3655056,33.56626885]}},{"type":"Feature","properties":{"kind":"label","name":"자야마"},"geometry":{"type":"Point","coordinates":[130.3655056,33.56626885]}},{"type":"Feature","properties":{"kind":"badge","ref":"N","color":"#008000","offset":[0,0]},"geometry":{"type":"Point","coordinates":[130.3695827,33.574125249999994]}},{"type":"Feature","properties":{"kind":"label","name":"베후"},"geometry":{"type":"Point","coordinates":[130.3695827,33.574125249999994]}},{"type":"Feature","properties":{"kind":"badge","ref":"N","color":"#008000","offset":[0,0]},"geometry":{"type":"Point","coordinates":[130.3770972,33.577433799999994]}},{"type":"Feature","properties":{"kind":"label","name":"롯폰마쓰"},"geometry":{"type":"Point","coordinates":[130.3770972,33.577433799999994]}},{"type":"Feature","properties":{"kind":"badge","ref":"N","color":"#008000","offset":[0,0]},"geometry":{"type":"Point","coordinates":[130.3868741,33.5772717]}},{"type":"Feature","properties":{"kind":"label","name":"사쿠라자카"},"geometry":{"type":"Point","coordinates":[130.3868741,33.5772717]}},{"type":"Feature","properties":{"kind":"badge","ref":"N","color":"#008000","offset":[0,0]},"geometry":{"type":"Point","coordinates":[130.39678535000002,33.580548050000004]}},{"type":"Feature","properties":{"kind":"label","name":"야쿠인오도리"},"geometry":{"type":"Point","coordinates":[130.39678535000002,33.580548050000004]}},{"type":"Feature","properties":{"kind":"badge","ref":"N","color":"#008000","offset":[0,0]},"geometry":{"type":"Point","coordinates":[130.4018261,33.581703399999995]}},{"type":"Feature","properties":{"kind":"label","name":"薬院"},"geometry":{"type":"Point","coordinates":[130.4018261,33.581703399999995]}},{"type":"Feature","properties":{"kind":"badge","ref":"N","color":"#008000","offset":[0,0]},"geometry":{"type":"Point","coordinates":[130.4051614,33.5838789]}},{"type":"Feature","properties":{"kind":"label","name":"와타나베도리"},"geometry":{"type":"Point","coordinates":[130.4051614,33.5838789]}},{"type":"Feature","properties":{"kind":"badge","ref":"N","color":"#008000","offset":[0,0]},"geometry":{"type":"Point","coordinates":[130.4025014,33.5886048]}},{"type":"Feature","properties":{"kind":"label","name":"덴진미나미"},"geometry":{"type":"Point","coordinates":[130.4025014,33.5886048]}},{"type":"Feature","properties":{"kind":"badge","ref":"N","color":"#008000","offset":[0,0]},"geometry":{"type":"Point","coordinates":[130.4115617,33.59132495]}},{"type":"Feature","properties":{"kind":"label","name":"櫛田神社前"},"geometry":{"type":"Point","coordinates":[130.4115617,33.59132495]}},{"type":"Feature","properties":{"kind":"badge","ref":"N","color":"#008000","offset":[-10,0]},"geometry":{"type":"Point","coordinates":[130.41957092500002,33.5898726]}},{"type":"Feature","properties":{"kind":"badge","ref":"K","color":"#FF4500","offset":[10,0]},"geometry":{"type":"Point","coordinates":[130.41957092500002,33.5898726]}},{"type":"Feature","properties":{"kind":"label","name":"하카타 역"},"geometry":{"type":"Point","coordinates":[130.41957092500002,33.5898726]}},{"type":"Feature","properties":{"kind":"badge","ref":"K","color":"#FF4500","offset":[0,0]},"geometry":{"type":"Point","coordinates":[130.4481818,33.597321300000004]}},{"type":"Feature","properties":{"kind":"label","name":"福岡空港"},"geometry":{"type":"Point","coordinates":[130.4481818,33.597321300000004]}},{"type":"Feature","properties":{"kind":"badge","ref":"K","color":"#FF4500","offset":[0,0]},"geometry":{"type":"Point","coordinates":[130.43129305000002,33.58982985]}},{"type":"Feature","properties":{"kind":"label","name":"東比恵"},"geometry":{"type":"Point","coordinates":[130.43129305000002,33.58982985]}},{"type":"Feature","properties":{"kind":"badge","ref":"K","color":"#FF4500","offset":[0,0]},"geometry":{"type":"Point","coordinates":[130.4143496,33.5942767]}},{"type":"Feature","properties":{"kind":"label","name":"祇園"},"geometry":{"type":"Point","coordinates":[130.4143496,33.5942767]}},{"type":"Feature","properties":{"kind":"badge","ref":"K","color":"#FF4500","offset":[-10,0]},"geometry":{"type":"Point","coordinates":[130.406453175,33.59471930000001]}},{"type":"Feature","properties":{"kind":"badge","ref":"H","color":"#0077CC","offset":[10,0]},"geometry":{"type":"Point","coordinates":[130.406453175,33.59471930000001]}},{"type":"Feature","properties":{"kind":"label","name":"中洲川端"},"geometry":{"type":"Point","coordinates":[130.406453175,33.59471930000001]}},{"type":"Feature","properties":{"kind":"badge","ref":"K","color":"#FF4500","offset":[0,0]},"geometry":{"type":"Point","coordinates":[130.39862775,33.591264550000005]}},{"type":"Feature","properties":{"kind":"label","name":"天神"},"geometry":{"type":"Point","coordinates":[130.39862775,33.591264550000005]}},{"type":"Feature","properties":{"kind":"badge","ref":"K","color":"#FF4500","offset":[0,0]},"geometry":{"type":"Point","coordinates":[130.390364,33.58907755]}},{"type":"Feature","properties":{"kind":"label","name":"赤坂"},"geometry":{"type":"Point","coordinates":[130.390364,33.58907755]}},{"type":"Feature","properties":{"kind":"badge","ref":"K","color":"#FF4500","offset":[0,0]},"geometry":{"type":"Point","coordinates":[130.37875965,33.590104]}},{"type":"Feature","properties":{"kind":"label","name":"大濠公園"},"geometry":{"type":"Point","coordinates":[130.37875965,33.590104]}},{"type":"Feature","properties":{"kind":"badge","ref":"K","color":"#FF4500","offset":[0,0]},"geometry":{"type":"Point","coordinates":[130.37024144999998,33.5902199]}},{"type":"Feature","properties":{"kind":"label","name":"唐人町"},"geometry":{"type":"Point","coordinates":[130.37024144999998,33.5902199]}},{"type":"Feature","properties":{"kind":"badge","ref":"K","color":"#FF4500","offset":[0,0]},"geometry":{"type":"Point","coordinates":[130.3594582,33.583733800000005]}},{"type":"Feature","properties":{"kind":"label","name":"西新"},"geometry":{"type":"Point","coordinates":[130.3594582,33.583733800000005]}},{"type":"Feature","properties":{"kind":"badge","ref":"K","color":"#FF4500","offset":[0,0]},"geometry":{"type":"Point","coordinates":[130.3483349,33.58135995]}},{"type":"Feature","properties":{"kind":"label","name":"藤崎"},"geometry":{"type":"Point","coordinates":[130.3483349,33.58135995]}},{"type":"Feature","properties":{"kind":"badge","ref":"K","color":"#FF4500","offset":[0,0]},"geometry":{"type":"Point","coordinates":[130.3400305,33.58091295]}},{"type":"Feature","properties":{"kind":"label","name":"室見"},"geometry":{"type":"Point","coordinates":[130.3400305,33.58091295]}},{"type":"Feature","properties":{"kind":"badge","ref":"K","color":"#FF4500","offset":[0,0]},"geometry":{"type":"Point","coordinates":[130.32416145,33.5837542]}},{"type":"Feature","properties":{"kind":"label","name":"메이노하마"},"geometry":{"type":"Point","coordinates":[130.32416145,33.5837542]}},{"type":"Feature","properties":{"kind":"badge","ref":"H","color":"#0077CC","offset":[0,0]},"geometry":{"type":"Point","coordinates":[130.40972240000002,33.597963899999996]}},{"type":"Feature","properties":{"kind":"label","name":"呉服町"},"geometry":{"type":"Point","coordinates":[130.40972240000002,33.597963899999996]}},{"type":"Feature","properties":{"kind":"badge","ref":"H","color":"#0077CC","offset":[0,0]},"geometry":{"type":"Point","coordinates":[130.4140823,33.60223465]}},{"type":"Feature","properties":{"kind":"label","name":"千代県庁口"},"geometry":{"type":"Point","coordinates":[130.4140823,33.60223465]}},{"type":"Feature","properties":{"kind":"badge","ref":"H","color":"#0077CC","offset":[0,0]},"geometry":{"type":"Point","coordinates":[130.41986444999998,33.609921299999996]}},{"type":"Feature","properties":{"kind":"label","name":"馬出九大病院前"},"geometry":{"type":"Point","coordinates":[130.41986444999998,33.609921299999996]}},{"type":"Feature","properties":{"kind":"badge","ref":"H","color":"#0077CC","offset":[0,0]},"geometry":{"type":"Point","coordinates":[130.41985685,33.61519075]}},{"type":"Feature","properties":{"kind":"label","name":"箱崎宮前"},"geometry":{"type":"Point","coordinates":[130.41985685,33.61519075]}},{"type":"Feature","properties":{"kind":"badge","ref":"H","color":"#0077CC","offset":[0,0]},"geometry":{"type":"Point","coordinates":[130.4214435,33.622641099999996]}},{"type":"Feature","properties":{"kind":"label","name":"箱崎九大前"},"geometry":{"type":"Point","coordinates":[130.4214435,33.622641099999996]}},{"type":"Feature","properties":{"kind":"badge","ref":"H","color":"#0077CC","offset":[0,0]},"geometry":{"type":"Point","coordinates":[130.4255991,33.6320614]}},{"type":"Feature","properties":{"kind":"label","name":"貝塚"},"geometry":{"type":"Point","coordinates":[130.4255991,33.6320614]}},{"type":"Feature","properties":{"kind":"badge","ref":"2","color":"#81BF48","offset":[0,0]},"geometry":{"type":"Point","coordinates":[129.1759213,35.1694514]}},{"type":"Feature","properties":{"kind":"label","name":"장산"},"geometry":{"type":"Point","coordinates":[129.1759213,35.1694514]}},{"type":"Feature","properties":{"kind":"badge","ref":"2","color":"#81BF48","offset":[0,0]},"geometry":{"type":"Point","coordinates":[129.1678104,35.1666518]}},{"type":"Feature","properties":{"kind":"label","name":"중동"},"geometry":{"type":"Point","coordinates":[129.1678104,35.1666518]}},{"type":"Feature","properties":{"kind":"badge","ref":"2","color":"#81BF48","offset":[0,0]},"geometry":{"type":"Point","coordinates":[129.1588087,35.1636846]}},{"type":"Feature","properties":{"kind":"label","name":"해운대"},"geometry":{"type":"Point","coordinates":[129.1588087,35.1636846]}},{"type":"Feature","properties":{"kind":"badge","ref":"2","color":"#81BF48","offset":[0,0]},"geometry":{"type":"Point","coordinates":[129.1480904,35.161277]}},{"type":"Feature","properties":{"kind":"label","name":"동백"},"geometry":{"type":"Point","coordinates":[129.1480904,35.161277]}},{"type":"Feature","properties":{"kind":"badge","ref":"2","color":"#81BF48","offset":[0,0]},"geometry":{"type":"Point","coordinates":[129.1387511,35.1688889]}},{"type":"Feature","properties":{"kind":"label","name":"벡스코"},"geometry":{"type":"Point","coordinates":[129.1387511,35.1688889]}},{"type":"Feature","properties":{"kind":"badge","ref":"2","color":"#81BF48","offset":[0,0]},"geometry":{"type":"Point","coordinates":[129.1311985,35.1686251]}},{"type":"Feature","properties":{"kind":"label","name":"센텀시티"},"geometry":{"type":"Point","coordinates":[129.1311985,35.1686251]}},{"type":"Feature","properties":{"kind":"badge","ref":"2","color":"#81BF48","offset":[0,0]},"geometry":{"type":"Point","coordinates":[129.121719,35.167395]}},{"type":"Feature","properties":{"kind":"label","name":"민락"},"geometry":{"type":"Point","coordinates":[129.121719,35.167395]}},{"type":"Feature","properties":{"kind":"badge","ref":"2","color":"#81BF48","offset":[-10,0]},"geometry":{"type":"Point","coordinates":[129.1146714,35.1654182]}},{"type":"Feature","properties":{"kind":"badge","ref":"3","color":"#BB8C00","offset":[10,0]},"geometry":{"type":"Point","coordinates":[129.1146714,35.1654182]}},{"type":"Feature","properties":{"kind":"label","name":"수영"},"geometry":{"type":"Point","coordinates":[129.1146714,35.1654182]}},{"type":"Feature","properties":{"kind":"badge","ref":"2","color":"#81BF48","offset":[0,0]},"geometry":{"type":"Point","coordinates":[129.11317,35.157916]}},{"type":"Feature","properties":{"kind":"label","name":"광안"},"geometry":{"type":"Point","coordinates":[129.11317,35.157916]}},{"type":"Feature","properties":{"kind":"badge","ref":"2","color":"#81BF48","offset":[0,0]},"geometry":{"type":"Point","coordinates":[129.11097,35.149756]}},{"type":"Feature","properties":{"kind":"label","name":"금련산"},"geometry":{"type":"Point","coordinates":[129.11097,35.149756]}},{"type":"Feature","properties":{"kind":"badge","ref":"2","color":"#81BF48","offset":[0,0]},"geometry":{"type":"Point","coordinates":[129.1078416,35.1421344]}},{"type":"Feature","properties":{"kind":"label","name":"남천"},"geometry":{"type":"Point","coordinates":[129.1078416,35.1421344]}},{"type":"Feature","properties":{"kind":"badge","ref":"2","color":"#81BF48","offset":[0,0]},"geometry":{"type":"Point","coordinates":[129.100531,35.137558]}},{"type":"Feature","properties":{"kind":"label","name":"경성대·부경대"},"geometry":{"type":"Point","coordinates":[129.100531,35.137558]}},{"type":"Feature","properties":{"kind":"badge","ref":"2","color":"#81BF48","offset":[0,0]},"geometry":{"type":"Point","coordinates":[129.092172,35.135148]}},{"type":"Feature","properties":{"kind":"label","name":"대연"},"geometry":{"type":"Point","coordinates":[129.092172,35.135148]}},{"type":"Feature","properties":{"kind":"badge","ref":"2","color":"#81BF48","offset":[0,0]},"geometry":{"type":"Point","coordinates":[129.084783,35.134758]}},{"type":"Feature","properties":{"kind":"label","name":"못골"},"geometry":{"type":"Point","coordinates":[129.084783,35.134758]}},{"type":"Feature","properties":{"kind":"badge","ref":"2","color":"#81BF48","offset":[0,0]},"geometry":{"type":"Point","coordinates":[129.074224,35.135668]}},{"type":"Feature","properties":{"kind":"label","name":"지게골"},"geometry":{"type":"Point","coordinates":[129.074224,35.135668]}},{"type":"Feature","properties":{"kind":"badge","ref":"2","color":"#81BF48","offset":[0,0]},"geometry":{"type":"Point","coordinates":[129.0673312,35.1391392]}},{"type":"Feature","properties":{"kind":"label","name":"문현"},"geometry":{"type":"Point","coordinates":[129.0673312,35.1391392]}},{"type":"Feature","properties":{"kind":"badge","ref":"2","color":"#81BF48","offset":[0,0]},"geometry":{"type":"Point","coordinates":[129.0667134,35.1457278]}},{"type":"Feature","properties":{"kind":"label","name":"국제금융센터·부산은행"},"geometry":{"type":"Point","coordinates":[129.0667134,35.1457278]}},{"type":"Feature","properties":{"kind":"badge","ref":"2","color":"#81BF48","offset":[0,0]},"geometry":{"type":"Point","coordinates":[129.0653641,35.1528193]}},{"type":"Feature","properties":{"kind":"label","name":"전포"},"geometry":{"type":"Point","coordinates":[129.0653641,35.1528193]}},{"type":"Feature","properties":{"kind":"badge","ref":"2","color":"#81BF48","offset":[0,0]},"geometry":{"type":"Point","coordinates":[129.0591028,35.1577084]}},{"type":"Feature","properties":{"kind":"label","name":"서면역"},"geometry":{"type":"Point","coordinates":[129.0591028,35.1577084]}},{"type":"Feature","properties":{"kind":"badge","ref":"2","color":"#81BF48","offset":[0,0]},"geometry":{"type":"Point","coordinates":[129.0505061,35.157439]}},{"type":"Feature","properties":{"kind":"label","name":"부암"},"geometry":{"type":"Point","coordinates":[129.0505061,35.157439]}},{"type":"Feature","properties":{"kind":"badge","ref":"2","color":"#81BF48","offset":[0,0]},"geometry":{"type":"Point","coordinates":[129.0426874,35.1558284]}},{"type":"Feature","properties":{"kind":"label","name":"가야"},"geometry":{"type":"Point","coordinates":[129.0426874,35.1558284]}},{"type":"Feature","properties":{"kind":"badge","ref":"2","color":"#81BF48","offset":[0,0]},"geometry":{"type":"Point","coordinates":[129.0321386,35.1539803]}},{"type":"Feature","properties":{"kind":"label","name":"동의대"},"geometry":{"type":"Point","coordinates":[129.0321386,35.1539803]}},{"type":"Feature","properties":{"kind":"badge","ref":"2","color":"#81BF48","offset":[0,0]},"geometry":{"type":"Point","coordinates":[129.0204602,35.1532536]}},{"type":"Feature","properties":{"kind":"label","name":"개금"},"geometry":{"type":"Point","coordinates":[129.0204602,35.1532536]}},{"type":"Feature","properties":{"kind":"badge","ref":"2","color":"#81BF48","offset":[0,0]},"geometry":{"type":"Point","coordinates":[129.0124257,35.1512851]}},{"type":"Feature","properties":{"kind":"label","name":"냉정"},"geometry":{"type":"Point","coordinates":[129.0124257,35.1512851]}},{"type":"Feature","properties":{"kind":"badge","ref":"2","color":"#81BF48","offset":[0,0]},"geometry":{"type":"Point","coordinates":[129.00315,35.150504]}},{"type":"Feature","properties":{"kind":"label","name":"주례"},"geometry":{"type":"Point","coordinates":[129.00315,35.150504]}},{"type":"Feature","properties":{"kind":"badge","ref":"2","color":"#81BF48","offset":[0,0]},"geometry":{"type":"Point","coordinates":[128.9908801,35.1557054]}},{"type":"Feature","properties":{"kind":"label","name":"감전"},"geometry":{"type":"Point","coordinates":[128.9908801,35.1557054]}},{"type":"Feature","properties":{"kind":"badge","ref":"2","color":"#81BF48","offset":[-10,0]},"geometry":{"type":"Point","coordinates":[128.98522419999998,35.1623936]}},{"type":"Feature","properties":{"kind":"badge","ref":"BGL","color":"#8652A1","offset":[10,0]},"geometry":{"type":"Point","coordinates":[128.98522419999998,35.1623936]}},{"type":"Feature","properties":{"kind":"label","name":"사상"},"geometry":{"type":"Point","coordinates":[128.98522419999998,35.1623936]}},{"type":"Feature","properties":{"kind":"badge","ref":"2","color":"#81BF48","offset":[0,0]},"geometry":{"type":"Point","coordinates":[128.9839737,35.1738665]}},{"type":"Feature","properties":{"kind":"label","name":"덕포"},"geometry":{"type":"Point","coordinates":[128.9839737,35.1738665]}},{"type":"Feature","properties":{"kind":"badge","ref":"2","color":"#81BF48","offset":[0,0]},"geometry":{"type":"Point","coordinates":[128.985621,35.180361]}},{"type":"Feature","properties":{"kind":"label","name":"모덕"},"geometry":{"type":"Point","coordinates":[128.985621,35.180361]}},{"type":"Feature","properties":{"kind":"badge","ref":"2","color":"#81BF48","offset":[0,0]},"geometry":{"type":"Point","coordinates":[128.9884422,35.1892988]}},{"type":"Feature","properties":{"kind":"label","name":"모라"},"geometry":{"type":"Point","coordinates":[128.9884422,35.1892988]}},{"type":"Feature","properties":{"kind":"badge","ref":"2","color":"#81BF48","offset":[0,0]},"geometry":{"type":"Point","coordinates":[128.9950174,35.1969455]}},{"type":"Feature","properties":{"kind":"label","name":"구남"},"geometry":{"type":"Point","coordinates":[128.9950174,35.1969455]}},{"type":"Feature","properties":{"kind":"badge","ref":"2","color":"#81BF48","offset":[0,0]},"geometry":{"type":"Point","coordinates":[128.9996216,35.2028827]}},{"type":"Feature","properties":{"kind":"label","name":"구명"},"geometry":{"type":"Point","coordinates":[128.9996216,35.2028827]}},{"type":"Feature","properties":{"kind":"badge","ref":"2","color":"#81BF48","offset":[-10,0]},"geometry":{"type":"Point","coordinates":[129.0054278,35.2105035]}},{"type":"Feature","properties":{"kind":"badge","ref":"3","color":"#BB8C00","offset":[10,0]},"geometry":{"type":"Point","coordinates":[129.0054278,35.2105035]}},{"type":"Feature","properties":{"kind":"label","name":"덕천"},"geometry":{"type":"Point","coordinates":[129.0054278,35.2105035]}},{"type":"Feature","properties":{"kind":"badge","ref":"2","color":"#81BF48","offset":[0,0]},"geometry":{"type":"Point","coordinates":[129.0091715,35.2233039]}},{"type":"Feature","properties":{"kind":"label","name":"수정"},"geometry":{"type":"Point","coordinates":[129.0091715,35.2233039]}},{"type":"Feature","properties":{"kind":"badge","ref":"2","color":"#81BF48","offset":[0,0]},"geometry":{"type":"Point","coordinates":[129.0138007,35.2352534]}},{"type":"Feature","properties":{"kind":"label","name":"화명"},"geometry":{"type":"Point","coordinates":[129.0138007,35.2352534]}},{"type":"Feature","properties":{"kind":"badge","ref":"2","color":"#81BF48","offset":[0,0]},"geometry":{"type":"Point","coordinates":[129.0128975,35.2464762]}},{"type":"Feature","properties":{"kind":"label","name":"율리"},"geometry":{"type":"Point","coordinates":[129.0128975,35.2464762]}},{"type":"Feature","properties":{"kind":"badge","ref":"2","color":"#81BF48","offset":[0,0]},"geometry":{"type":"Point","coordinates":[129.0124334,35.2586149]}},{"type":"Feature","properties":{"kind":"label","name":"동원"},"geometry":{"type":"Point","coordinates":[129.0124334,35.2586149]}},{"type":"Feature","properties":{"kind":"badge","ref":"2","color":"#81BF48","offset":[0,0]},"geometry":{"type":"Point","coordinates":[129.0168673,35.2673839]}},{"type":"Feature","properties":{"kind":"label","name":"금곡"},"geometry":{"type":"Point","coordinates":[129.0168673,35.2673839]}},{"type":"Feature","properties":{"kind":"badge","ref":"2","color":"#81BF48","offset":[0,0]},"geometry":{"type":"Point","coordinates":[129.0174697,35.2810803]}},{"type":"Feature","properties":{"kind":"label","name":"호포"},"geometry":{"type":"Point","coordinates":[129.0174697,35.2810803]}},{"type":"Feature","properties":{"kind":"badge","ref":"2","color":"#81BF48","offset":[0,0]},"geometry":{"type":"Point","coordinates":[129.0102327,35.3083224]}},{"type":"Feature","properties":{"kind":"label","name":"증산"},"geometry":{"type":"Point","coordinates":[129.0102327,35.3083224]}},{"type":"Feature","properties":{"kind":"badge","ref":"2","color":"#81BF48","offset":[0,0]},"geometry":{"type":"Point","coordinates":[129.0139796,35.3168773]}},{"type":"Feature","properties":{"kind":"label","name":"부산대양산캠퍼스"},"geometry":{"type":"Point","coordinates":[129.0139796,35.3168773]}},{"type":"Feature","properties":{"kind":"badge","ref":"2","color":"#81BF48","offset":[0,0]},"geometry":{"type":"Point","coordinates":[129.0193639,35.325404]}},{"type":"Feature","properties":{"kind":"label","name":"남양산"},"geometry":{"type":"Point","coordinates":[129.0193639,35.325404]}},{"type":"Feature","properties":{"kind":"badge","ref":"2","color":"#81BF48","offset":[0,0]},"geometry":{"type":"Point","coordinates":[129.0263995,35.338695]}},{"type":"Feature","properties":{"kind":"label","name":"양산"},"geometry":{"type":"Point","coordinates":[129.0263995,35.338695]}},{"type":"Feature","properties":{"kind":"badge","ref":"3","color":"#BB8C00","offset":[0,0]},"geometry":{"type":"Point","coordinates":[129.1075159,35.1717331]}},{"type":"Feature","properties":{"kind":"label","name":"망미"},"geometry":{"type":"Point","coordinates":[129.1075159,35.1717331]}},{"type":"Feature","properties":{"kind":"badge","ref":"3","color":"#BB8C00","offset":[0,0]},"geometry":{"type":"Point","coordinates":[129.0957491,35.1734626]}},{"type":"Feature","properties":{"kind":"label","name":"배산"},"geometry":{"type":"Point","coordinates":[129.0957491,35.1734626]}},{"type":"Feature","properties":{"kind":"badge","ref":"3","color":"#BB8C00","offset":[0,0]},"geometry":{"type":"Point","coordinates":[129.0858331,35.1766388]}},{"type":"Feature","properties":{"kind":"label","name":"물만골"},"geometry":{"type":"Point","coordinates":[129.0858331,35.1766388]}},{"type":"Feature","properties":{"kind":"badge","ref":"3","color":"#BB8C00","offset":[-10,0]},"geometry":{"type":"Point","coordinates":[129.08145942500002,35.186002075]}},{"type":"Feature","properties":{"kind":"badge","ref":"1","color":"#F06A00","offset":[10,0]},"geometry":{"type":"Point","coordinates":[129.08145942500002,35.186002075]}},{"type":"Feature","properties":{"kind":"label","name":"연산"},"geometry":{"type":"Point","coordinates":[129.08145942500002,35.186002075]}},{"type":"Feature","properties":{"kind":"badge","ref":"3","color":"#BB8C00","offset":[0,0]},"geometry":{"type":"Point","coordinates":[129.0739981,35.1885438]}},{"type":"Feature","properties":{"kind":"label","name":"거제"},"geometry":{"type":"Point","coordinates":[129.0739981,35.1885438]}},{"type":"Feature","properties":{"kind":"badge","ref":"3","color":"#BB8C00","offset":[0,0]},"geometry":{"type":"Point","coordinates":[129.0674868,35.1914648]}},{"type":"Feature","properties":{"kind":"label","name":"종합운동장"},"geometry":{"type":"Point","coordinates":[129.0674868,35.1914648]}},{"type":"Feature","properties":{"kind":"badge","ref":"3","color":"#BB8C00","offset":[0,0]},"geometry":{"type":"Point","coordinates":[129.0650666,35.1990904]}},{"type":"Feature","properties":{"kind":"label","name":"사직"},"geometry":{"type":"Point","coordinates":[129.0650666,35.1990904]}},{"type":"Feature","properties":{"kind":"badge","ref":"3","color":"#BB8C00","offset":[0,0]},"geometry":{"type":"Point","coordinates":[129.0687047,35.2065443]}},{"type":"Feature","properties":{"kind":"label","name":"미남"},"geometry":{"type":"Point","coordinates":[129.0687047,35.2065443]}},{"type":"Feature","properties":{"kind":"badge","ref":"3","color":"#BB8C00","offset":[0,0]},"geometry":{"type":"Point","coordinates":[129.0364611,35.2129876]}},{"type":"Feature","properties":{"kind":"label","name":"만덕"},"geometry":{"type":"Point","coordinates":[129.0364611,35.2129876]}},{"type":"Feature","properties":{"kind":"badge","ref":"3","color":"#BB8C00","offset":[0,0]},"geometry":{"type":"Point","coordinates":[129.023926,35.2133254]}},{"type":"Feature","properties":{"kind":"label","name":"남산정"},"geometry":{"type":"Point","coordinates":[129.023926,35.2133254]}},{"type":"Feature","properties":{"kind":"badge","ref":"3","color":"#BB8C00","offset":[0,0]},"geometry":{"type":"Point","coordinates":[129.0127544,35.2119767]}},{"type":"Feature","properties":{"kind":"label","name":"숙등"},"geometry":{"type":"Point","coordinates":[129.0127544,35.2119767]}},{"type":"Feature","properties":{"kind":"badge","ref":"3","color":"#BB8C00","offset":[0,0]},"geometry":{"type":"Point","coordinates":[128.99635165,35.206695100000005]}},{"type":"Feature","properties":{"kind":"label","name":"구포"},"geometry":{"type":"Point","coordinates":[128.99635165,35.206695100000005]}},{"type":"Feature","properties":{"kind":"badge","ref":"3","color":"#BB8C00","offset":[0,0]},"geometry":{"type":"Point","coordinates":[128.9819529,35.2112257]}},{"type":"Feature","properties":{"kind":"label","name":"강서구청"},"geometry":{"type":"Point","coordinates":[128.9819529,35.2112257]}},{"type":"Feature","properties":{"kind":"badge","ref":"3","color":"#BB8C00","offset":[0,0]},"geometry":{"type":"Point","coordinates":[128.96937865,35.2124864]}},{"type":"Feature","properties":{"kind":"label","name":"체육공원"},"geometry":{"type":"Point","coordinates":[128.96937865,35.2124864]}},{"type":"Feature","properties":{"kind":"badge","ref":"3","color":"#BB8C00","offset":[-10,0]},"geometry":{"type":"Point","coordinates":[128.96072744999998,35.213201049999995]}},{"type":"Feature","properties":{"kind":"badge","ref":"BGL","color":"#8652A1","offset":[10,0]},"geometry":{"type":"Point","coordinates":[128.96072744999998,35.213201049999995]}},{"type":"Feature","properties":{"kind":"label","name":"대저"},"geometry":{"type":"Point","coordinates":[128.96072744999998,35.213201049999995]}},{"type":"Feature","properties":{"kind":"badge","ref":"1","color":"#F06A00","offset":[0,0]},"geometry":{"type":"Point","coordinates":[129.09514055,35.284032749999994]}},{"type":"Feature","properties":{"kind":"label","name":"노포"},"geometry":{"type":"Point","coordinates":[129.09514055,35.284032749999994]}},{"type":"Feature","properties":{"kind":"badge","ref":"1","color":"#F06A00","offset":[0,0]},"geometry":{"type":"Point","coordinates":[129.09270725,35.273155599999996]}},{"type":"Feature","properties":{"kind":"label","name":"범어사"},"geometry":{"type":"Point","coordinates":[129.09270725,35.273155599999996]}},{"type":"Feature","properties":{"kind":"badge","ref":"1","color":"#F06A00","offset":[0,0]},"geometry":{"type":"Point","coordinates":[129.09251925,35.26523775]}},{"type":"Feature","properties":{"kind":"label","name":"남산"},"geometry":{"type":"Point","coordinates":[129.09251925,35.26523775]}},{"type":"Feature","properties":{"kind":"badge","ref":"1","color":"#F06A00","offset":[0,0]},"geometry":{"type":"Point","coordinates":[129.09139069999998,35.25706475]}},{"type":"Feature","properties":{"kind":"label","name":"두실"},"geometry":{"type":"Point","coordinates":[129.09139069999998,35.25706475]}},{"type":"Feature","properties":{"kind":"badge","ref":"1","color":"#F06A00","offset":[0,0]},"geometry":{"type":"Point","coordinates":[129.0912847,35.2472262]}},{"type":"Feature","properties":{"kind":"label","name":"구서"},"geometry":{"type":"Point","coordinates":[129.0912847,35.2472262]}},{"type":"Feature","properties":{"kind":"badge","ref":"1","color":"#F06A00","offset":[0,0]},"geometry":{"type":"Point","coordinates":[129.08810334999998,35.238187499999995]}},{"type":"Feature","properties":{"kind":"label","name":"장전"},"geometry":{"type":"Point","coordinates":[129.08810334999998,35.238187499999995]}},{"type":"Feature","properties":{"kind":"badge","ref":"1","color":"#F06A00","offset":[0,0]},"geometry":{"type":"Point","coordinates":[129.08933910000002,35.22982064999999]}},{"type":"Feature","properties":{"kind":"label","name":"부산대"},"geometry":{"type":"Point","coordinates":[129.08933910000002,35.22982064999999]}},{"type":"Feature","properties":{"kind":"badge","ref":"1","color":"#F06A00","offset":[0,0]},"geometry":{"type":"Point","coordinates":[129.08635915000002,35.22028535]}},{"type":"Feature","properties":{"kind":"label","name":"온천장"},"geometry":{"type":"Point","coordinates":[129.08635915000002,35.22028535]}},{"type":"Feature","properties":{"kind":"badge","ref":"1","color":"#F06A00","offset":[0,0]},"geometry":{"type":"Point","coordinates":[129.07970765,35.21264105]}},{"type":"Feature","properties":{"kind":"label","name":"명륜"},"geometry":{"type":"Point","coordinates":[129.07970765,35.21264105]}},{"type":"Feature","properties":{"kind":"badge","ref":"1","color":"#F06A00","offset":[0,0]},"geometry":{"type":"Point","coordinates":[129.07847485000002,35.2055273]}},{"type":"Feature","properties":{"kind":"label","name":"동래"},"geometry":{"type":"Point","coordinates":[129.07847485000002,35.2055273]}},{"type":"Feature","properties":{"kind":"badge","ref":"1","color":"#F06A00","offset":[0,0]},"geometry":{"type":"Point","coordinates":[129.07996935,35.19537045]}},{"type":"Feature","properties":{"kind":"label","name":"교대"},"geometry":{"type":"Point","coordinates":[129.07996935,35.19537045]}},{"type":"Feature","properties":{"kind":"badge","ref":"1","color":"#F06A00","offset":[0,0]},"geometry":{"type":"Point","coordinates":[129.07652225,35.1797495]}},{"type":"Feature","properties":{"kind":"label","name":"시청"},"geometry":{"type":"Point","coordinates":[129.07652225,35.1797495]}},{"type":"Feature","properties":{"kind":"badge","ref":"1","color":"#F06A00","offset":[0,0]},"geometry":{"type":"Point","coordinates":[129.07130365,35.173160800000005]}},{"type":"Feature","properties":{"kind":"label","name":"양정"},"geometry":{"type":"Point","coordinates":[129.07130365,35.173160800000005]}},{"type":"Feature","properties":{"kind":"badge","ref":"1","color":"#F06A00","offset":[0,0]},"geometry":{"type":"Point","coordinates":[129.06294225,35.1626033]}},{"type":"Feature","properties":{"kind":"label","name":"부전"},"geometry":{"type":"Point","coordinates":[129.06294225,35.1626033]}},{"type":"Feature","properties":{"kind":"badge","ref":"1","color":"#F06A00","offset":[0,0]},"geometry":{"type":"Point","coordinates":[129.05948865,35.15818]}},{"type":"Feature","properties":{"kind":"label","name":"서면"},"geometry":{"type":"Point","coordinates":[129.05948865,35.15818]}},{"type":"Feature","properties":{"kind":"badge","ref":"1","color":"#F06A00","offset":[0,0]},"geometry":{"type":"Point","coordinates":[129.05919755,35.1472403]}},{"type":"Feature","properties":{"kind":"label","name":"범내골"},"geometry":{"type":"Point","coordinates":[129.05919755,35.1472403]}},{"type":"Feature","properties":{"kind":"badge","ref":"1","color":"#F06A00","offset":[0,0]},"geometry":{"type":"Point","coordinates":[129.05935125000002,35.14096375]}},{"type":"Feature","properties":{"kind":"label","name":"범일"},"geometry":{"type":"Point","coordinates":[129.05935125000002,35.14096375]}},{"type":"Feature","properties":{"kind":"badge","ref":"1","color":"#F06A00","offset":[0,0]},"geometry":{"type":"Point","coordinates":[129.05434815,35.134336950000005]}},{"type":"Feature","properties":{"kind":"label","name":"좌천"},"geometry":{"type":"Point","coordinates":[129.05434815,35.134336950000005]}},{"type":"Feature","properties":{"kind":"badge","ref":"1","color":"#F06A00","offset":[0,0]},"geometry":{"type":"Point","coordinates":[129.04905945000002,35.12900234999999]}},{"type":"Feature","properties":{"kind":"label","name":"부산진"},"geometry":{"type":"Point","coordinates":[129.04905945000002,35.12900234999999]}},{"type":"Feature","properties":{"kind":"badge","ref":"1","color":"#F06A00","offset":[0,0]},"geometry":{"type":"Point","coordinates":[129.04296549999998,35.121203300000005]}},{"type":"Feature","properties":{"kind":"label","name":"초량"},"geometry":{"type":"Point","coordinates":[129.04296549999998,35.121203300000005]}},{"type":"Feature","properties":{"kind":"badge","ref":"1","color":"#F06A00","offset":[0,0]},"geometry":{"type":"Point","coordinates":[129.0399002,35.1156119]}},{"type":"Feature","properties":{"kind":"label","name":"부산"},"geometry":{"type":"Point","coordinates":[129.0399002,35.1156119]}},{"type":"Feature","properties":{"kind":"badge","ref":"1","color":"#F06A00","offset":[0,0]},"geometry":{"type":"Point","coordinates":[129.03632825,35.10384245]}},{"type":"Feature","properties":{"kind":"label","name":"중앙"},"geometry":{"type":"Point","coordinates":[129.03632825,35.10384245]}},{"type":"Feature","properties":{"kind":"badge","ref":"1","color":"#F06A00","offset":[0,0]},"geometry":{"type":"Point","coordinates":[129.0349473,35.0979243]}},{"type":"Feature","properties":{"kind":"label","name":"남포"},"geometry":{"type":"Point","coordinates":[129.0349473,35.0979243]}},{"type":"Feature","properties":{"kind":"badge","ref":"1","color":"#F06A00","offset":[0,0]},"geometry":{"type":"Point","coordinates":[129.02669515000002,35.097334450000005]}},{"type":"Feature","properties":{"kind":"label","name":"자갈치"},"geometry":{"type":"Point","coordinates":[129.02669515000002,35.097334450000005]}},{"type":"Feature","properties":{"kind":"badge","ref":"1","color":"#F06A00","offset":[0,0]},"geometry":{"type":"Point","coordinates":[129.0198409,35.1007629]}},{"type":"Feature","properties":{"kind":"label","name":"토성"},"geometry":{"type":"Point","coordinates":[129.0198409,35.1007629]}},{"type":"Feature","properties":{"kind":"badge","ref":"1","color":"#F06A00","offset":[0,0]},"geometry":{"type":"Point","coordinates":[129.01779255,35.110333]}},{"type":"Feature","properties":{"kind":"label","name":"동대신"},"geometry":{"type":"Point","coordinates":[129.01779255,35.110333]}},{"type":"Feature","properties":{"kind":"badge","ref":"1","color":"#F06A00","offset":[0,0]},"geometry":{"type":"Point","coordinates":[129.0120406,35.1108608]}},{"type":"Feature","properties":{"kind":"label","name":"서대신"},"geometry":{"type":"Point","coordinates":[129.0120406,35.1108608]}},{"type":"Feature","properties":{"kind":"badge","ref":"1","color":"#F06A00","offset":[0,0]},"geometry":{"type":"Point","coordinates":[128.9999412,35.1031541]}},{"type":"Feature","properties":{"kind":"label","name":"대티"},"geometry":{"type":"Point","coordinates":[128.9999412,35.1031541]}},{"type":"Feature","properties":{"kind":"badge","ref":"1","color":"#F06A00","offset":[0,0]},"geometry":{"type":"Point","coordinates":[128.992862,35.0999307]}},{"type":"Feature","properties":{"kind":"label","name":"괴정"},"geometry":{"type":"Point","coordinates":[128.992862,35.0999307]}},{"type":"Feature","properties":{"kind":"badge","ref":"1","color":"#F06A00","offset":[0,0]},"geometry":{"type":"Point","coordinates":[128.983094,35.09984]}},{"type":"Feature","properties":{"kind":"label","name":"사하"},"geometry":{"type":"Point","coordinates":[128.983094,35.09984]}},{"type":"Feature","properties":{"kind":"badge","ref":"1","color":"#F06A00","offset":[0,0]},"geometry":{"type":"Point","coordinates":[128.9738516,35.1035392]}},{"type":"Feature","properties":{"kind":"label","name":"당리"},"geometry":{"type":"Point","coordinates":[128.9738516,35.1035392]}},{"type":"Feature","properties":{"kind":"badge","ref":"1","color":"#F06A00","offset":[0,0]},"geometry":{"type":"Point","coordinates":[128.9667606,35.1062348]}},{"type":"Feature","properties":{"kind":"label","name":"하단"},"geometry":{"type":"Point","coordinates":[128.9667606,35.1062348]}},{"type":"Feature","properties":{"kind":"badge","ref":"1","color":"#F06A00","offset":[0,0]},"geometry":{"type":"Point","coordinates":[128.96068125,35.09521505]}},{"type":"Feature","properties":{"kind":"label","name":"신평"},"geometry":{"type":"Point","coordinates":[128.96068125,35.09521505]}},{"type":"Feature","properties":{"kind":"badge","ref":"1","color":"#F06A00","offset":[0,0]},"geometry":{"type":"Point","coordinates":[128.97344700000002,35.089841449999994]}},{"type":"Feature","properties":{"kind":"label","name":"동매"},"geometry":{"type":"Point","coordinates":[128.97344700000002,35.089841449999994]}},{"type":"Feature","properties":{"kind":"badge","ref":"1","color":"#F06A00","offset":[0,0]},"geometry":{"type":"Point","coordinates":[128.97744305,35.081932800000004]}},{"type":"Feature","properties":{"kind":"label","name":"장림"},"geometry":{"type":"Point","coordinates":[128.97744305,35.081932800000004]}},{"type":"Feature","properties":{"kind":"badge","ref":"1","color":"#F06A00","offset":[0,0]},"geometry":{"type":"Point","coordinates":[128.97688755000001,35.07462655]}},{"type":"Feature","properties":{"kind":"label","name":"신장림"},"geometry":{"type":"Point","coordinates":[128.97688755000001,35.07462655]}},{"type":"Feature","properties":{"kind":"badge","ref":"1","color":"#F06A00","offset":[0,0]},"geometry":{"type":"Point","coordinates":[128.9798427,35.06542965]}},{"type":"Feature","properties":{"kind":"label","name":"낫개"},"geometry":{"type":"Point","coordinates":[128.9798427,35.06542965]}},{"type":"Feature","properties":{"kind":"badge","ref":"1","color":"#F06A00","offset":[0,0]},"geometry":{"type":"Point","coordinates":[128.9714781,35.0578716]}},{"type":"Feature","properties":{"kind":"label","name":"다대포항"},"geometry":{"type":"Point","coordinates":[128.9714781,35.0578716]}},{"type":"Feature","properties":{"kind":"badge","ref":"1","color":"#F06A00","offset":[0,0]},"geometry":{"type":"Point","coordinates":[128.96619345,35.0480541]}},{"type":"Feature","properties":{"kind":"label","name":"다대포해수욕장"},"geometry":{"type":"Point","coordinates":[128.96619345,35.0480541]}},{"type":"Feature","properties":{"kind":"badge","ref":"BGL","color":"#8652A1","offset":[0,0]},"geometry":{"type":"Point","coordinates":[128.97772175,35.163260199999996]}},{"type":"Feature","properties":{"kind":"label","name":"괘법르네시떼"},"geometry":{"type":"Point","coordinates":[128.97772175,35.163260199999996]}},{"type":"Feature","properties":{"kind":"badge","ref":"BGL","color":"#8652A1","offset":[0,0]},"geometry":{"type":"Point","coordinates":[128.95493585,35.1663896]}},{"type":"Feature","properties":{"kind":"label","name":"서부산유통지구"},"geometry":{"type":"Point","coordinates":[128.95493585,35.1663896]}},{"type":"Feature","properties":{"kind":"badge","ref":"BGL","color":"#8652A1","offset":[0,0]},"geometry":{"type":"Point","coordinates":[128.94854615,35.17192595]}},{"type":"Feature","properties":{"kind":"label","name":"공항"},"geometry":{"type":"Point","coordinates":[128.94854615,35.17192595]}},{"type":"Feature","properties":{"kind":"badge","ref":"BGL","color":"#8652A1","offset":[0,0]},"geometry":{"type":"Point","coordinates":[128.95412855,35.1819818]}},{"type":"Feature","properties":{"kind":"label","name":"덕두"},"geometry":{"type":"Point","coordinates":[128.95412855,35.1819818]}},{"type":"Feature","properties":{"kind":"badge","ref":"BGL","color":"#8652A1","offset":[0,0]},"geometry":{"type":"Point","coordinates":[128.9635055,35.1962276]}},{"type":"Feature","properties":{"kind":"label","name":"등구"},"geometry":{"type":"Point","coordinates":[128.9635055,35.1962276]}},{"type":"Feature","properties":{"kind":"badge","ref":"BGL","color":"#8652A1","offset":[0,0]},"geometry":{"type":"Point","coordinates":[128.95062665,35.2140287]}},{"type":"Feature","properties":{"kind":"label","name":"평강"},"geometry":{"type":"Point","coordinates":[128.95062665,35.2140287]}},{"type":"Feature","properties":{"kind":"badge","ref":"BGL","color":"#8652A1","offset":[0,0]},"geometry":{"type":"Point","coordinates":[128.93829075000002,35.217697650000005]}},{"type":"Feature","properties":{"kind":"label","name":"대사"},"geometry":{"type":"Point","coordinates":[128.93829075000002,35.217697650000005]}},{"type":"Feature","properties":{"kind":"badge","ref":"BGL","color":"#8652A1","offset":[0,0]},"geometry":{"type":"Point","coordinates":[128.92780585,35.22223005]}},{"type":"Feature","properties":{"kind":"label","name":"불암"},"geometry":{"type":"Point","coordinates":[128.92780585,35.22223005]}},{"type":"Feature","properties":{"kind":"badge","ref":"BGL","color":"#8652A1","offset":[0,0]},"geometry":{"type":"Point","coordinates":[128.9236976,35.227626400000005]}},{"type":"Feature","properties":{"kind":"label","name":"지내"},"geometry":{"type":"Point","coordinates":[128.9236976,35.227626400000005]}},{"type":"Feature","properties":{"kind":"badge","ref":"BGL","color":"#8652A1","offset":[0,0]},"geometry":{"type":"Point","coordinates":[128.91558295,35.2289708]}},{"type":"Feature","properties":{"kind":"label","name":"김해대학"},"geometry":{"type":"Point","coordinates":[128.91558295,35.2289708]}},{"type":"Feature","properties":{"kind":"badge","ref":"BGL","color":"#8652A1","offset":[0,0]},"geometry":{"type":"Point","coordinates":[128.9017389,35.2280839]}},{"type":"Feature","properties":{"kind":"label","name":"인제대"},"geometry":{"type":"Point","coordinates":[128.9017389,35.2280839]}},{"type":"Feature","properties":{"kind":"badge","ref":"BGL","color":"#8652A1","offset":[0,0]},"geometry":{"type":"Point","coordinates":[128.8903236,35.2270816]}},{"type":"Feature","properties":{"kind":"label","name":"김해시청"},"geometry":{"type":"Point","coordinates":[128.8903236,35.2270816]}},{"type":"Feature","properties":{"kind":"badge","ref":"BGL","color":"#8652A1","offset":[0,0]},"geometry":{"type":"Point","coordinates":[128.8838162,35.22645585]}},{"type":"Feature","properties":{"kind":"label","name":"부원"},"geometry":{"type":"Point","coordinates":[128.8838162,35.22645585]}},{"type":"Feature","properties":{"kind":"badge","ref":"BGL","color":"#8652A1","offset":[0,0]},"geometry":{"type":"Point","coordinates":[128.87422705,35.2273473]}},{"type":"Feature","properties":{"kind":"label","name":"봉황"},"geometry":{"type":"Point","coordinates":[128.87422705,35.2273473]}},{"type":"Feature","properties":{"kind":"badge","ref":"BGL","color":"#8652A1","offset":[0,0]},"geometry":{"type":"Point","coordinates":[128.87204680000002,35.23292085]}},{"type":"Feature","properties":{"kind":"label","name":"수로왕릉"},"geometry":{"type":"Point","coordinates":[128.87204680000002,35.23292085]}},{"type":"Feature","properties":{"kind":"badge","ref":"BGL","color":"#8652A1","offset":[0,0]},"geometry":{"type":"Point","coordinates":[128.87182135,35.24012865]}},{"type":"Feature","properties":{"kind":"label","name":"박물관"},"geometry":{"type":"Point","coordinates":[128.87182135,35.24012865]}},{"type":"Feature","properties":{"kind":"badge","ref":"BGL","color":"#8652A1","offset":[0,0]},"geometry":{"type":"Point","coordinates":[128.86920635,35.24965855]}},{"type":"Feature","properties":{"kind":"label","name":"연지공원"},"geometry":{"type":"Point","coordinates":[128.86920635,35.24965855]}},{"type":"Feature","properties":{"kind":"badge","ref":"BGL","color":"#8652A1","offset":[0,0]},"geometry":{"type":"Point","coordinates":[128.86716245,35.25955565]}},{"type":"Feature","properties":{"kind":"label","name":"장신대"},"geometry":{"type":"Point","coordinates":[128.86716245,35.25955565]}},{"type":"Feature","properties":{"kind":"badge","ref":"BGL","color":"#8652A1","offset":[0,0]},"geometry":{"type":"Point","coordinates":[128.8649474,35.2668303]}},{"type":"Feature","properties":{"kind":"label","name":"가야대"},"geometry":{"type":"Point","coordinates":[128.8649474,35.2668303]}},{"type":"Feature","properties":{"kind":"badge","ref":"2","color":"#00A23F","offset":[-10,0]},"geometry":{"type":"Point","coordinates":[126.97696116888896,37.56530966888891]}},{"type":"Feature","properties":{"kind":"badge","ref":"1","color":"#004A85","offset":[10,0]},"geometry":{"type":"Point","coordinates":[126.97696116888896,37.56530966888891]}},{"type":"Feature","properties":{"kind":"label","name":"시청"},"geometry":{"type":"Point","coordinates":[126.97696116888896,37.56530966888891]}},{"type":"Feature","properties":{"kind":"badge","ref":"2","color":"#00A23F","offset":[-10,0]},"geometry":{"type":"Point","coordinates":[126.96236180000001,37.559455657142856]}},{"type":"Feature","properties":{"kind":"badge","ref":"5","color":"#794698","offset":[10,0]},"geometry":{"type":"Point","coordinates":[126.96236180000001,37.559455657142856]}},{"type":"Feature","properties":{"kind":"label","name":"충정로"},"geometry":{"type":"Point","coordinates":[126.96236180000001,37.559455657142856]}},{"type":"Feature","properties":{"kind":"badge","ref":"2","color":"#00A23F","offset":[0,0]},"geometry":{"type":"Point","coordinates":[126.9561344,37.5574487]}},{"type":"Feature","properties":{"kind":"label","name":"아현"},"geometry":{"type":"Point","coordinates":[126.9561344,37.5574487]}},{"type":"Feature","properties":{"kind":"badge","ref":"2","color":"#00A23F","offset":[0,0]},"geometry":{"type":"Point","coordinates":[126.94584105,37.55676595]}},{"type":"Feature","properties":{"kind":"label","name":"이대"},"geometry":{"type":"Point","coordinates":[126.94584105,37.55676595]}},{"type":"Feature","properties":{"kind":"badge","ref":"2","color":"#00A23F","offset":[0,0]},"geometry":{"type":"Point","coordinates":[126.9369091,37.5551787]}},{"type":"Feature","properties":{"kind":"label","name":"신촌"},"geometry":{"type":"Point","coordinates":[126.9369091,37.5551787]}},{"type":"Feature","properties":{"kind":"badge","ref":"2","color":"#00A23F","offset":[0,0]},"geometry":{"type":"Point","coordinates":[126.92348945,37.556651200000005]}},{"type":"Feature","properties":{"kind":"label","name":"홍대입구"},"geometry":{"type":"Point","coordinates":[126.92348945,37.556651200000005]}},{"type":"Feature","properties":{"kind":"badge","ref":"2","color":"#00A23F","offset":[-10,0]},"geometry":{"type":"Point","coordinates":[126.91389763333332,37.54947358333333]}},{"type":"Feature","properties":{"kind":"badge","ref":"6","color":"#7C4932","offset":[10,0]},"geometry":{"type":"Point","coordinates":[126.91389763333332,37.54947358333333]}},{"type":"Feature","properties":{"kind":"label","name":"합정"},"geometry":{"type":"Point","coordinates":[126.91389763333332,37.54947358333333]}},{"type":"Feature","properties":{"kind":"badge","ref":"2","color":"#00A23F","offset":[-10,0]},"geometry":{"type":"Point","coordinates":[126.90267661666667,37.53396851666666]}},{"type":"Feature","properties":{"kind":"badge","ref":"9","color":"#A49D87","offset":[10,0]},"geometry":{"type":"Point","coordinates":[126.90267661666667,37.53396851666666]}},{"type":"Feature","properties":{"kind":"label","name":"당산"},"geometry":{"type":"Point","coordinates":[126.90267661666667,37.53396851666666]}},{"type":"Feature","properties":{"kind":"badge","ref":"2","color":"#00A23F","offset":[-10,0]},"geometry":{"type":"Point","coordinates":[126.8964505875,37.524350299999995]}},{"type":"Feature","properties":{"kind":"badge","ref":"5","color":"#794698","offset":[10,0]},"geometry":{"type":"Point","coordinates":[126.8964505875,37.524350299999995]}},{"type":"Feature","properties":{"kind":"label","name":"영등포구청"},"geometry":{"type":"Point","coordinates":[126.8964505875,37.524350299999995]}},{"type":"Feature","properties":{"kind":"badge","ref":"2","color":"#00A23F","offset":[0,0]},"geometry":{"type":"Point","coordinates":[126.89486975,37.51840285]}},{"type":"Feature","properties":{"kind":"label","name":"문래"},"geometry":{"type":"Point","coordinates":[126.89486975,37.51840285]}},{"type":"Feature","properties":{"kind":"badge","ref":"2","color":"#00A23F","offset":[-10,0]},"geometry":{"type":"Point","coordinates":[126.89143059999994,37.50899635454548]}},{"type":"Feature","properties":{"kind":"badge","ref":"1","color":"#004A85","offset":[10,0]},"geometry":{"type":"Point","coordinates":[126.89143059999994,37.50899635454548]}},{"type":"Feature","properties":{"kind":"label","name":"신도림"},"geometry":{"type":"Point","coordinates":[126.89143059999994,37.50899635454548]}},{"type":"Feature","properties":{"kind":"badge","ref":"2","color":"#00A23F","offset":[0,0]},"geometry":{"type":"Point","coordinates":[126.89498635,37.493286499999996]}},{"type":"Feature","properties":{"kind":"label","name":"대림(구로구청)"},"geometry":{"type":"Point","coordinates":[126.89498635,37.493286499999996]}},{"type":"Feature","properties":{"kind":"badge","ref":"2","color":"#00A23F","offset":[0,0]},"geometry":{"type":"Point","coordinates":[126.9016665,37.48532195]}},{"type":"Feature","properties":{"kind":"label","name":"구로디지털단지"},"geometry":{"type":"Point","coordinates":[126.9016665,37.48532195]}},{"type":"Feature","properties":{"kind":"badge","ref":"2","color":"#00A23F","offset":[0,0]},"geometry":{"type":"Point","coordinates":[126.91341105000001,37.487613499999995]}},{"type":"Feature","properties":{"kind":"label","name":"신대방"},"geometry":{"type":"Point","coordinates":[126.91341105000001,37.487613499999995]}},{"type":"Feature","properties":{"kind":"badge","ref":"2","color":"#00A23F","offset":[-10,0]},"geometry":{"type":"Point","coordinates":[126.9296513,37.484541225]}},{"type":"Feature","properties":{"kind":"badge","ref":"Silim","color":"#6789CA","offset":[10,0]},"geometry":{"type":"Point","coordinates":[126.9296513,37.484541225]}},{"type":"Feature","properties":{"kind":"label","name":"신림"},"geometry":{"type":"Point","coordinates":[126.9296513,37.484541225]}},{"type":"Feature","properties":{"kind":"badge","ref":"2","color":"#00A23F","offset":[0,0]},"geometry":{"type":"Point","coordinates":[126.9419898,37.482370200000005]}},{"type":"Feature","properties":{"kind":"label","name":"봉천"},"geometry":{"type":"Point","coordinates":[126.9419898,37.482370200000005]}},{"type":"Feature","properties":{"kind":"badge","ref":"2","color":"#00A23F","offset":[0,0]},"geometry":{"type":"Point","coordinates":[126.9527472,37.4811907]}},{"type":"Feature","properties":{"kind":"label","name":"서울대입구"},"geometry":{"type":"Point","coordinates":[126.9527472,37.4811907]}},{"type":"Feature","properties":{"kind":"badge","ref":"2","color":"#00A23F","offset":[0,0]},"geometry":{"type":"Point","coordinates":[126.96355224999999,37.4770473]}},{"type":"Feature","properties":{"kind":"label","name":"낙성대"},"geometry":{"type":"Point","coordinates":[126.96355224999999,37.4770473]}},{"type":"Feature","properties":{"kind":"badge","ref":"2","color":"#00A23F","offset":[-10,0]},"geometry":{"type":"Point","coordinates":[126.98166605555555,37.477251911111104]}},{"type":"Feature","properties":{"kind":"badge","ref":"4","color":"#009BCE","offset":[10,0]},"geometry":{"type":"Point","coordinates":[126.98166605555555,37.477251911111104]}},{"type":"Feature","properties":{"kind":"label","name":"사당"},"geometry":{"type":"Point","coordinates":[126.98166605555555,37.477251911111104]}},{"type":"Feature","properties":{"kind":"badge","ref":"2","color":"#00A23F","offset":[0,0]},"geometry":{"type":"Point","coordinates":[126.9976822,37.4814426]}},{"type":"Feature","properties":{"kind":"label","name":"방배"},"geometry":{"type":"Point","coordinates":[126.9976822,37.4814426]}},{"type":"Feature","properties":{"kind":"badge","ref":"2","color":"#00A23F","offset":[0,0]},"geometry":{"type":"Point","coordinates":[127.0076332,37.49182365]}},{"type":"Feature","properties":{"kind":"label","name":"서초"},"geometry":{"type":"Point","coordinates":[127.0076332,37.49182365]}},{"type":"Feature","properties":{"kind":"badge","ref":"2","color":"#00A23F","offset":[0,0]},"geometry":{"type":"Point","coordinates":[127.0145997,37.4939376]}},{"type":"Feature","properties":{"kind":"label","name":"교대"},"geometry":{"type":"Point","coordinates":[127.0145997,37.4939376]}},{"type":"Feature","properties":{"kind":"badge","ref":"2","color":"#00A23F","offset":[-10,0]},"geometry":{"type":"Point","coordinates":[127.027783275,37.497521625000005]}},{"type":"Feature","properties":{"kind":"badge","ref":"신분당","color":"#B81B30","offset":[10,0]},"geometry":{"type":"Point","coordinates":[127.027783275,37.497521625000005]}},{"type":"Feature","properties":{"kind":"label","name":"강남"},"geometry":{"type":"Point","coordinates":[127.027783275,37.497521625000005]}},{"type":"Feature","properties":{"kind":"badge","ref":"2","color":"#00A23F","offset":[0,0]},"geometry":{"type":"Point","coordinates":[127.03690639999999,37.500806350000005]}},{"type":"Feature","properties":{"kind":"label","name":"역삼"},"geometry":{"type":"Point","coordinates":[127.03690639999999,37.500806350000005]}},{"type":"Feature","properties":{"kind":"badge","ref":"2","color":"#00A23F","offset":[0,0]},"geometry":{"type":"Point","coordinates":[127.04890495000001,37.5044639]}},{"type":"Feature","properties":{"kind":"label","name":"선릉"},"geometry":{"type":"Point","coordinates":[127.04890495000001,37.5044639]}},{"type":"Feature","properties":{"kind":"badge","ref":"2","color":"#00A23F","offset":[0,0]},"geometry":{"type":"Point","coordinates":[127.0642476,37.5091066]}},{"type":"Feature","properties":{"kind":"label","name":"삼성"},"geometry":{"type":"Point","coordinates":[127.0642476,37.5091066]}},{"type":"Feature","properties":{"kind":"badge","ref":"2","color":"#00A23F","offset":[-10,0]},"geometry":{"type":"Point","coordinates":[127.07551115,37.51126551666667]}},{"type":"Feature","properties":{"kind":"badge","ref":"9","color":"#A49D87","offset":[10,0]},"geometry":{"type":"Point","coordinates":[127.07551115,37.51126551666667]}},{"type":"Feature","properties":{"kind":"label","name":"종합운동장"},"geometry":{"type":"Point","coordinates":[127.07551115,37.51126551666667]}},{"type":"Feature","properties":{"kind":"badge","ref":"2","color":"#00A23F","offset":[0,0]},"geometry":{"type":"Point","coordinates":[127.08549585,37.5115962]}},{"type":"Feature","properties":{"kind":"label","name":"잠실새내"},"geometry":{"type":"Point","coordinates":[127.08549585,37.5115962]}},{"type":"Feature","properties":{"kind":"badge","ref":"2","color":"#00A23F","offset":[-10,0]},"geometry":{"type":"Point","coordinates":[127.10315002,37.51417635999999]}},{"type":"Feature","properties":{"kind":"badge","ref":"8","color":"#D11D70","offset":[10,0]},"geometry":{"type":"Point","coordinates":[127.10315002,37.51417635999999]}},{"type":"Feature","properties":{"kind":"label","name":"잠실"},"geometry":{"type":"Point","coordinates":[127.10315002,37.51417635999999]}},{"type":"Feature","properties":{"kind":"badge","ref":"2","color":"#00A23F","offset":[0,0]},"geometry":{"type":"Point","coordinates":[127.1038398,37.52067075]}},{"type":"Feature","properties":{"kind":"label","name":"잠실나루"},"geometry":{"type":"Point","coordinates":[127.1038398,37.52067075]}},{"type":"Feature","properties":{"kind":"badge","ref":"2","color":"#00A23F","offset":[0,0]},"geometry":{"type":"Point","coordinates":[127.0952593,37.5343289]}},{"type":"Feature","properties":{"kind":"label","name":"강변"},"geometry":{"type":"Point","coordinates":[127.0952593,37.5343289]}},{"type":"Feature","properties":{"kind":"badge","ref":"2","color":"#00A23F","offset":[0,0]},"geometry":{"type":"Point","coordinates":[127.085103,37.5368976]}},{"type":"Feature","properties":{"kind":"label","name":"구의"},"geometry":{"type":"Point","coordinates":[127.085103,37.5368976]}},{"type":"Feature","properties":{"kind":"badge","ref":"2","color":"#00A23F","offset":[-10,0]},"geometry":{"type":"Point","coordinates":[127.07074287999998,37.54088097]}},{"type":"Feature","properties":{"kind":"badge","ref":"7","color":"#6E7E31","offset":[10,0]},"geometry":{"type":"Point","coordinates":[127.07074287999998,37.54088097]}},{"type":"Feature","properties":{"kind":"label","name":"건대입구"},"geometry":{"type":"Point","coordinates":[127.07074287999998,37.54088097]}},{"type":"Feature","properties":{"kind":"badge","ref":"2","color":"#00A23F","offset":[0,0]},"geometry":{"type":"Point","coordinates":[127.056101,37.5445711]}},{"type":"Feature","properties":{"kind":"label","name":"성수"},"geometry":{"type":"Point","coordinates":[127.056101,37.5445711]}},{"type":"Feature","properties":{"kind":"badge","ref":"2","color":"#00A23F","offset":[0,0]},"geometry":{"type":"Point","coordinates":[127.04739810000001,37.54723575]}},{"type":"Feature","properties":{"kind":"label","name":"뚝섬"},"geometry":{"type":"Point","coordinates":[127.04739810000001,37.54723575]}},{"type":"Feature","properties":{"kind":"badge","ref":"2","color":"#00A23F","offset":[0,0]},"geometry":{"type":"Point","coordinates":[127.0436639,37.555725300000006]}},{"type":"Feature","properties":{"kind":"label","name":"한양대"},"geometry":{"type":"Point","coordinates":[127.0436639,37.555725300000006]}},{"type":"Feature","properties":{"kind":"badge","ref":"2","color":"#00A23F","offset":[-10,0]},"geometry":{"type":"Point","coordinates":[127.03596789999999,37.56106307142857]}},{"type":"Feature","properties":{"kind":"badge","ref":"5","color":"#794698","offset":[10,0]},"geometry":{"type":"Point","coordinates":[127.03596789999999,37.56106307142857]}},{"type":"Feature","properties":{"kind":"label","name":"왕십리"},"geometry":{"type":"Point","coordinates":[127.03596789999999,37.56106307142857]}},{"type":"Feature","properties":{"kind":"badge","ref":"2","color":"#00A23F","offset":[0,0]},"geometry":{"type":"Point","coordinates":[127.0292055,37.56440925]}},{"type":"Feature","properties":{"kind":"label","name":"상왕십리"},"geometry":{"type":"Point","coordinates":[127.0292055,37.56440925]}},{"type":"Feature","properties":{"kind":"badge","ref":"2","color":"#00A23F","offset":[-10,0]},"geometry":{"type":"Point","coordinates":[127.0174012,37.56614711666667]}},{"type":"Feature","properties":{"kind":"badge","ref":"6","color":"#7C4932","offset":[10,0]},"geometry":{"type":"Point","coordinates":[127.0174012,37.56614711666667]}},{"type":"Feature","properties":{"kind":"label","name":"신당"},"geometry":{"type":"Point","coordinates":[127.0174012,37.56614711666667]}},{"type":"Feature","properties":{"kind":"badge","ref":"2","color":"#00A23F","offset":[-20,0]},"geometry":{"type":"Point","coordinates":[127.00787618749996,37.565007475]}},{"type":"Feature","properties":{"kind":"badge","ref":"4","color":"#009BCE","offset":[0,0]},"geometry":{"type":"Point","coordinates":[127.00787618749996,37.565007475]}},{"type":"Feature","properties":{"kind":"badge","ref":"5","color":"#794698","offset":[20,0]},"geometry":{"type":"Point","coordinates":[127.00787618749996,37.565007475]}},{"type":"Feature","properties":{"kind":"label","name":"동대문역사문화공원"},"geometry":{"type":"Point","coordinates":[127.00787618749996,37.565007475]}},{"type":"Feature","properties":{"kind":"badge","ref":"2","color":"#00A23F","offset":[-10,0]},"geometry":{"type":"Point","coordinates":[126.99807688749999,37.566857675]}},{"type":"Feature","properties":{"kind":"badge","ref":"5","color":"#794698","offset":[10,0]},"geometry":{"type":"Point","coordinates":[126.99807688749999,37.566857675]}},{"type":"Feature","properties":{"kind":"label","name":"을지로4가"},"geometry":{"type":"Point","coordinates":[126.99807688749999,37.566857675]}},{"type":"Feature","properties":{"kind":"badge","ref":"2","color":"#00A23F","offset":[0,0]},"geometry":{"type":"Point","coordinates":[126.98260535,37.565950799999996]}},{"type":"Feature","properties":{"kind":"label","name":"을지로입구"},"geometry":{"type":"Point","coordinates":[126.98260535,37.565950799999996]}},{"type":"Feature","properties":{"kind":"badge","ref":"4","color":"#009BCE","offset":[0,0]},"geometry":{"type":"Point","coordinates":[127.07907800000001,37.67024585]}},{"type":"Feature","properties":{"kind":"label","name":"불암산"},"geometry":{"type":"Point","coordinates":[127.07907800000001,37.67024585]}},{"type":"Feature","properties":{"kind":"badge","ref":"4","color":"#009BCE","offset":[0,0]},"geometry":{"type":"Point","coordinates":[127.07342089999997,37.66069845]}},{"type":"Feature","properties":{"kind":"label","name":"상계"},"geometry":{"type":"Point","coordinates":[127.07342089999997,37.66069845]}},{"type":"Feature","properties":{"kind":"badge","ref":"4","color":"#009BCE","offset":[-10,0]},"geometry":{"type":"Point","coordinates":[127.06238788260873,37.65566908260868]}},{"type":"Feature","properties":{"kind":"badge","ref":"7","color":"#6E7E31","offset":[10,0]},"geometry":{"type":"Point","coordinates":[127.06238788260873,37.65566908260868]}},{"type":"Feature","properties":{"kind":"label","name":"노원"},"geometry":{"type":"Point","coordinates":[127.06238788260873,37.65566908260868]}},{"type":"Feature","properties":{"kind":"badge","ref":"4","color":"#009BCE","offset":[-10,0]},"geometry":{"type":"Point","coordinates":[127.04771575714283,37.65311289795919]}},{"type":"Feature","properties":{"kind":"badge","ref":"1","color":"#004A85","offset":[10,0]},"geometry":{"type":"Point","coordinates":[127.04771575714283,37.65311289795919]}},{"type":"Feature","properties":{"kind":"label","name":"창동"},"geometry":{"type":"Point","coordinates":[127.04771575714283,37.65311289795919]}},{"type":"Feature","properties":{"kind":"badge","ref":"4","color":"#009BCE","offset":[0,0]},"geometry":{"type":"Point","coordinates":[127.03457475000002,37.648415549999996]}},{"type":"Feature","properties":{"kind":"label","name":"쌍문"},"geometry":{"type":"Point","coordinates":[127.03457475000002,37.648415549999996]}},{"type":"Feature","properties":{"kind":"badge","ref":"4","color":"#009BCE","offset":[0,0]},"geometry":{"type":"Point","coordinates":[127.02569140000001,37.63798930000001]}},{"type":"Feature","properties":{"kind":"label","name":"수유(강북구청)"},"geometry":{"type":"Point","coordinates":[127.02569140000001,37.63798930000001]}},{"type":"Feature","properties":{"kind":"badge","ref":"4","color":"#009BCE","offset":[0,0]},"geometry":{"type":"Point","coordinates":[127.02611000000002,37.626536849999994]}},{"type":"Feature","properties":{"kind":"label","name":"미아"},"geometry":{"type":"Point","coordinates":[127.02611000000002,37.626536849999994]}},{"type":"Feature","properties":{"kind":"badge","ref":"4","color":"#009BCE","offset":[0,0]},"geometry":{"type":"Point","coordinates":[127.03009940000003,37.61316885000001]}},{"type":"Feature","properties":{"kind":"label","name":"미아사거리"},"geometry":{"type":"Point","coordinates":[127.03009940000003,37.61316885000001]}},{"type":"Feature","properties":{"kind":"badge","ref":"4","color":"#009BCE","offset":[0,0]},"geometry":{"type":"Point","coordinates":[127.02494090000002,37.60330975000001]}},{"type":"Feature","properties":{"kind":"label","name":"길음"},"geometry":{"type":"Point","coordinates":[127.02494090000002,37.60330975000001]}},{"type":"Feature","properties":{"kind":"badge","ref":"4","color":"#009BCE","offset":[-10,0]},"geometry":{"type":"Point","coordinates":[127.01642572499996,37.59264044374999]}},{"type":"Feature","properties":{"kind":"badge","ref":"W","color":"#BACC50","offset":[10,0]},"geometry":{"type":"Point","coordinates":[127.01642572499996,37.59264044374999]}},{"type":"Feature","properties":{"kind":"label","name":"성신여대입구"},"geometry":{"type":"Point","coordinates":[127.01642572499996,37.59264044374999]}},{"type":"Feature","properties":{"kind":"badge","ref":"4","color":"#009BCE","offset":[0,0]},"geometry":{"type":"Point","coordinates":[127.0053156,37.588201]}},{"type":"Feature","properties":{"kind":"label","name":"한성대입구(삼선교)"},"geometry":{"type":"Point","coordinates":[127.0053156,37.588201]}},{"type":"Feature","properties":{"kind":"badge","ref":"4","color":"#009BCE","offset":[0,0]},"geometry":{"type":"Point","coordinates":[127.00193119999997,37.5821434]}},{"type":"Feature","properties":{"kind":"label","name":"혜화(서울대학교병원)"},"geometry":{"type":"Point","coordinates":[127.00193119999997,37.5821434]}},{"type":"Feature","properties":{"kind":"badge","ref":"4","color":"#009BCE","offset":[-10,0]},"geometry":{"type":"Point","coordinates":[127.0105334807019,37.571476889473686]}},{"type":"Feature","properties":{"kind":"badge","ref":"1","color":"#004A85","offset":[10,0]},"geometry":{"type":"Point","coordinates":[127.0105334807019,37.571476889473686]}},{"type":"Feature","properties":{"kind":"label","name":"동대문"},"geometry":{"type":"Point","coordinates":[127.0105334807019,37.571476889473686]}},{"type":"Feature","properties":{"kind":"badge","ref":"4","color":"#009BCE","offset":[0,0]},"geometry":{"type":"Point","coordinates":[126.98629210000001,37.560895599999995]}},{"type":"Feature","properties":{"kind":"label","name":"명동"},"geometry":{"type":"Point","coordinates":[126.98629210000001,37.560895599999995]}},{"type":"Feature","properties":{"kind":"badge","ref":"4","color":"#009BCE","offset":[0,0]},"geometry":{"type":"Point","coordinates":[126.978436,37.558761399999995]}},{"type":"Feature","properties":{"kind":"label","name":"회현(남대문시장)"},"geometry":{"type":"Point","coordinates":[126.978436,37.558761399999995]}},{"type":"Feature","properties":{"kind":"badge","ref":"4","color":"#009BCE","offset":[-10,0]},"geometry":{"type":"Point","coordinates":[126.97246428593748,37.55519092187502]}},{"type":"Feature","properties":{"kind":"badge","ref":"1","color":"#004A85","offset":[10,0]},"geometry":{"type":"Point","coordinates":[126.97246428593748,37.55519092187502]}},{"type":"Feature","properties":{"kind":"label","name":"서울역"},"geometry":{"type":"Point","coordinates":[126.97246428593748,37.55519092187502]}},{"type":"Feature","properties":{"kind":"badge","ref":"4","color":"#009BCE","offset":[0,0]},"geometry":{"type":"Point","coordinates":[126.97194730000001,37.545139850000005]}},{"type":"Feature","properties":{"kind":"label","name":"숙대입구"},"geometry":{"type":"Point","coordinates":[126.97194730000001,37.545139850000005]}},{"type":"Feature","properties":{"kind":"badge","ref":"4","color":"#009BCE","offset":[-10,0]},"geometry":{"type":"Point","coordinates":[126.97312529999999,37.53468034999999]}},{"type":"Feature","properties":{"kind":"badge","ref":"6","color":"#7C4932","offset":[10,0]},"geometry":{"type":"Point","coordinates":[126.97312529999999,37.53468034999999]}},{"type":"Feature","properties":{"kind":"label","name":"삼각지"},"geometry":{"type":"Point","coordinates":[126.97312529999999,37.53468034999999]}},{"type":"Feature","properties":{"kind":"badge","ref":"4","color":"#009BCE","offset":[0,0]},"geometry":{"type":"Point","coordinates":[126.96783339999999,37.52914435]}},{"type":"Feature","properties":{"kind":"label","name":"신용산"},"geometry":{"type":"Point","coordinates":[126.96783339999999,37.52914435]}},{"type":"Feature","properties":{"kind":"badge","ref":"4","color":"#009BCE","offset":[0,0]},"geometry":{"type":"Point","coordinates":[126.97362305000001,37.522639500000004]}},{"type":"Feature","properties":{"kind":"label","name":"이촌"},"geometry":{"type":"Point","coordinates":[126.97362305000001,37.522639500000004]}},{"type":"Feature","properties":{"kind":"badge","ref":"4","color":"#009BCE","offset":[-10,0]},"geometry":{"type":"Point","coordinates":[126.98007872000001,37.50295501]}},{"type":"Feature","properties":{"kind":"badge","ref":"9","color":"#A49D87","offset":[10,0]},"geometry":{"type":"Point","coordinates":[126.98007872000001,37.50295501]}},{"type":"Feature","properties":{"kind":"label","name":"동작"},"geometry":{"type":"Point","coordinates":[126.98007872000001,37.50295501]}},{"type":"Feature","properties":{"kind":"badge","ref":"4","color":"#009BCE","offset":[0,0]},"geometry":{"type":"Point","coordinates":[126.98222984999998,37.48702505]}},{"type":"Feature","properties":{"kind":"label","name":"총신대입구 (이수)"},"geometry":{"type":"Point","coordinates":[126.98222984999998,37.48702505]}},{"type":"Feature","properties":{"kind":"badge","ref":"4","color":"#009BCE","offset":[0,0]},"geometry":{"type":"Point","coordinates":[126.98851849999998,37.4650423]}},{"type":"Feature","properties":{"kind":"label","name":"남태령"},"geometry":{"type":"Point","coordinates":[126.98851849999998,37.4650423]}},{"type":"Feature","properties":{"kind":"badge","ref":"4","color":"#009BCE","offset":[0,0]},"geometry":{"type":"Point","coordinates":[127.00210535,37.451572299999995]}},{"type":"Feature","properties":{"kind":"label","name":"선바위"},"geometry":{"type":"Point","coordinates":[127.00210535,37.451572299999995]}},{"type":"Feature","properties":{"kind":"badge","ref":"4","color":"#009BCE","offset":[0,0]},"geometry":{"type":"Point","coordinates":[127.00789135,37.44381080000001]}},{"type":"Feature","properties":{"kind":"label","name":"경마공원"},"geometry":{"type":"Point","coordinates":[127.00789135,37.44381080000001]}},{"type":"Feature","properties":{"kind":"badge","ref":"4","color":"#009BCE","offset":[0,0]},"geometry":{"type":"Point","coordinates":[127.00617730000002,37.435088]}},{"type":"Feature","properties":{"kind":"label","name":"대공원 (서울랜드)"},"geometry":{"type":"Point","coordinates":[127.00617730000002,37.435088]}},{"type":"Feature","properties":{"kind":"badge","ref":"4","color":"#009BCE","offset":[0,0]},"geometry":{"type":"Point","coordinates":[126.99683205,37.433065299999996]}},{"type":"Feature","properties":{"kind":"label","name":"과천"},"geometry":{"type":"Point","coordinates":[126.99683205,37.433065299999996]}},{"type":"Feature","properties":{"kind":"badge","ref":"4","color":"#009BCE","offset":[0,0]},"geometry":{"type":"Point","coordinates":[126.9897244,37.42644899999999]}},{"type":"Feature","properties":{"kind":"label","name":"정부과천청사"},"geometry":{"type":"Point","coordinates":[126.9897244,37.42644899999999]}},{"type":"Feature","properties":{"kind":"badge","ref":"4","color":"#009BCE","offset":[0,0]},"geometry":{"type":"Point","coordinates":[126.97694765000001,37.401366949999996]}},{"type":"Feature","properties":{"kind":"label","name":"인덕원"},"geometry":{"type":"Point","coordinates":[126.97694765000001,37.401366949999996]}},{"type":"Feature","properties":{"kind":"badge","ref":"4","color":"#009BCE","offset":[0,0]},"geometry":{"type":"Point","coordinates":[126.9638778,37.394289150000006]}},{"type":"Feature","properties":{"kind":"label","name":"평촌"},"geometry":{"type":"Point","coordinates":[126.9638778,37.394289150000006]}},{"type":"Feature","properties":{"kind":"badge","ref":"4","color":"#009BCE","offset":[0,0]},"geometry":{"type":"Point","coordinates":[126.95091029999999,37.389907199999996]}},{"type":"Feature","properties":{"kind":"label","name":"범계"},"geometry":{"type":"Point","coordinates":[126.95091029999999,37.389907199999996]}},{"type":"Feature","properties":{"kind":"badge","ref":"4","color":"#009BCE","offset":[-10,0]},"geometry":{"type":"Point","coordinates":[126.94339660606065,37.372311293939376]}},{"type":"Feature","properties":{"kind":"badge","ref":"1","color":"#004A85","offset":[10,0]},"geometry":{"type":"Point","coordinates":[126.94339660606065,37.372311293939376]}},{"type":"Feature","properties":{"kind":"label","name":"금정"},"geometry":{"type":"Point","coordinates":[126.94339660606065,37.372311293939376]}},{"type":"Feature","properties":{"kind":"badge","ref":"4","color":"#009BCE","offset":[0,0]},"geometry":{"type":"Point","coordinates":[126.93298612000001,37.358009460000005]}},{"type":"Feature","properties":{"kind":"label","name":"산본"},"geometry":{"type":"Point","coordinates":[126.93298612000001,37.358009460000005]}},{"type":"Feature","properties":{"kind":"badge","ref":"4","color":"#009BCE","offset":[0,0]},"geometry":{"type":"Point","coordinates":[126.92560309999999,37.35054165]}},{"type":"Feature","properties":{"kind":"label","name":"수리산"},"geometry":{"type":"Point","coordinates":[126.92560309999999,37.35054165]}},{"type":"Feature","properties":{"kind":"badge","ref":"4","color":"#009BCE","offset":[0,0]},"geometry":{"type":"Point","coordinates":[126.91689895,37.3279736]}},{"type":"Feature","properties":{"kind":"label","name":"대야미"},"geometry":{"type":"Point","coordinates":[126.91689895,37.3279736]}},{"type":"Feature","properties":{"kind":"badge","ref":"4","color":"#009BCE","offset":[0,0]},"geometry":{"type":"Point","coordinates":[126.9038537,37.31243275]}},{"type":"Feature","properties":{"kind":"label","name":"반월"},"geometry":{"type":"Point","coordinates":[126.9038537,37.31243275]}},{"type":"Feature","properties":{"kind":"badge","ref":"4","color":"#009BCE","offset":[0,0]},"geometry":{"type":"Point","coordinates":[126.8666104,37.30282205]}},{"type":"Feature","properties":{"kind":"label","name":"상록수"},"geometry":{"type":"Point","coordinates":[126.8666104,37.30282205]}},{"type":"Feature","properties":{"kind":"badge","ref":"4","color":"#009BCE","offset":[0,0]},"geometry":{"type":"Point","coordinates":[126.85362459999999,37.3097262]}},{"type":"Feature","properties":{"kind":"label","name":"한대앞"},"geometry":{"type":"Point","coordinates":[126.85362459999999,37.3097262]}},{"type":"Feature","properties":{"kind":"badge","ref":"4","color":"#009BCE","offset":[0,0]},"geometry":{"type":"Point","coordinates":[126.83849260000001,37.31602785]}},{"type":"Feature","properties":{"kind":"label","name":"중앙"},"geometry":{"type":"Point","coordinates":[126.83849260000001,37.31602785]}},{"type":"Feature","properties":{"kind":"badge","ref":"4","color":"#009BCE","offset":[0,0]},"geometry":{"type":"Point","coordinates":[126.82301165000001,37.31686475]}},{"type":"Feature","properties":{"kind":"label","name":"고잔"},"geometry":{"type":"Point","coordinates":[126.82301165000001,37.31686475]}},{"type":"Feature","properties":{"kind":"badge","ref":"4","color":"#009BCE","offset":[0,0]},"geometry":{"type":"Point","coordinates":[126.8049024,37.3211622]}},{"type":"Feature","properties":{"kind":"label","name":"초지 (신안산대학교)"},"geometry":{"type":"Point","coordinates":[126.8049024,37.3211622]}},{"type":"Feature","properties":{"kind":"badge","ref":"4","color":"#009BCE","offset":[0,0]},"geometry":{"type":"Point","coordinates":[126.7887952625,37.32704718750001]}},{"type":"Feature","properties":{"kind":"label","name":"안산"},"geometry":{"type":"Point","coordinates":[126.7887952625,37.32704718750001]}},{"type":"Feature","properties":{"kind":"badge","ref":"4","color":"#009BCE","offset":[0,0]},"geometry":{"type":"Point","coordinates":[126.7671307,37.33761945]}},{"type":"Feature","properties":{"kind":"label","name":"신길온천"},"geometry":{"type":"Point","coordinates":[126.7671307,37.33761945]}},{"type":"Feature","properties":{"kind":"badge","ref":"4","color":"#009BCE","offset":[0,0]},"geometry":{"type":"Point","coordinates":[126.7430016,37.35178460000001]}},{"type":"Feature","properties":{"kind":"label","name":"정왕"},"geometry":{"type":"Point","coordinates":[126.7430016,37.35178460000001]}},{"type":"Feature","properties":{"kind":"badge","ref":"4","color":"#009BCE","offset":[0,0]},"geometry":{"type":"Point","coordinates":[126.73844668749999,37.3617344875]}},{"type":"Feature","properties":{"kind":"label","name":"오이도"},"geometry":{"type":"Point","coordinates":[126.73844668749999,37.3617344875]}},{"type":"Feature","properties":{"kind":"badge","ref":"9","color":"#A49D87","offset":[0,0]},"geometry":{"type":"Point","coordinates":[126.7968626,37.578372200000004]}},{"type":"Feature","properties":{"kind":"label","name":"개화"},"geometry":{"type":"Point","coordinates":[126.7968626,37.578372200000004]}},{"type":"Feature","properties":{"kind":"badge","ref":"9","color":"#A49D87","offset":[-20,0]},"geometry":{"type":"Point","coordinates":[126.80149080833331,37.562100175000005]}},{"type":"Feature","properties":{"kind":"badge","ref":"5","color":"#794698","offset":[0,0]},"geometry":{"type":"Point","coordinates":[126.80149080833331,37.562100175000005]}},{"type":"Feature","properties":{"kind":"badge","ref":"김포 골드라인","color":"#957326","offset":[20,0]},"geometry":{"type":"Point","coordinates":[126.80149080833331,37.562100175000005]}},{"type":"Feature","properties":{"kind":"label","name":"김포공항"},"geometry":{"type":"Point","coordinates":[126.80149080833331,37.562100175000005]}},{"type":"Feature","properties":{"kind":"badge","ref":"9","color":"#A49D87","offset":[0,0]},"geometry":{"type":"Point","coordinates":[126.8103837,37.56346815]}},{"type":"Feature","properties":{"kind":"label","name":"공항시장"},"geometry":{"type":"Point","coordinates":[126.8103837,37.56346815]}},{"type":"Feature","properties":{"kind":"badge","ref":"9","color":"#A49D87","offset":[0,0]},"geometry":{"type":"Point","coordinates":[126.8170125,37.56748705]}},{"type":"Feature","properties":{"kind":"label","name":"신방화"},"geometry":{"type":"Point","coordinates":[126.8170125,37.56748705]}},{"type":"Feature","properties":{"kind":"badge","ref":"9","color":"#A49D87","offset":[0,0]},"geometry":{"type":"Point","coordinates":[126.82772320000001,37.566714149999996]}},{"type":"Feature","properties":{"kind":"label","name":"마곡나루"},"geometry":{"type":"Point","coordinates":[126.82772320000001,37.566714149999996]}},{"type":"Feature","properties":{"kind":"badge","ref":"9","color":"#A49D87","offset":[0,0]},"geometry":{"type":"Point","coordinates":[126.8412122,37.568514750000006]}},{"type":"Feature","properties":{"kind":"label","name":"양천향교"},"geometry":{"type":"Point","coordinates":[126.8412122,37.568514750000006]}},{"type":"Feature","properties":{"kind":"badge","ref":"9","color":"#A49D87","offset":[0,0]},"geometry":{"type":"Point","coordinates":[126.855077,37.5611624]}},{"type":"Feature","properties":{"kind":"label","name":"가양"},"geometry":{"type":"Point","coordinates":[126.855077,37.5611624]}},{"type":"Feature","properties":{"kind":"badge","ref":"9","color":"#A49D87","offset":[0,0]},"geometry":{"type":"Point","coordinates":[126.86195190000001,37.55743755]}},{"type":"Feature","properties":{"kind":"label","name":"증미"},"geometry":{"type":"Point","coordinates":[126.86195190000001,37.55743755]}},{"type":"Feature","properties":{"kind":"badge","ref":"9","color":"#A49D87","offset":[0,0]},"geometry":{"type":"Point","coordinates":[126.86459835,37.5512139]}},{"type":"Feature","properties":{"kind":"label","name":"등촌"},"geometry":{"type":"Point","coordinates":[126.86459835,37.5512139]}},{"type":"Feature","properties":{"kind":"badge","ref":"9","color":"#A49D87","offset":[0,0]},"geometry":{"type":"Point","coordinates":[126.87543819999999,37.5470354]}},{"type":"Feature","properties":{"kind":"label","name":"염창"},"geometry":{"type":"Point","coordinates":[126.87543819999999,37.5470354]}},{"type":"Feature","properties":{"kind":"badge","ref":"9","color":"#A49D87","offset":[0,0]},"geometry":{"type":"Point","coordinates":[126.8832178,37.544236749999996]}},{"type":"Feature","properties":{"kind":"label","name":"신목동"},"geometry":{"type":"Point","coordinates":[126.8832178,37.544236749999996]}},{"type":"Feature","properties":{"kind":"badge","ref":"9","color":"#A49D87","offset":[0,0]},"geometry":{"type":"Point","coordinates":[126.89390025,37.53789915]}},{"type":"Feature","properties":{"kind":"label","name":"선유도"},"geometry":{"type":"Point","coordinates":[126.89390025,37.53789915]}},{"type":"Feature","properties":{"kind":"badge","ref":"9","color":"#A49D87","offset":[0,0]},"geometry":{"type":"Point","coordinates":[126.9178998,37.52812466666666]}},{"type":"Feature","properties":{"kind":"label","name":"국회의사당"},"geometry":{"type":"Point","coordinates":[126.9178998,37.52812466666666]}},{"type":"Feature","properties":{"kind":"badge","ref":"9","color":"#A49D87","offset":[-10,0]},"geometry":{"type":"Point","coordinates":[126.92414986000001,37.52166451000001]}},{"type":"Feature","properties":{"kind":"badge","ref":"5","color":"#794698","offset":[10,0]},"geometry":{"type":"Point","coordinates":[126.92414986000001,37.52166451000001]}},{"type":"Feature","properties":{"kind":"label","name":"여의도"},"geometry":{"type":"Point","coordinates":[126.92414986000001,37.52166451000001]}},{"type":"Feature","properties":{"kind":"badge","ref":"9","color":"#A49D87","offset":[-10,0]},"geometry":{"type":"Point","coordinates":[126.92880634000001,37.51729642]}},{"type":"Feature","properties":{"kind":"badge","ref":"Silim","color":"#6789CA","offset":[10,0]},"geometry":{"type":"Point","coordinates":[126.92880634000001,37.51729642]}},{"type":"Feature","properties":{"kind":"label","name":"샛강"},"geometry":{"type":"Point","coordinates":[126.92880634000001,37.51729642]}},{"type":"Feature","properties":{"kind":"badge","ref":"9","color":"#A49D87","offset":[-10,0]},"geometry":{"type":"Point","coordinates":[126.94141759230766,37.51410312692307]}},{"type":"Feature","properties":{"kind":"badge","ref":"1","color":"#004A85","offset":[10,0]},"geometry":{"type":"Point","coordinates":[126.94141759230766,37.51410312692307]}},{"type":"Feature","properties":{"kind":"label","name":"노량진"},"geometry":{"type":"Point","coordinates":[126.94141759230766,37.51410312692307]}},{"type":"Feature","properties":{"kind":"badge","ref":"9","color":"#A49D87","offset":[0,0]},"geometry":{"type":"Point","coordinates":[126.9535754,37.5129714]}},{"type":"Feature","properties":{"kind":"label","name":"노들"},"geometry":{"type":"Point","coordinates":[126.9535754,37.5129714]}},{"type":"Feature","properties":{"kind":"badge","ref":"9","color":"#A49D87","offset":[0,0]},"geometry":{"type":"Point","coordinates":[126.96394889999999,37.50838225]}},{"type":"Feature","properties":{"kind":"label","name":"흑석"},"geometry":{"type":"Point","coordinates":[126.96394889999999,37.50838225]}},{"type":"Feature","properties":{"kind":"badge","ref":"9","color":"#A49D87","offset":[0,0]},"geometry":{"type":"Point","coordinates":[126.98678254999999,37.50129185]}},{"type":"Feature","properties":{"kind":"label","name":"구반포"},"geometry":{"type":"Point","coordinates":[126.98678254999999,37.50129185]}},{"type":"Feature","properties":{"kind":"badge","ref":"9","color":"#A49D87","offset":[0,0]},"geometry":{"type":"Point","coordinates":[126.996418,37.50360135]}},{"type":"Feature","properties":{"kind":"label","name":"신반포"},"geometry":{"type":"Point","coordinates":[126.996418,37.50360135]}},{"type":"Feature","properties":{"kind":"badge","ref":"9","color":"#A49D87","offset":[0,0]},"geometry":{"type":"Point","coordinates":[127.0151398,37.5042952]}},{"type":"Feature","properties":{"kind":"label","name":"사평"},"geometry":{"type":"Point","coordinates":[127.0151398,37.5042952]}},{"type":"Feature","properties":{"kind":"badge","ref":"9","color":"#A49D87","offset":[0,0]},"geometry":{"type":"Point","coordinates":[127.02463643333333,37.504490733333334]}},{"type":"Feature","properties":{"kind":"label","name":"신논현역"},"geometry":{"type":"Point","coordinates":[127.02463643333333,37.504490733333334]}},{"type":"Feature","properties":{"kind":"badge","ref":"9","color":"#A49D87","offset":[0,0]},"geometry":{"type":"Point","coordinates":[127.03387465,37.507321000000005]}},{"type":"Feature","properties":{"kind":"label","name":"언주"},"geometry":{"type":"Point","coordinates":[127.03387465,37.507321000000005]}},{"type":"Feature","properties":{"kind":"badge","ref":"9","color":"#A49D87","offset":[0,0]},"geometry":{"type":"Point","coordinates":[127.0438358,37.5102551]}},{"type":"Feature","properties":{"kind":"label","name":"선정릉"},"geometry":{"type":"Point","coordinates":[127.0438358,37.5102551]}},{"type":"Feature","properties":{"kind":"badge","ref":"9","color":"#A49D87","offset":[0,0]},"geometry":{"type":"Point","coordinates":[127.05341885,37.51308095]}},{"type":"Feature","properties":{"kind":"label","name":"삼성중앙"},"geometry":{"type":"Point","coordinates":[127.05341885,37.51308095]}},{"type":"Feature","properties":{"kind":"badge","ref":"9","color":"#A49D87","offset":[0,0]},"geometry":{"type":"Point","coordinates":[127.0601707,37.5141752]}},{"type":"Feature","properties":{"kind":"label","name":"봉은사역"},"geometry":{"type":"Point","coordinates":[127.0601707,37.5141752]}},{"type":"Feature","properties":{"kind":"badge","ref":"9","color":"#A49D87","offset":[0,0]},"geometry":{"type":"Point","coordinates":[127.0872093,37.5045328]}},{"type":"Feature","properties":{"kind":"label","name":"삼전"},"geometry":{"type":"Point","coordinates":[127.0872093,37.5045328]}},{"type":"Feature","properties":{"kind":"badge","ref":"9","color":"#A49D87","offset":[0,0]},"geometry":{"type":"Point","coordinates":[127.09656525,37.5024372]}},{"type":"Feature","properties":{"kind":"label","name":"석촌고분"},"geometry":{"type":"Point","coordinates":[127.09656525,37.5024372]}},{"type":"Feature","properties":{"kind":"badge","ref":"9","color":"#A49D87","offset":[-10,0]},"geometry":{"type":"Point","coordinates":[127.10697945000001,37.505189625]}},{"type":"Feature","properties":{"kind":"badge","ref":"8","color":"#D11D70","offset":[10,0]},"geometry":{"type":"Point","coordinates":[127.10697945000001,37.505189625]}},{"type":"Feature","properties":{"kind":"label","name":"석촌"},"geometry":{"type":"Point","coordinates":[127.10697945000001,37.505189625]}},{"type":"Feature","properties":{"kind":"badge","ref":"9","color":"#A49D87","offset":[0,0]},"geometry":{"type":"Point","coordinates":[127.11280625,37.5112663]}},{"type":"Feature","properties":{"kind":"label","name":"송파나루"},"geometry":{"type":"Point","coordinates":[127.11280625,37.5112663]}},{"type":"Feature","properties":{"kind":"badge","ref":"9","color":"#A49D87","offset":[0,0]},"geometry":{"type":"Point","coordinates":[127.11626145,37.5167248]}},{"type":"Feature","properties":{"kind":"label","name":"한성백제"},"geometry":{"type":"Point","coordinates":[127.11626145,37.5167248]}},{"type":"Feature","properties":{"kind":"badge","ref":"9","color":"#A49D87","offset":[-10,0]},"geometry":{"type":"Point","coordinates":[127.13060587499999,37.51611817500001]}},{"type":"Feature","properties":{"kind":"badge","ref":"5","color":"#794698","offset":[10,0]},"geometry":{"type":"Point","coordinates":[127.13060587499999,37.51611817500001]}},{"type":"Feature","properties":{"kind":"label","name":"올림픽공원"},"geometry":{"type":"Point","coordinates":[127.13060587499999,37.51611817500001]}},{"type":"Feature","properties":{"kind":"badge","ref":"9","color":"#A49D87","offset":[0,0]},"geometry":{"type":"Point","coordinates":[127.13834015,37.519871]}},{"type":"Feature","properties":{"kind":"label","name":"둔촌오륜"},"geometry":{"type":"Point","coordinates":[127.13834015,37.519871]}},{"type":"Feature","properties":{"kind":"badge","ref":"9","color":"#A49D87","offset":[0,0]},"geometry":{"type":"Point","coordinates":[127.14824895,37.528280349999996]}},{"type":"Feature","properties":{"kind":"label","name":"중앙보훈병원"},"geometry":{"type":"Point","coordinates":[127.14824895,37.528280349999996]}},{"type":"Feature","properties":{"kind":"badge","ref":"8","color":"#D11D70","offset":[0,0]},"geometry":{"type":"Point","coordinates":[127.1273613,37.6424033]}},{"type":"Feature","properties":{"kind":"label","name":"별내"},"geometry":{"type":"Point","coordinates":[127.1273613,37.6424033]}},{"type":"Feature","properties":{"kind":"badge","ref":"8","color":"#D11D70","offset":[0,0]},"geometry":{"type":"Point","coordinates":[127.14977395,37.62432035]}},{"type":"Feature","properties":{"kind":"label","name":"다산"},"geometry":{"type":"Point","coordinates":[127.14977395,37.62432035]}},{"type":"Feature","properties":{"kind":"badge","ref":"8","color":"#D11D70","offset":[0,0]},"geometry":{"type":"Point","coordinates":[127.1380807,37.610968050000004]}},{"type":"Feature","properties":{"kind":"label","name":"동구릉"},"geometry":{"type":"Point","coordinates":[127.1380807,37.610968050000004]}},{"type":"Feature","properties":{"kind":"badge","ref":"8","color":"#D11D70","offset":[0,0]},"geometry":{"type":"Point","coordinates":[127.14078645000001,37.602372849999995]}},{"type":"Feature","properties":{"kind":"label","name":"구리"},"geometry":{"type":"Point","coordinates":[127.14078645000001,37.602372849999995]}},{"type":"Feature","properties":{"kind":"badge","ref":"8","color":"#D11D70","offset":[0,0]},"geometry":{"type":"Point","coordinates":[127.13790955000002,37.587235899999996]}},{"type":"Feature","properties":{"kind":"label","name":"장자호수공원"},"geometry":{"type":"Point","coordinates":[127.13790955000002,37.587235899999996]}},{"type":"Feature","properties":{"kind":"badge","ref":"8","color":"#D11D70","offset":[0,0]},"geometry":{"type":"Point","coordinates":[127.13731045,37.55705595]}},{"type":"Feature","properties":{"kind":"label","name":"암사역사공원"},"geometry":{"type":"Point","coordinates":[127.13731045,37.55705595]}},{"type":"Feature","properties":{"kind":"badge","ref":"8","color":"#D11D70","offset":[0,0]},"geometry":{"type":"Point","coordinates":[127.1274373,37.549837249999996]}},{"type":"Feature","properties":{"kind":"label","name":"암사"},"geometry":{"type":"Point","coordinates":[127.1274373,37.549837249999996]}},{"type":"Feature","properties":{"kind":"badge","ref":"8","color":"#D11D70","offset":[-10,0]},"geometry":{"type":"Point","coordinates":[127.12334297999999,37.538383249999995]}},{"type":"Feature","properties":{"kind":"badge","ref":"5","color":"#794698","offset":[10,0]},"geometry":{"type":"Point","coordinates":[127.12334297999999,37.538383249999995]}},{"type":"Feature","properties":{"kind":"label","name":"천호"},"geometry":{"type":"Point","coordinates":[127.12334297999999,37.538383249999995]}},{"type":"Feature","properties":{"kind":"badge","ref":"8","color":"#D11D70","offset":[0,0]},"geometry":{"type":"Point","coordinates":[127.12062259999999,37.530676150000005]}},{"type":"Feature","properties":{"kind":"label","name":"강동구청"},"geometry":{"type":"Point","coordinates":[127.12062259999999,37.530676150000005]}},{"type":"Feature","properties":{"kind":"badge","ref":"8","color":"#D11D70","offset":[0,0]},"geometry":{"type":"Point","coordinates":[127.11266905,37.5175106]}},{"type":"Feature","properties":{"kind":"label","name":"몽촌토성"},"geometry":{"type":"Point","coordinates":[127.11266905,37.5175106]}},{"type":"Feature","properties":{"kind":"badge","ref":"8","color":"#D11D70","offset":[0,0]},"geometry":{"type":"Point","coordinates":[127.11227210000001,37.49963255]}},{"type":"Feature","properties":{"kind":"label","name":"송파"},"geometry":{"type":"Point","coordinates":[127.11227210000001,37.49963255]}},{"type":"Feature","properties":{"kind":"badge","ref":"8","color":"#D11D70","offset":[0,0]},"geometry":{"type":"Point","coordinates":[127.1225077,37.4858574]}},{"type":"Feature","properties":{"kind":"label","name":"문정"},"geometry":{"type":"Point","coordinates":[127.1225077,37.4858574]}},{"type":"Feature","properties":{"kind":"badge","ref":"8","color":"#D11D70","offset":[0,0]},"geometry":{"type":"Point","coordinates":[127.1260606,37.47890055]}},{"type":"Feature","properties":{"kind":"label","name":"장지"},"geometry":{"type":"Point","coordinates":[127.1260606,37.47890055]}},{"type":"Feature","properties":{"kind":"badge","ref":"8","color":"#D11D70","offset":[0,0]},"geometry":{"type":"Point","coordinates":[127.12672924999998,37.47090125]}},{"type":"Feature","properties":{"kind":"label","name":"복정"},"geometry":{"type":"Point","coordinates":[127.12672924999998,37.47090125]}},{"type":"Feature","properties":{"kind":"badge","ref":"8","color":"#D11D70","offset":[0,0]},"geometry":{"type":"Point","coordinates":[127.13923265000001,37.46276445]}},{"type":"Feature","properties":{"kind":"label","name":"남위례"},"geometry":{"type":"Point","coordinates":[127.13923265000001,37.46276445]}},{"type":"Feature","properties":{"kind":"badge","ref":"8","color":"#D11D70","offset":[0,0]},"geometry":{"type":"Point","coordinates":[127.14990939999998,37.4568683]}},{"type":"Feature","properties":{"kind":"label","name":"산성"},"geometry":{"type":"Point","coordinates":[127.14990939999998,37.4568683]}},{"type":"Feature","properties":{"kind":"badge","ref":"8","color":"#D11D70","offset":[0,0]},"geometry":{"type":"Point","coordinates":[127.15982804999999,37.451577349999994]}},{"type":"Feature","properties":{"kind":"label","name":"남한산성입구"},"geometry":{"type":"Point","coordinates":[127.15982804999999,37.451577349999994]}},{"type":"Feature","properties":{"kind":"badge","ref":"8","color":"#D11D70","offset":[0,0]},"geometry":{"type":"Point","coordinates":[127.15677604999999,37.44508145]}},{"type":"Feature","properties":{"kind":"label","name":"단대오거리"},"geometry":{"type":"Point","coordinates":[127.15677604999999,37.44508145]}},{"type":"Feature","properties":{"kind":"badge","ref":"8","color":"#D11D70","offset":[0,0]},"geometry":{"type":"Point","coordinates":[127.1476359,37.44099535]}},{"type":"Feature","properties":{"kind":"label","name":"신흥"},"geometry":{"type":"Point","coordinates":[127.1476359,37.44099535]}},{"type":"Feature","properties":{"kind":"badge","ref":"8","color":"#D11D70","offset":[0,0]},"geometry":{"type":"Point","coordinates":[127.1406795,37.437440949999996]}},{"type":"Feature","properties":{"kind":"label","name":"수진"},"geometry":{"type":"Point","coordinates":[127.1406795,37.437440949999996]}},{"type":"Feature","properties":{"kind":"badge","ref":"8","color":"#D11D70","offset":[0,0]},"geometry":{"type":"Point","coordinates":[127.13032179999999,37.434014149999996]}},{"type":"Feature","properties":{"kind":"label","name":"모란"},"geometry":{"type":"Point","coordinates":[127.13032179999999,37.434014149999996]}},{"type":"Feature","properties":{"kind":"badge","ref":"E","color":"#44A436","offset":[0,0]},"geometry":{"type":"Point","coordinates":[127.2195513,37.28534975]}},{"type":"Feature","properties":{"kind":"label","name":"전대·에버랜드"},"geometry":{"type":"Point","coordinates":[127.2195513,37.28534975]}},{"type":"Feature","properties":{"kind":"badge","ref":"E","color":"#44A436","offset":[0,0]},"geometry":{"type":"Point","coordinates":[127.21368545,37.2672048]}},{"type":"Feature","properties":{"kind":"label","name":"둔전"},"geometry":{"type":"Point","coordinates":[127.21368545,37.2672048]}},{"type":"Feature","properties":{"kind":"badge","ref":"E","color":"#44A436","offset":[0,0]},"geometry":{"type":"Point","coordinates":[127.2185121,37.25891095]}},{"type":"Feature","properties":{"kind":"label","name":"보평"},"geometry":{"type":"Point","coordinates":[127.2185121,37.25891095]}},{"type":"Feature","properties":{"kind":"badge","ref":"E","color":"#44A436","offset":[0,0]},"geometry":{"type":"Point","coordinates":[127.2142174,37.24455365]}},{"type":"Feature","properties":{"kind":"label","name":"고진"},"geometry":{"type":"Point","coordinates":[127.2142174,37.24455365]}},{"type":"Feature","properties":{"kind":"badge","ref":"E","color":"#44A436","offset":[0,0]},"geometry":{"type":"Point","coordinates":[127.20904405,37.23780095]}},{"type":"Feature","properties":{"kind":"label","name":"용인중앙시장"},"geometry":{"type":"Point","coordinates":[127.20904405,37.23780095]}},{"type":"Feature","properties":{"kind":"badge","ref":"E","color":"#44A436","offset":[0,0]},"geometry":{"type":"Point","coordinates":[127.19866605,37.237254199999995]}},{"type":"Feature","properties":{"kind":"label","name":"김량장"},"geometry":{"type":"Point","coordinates":[127.19866605,37.237254199999995]}},{"type":"Feature","properties":{"kind":"badge","ref":"E","color":"#44A436","offset":[0,0]},"geometry":{"type":"Point","coordinates":[127.19029885,37.237986]}},{"type":"Feature","properties":{"kind":"label","name":"명지대"},"geometry":{"type":"Point","coordinates":[127.19029885,37.237986]}},{"type":"Feature","properties":{"kind":"badge","ref":"E","color":"#44A436","offset":[0,0]},"geometry":{"type":"Point","coordinates":[127.17889155,37.23932925]}},{"type":"Feature","properties":{"kind":"label","name":"시청·용인대"},"geometry":{"type":"Point","coordinates":[127.17889155,37.23932925]}},{"type":"Feature","properties":{"kind":"badge","ref":"E","color":"#44A436","offset":[0,0]},"geometry":{"type":"Point","coordinates":[127.16827495000001,37.242146399999996]}},{"type":"Feature","properties":{"kind":"label","name":"삼가"},"geometry":{"type":"Point","coordinates":[127.16827495000001,37.242146399999996]}},{"type":"Feature","properties":{"kind":"badge","ref":"E","color":"#44A436","offset":[0,0]},"geometry":{"type":"Point","coordinates":[127.1595465,37.260785049999996]}},{"type":"Feature","properties":{"kind":"label","name":"초당"},"geometry":{"type":"Point","coordinates":[127.1595465,37.260785049999996]}},{"type":"Feature","properties":{"kind":"badge","ref":"E","color":"#44A436","offset":[0,0]},"geometry":{"type":"Point","coordinates":[127.15276955,37.26900835]}},{"type":"Feature","properties":{"kind":"label","name":"동백"},"geometry":{"type":"Point","coordinates":[127.15276955,37.26900835]}},{"type":"Feature","properties":{"kind":"badge","ref":"E","color":"#44A436","offset":[0,0]},"geometry":{"type":"Point","coordinates":[127.14376254999999,37.274953]}},{"type":"Feature","properties":{"kind":"label","name":"어정"},"geometry":{"type":"Point","coordinates":[127.14376254999999,37.274953]}},{"type":"Feature","properties":{"kind":"badge","ref":"E","color":"#44A436","offset":[0,0]},"geometry":{"type":"Point","coordinates":[127.1366724,37.2697218]}},{"type":"Feature","properties":{"kind":"label","name":"지석"},"geometry":{"type":"Point","coordinates":[127.1366724,37.2697218]}},{"type":"Feature","properties":{"kind":"badge","ref":"E","color":"#44A436","offset":[0,0]},"geometry":{"type":"Point","coordinates":[127.1261186,37.270162150000004]}},{"type":"Feature","properties":{"kind":"label","name":"강남대"},"geometry":{"type":"Point","coordinates":[127.1261186,37.270162150000004]}},{"type":"Feature","properties":{"kind":"badge","ref":"E","color":"#44A436","offset":[0,0]},"geometry":{"type":"Point","coordinates":[127.11675525000001,37.275439649999996]}},{"type":"Feature","properties":{"kind":"label","name":"기흥"},"geometry":{"type":"Point","coordinates":[127.11675525000001,37.275439649999996]}},{"type":"Feature","properties":{"kind":"badge","ref":"6","color":"#7C4932","offset":[0,0]},"geometry":{"type":"Point","coordinates":[126.9156254,37.59866213333333]}},{"type":"Feature","properties":{"kind":"label","name":"응암"},"geometry":{"type":"Point","coordinates":[126.9156254,37.59866213333333]}},{"type":"Feature","properties":{"kind":"badge","ref":"6","color":"#7C4932","offset":[0,0]},"geometry":{"type":"Point","coordinates":[126.9228008,37.6060541]}},{"type":"Feature","properties":{"kind":"label","name":"역촌"},"geometry":{"type":"Point","coordinates":[126.9228008,37.6060541]}},{"type":"Feature","properties":{"kind":"badge","ref":"6","color":"#7C4932","offset":[0,0]},"geometry":{"type":"Point","coordinates":[126.9330576,37.6184519]}},{"type":"Feature","properties":{"kind":"label","name":"독바위"},"geometry":{"type":"Point","coordinates":[126.9330576,37.6184519]}},{"type":"Feature","properties":{"kind":"badge","ref":"6","color":"#7C4932","offset":[0,0]},"geometry":{"type":"Point","coordinates":[126.9170995,37.6110401]}},{"type":"Feature","properties":{"kind":"label","name":"구산"},"geometry":{"type":"Point","coordinates":[126.9170995,37.6110401]}},{"type":"Feature","properties":{"kind":"badge","ref":"6","color":"#7C4932","offset":[0,0]},"geometry":{"type":"Point","coordinates":[126.9137366,37.59167145]}},{"type":"Feature","properties":{"kind":"label","name":"새절"},"geometry":{"type":"Point","coordinates":[126.9137366,37.59167145]}},{"type":"Feature","properties":{"kind":"badge","ref":"6","color":"#7C4932","offset":[0,0]},"geometry":{"type":"Point","coordinates":[126.9098764,37.584113650000006]}},{"type":"Feature","properties":{"kind":"label","name":"증산"},"geometry":{"type":"Point","coordinates":[126.9098764,37.584113650000006]}},{"type":"Feature","properties":{"kind":"badge","ref":"6","color":"#7C4932","offset":[0,0]},"geometry":{"type":"Point","coordinates":[126.90145905,37.57620245]}},{"type":"Feature","properties":{"kind":"label","name":"디지털미디어시티"},"geometry":{"type":"Point","coordinates":[126.90145905,37.57620245]}},{"type":"Feature","properties":{"kind":"badge","ref":"6","color":"#7C4932","offset":[0,0]},"geometry":{"type":"Point","coordinates":[126.89931285,37.570154599999995]}},{"type":"Feature","properties":{"kind":"label","name":"월드컵경기장"},"geometry":{"type":"Point","coordinates":[126.89931285,37.570154599999995]}},{"type":"Feature","properties":{"kind":"badge","ref":"6","color":"#7C4932","offset":[0,0]},"geometry":{"type":"Point","coordinates":[126.9033939,37.563522750000004]}},{"type":"Feature","properties":{"kind":"label","name":"마포구청"},"geometry":{"type":"Point","coordinates":[126.9033939,37.563522750000004]}},{"type":"Feature","properties":{"kind":"badge","ref":"6","color":"#7C4932","offset":[0,0]},"geometry":{"type":"Point","coordinates":[126.91015010000001,37.55599395]}},{"type":"Feature","properties":{"kind":"label","name":"망원"},"geometry":{"type":"Point","coordinates":[126.91015010000001,37.55599395]}},{"type":"Feature","properties":{"kind":"badge","ref":"6","color":"#7C4932","offset":[0,0]},"geometry":{"type":"Point","coordinates":[126.9229235,37.547759049999996]}},{"type":"Feature","properties":{"kind":"label","name":"상수"},"geometry":{"type":"Point","coordinates":[126.9229235,37.547759049999996]}},{"type":"Feature","properties":{"kind":"badge","ref":"6","color":"#7C4932","offset":[0,0]},"geometry":{"type":"Point","coordinates":[126.9319957,37.5474678]}},{"type":"Feature","properties":{"kind":"label","name":"광흥창"},"geometry":{"type":"Point","coordinates":[126.9319957,37.5474678]}},{"type":"Feature","properties":{"kind":"badge","ref":"6","color":"#7C4932","offset":[0,0]},"geometry":{"type":"Point","coordinates":[126.94233779999999,37.54770605]}},{"type":"Feature","properties":{"kind":"label","name":"대흥"},"geometry":{"type":"Point","coordinates":[126.94233779999999,37.54770605]}},{"type":"Feature","properties":{"kind":"badge","ref":"6","color":"#7C4932","offset":[-10,0]},"geometry":{"type":"Point","coordinates":[126.95109963999998,37.54365717]}},{"type":"Feature","properties":{"kind":"badge","ref":"5","color":"#794698","offset":[10,0]},"geometry":{"type":"Point","coordinates":[126.95109963999998,37.54365717]}},{"type":"Feature","properties":{"kind":"label","name":"공덕"},"geometry":{"type":"Point","coordinates":[126.95109963999998,37.54365717]}},{"type":"Feature","properties":{"kind":"badge","ref":"6","color":"#7C4932","offset":[0,0]},"geometry":{"type":"Point","coordinates":[126.96137709999999,37.53932435]}},{"type":"Feature","properties":{"kind":"label","name":"효창공원앞"},"geometry":{"type":"Point","coordinates":[126.96137709999999,37.53932435]}},{"type":"Feature","properties":{"kind":"badge","ref":"6","color":"#7C4932","offset":[0,0]},"geometry":{"type":"Point","coordinates":[126.98651129999999,37.53475175]}},{"type":"Feature","properties":{"kind":"label","name":"녹사평"},"geometry":{"type":"Point","coordinates":[126.98651129999999,37.53475175]}},{"type":"Feature","properties":{"kind":"badge","ref":"6","color":"#7C4932","offset":[0,0]},"geometry":{"type":"Point","coordinates":[126.9943796,37.5345035]}},{"type":"Feature","properties":{"kind":"label","name":"이태원"},"geometry":{"type":"Point","coordinates":[126.9943796,37.5345035]}},{"type":"Feature","properties":{"kind":"badge","ref":"6","color":"#7C4932","offset":[0,0]},"geometry":{"type":"Point","coordinates":[127.00173749999999,37.5398225]}},{"type":"Feature","properties":{"kind":"label","name":"한강진"},"geometry":{"type":"Point","coordinates":[127.00173749999999,37.5398225]}},{"type":"Feature","properties":{"kind":"badge","ref":"6","color":"#7C4932","offset":[0,0]},"geometry":{"type":"Point","coordinates":[127.0066367,37.548266]}},{"type":"Feature","properties":{"kind":"label","name":"버티고개"},"geometry":{"type":"Point","coordinates":[127.0066367,37.548266]}},{"type":"Feature","properties":{"kind":"badge","ref":"6","color":"#7C4932","offset":[-10,0]},"geometry":{"type":"Point","coordinates":[127.0137542,37.56028045000001]}},{"type":"Feature","properties":{"kind":"badge","ref":"5","color":"#794698","offset":[10,0]},"geometry":{"type":"Point","coordinates":[127.0137542,37.56028045000001]}},{"type":"Feature","properties":{"kind":"label","name":"청구"},"geometry":{"type":"Point","coordinates":[127.0137542,37.56028045000001]}},{"type":"Feature","properties":{"kind":"badge","ref":"6","color":"#7C4932","offset":[-10,0]},"geometry":{"type":"Point","coordinates":[127.01694230666673,37.573330168888866]}},{"type":"Feature","properties":{"kind":"badge","ref":"1","color":"#004A85","offset":[10,0]},"geometry":{"type":"Point","coordinates":[127.01694230666673,37.573330168888866]}},{"type":"Feature","properties":{"kind":"label","name":"동묘앞"},"geometry":{"type":"Point","coordinates":[127.01694230666673,37.573330168888866]}},{"type":"Feature","properties":{"kind":"badge","ref":"6","color":"#7C4932","offset":[0,0]},"geometry":{"type":"Point","coordinates":[127.01524715,37.5797842]}},{"type":"Feature","properties":{"kind":"label","name":"창신"},"geometry":{"type":"Point","coordinates":[127.01524715,37.5797842]}},{"type":"Feature","properties":{"kind":"badge","ref":"6","color":"#7C4932","offset":[-10,0]},"geometry":{"type":"Point","coordinates":[127.01938326666665,37.58521211666667]}},{"type":"Feature","properties":{"kind":"badge","ref":"W","color":"#BACC50","offset":[10,0]},"geometry":{"type":"Point","coordinates":[127.01938326666665,37.58521211666667]}},{"type":"Feature","properties":{"kind":"label","name":"보문"},"geometry":{"type":"Point","coordinates":[127.01938326666665,37.58521211666667]}},{"type":"Feature","properties":{"kind":"badge","ref":"6","color":"#7C4932","offset":[0,0]},"geometry":{"type":"Point","coordinates":[127.0293324,37.586299100000005]}},{"type":"Feature","properties":{"kind":"label","name":"안암"},"geometry":{"type":"Point","coordinates":[127.0293324,37.586299100000005]}},{"type":"Feature","properties":{"kind":"badge","ref":"6","color":"#7C4932","offset":[0,0]},"geometry":{"type":"Point","coordinates":[127.03600215,37.590341]}},{"type":"Feature","properties":{"kind":"label","name":"고려대"},"geometry":{"type":"Point","coordinates":[127.03600215,37.590341]}},{"type":"Feature","properties":{"kind":"badge","ref":"6","color":"#7C4932","offset":[0,0]},"geometry":{"type":"Point","coordinates":[127.0414675,37.6019369]}},{"type":"Feature","properties":{"kind":"label","name":"월곡"},"geometry":{"type":"Point","coordinates":[127.0414675,37.6019369]}},{"type":"Feature","properties":{"kind":"badge","ref":"6","color":"#7C4932","offset":[0,0]},"geometry":{"type":"Point","coordinates":[127.04824445,37.606223]}},{"type":"Feature","properties":{"kind":"label","name":"상월곡"},"geometry":{"type":"Point","coordinates":[127.04824445,37.606223]}},{"type":"Feature","properties":{"kind":"badge","ref":"6","color":"#7C4932","offset":[0,0]},"geometry":{"type":"Point","coordinates":[127.05647575,37.6105524]}},{"type":"Feature","properties":{"kind":"label","name":"돌곶이"},"geometry":{"type":"Point","coordinates":[127.05647575,37.6105524]}},{"type":"Feature","properties":{"kind":"badge","ref":"6","color":"#7C4932","offset":[-10,0]},"geometry":{"type":"Point","coordinates":[127.06579722424243,37.614853609090915]}},{"type":"Feature","properties":{"kind":"badge","ref":"1","color":"#004A85","offset":[10,0]},"geometry":{"type":"Point","coordinates":[127.06579722424243,37.614853609090915]}},{"type":"Feature","properties":{"kind":"label","name":"석계"},"geometry":{"type":"Point","coordinates":[127.06579722424243,37.614853609090915]}},{"type":"Feature","properties":{"kind":"badge","ref":"6","color":"#7C4932","offset":[-10,0]},"geometry":{"type":"Point","coordinates":[127.07506146666667,37.618132849999995]}},{"type":"Feature","properties":{"kind":"badge","ref":"7","color":"#6E7E31","offset":[10,0]},"geometry":{"type":"Point","coordinates":[127.07506146666667,37.618132849999995]}},{"type":"Feature","properties":{"kind":"label","name":"태릉입구"},"geometry":{"type":"Point","coordinates":[127.07506146666667,37.618132849999995]}},{"type":"Feature","properties":{"kind":"badge","ref":"6","color":"#7C4932","offset":[0,0]},"geometry":{"type":"Point","coordinates":[127.08371070000001,37.61978165]}},{"type":"Feature","properties":{"kind":"label","name":"화랑대"},"geometry":{"type":"Point","coordinates":[127.08371070000001,37.61978165]}},{"type":"Feature","properties":{"kind":"badge","ref":"6","color":"#7C4932","offset":[0,0]},"geometry":{"type":"Point","coordinates":[127.09109065,37.6174169]}},{"type":"Feature","properties":{"kind":"label","name":"봉화산"},"geometry":{"type":"Point","coordinates":[127.09109065,37.6174169]}},{"type":"Feature","properties":{"kind":"badge","ref":"2","color":"#00A23F","offset":[-20,0]},"geometry":{"type":"Point","coordinates":[127.02440724634145,37.57589860487803]}},{"type":"Feature","properties":{"kind":"badge","ref":"W","color":"#BACC50","offset":[0,0]},"geometry":{"type":"Point","coordinates":[127.02440724634145,37.57589860487803]}},{"type":"Feature","properties":{"kind":"badge","ref":"1","color":"#004A85","offset":[20,0]},"geometry":{"type":"Point","coordinates":[127.02440724634145,37.57589860487803]}},{"type":"Feature","properties":{"kind":"label","name":"신설동"},"geometry":{"type":"Point","coordinates":[127.02440724634145,37.57589860487803]}},{"type":"Feature","properties":{"kind":"badge","ref":"2","color":"#00A23F","offset":[0,0]},"geometry":{"type":"Point","coordinates":[127.0381884,37.573983150000004]}},{"type":"Feature","properties":{"kind":"label","name":"용두"},"geometry":{"type":"Point","coordinates":[127.0381884,37.573983150000004]}},{"type":"Feature","properties":{"kind":"badge","ref":"2","color":"#00A23F","offset":[0,0]},"geometry":{"type":"Point","coordinates":[127.04707995000001,37.56974155]}},{"type":"Feature","properties":{"kind":"label","name":"신답"},"geometry":{"type":"Point","coordinates":[127.04707995000001,37.56974155]}},{"type":"Feature","properties":{"kind":"badge","ref":"2","color":"#00A23F","offset":[0,0]},"geometry":{"type":"Point","coordinates":[127.0508526,37.562121399999995]}},{"type":"Feature","properties":{"kind":"label","name":"용답"},"geometry":{"type":"Point","coordinates":[127.0508526,37.562121399999995]}},{"type":"Feature","properties":{"kind":"badge","ref":"2","color":"#00A23F","offset":[0,0]},"geometry":{"type":"Point","coordinates":[126.88262365,37.514484550000006]}},{"type":"Feature","properties":{"kind":"label","name":"도림천"},"geometry":{"type":"Point","coordinates":[126.88262365,37.514484550000006]}},{"type":"Feature","properties":{"kind":"badge","ref":"2","color":"#00A23F","offset":[0,0]},"geometry":{"type":"Point","coordinates":[126.8659206,37.51228415]}},{"type":"Feature","properties":{"kind":"label","name":"양천구청"},"geometry":{"type":"Point","coordinates":[126.8659206,37.51228415]}},{"type":"Feature","properties":{"kind":"badge","ref":"2","color":"#00A23F","offset":[0,0]},"geometry":{"type":"Point","coordinates":[126.85303115,37.5200209]}},{"type":"Feature","properties":{"kind":"label","name":"신정네거리"},"geometry":{"type":"Point","coordinates":[126.85303115,37.5200209]}},{"type":"Feature","properties":{"kind":"badge","ref":"2","color":"#00A23F","offset":[-10,0]},"geometry":{"type":"Point","coordinates":[126.8465658125,37.531917425]}},{"type":"Feature","properties":{"kind":"badge","ref":"5","color":"#794698","offset":[10,0]},"geometry":{"type":"Point","coordinates":[126.8465658125,37.531917425]}},{"type":"Feature","properties":{"kind":"label","name":"까치산"},"geometry":{"type":"Point","coordinates":[126.8465658125,37.531917425]}},{"type":"Feature","properties":{"kind":"badge","ref":"2","color":"#00A23F","offset":[0,0]},"geometry":{"type":"Point","coordinates":[127.0371344,37.561196]}},{"type":"Feature","properties":{"kind":"label","name":"왕십리(성동구청)"},"geometry":{"type":"Point","coordinates":[127.0371344,37.561196]}},{"type":"Feature","properties":{"kind":"badge","ref":"2","color":"#00A23F","offset":[0,0]},"geometry":{"type":"Point","coordinates":[127.0872498,37.5374052]}},{"type":"Feature","properties":{"kind":"label","name":"구의(광진구청)"},"geometry":{"type":"Point","coordinates":[127.0872498,37.5374052]}},{"type":"Feature","properties":{"kind":"badge","ref":"2","color":"#00A23F","offset":[0,0]},"geometry":{"type":"Point","coordinates":[127.0941802,37.5359606]}},{"type":"Feature","properties":{"kind":"label","name":"강변(동서울터미널)"},"geometry":{"type":"Point","coordinates":[127.0941802,37.5359606]}},{"type":"Feature","properties":{"kind":"badge","ref":"2","color":"#00A23F","offset":[0,0]},"geometry":{"type":"Point","coordinates":[127.0989099,37.5129192]}},{"type":"Feature","properties":{"kind":"label","name":"잠실(송파구청)"},"geometry":{"type":"Point","coordinates":[127.0989099,37.5129192]}},{"type":"Feature","properties":{"kind":"badge","ref":"2","color":"#00A23F","offset":[0,0]},"geometry":{"type":"Point","coordinates":[127.062061,37.5085899]}},{"type":"Feature","properties":{"kind":"label","name":"삼성(무역센터)"},"geometry":{"type":"Point","coordinates":[127.062061,37.5085899]}},{"type":"Feature","properties":{"kind":"badge","ref":"2","color":"#00A23F","offset":[0,0]},"geometry":{"type":"Point","coordinates":[126.9976616,37.4814811]}},{"type":"Feature","properties":{"kind":"label","name":"방배 (백석예술대)"},"geometry":{"type":"Point","coordinates":[126.9976616,37.4814811]}},{"type":"Feature","properties":{"kind":"badge","ref":"2","color":"#00A23F","offset":[0,0]},"geometry":{"type":"Point","coordinates":[126.9527534,37.4812236]}},{"type":"Feature","properties":{"kind":"label","name":"서울대입구(관악구청)"},"geometry":{"type":"Point","coordinates":[126.9527534,37.4812236]}},{"type":"Feature","properties":{"kind":"badge","ref":"2","color":"#00A23F","offset":[0,0]},"geometry":{"type":"Point","coordinates":[126.9369069,37.5551312]}},{"type":"Feature","properties":{"kind":"label","name":"신촌(지하)"},"geometry":{"type":"Point","coordinates":[126.9369069,37.5551312]}},{"type":"Feature","properties":{"kind":"badge","ref":"2","color":"#00A23F","offset":[0,0]},"geometry":{"type":"Point","coordinates":[126.9561329,37.5574022]}},{"type":"Feature","properties":{"kind":"label","name":"아현(추계예술대)"},"geometry":{"type":"Point","coordinates":[126.9561329,37.5574022]}},{"type":"Feature","properties":{"kind":"badge","ref":"2","color":"#00A23F","offset":[0,0]},"geometry":{"type":"Point","coordinates":[126.963698,37.5593252]}},{"type":"Feature","properties":{"kind":"label","name":"충정로(경기대입구)"},"geometry":{"type":"Point","coordinates":[126.963698,37.5593252]}},{"type":"Feature","properties":{"kind":"badge","ref":"3","color":"#ED6C00","offset":[0,0]},"geometry":{"type":"Point","coordinates":[126.973578,37.57582]}},{"type":"Feature","properties":{"kind":"label","name":"경복궁"},"geometry":{"type":"Point","coordinates":[126.973578,37.57582]}},{"type":"Feature","properties":{"kind":"badge","ref":"4","color":"#009BCE","offset":[0,0]},"geometry":{"type":"Point","coordinates":[126.8069421,37.3202582]}},{"type":"Feature","properties":{"kind":"label","name":"초지"},"geometry":{"type":"Point","coordinates":[126.8069421,37.3202582]}},{"type":"Feature","properties":{"kind":"badge","ref":"4","color":"#009BCE","offset":[0,0]},"geometry":{"type":"Point","coordinates":[127.00692810000001,37.4363689]}},{"type":"Feature","properties":{"kind":"label","name":"대공원"},"geometry":{"type":"Point","coordinates":[127.00692810000001,37.4363689]}},{"type":"Feature","properties":{"kind":"badge","ref":"4","color":"#009BCE","offset":[0,0]},"geometry":{"type":"Point","coordinates":[126.97847980000003,37.55873960000001]}},{"type":"Feature","properties":{"kind":"label","name":"회현"},"geometry":{"type":"Point","coordinates":[126.97847980000003,37.55873960000001]}},{"type":"Feature","properties":{"kind":"badge","ref":"4","color":"#009BCE","offset":[0,0]},"geometry":{"type":"Point","coordinates":[127.00197990000001,37.582146099999996]}},{"type":"Feature","properties":{"kind":"label","name":"혜화"},"geometry":{"type":"Point","coordinates":[127.00197990000001,37.582146099999996]}},{"type":"Feature","properties":{"kind":"badge","ref":"4","color":"#009BCE","offset":[0,0]},"geometry":{"type":"Point","coordinates":[127.0074197,37.5889938]}},{"type":"Feature","properties":{"kind":"label","name":"한성대입구"},"geometry":{"type":"Point","coordinates":[127.0074197,37.5889938]}},{"type":"Feature","properties":{"kind":"badge","ref":"4","color":"#009BCE","offset":[0,0]},"geometry":{"type":"Point","coordinates":[127.02573630000003,37.6379688]}},{"type":"Feature","properties":{"kind":"label","name":"수유"},"geometry":{"type":"Point","coordinates":[127.02573630000003,37.6379688]}},{"type":"Feature","properties":{"kind":"badge","ref":"5","color":"#794698","offset":[0,0]},"geometry":{"type":"Point","coordinates":[127.1527687,37.49497255]}},{"type":"Feature","properties":{"kind":"label","name":"마천"},"geometry":{"type":"Point","coordinates":[127.1527687,37.49497255]}},{"type":"Feature","properties":{"kind":"badge","ref":"5","color":"#794698","offset":[0,0]},"geometry":{"type":"Point","coordinates":[127.14374885000001,37.49335525]}},{"type":"Feature","properties":{"kind":"label","name":"거여"},"geometry":{"type":"Point","coordinates":[127.14374885000001,37.49335525]}},{"type":"Feature","properties":{"kind":"badge","ref":"5","color":"#794698","offset":[0,0]},"geometry":{"type":"Point","coordinates":[127.1348279,37.498074]}},{"type":"Feature","properties":{"kind":"label","name":"개롱"},"geometry":{"type":"Point","coordinates":[127.1348279,37.498074]}},{"type":"Feature","properties":{"kind":"badge","ref":"5","color":"#794698","offset":[0,0]},"geometry":{"type":"Point","coordinates":[127.12604145,37.5086316]}},{"type":"Feature","properties":{"kind":"label","name":"방이"},"geometry":{"type":"Point","coordinates":[127.12604145,37.5086316]}},{"type":"Feature","properties":{"kind":"badge","ref":"5","color":"#794698","offset":[0,0]},"geometry":{"type":"Point","coordinates":[127.1362466,37.52779895]}},{"type":"Feature","properties":{"kind":"label","name":"둔촌동"},"geometry":{"type":"Point","coordinates":[127.1362466,37.52779895]}},{"type":"Feature","properties":{"kind":"badge","ref":"5","color":"#794698","offset":[0,0]},"geometry":{"type":"Point","coordinates":[127.13261142500002,37.53580365]}},{"type":"Feature","properties":{"kind":"label","name":"강동"},"geometry":{"type":"Point","coordinates":[127.13261142500002,37.53580365]}},{"type":"Feature","properties":{"kind":"badge","ref":"5","color":"#794698","offset":[0,0]},"geometry":{"type":"Point","coordinates":[127.1661836,37.556735075]}},{"type":"Feature","properties":{"kind":"label","name":"상일동"},"geometry":{"type":"Point","coordinates":[127.1661836,37.556735075]}},{"type":"Feature","properties":{"kind":"badge","ref":"5","color":"#794698","offset":[0,0]},"geometry":{"type":"Point","coordinates":[127.15379125000001,37.5549799]}},{"type":"Feature","properties":{"kind":"label","name":"고덕"},"geometry":{"type":"Point","coordinates":[127.15379125000001,37.5549799]}},{"type":"Feature","properties":{"kind":"badge","ref":"5","color":"#794698","offset":[0,0]},"geometry":{"type":"Point","coordinates":[127.14408005,37.5519235]}},{"type":"Feature","properties":{"kind":"label","name":"명일"},"geometry":{"type":"Point","coordinates":[127.14408005,37.5519235]}},{"type":"Feature","properties":{"kind":"badge","ref":"5","color":"#794698","offset":[0,0]},"geometry":{"type":"Point","coordinates":[127.142957,37.545654]}},{"type":"Feature","properties":{"kind":"label","name":"굽은다리"},"geometry":{"type":"Point","coordinates":[127.142957,37.545654]}},{"type":"Feature","properties":{"kind":"badge","ref":"5","color":"#794698","offset":[0,0]},"geometry":{"type":"Point","coordinates":[127.14019295,37.5383463]}},{"type":"Feature","properties":{"kind":"label","name":"길동"},"geometry":{"type":"Point","coordinates":[127.14019295,37.5383463]}},{"type":"Feature","properties":{"kind":"badge","ref":"5","color":"#794698","offset":[0,0]},"geometry":{"type":"Point","coordinates":[127.10351095,37.54530020000001]}},{"type":"Feature","properties":{"kind":"label","name":"광나루"},"geometry":{"type":"Point","coordinates":[127.10351095,37.54530020000001]}},{"type":"Feature","properties":{"kind":"badge","ref":"5","color":"#794698","offset":[0,0]},"geometry":{"type":"Point","coordinates":[127.08979414999999,37.55168905]}},{"type":"Feature","properties":{"kind":"label","name":"아차산"},"geometry":{"type":"Point","coordinates":[127.08979414999999,37.55168905]}},{"type":"Feature","properties":{"kind":"badge","ref":"5","color":"#794698","offset":[-10,0]},"geometry":{"type":"Point","coordinates":[127.07954205714286,37.55718742142857]}},{"type":"Feature","properties":{"kind":"badge","ref":"7","color":"#6E7E31","offset":[10,0]},"geometry":{"type":"Point","coordinates":[127.07954205714286,37.55718742142857]}},{"type":"Feature","properties":{"kind":"label","name":"군자"},"geometry":{"type":"Point","coordinates":[127.07954205714286,37.55718742142857]}},{"type":"Feature","properties":{"kind":"badge","ref":"5","color":"#794698","offset":[0,0]},"geometry":{"type":"Point","coordinates":[127.06459309999998,37.561482350000006]}},{"type":"Feature","properties":{"kind":"label","name":"장한평"},"geometry":{"type":"Point","coordinates":[127.06459309999998,37.561482350000006]}},{"type":"Feature","properties":{"kind":"badge","ref":"5","color":"#794698","offset":[0,0]},"geometry":{"type":"Point","coordinates":[127.0526772,37.56682395]}},{"type":"Feature","properties":{"kind":"label","name":"답십리"},"geometry":{"type":"Point","coordinates":[127.0526772,37.56682395]}},{"type":"Feature","properties":{"kind":"badge","ref":"5","color":"#794698","offset":[0,0]},"geometry":{"type":"Point","coordinates":[127.0429062,37.566101599999996]}},{"type":"Feature","properties":{"kind":"label","name":"마장"},"geometry":{"type":"Point","coordinates":[127.0429062,37.566101599999996]}},{"type":"Feature","properties":{"kind":"badge","ref":"5","color":"#794698","offset":[0,0]},"geometry":{"type":"Point","coordinates":[127.02996229999998,37.55758135000001]}},{"type":"Feature","properties":{"kind":"label","name":"행당"},"geometry":{"type":"Point","coordinates":[127.02996229999998,37.55758135000001]}},{"type":"Feature","properties":{"kind":"badge","ref":"5","color":"#794698","offset":[0,0]},"geometry":{"type":"Point","coordinates":[127.02026115000001,37.55442984999999]}},{"type":"Feature","properties":{"kind":"label","name":"신금호"},"geometry":{"type":"Point","coordinates":[127.02026115000001,37.55442984999999]}},{"type":"Feature","properties":{"kind":"badge","ref":"5","color":"#794698","offset":[0,0]},"geometry":{"type":"Point","coordinates":[126.97691344999998,37.57161265]}},{"type":"Feature","properties":{"kind":"label","name":"광화문"},"geometry":{"type":"Point","coordinates":[126.97691344999998,37.57161265]}},{"type":"Feature","properties":{"kind":"badge","ref":"5","color":"#794698","offset":[0,0]},"geometry":{"type":"Point","coordinates":[126.96663975000001,37.565793400000004]}},{"type":"Feature","properties":{"kind":"label","name":"서대문"},"geometry":{"type":"Point","coordinates":[126.96663975000001,37.565793400000004]}},{"type":"Feature","properties":{"kind":"badge","ref":"5","color":"#794698","offset":[0,0]},"geometry":{"type":"Point","coordinates":[126.95670185,37.55343855]}},{"type":"Feature","properties":{"kind":"label","name":"애오개"},"geometry":{"type":"Point","coordinates":[126.95670185,37.55343855]}},{"type":"Feature","properties":{"kind":"badge","ref":"5","color":"#794698","offset":[0,0]},"geometry":{"type":"Point","coordinates":[126.94597739999999,37.53962330000001]}},{"type":"Feature","properties":{"kind":"label","name":"마포"},"geometry":{"type":"Point","coordinates":[126.94597739999999,37.53962330000001]}},{"type":"Feature","properties":{"kind":"badge","ref":"5","color":"#794698","offset":[0,0]},"geometry":{"type":"Point","coordinates":[126.93252955000001,37.52685165]}},{"type":"Feature","properties":{"kind":"label","name":"여의나루"},"geometry":{"type":"Point","coordinates":[126.93252955000001,37.52685165]}},{"type":"Feature","properties":{"kind":"badge","ref":"5","color":"#794698","offset":[-10,0]},"geometry":{"type":"Point","coordinates":[126.91843947058828,37.516843558823545]}},{"type":"Feature","properties":{"kind":"badge","ref":"1","color":"#004A85","offset":[10,0]},"geometry":{"type":"Point","coordinates":[126.91843947058828,37.516843558823545]}},{"type":"Feature","properties":{"kind":"label","name":"신길"},"geometry":{"type":"Point","coordinates":[126.91843947058828,37.516843558823545]}},{"type":"Feature","properties":{"kind":"badge","ref":"5","color":"#794698","offset":[0,0]},"geometry":{"type":"Point","coordinates":[126.90512774999998,37.522699349999996]}},{"type":"Feature","properties":{"kind":"label","name":"영등포시장"},"geometry":{"type":"Point","coordinates":[126.90512774999998,37.522699349999996]}},{"type":"Feature","properties":{"kind":"badge","ref":"5","color":"#794698","offset":[0,0]},"geometry":{"type":"Point","coordinates":[126.8861202,37.5256362]}},{"type":"Feature","properties":{"kind":"label","name":"양평"},"geometry":{"type":"Point","coordinates":[126.8861202,37.5256362]}},{"type":"Feature","properties":{"kind":"badge","ref":"5","color":"#794698","offset":[0,0]},"geometry":{"type":"Point","coordinates":[126.87515309999999,37.524553700000006]}},{"type":"Feature","properties":{"kind":"label","name":"오목교"},"geometry":{"type":"Point","coordinates":[126.87515309999999,37.524553700000006]}},{"type":"Feature","properties":{"kind":"badge","ref":"5","color":"#794698","offset":[0,0]},"geometry":{"type":"Point","coordinates":[126.8645107,37.5261224]}},{"type":"Feature","properties":{"kind":"label","name":"목동"},"geometry":{"type":"Point","coordinates":[126.8645107,37.5261224]}},{"type":"Feature","properties":{"kind":"badge","ref":"5","color":"#794698","offset":[0,0]},"geometry":{"type":"Point","coordinates":[126.8559466,37.525044750000006]}},{"type":"Feature","properties":{"kind":"label","name":"신정"},"geometry":{"type":"Point","coordinates":[126.8559466,37.525044750000006]}},{"type":"Feature","properties":{"kind":"badge","ref":"5","color":"#794698","offset":[0,0]},"geometry":{"type":"Point","coordinates":[126.84038305,37.54170344999999]}},{"type":"Feature","properties":{"kind":"label","name":"화곡"},"geometry":{"type":"Point","coordinates":[126.84038305,37.54170344999999]}},{"type":"Feature","properties":{"kind":"badge","ref":"5","color":"#794698","offset":[0,0]},"geometry":{"type":"Point","coordinates":[126.83631860000001,37.54886705]}},{"type":"Feature","properties":{"kind":"label","name":"우장산"},"geometry":{"type":"Point","coordinates":[126.83631860000001,37.54886705]}},{"type":"Feature","properties":{"kind":"badge","ref":"5","color":"#794698","offset":[0,0]},"geometry":{"type":"Point","coordinates":[126.83748539999999,37.55844505]}},{"type":"Feature","properties":{"kind":"label","name":"발산"},"geometry":{"type":"Point","coordinates":[126.83748539999999,37.55844505]}},{"type":"Feature","properties":{"kind":"badge","ref":"5","color":"#794698","offset":[0,0]},"geometry":{"type":"Point","coordinates":[126.8247421,37.560248300000005]}},{"type":"Feature","properties":{"kind":"label","name":"마곡"},"geometry":{"type":"Point","coordinates":[126.8247421,37.560248300000005]}},{"type":"Feature","properties":{"kind":"badge","ref":"5","color":"#794698","offset":[0,0]},"geometry":{"type":"Point","coordinates":[126.81199780000001,37.561269949999996]}},{"type":"Feature","properties":{"kind":"label","name":"송정"},"geometry":{"type":"Point","coordinates":[126.81199780000001,37.561269949999996]}},{"type":"Feature","properties":{"kind":"badge","ref":"5","color":"#794698","offset":[0,0]},"geometry":{"type":"Point","coordinates":[126.80816335000002,37.57285495]}},{"type":"Feature","properties":{"kind":"label","name":"개화산"},"geometry":{"type":"Point","coordinates":[126.80816335000002,37.57285495]}},{"type":"Feature","properties":{"kind":"badge","ref":"5","color":"#794698","offset":[0,0]},"geometry":{"type":"Point","coordinates":[126.81273185000002,37.57739155]}},{"type":"Feature","properties":{"kind":"label","name":"방화"},"geometry":{"type":"Point","coordinates":[126.81273185000002,37.57739155]}},{"type":"Feature","properties":{"kind":"badge","ref":"1","color":"#004A85","offset":[0,0]},"geometry":{"type":"Point","coordinates":[126.88474295,37.41637275]}},{"type":"Feature","properties":{"kind":"label","name":"광명"},"geometry":{"type":"Point","coordinates":[126.88474295,37.41637275]}},{"type":"Feature","properties":{"kind":"badge","ref":"1","color":"#004A85","offset":[0,0]},"geometry":{"type":"Point","coordinates":[126.89401612692303,37.45556189230769]}},{"type":"Feature","properties":{"kind":"label","name":"금천구청"},"geometry":{"type":"Point","coordinates":[126.89401612692303,37.45556189230769]}},{"type":"Feature","properties":{"kind":"badge","ref":"1","color":"#004A85","offset":[0,0]},"geometry":{"type":"Point","coordinates":[126.88952994761902,37.465985823809504]}},{"type":"Feature","properties":{"kind":"label","name":"독산"},"geometry":{"type":"Point","coordinates":[126.88952994761902,37.465985823809504]}},{"type":"Feature","properties":{"kind":"badge","ref":"1","color":"#004A85","offset":[-10,0]},"geometry":{"type":"Point","coordinates":[126.88263681249991,37.481336524999996]}},{"type":"Feature","properties":{"kind":"badge","ref":"7","color":"#6E7E31","offset":[10,0]},"geometry":{"type":"Point","coordinates":[126.88263681249991,37.481336524999996]}},{"type":"Feature","properties":{"kind":"label","name":"가산디지털단지"},"geometry":{"type":"Point","coordinates":[126.88263681249991,37.481336524999996]}},{"type":"Feature","properties":{"kind":"badge","ref":"1","color":"#004A85","offset":[0,0]},"geometry":{"type":"Point","coordinates":[126.88228256666672,37.503304907936496]}},{"type":"Feature","properties":{"kind":"label","name":"구로"},"geometry":{"type":"Point","coordinates":[126.88228256666672,37.503304907936496]}},{"type":"Feature","properties":{"kind":"badge","ref":"1","color":"#004A85","offset":[0,0]},"geometry":{"type":"Point","coordinates":[126.90725702830188,37.51567841886794]}},{"type":"Feature","properties":{"kind":"label","name":"영등포"},"geometry":{"type":"Point","coordinates":[126.90725702830188,37.51567841886794]}},{"type":"Feature","properties":{"kind":"badge","ref":"신분당","color":"#B81B30","offset":[-10,0]},"geometry":{"type":"Point","coordinates":[127.02155745999998,37.51087826999999]}},{"type":"Feature","properties":{"kind":"badge","ref":"7","color":"#6E7E31","offset":[10,0]},"geometry":{"type":"Point","coordinates":[127.02155745999998,37.51087826999999]}},{"type":"Feature","properties":{"kind":"label","name":"논현"},"geometry":{"type":"Point","coordinates":[127.02155745999998,37.51087826999999]}},{"type":"Feature","properties":{"kind":"badge","ref":"신분당","color":"#B81B30","offset":[-10,0]},"geometry":{"type":"Point","coordinates":[127.02475466666665,37.50391616666667]}},{"type":"Feature","properties":{"kind":"badge","ref":"9","color":"#A49D87","offset":[10,0]},"geometry":{"type":"Point","coordinates":[127.02475466666665,37.50391616666667]}},{"type":"Feature","properties":{"kind":"label","name":"신논현"},"geometry":{"type":"Point","coordinates":[127.02475466666665,37.50391616666667]}},{"type":"Feature","properties":{"kind":"badge","ref":"신분당","color":"#B81B30","offset":[0,0]},"geometry":{"type":"Point","coordinates":[127.03831555,37.47013565]}},{"type":"Feature","properties":{"kind":"label","name":"양재시민의숲"},"geometry":{"type":"Point","coordinates":[127.03831555,37.47013565]}},{"type":"Feature","properties":{"kind":"badge","ref":"신분당","color":"#B81B30","offset":[0,0]},"geometry":{"type":"Point","coordinates":[127.05454165,37.4483655]}},{"type":"Feature","properties":{"kind":"label","name":"청계산입구"},"geometry":{"type":"Point","coordinates":[127.05454165,37.4483655]}},{"type":"Feature","properties":{"kind":"badge","ref":"신분당","color":"#B81B30","offset":[-10,0]},"geometry":{"type":"Point","coordinates":[127.11142938333334,37.39460476666666]}},{"type":"Feature","properties":{"kind":"badge","ref":"경강","color":"#0B318F","offset":[10,0]},"geometry":{"type":"Point","coordinates":[127.11142938333334,37.39460476666666]}},{"type":"Feature","properties":{"kind":"label","name":"판교"},"geometry":{"type":"Point","coordinates":[127.11142938333334,37.39460476666666]}},{"type":"Feature","properties":{"kind":"badge","ref":"신분당","color":"#B81B30","offset":[0,0]},"geometry":{"type":"Point","coordinates":[127.10841984999999,37.3673687]}},{"type":"Feature","properties":{"kind":"label","name":"정자"},"geometry":{"type":"Point","coordinates":[127.10841984999999,37.3673687]}},{"type":"Feature","properties":{"kind":"badge","ref":"신분당","color":"#B81B30","offset":[0,0]},"geometry":{"type":"Point","coordinates":[127.10889420000001,37.3499872]}},{"type":"Feature","properties":{"kind":"label","name":"미금"},"geometry":{"type":"Point","coordinates":[127.10889420000001,37.3499872]}},{"type":"Feature","properties":{"kind":"badge","ref":"신분당","color":"#B81B30","offset":[0,0]},"geometry":{"type":"Point","coordinates":[127.10280965,37.337877399999996]}},{"type":"Feature","properties":{"kind":"label","name":"동천"},"geometry":{"type":"Point","coordinates":[127.10280965,37.337877399999996]}},{"type":"Feature","properties":{"kind":"badge","ref":"신분당","color":"#B81B30","offset":[0,0]},"geometry":{"type":"Point","coordinates":[127.09472075,37.32251575]}},{"type":"Feature","properties":{"kind":"label","name":"수지구청"},"geometry":{"type":"Point","coordinates":[127.09472075,37.32251575]}},{"type":"Feature","properties":{"kind":"badge","ref":"신분당","color":"#B81B30","offset":[0,0]},"geometry":{"type":"Point","coordinates":[127.08028205,37.31343235]}},{"type":"Feature","properties":{"kind":"label","name":"성복"},"geometry":{"type":"Point","coordinates":[127.08028205,37.31343235]}},{"type":"Feature","properties":{"kind":"badge","ref":"신분당","color":"#B81B30","offset":[0,0]},"geometry":{"type":"Point","coordinates":[127.06928805,37.29742885]}},{"type":"Feature","properties":{"kind":"label","name":"상현"},"geometry":{"type":"Point","coordinates":[127.06928805,37.29742885]}},{"type":"Feature","properties":{"kind":"badge","ref":"신분당","color":"#B81B30","offset":[0,0]},"geometry":{"type":"Point","coordinates":[127.0515173,37.2885603]}},{"type":"Feature","properties":{"kind":"label","name":"광교중앙"},"geometry":{"type":"Point","coordinates":[127.0515173,37.2885603]}},{"type":"Feature","properties":{"kind":"badge","ref":"신분당","color":"#B81B30","offset":[0,0]},"geometry":{"type":"Point","coordinates":[127.04414025,37.30217675]}},{"type":"Feature","properties":{"kind":"label","name":"광교"},"geometry":{"type":"Point","coordinates":[127.04414025,37.30217675]}},{"type":"Feature","properties":{"kind":"badge","ref":"경강","color":"#0B318F","offset":[0,0]},"geometry":{"type":"Point","coordinates":[127.12760195,37.3946471]}},{"type":"Feature","properties":{"kind":"label","name":"이매"},"geometry":{"type":"Point","coordinates":[127.12760195,37.3946471]}},{"type":"Feature","properties":{"kind":"badge","ref":"경강","color":"#0B318F","offset":[0,0]},"geometry":{"type":"Point","coordinates":[127.2033873,37.40865375]}},{"type":"Feature","properties":{"kind":"label","name":"삼동"},"geometry":{"type":"Point","coordinates":[127.2033873,37.40865375]}},{"type":"Feature","properties":{"kind":"badge","ref":"경강","color":"#0B318F","offset":[0,0]},"geometry":{"type":"Point","coordinates":[127.25328290000002,37.39889945]}},{"type":"Feature","properties":{"kind":"label","name":"경기광주"},"geometry":{"type":"Point","coordinates":[127.25328290000002,37.39889945]}},{"type":"Feature","properties":{"kind":"badge","ref":"경강","color":"#0B318F","offset":[0,0]},"geometry":{"type":"Point","coordinates":[127.29996225,37.373357299999995]}},{"type":"Feature","properties":{"kind":"label","name":"초월"},"geometry":{"type":"Point","coordinates":[127.29996225,37.373357299999995]}},{"type":"Feature","properties":{"kind":"badge","ref":"경강","color":"#0B318F","offset":[0,0]},"geometry":{"type":"Point","coordinates":[127.3462797,37.3505042]}},{"type":"Feature","properties":{"kind":"label","name":"곤지암"},"geometry":{"type":"Point","coordinates":[127.3462797,37.3505042]}},{"type":"Feature","properties":{"kind":"badge","ref":"경강","color":"#0B318F","offset":[0,0]},"geometry":{"type":"Point","coordinates":[127.40524690000001,37.3156678]}},{"type":"Feature","properties":{"kind":"label","name":"신둔도예촌"},"geometry":{"type":"Point","coordinates":[127.40524690000001,37.3156678]}},{"type":"Feature","properties":{"kind":"badge","ref":"경강","color":"#0B318F","offset":[0,0]},"geometry":{"type":"Point","coordinates":[127.44218375,37.264238899999995]}},{"type":"Feature","properties":{"kind":"label","name":"이천"},"geometry":{"type":"Point","coordinates":[127.44218375,37.264238899999995]}},{"type":"Feature","properties":{"kind":"badge","ref":"경강","color":"#0B318F","offset":[0,0]},"geometry":{"type":"Point","coordinates":[127.49032700000001,37.260404449999996]}},{"type":"Feature","properties":{"kind":"label","name":"부발"},"geometry":{"type":"Point","coordinates":[127.49032700000001,37.260404449999996]}},{"type":"Feature","properties":{"kind":"badge","ref":"경강","color":"#0B318F","offset":[0,0]},"geometry":{"type":"Point","coordinates":[127.5706498,37.29361915]}},{"type":"Feature","properties":{"kind":"label","name":"세종대왕릉"},"geometry":{"type":"Point","coordinates":[127.5706498,37.29361915]}},{"type":"Feature","properties":{"kind":"badge","ref":"경강","color":"#0B318F","offset":[0,0]},"geometry":{"type":"Point","coordinates":[127.6285664,37.2828151]}},{"type":"Feature","properties":{"kind":"label","name":"여주"},"geometry":{"type":"Point","coordinates":[127.6285664,37.2828151]}},{"type":"Feature","properties":{"kind":"badge","ref":"1","color":"#007448","offset":[0,0]},"geometry":{"type":"Point","coordinates":[127.3147629,36.392060900000004]}},{"type":"Feature","properties":{"kind":"label","name":"반석"},"geometry":{"type":"Point","coordinates":[127.3147629,36.392060900000004]}},{"type":"Feature","properties":{"kind":"badge","ref":"1","color":"#007448","offset":[0,0]},"geometry":{"type":"Point","coordinates":[127.3195226,36.384412350000005]}},{"type":"Feature","properties":{"kind":"label","name":"지족"},"geometry":{"type":"Point","coordinates":[127.3195226,36.384412350000005]}},{"type":"Feature","properties":{"kind":"badge","ref":"1","color":"#007448","offset":[0,0]},"geometry":{"type":"Point","coordinates":[127.3179102,36.37412835]}},{"type":"Feature","properties":{"kind":"label","name":"노은"},"geometry":{"type":"Point","coordinates":[127.3179102,36.37412835]}},{"type":"Feature","properties":{"kind":"badge","ref":"1","color":"#007448","offset":[0,0]},"geometry":{"type":"Point","coordinates":[127.31789425,36.366785]}},{"type":"Feature","properties":{"kind":"label","name":"월드컵경기장"},"geometry":{"type":"Point","coordinates":[127.31789425,36.366785]}},{"type":"Feature","properties":{"kind":"badge","ref":"1","color":"#007448","offset":[0,0]},"geometry":{"type":"Point","coordinates":[127.32142795,36.3594224]}},{"type":"Feature","properties":{"kind":"label","name":"현충원"},"geometry":{"type":"Point","coordinates":[127.32142795,36.3594224]}},{"type":"Feature","properties":{"kind":"badge","ref":"1","color":"#007448","offset":[0,0]},"geometry":{"type":"Point","coordinates":[127.33064744999999,36.35672325]}},{"type":"Feature","properties":{"kind":"label","name":"구암"},"geometry":{"type":"Point","coordinates":[127.33064744999999,36.35672325]}},{"type":"Feature","properties":{"kind":"badge","ref":"1","color":"#007448","offset":[0,0]},"geometry":{"type":"Point","coordinates":[127.34169284999999,36.3537103]}},{"type":"Feature","properties":{"kind":"label","name":"유성온천"},"geometry":{"type":"Point","coordinates":[127.34169284999999,36.3537103]}},{"type":"Feature","properties":{"kind":"badge","ref":"1","color":"#007448","offset":[0,0]},"geometry":{"type":"Point","coordinates":[127.354542,36.354561950000004]}},{"type":"Feature","properties":{"kind":"label","name":"갑천"},"geometry":{"type":"Point","coordinates":[127.354542,36.354561950000004]}},{"type":"Feature","properties":{"kind":"badge","ref":"1","color":"#007448","offset":[0,0]},"geometry":{"type":"Point","coordinates":[127.36457055,36.3583349]}},{"type":"Feature","properties":{"kind":"label","name":"월평"},"geometry":{"type":"Point","coordinates":[127.36457055,36.3583349]}},{"type":"Feature","properties":{"kind":"badge","ref":"1","color":"#007448","offset":[0,0]},"geometry":{"type":"Point","coordinates":[127.37279325,36.3576591]}},{"type":"Feature","properties":{"kind":"label","name":"갈마"},"geometry":{"type":"Point","coordinates":[127.37279325,36.3576591]}},{"type":"Feature","properties":{"kind":"badge","ref":"1","color":"#007448","offset":[0,0]},"geometry":{"type":"Point","coordinates":[127.38161224999999,36.35760635]}},{"type":"Feature","properties":{"kind":"label","name":"정부청사"},"geometry":{"type":"Point","coordinates":[127.38161224999999,36.35760635]}},{"type":"Feature","properties":{"kind":"badge","ref":"1","color":"#007448","offset":[0,0]},"geometry":{"type":"Point","coordinates":[127.38658985000001,36.35147165]}},{"type":"Feature","properties":{"kind":"label","name":"시청"},"geometry":{"type":"Point","coordinates":[127.38658985000001,36.35147165]}},{"type":"Feature","properties":{"kind":"badge","ref":"1","color":"#007448","offset":[0,0]},"geometry":{"type":"Point","coordinates":[127.3846629,36.346049449999995]}},{"type":"Feature","properties":{"kind":"label","name":"탄방"},"geometry":{"type":"Point","coordinates":[127.3846629,36.346049449999995]}},{"type":"Feature","properties":{"kind":"badge","ref":"1","color":"#007448","offset":[0,0]},"geometry":{"type":"Point","coordinates":[127.39324685,36.338221149999995]}},{"type":"Feature","properties":{"kind":"label","name":"용문"},"geometry":{"type":"Point","coordinates":[127.39324685,36.338221149999995]}},{"type":"Feature","properties":{"kind":"badge","ref":"1","color":"#007448","offset":[0,0]},"geometry":{"type":"Point","coordinates":[127.4050607,36.32838985]}},{"type":"Feature","properties":{"kind":"label","name":"오룡"},"geometry":{"type":"Point","coordinates":[127.4050607,36.32838985]}},{"type":"Feature","properties":{"kind":"badge","ref":"1","color":"#007448","offset":[0,0]},"geometry":{"type":"Point","coordinates":[127.4125133,36.3223885]}},{"type":"Feature","properties":{"kind":"label","name":"서대전네거리"},"geometry":{"type":"Point","coordinates":[127.4125133,36.3223885]}},{"type":"Feature","properties":{"kind":"badge","ref":"1","color":"#007448","offset":[0,0]},"geometry":{"type":"Point","coordinates":[127.41958005000001,36.3247897]}},{"type":"Feature","properties":{"kind":"label","name":"중구청"},"geometry":{"type":"Point","coordinates":[127.41958005000001,36.3247897]}},{"type":"Feature","properties":{"kind":"badge","ref":"1","color":"#007448","offset":[0,0]},"geometry":{"type":"Point","coordinates":[127.42590665,36.32858975]}},{"type":"Feature","properties":{"kind":"label","name":"중앙로"},"geometry":{"type":"Point","coordinates":[127.42590665,36.32858975]}},{"type":"Feature","properties":{"kind":"badge","ref":"1","color":"#007448","offset":[0,0]},"geometry":{"type":"Point","coordinates":[127.43336435,36.33135345]}},{"type":"Feature","properties":{"kind":"label","name":"대전역"},"geometry":{"type":"Point","coordinates":[127.43336435,36.33135345]}},{"type":"Feature","properties":{"kind":"badge","ref":"1","color":"#007448","offset":[0,0]},"geometry":{"type":"Point","coordinates":[127.44290105,36.32942885]}},{"type":"Feature","properties":{"kind":"label","name":"대동"},"geometry":{"type":"Point","coordinates":[127.44290105,36.32942885]}},{"type":"Feature","properties":{"kind":"badge","ref":"1","color":"#007448","offset":[0,0]},"geometry":{"type":"Point","coordinates":[127.44895915000001,36.31959495]}},{"type":"Feature","properties":{"kind":"label","name":"신흥"},"geometry":{"type":"Point","coordinates":[127.44895915000001,36.31959495]}},{"type":"Feature","properties":{"kind":"badge","ref":"1","color":"#007448","offset":[0,0]},"geometry":{"type":"Point","coordinates":[127.45848860000001,36.316977550000004]}},{"type":"Feature","properties":{"kind":"label","name":"판암"},"geometry":{"type":"Point","coordinates":[127.45848860000001,36.316977550000004]}},{"type":"Feature","properties":{"kind":"badge","ref":"I2","color":"#F4A462","offset":[0,0]},"geometry":{"type":"Point","coordinates":[126.62790675,37.59499015]}},{"type":"Feature","properties":{"kind":"label","name":"검단오류"},"geometry":{"type":"Point","coordinates":[126.62790675,37.59499015]}},{"type":"Feature","properties":{"kind":"badge","ref":"I2","color":"#F4A462","offset":[0,0]},"geometry":{"type":"Point","coordinates":[126.6423643,37.5951725]}},{"type":"Feature","properties":{"kind":"label","name":"왕길"},"geometry":{"type":"Point","coordinates":[126.6423643,37.5951725]}},{"type":"Feature","properties":{"kind":"badge","ref":"I2","color":"#F4A462","offset":[0,0]},"geometry":{"type":"Point","coordinates":[126.65663040000001,37.601789100000005]}},{"type":"Feature","properties":{"kind":"label","name":"검단사거리"},"geometry":{"type":"Point","coordinates":[126.65663040000001,37.601789100000005]}},{"type":"Feature","properties":{"kind":"badge","ref":"I2","color":"#F4A462","offset":[0,0]},"geometry":{"type":"Point","coordinates":[126.66702705,37.59775775]}},{"type":"Feature","properties":{"kind":"label","name":"마전"},"geometry":{"type":"Point","coordinates":[126.66702705,37.59775775]}},{"type":"Feature","properties":{"kind":"badge","ref":"I2","color":"#F4A462","offset":[0,0]},"geometry":{"type":"Point","coordinates":[126.6728461,37.592965750000005]}},{"type":"Feature","properties":{"kind":"label","name":"완정"},"geometry":{"type":"Point","coordinates":[126.6728461,37.592965750000005]}},{"type":"Feature","properties":{"kind":"badge","ref":"I2","color":"#F4A462","offset":[0,0]},"geometry":{"type":"Point","coordinates":[126.67589095,37.5850624]}},{"type":"Feature","properties":{"kind":"label","name":"독정"},"geometry":{"type":"Point","coordinates":[126.67589095,37.5850624]}},{"type":"Feature","properties":{"kind":"badge","ref":"I2","color":"#F4A462","offset":[0,0]},"geometry":{"type":"Point","coordinates":[126.6755625,37.56878655]}},{"type":"Feature","properties":{"kind":"label","name":"검암"},"geometry":{"type":"Point","coordinates":[126.6755625,37.56878655]}},{"type":"Feature","properties":{"kind":"badge","ref":"I2","color":"#F4A462","offset":[0,0]},"geometry":{"type":"Point","coordinates":[126.67751179999999,37.56119215]}},{"type":"Feature","properties":{"kind":"label","name":"검바위"},"geometry":{"type":"Point","coordinates":[126.67751179999999,37.56119215]}},{"type":"Feature","properties":{"kind":"badge","ref":"I2","color":"#F4A462","offset":[0,0]},"geometry":{"type":"Point","coordinates":[126.67708855000001,37.551409449999994]}},{"type":"Feature","properties":{"kind":"label","name":"아시아드경기장"},"geometry":{"type":"Point","coordinates":[126.67708855000001,37.551409449999994]}},{"type":"Feature","properties":{"kind":"badge","ref":"I2","color":"#F4A462","offset":[0,0]},"geometry":{"type":"Point","coordinates":[126.6768112,37.543757549999995]}},{"type":"Feature","properties":{"kind":"label","name":"서구청"},"geometry":{"type":"Point","coordinates":[126.6768112,37.543757549999995]}},{"type":"Feature","properties":{"kind":"badge","ref":"I2","color":"#F4A462","offset":[0,0]},"geometry":{"type":"Point","coordinates":[126.67531455,37.52468975]}},{"type":"Feature","properties":{"kind":"label","name":"가정"},"geometry":{"type":"Point","coordinates":[126.67531455,37.52468975]}},{"type":"Feature","properties":{"kind":"badge","ref":"I2","color":"#F4A462","offset":[0,0]},"geometry":{"type":"Point","coordinates":[126.6767799,37.517343249999996]}},{"type":"Feature","properties":{"kind":"label","name":"가정중앙시장"},"geometry":{"type":"Point","coordinates":[126.6767799,37.517343249999996]}},{"type":"Feature","properties":{"kind":"badge","ref":"I2","color":"#F4A462","offset":[-10,0]},"geometry":{"type":"Point","coordinates":[126.67493791666668,37.506606049999995]}},{"type":"Feature","properties":{"kind":"badge","ref":"7","color":"#6E7E31","offset":[10,0]},"geometry":{"type":"Point","coordinates":[126.67493791666668,37.506606049999995]}},{"type":"Feature","properties":{"kind":"label","name":"석남"},"geometry":{"type":"Point","coordinates":[126.67493791666668,37.506606049999995]}},{"type":"Feature","properties":{"kind":"badge","ref":"I2","color":"#F4A462","offset":[0,0]},"geometry":{"type":"Point","coordinates":[126.67579385,37.4998978]}},{"type":"Feature","properties":{"kind":"label","name":"서부여성회관"},"geometry":{"type":"Point","coordinates":[126.67579385,37.4998978]}},{"type":"Feature","properties":{"kind":"badge","ref":"I2","color":"#F4A462","offset":[0,0]},"geometry":{"type":"Point","coordinates":[126.6752221,37.4902284]}},{"type":"Feature","properties":{"kind":"label","name":"인천가좌"},"geometry":{"type":"Point","coordinates":[126.6752221,37.4902284]}},{"type":"Feature","properties":{"kind":"badge","ref":"I2","color":"#F4A462","offset":[0,0]},"geometry":{"type":"Point","coordinates":[126.684066,37.48389575]}},{"type":"Feature","properties":{"kind":"label","name":"가재울"},"geometry":{"type":"Point","coordinates":[126.684066,37.48389575]}},{"type":"Feature","properties":{"kind":"badge","ref":"I2","color":"#F4A462","offset":[0,0]},"geometry":{"type":"Point","coordinates":[126.68109955,37.4737525]}},{"type":"Feature","properties":{"kind":"label","name":"주안국가산단"},"geometry":{"type":"Point","coordinates":[126.68109955,37.4737525]}},{"type":"Feature","properties":{"kind":"badge","ref":"I2","color":"#F4A462","offset":[-10,0]},"geometry":{"type":"Point","coordinates":[126.67931690799998,37.465139944000015]}},{"type":"Feature","properties":{"kind":"badge","ref":"1","color":"#004A85","offset":[10,0]},"geometry":{"type":"Point","coordinates":[126.67931690799998,37.465139944000015]}},{"type":"Feature","properties":{"kind":"label","name":"주안"},"geometry":{"type":"Point","coordinates":[126.67931690799998,37.465139944000015]}},{"type":"Feature","properties":{"kind":"badge","ref":"I2","color":"#F4A462","offset":[0,0]},"geometry":{"type":"Point","coordinates":[126.68085045000001,37.4584236]}},{"type":"Feature","properties":{"kind":"label","name":"시민공원"},"geometry":{"type":"Point","coordinates":[126.68085045000001,37.4584236]}},{"type":"Feature","properties":{"kind":"badge","ref":"I2","color":"#F4A462","offset":[0,0]},"geometry":{"type":"Point","coordinates":[126.69235760000001,37.4576854]}},{"type":"Feature","properties":{"kind":"label","name":"석바위시장"},"geometry":{"type":"Point","coordinates":[126.69235760000001,37.4576854]}},{"type":"Feature","properties":{"kind":"badge","ref":"I2","color":"#F4A462","offset":[-10,0]},"geometry":{"type":"Point","coordinates":[126.702356025,37.45736615]}},{"type":"Feature","properties":{"kind":"badge","ref":"인천1","color":"#B4C7E7","offset":[10,0]},"geometry":{"type":"Point","coordinates":[126.702356025,37.45736615]}},{"type":"Feature","properties":{"kind":"label","name":"인천시청"},"geometry":{"type":"Point","coordinates":[126.702356025,37.45736615]}},{"type":"Feature","properties":{"kind":"badge","ref":"I2","color":"#F4A462","offset":[0,0]},"geometry":{"type":"Point","coordinates":[126.7108201,37.4567342]}},{"type":"Feature","properties":{"kind":"label","name":"석천사거리"},"geometry":{"type":"Point","coordinates":[126.7108201,37.4567342]}},{"type":"Feature","properties":{"kind":"badge","ref":"I2","color":"#F4A462","offset":[0,0]},"geometry":{"type":"Point","coordinates":[126.71945595,37.455883400000005]}},{"type":"Feature","properties":{"kind":"label","name":"모래내시장"},"geometry":{"type":"Point","coordinates":[126.71945595,37.455883400000005]}},{"type":"Feature","properties":{"kind":"badge","ref":"I2","color":"#F4A462","offset":[0,0]},"geometry":{"type":"Point","coordinates":[126.73185035,37.45497095]}},{"type":"Feature","properties":{"kind":"label","name":"만수"},"geometry":{"type":"Point","coordinates":[126.73185035,37.45497095]}},{"type":"Feature","properties":{"kind":"badge","ref":"I2","color":"#F4A462","offset":[0,0]},"geometry":{"type":"Point","coordinates":[126.73675415,37.4481709]}},{"type":"Feature","properties":{"kind":"label","name":"남동구청"},"geometry":{"type":"Point","coordinates":[126.73675415,37.4481709]}},{"type":"Feature","properties":{"kind":"badge","ref":"I2","color":"#F4A462","offset":[0,0]},"geometry":{"type":"Point","coordinates":[126.75288855,37.44853995]}},{"type":"Feature","properties":{"kind":"label","name":"인천대공원"},"geometry":{"type":"Point","coordinates":[126.75288855,37.44853995]}},{"type":"Feature","properties":{"kind":"badge","ref":"I2","color":"#F4A462","offset":[0,0]},"geometry":{"type":"Point","coordinates":[126.75961620000001,37.43964165]}},{"type":"Feature","properties":{"kind":"label","name":"운연"},"geometry":{"type":"Point","coordinates":[126.75961620000001,37.43964165]}},{"type":"Feature","properties":{"kind":"badge","ref":"U","color":"#F0831E","offset":[-20,0]},"geometry":{"type":"Point","coordinates":[127.05295045,37.72699475]}},{"type":"Feature","properties":{"kind":"badge","ref":"의정부경전철: 발곡 → 차량기지임시승강장","color":"#F0831E","offset":[0,0]},"geometry":{"type":"Point","coordinates":[127.05295045,37.72699475]}},{"type":"Feature","properties":{"kind":"badge","ref":"의정부경전철: 차량기지임시승강장 → 탑석","color":"#F0831E","offset":[20,0]},"geometry":{"type":"Point","coordinates":[127.05295045,37.72699475]}},{"type":"Feature","properties":{"kind":"label","name":"발곡"},"geometry":{"type":"Point","coordinates":[127.05295045,37.72699475]}},{"type":"Feature","properties":{"kind":"badge","ref":"U","color":"#F0831E","offset":[-30,0]},"geometry":{"type":"Point","coordinates":[127.04727593947368,37.72392386315788]}},{"type":"Feature","properties":{"kind":"badge","ref":"1","color":"#004A85","offset":[-10,0]},"geometry":{"type":"Point","coordinates":[127.04727593947368,37.72392386315788]}},{"type":"Feature","properties":{"kind":"badge","ref":"의정부경전철: 발곡 → 차량기지임시승강장","color":"#F0831E","offset":[10,0]},"geometry":{"type":"Point","coordinates":[127.04727593947368,37.72392386315788]}},{"type":"Feature","properties":{"kind":"badge","ref":"의정부경전철: 차량기지임시승강장 → 탑석","color":"#F0831E","offset":[30,0]},"geometry":{"type":"Point","coordinates":[127.04727593947368,37.72392386315788]}},{"type":"Feature","properties":{"kind":"label","name":"회룡"},"geometry":{"type":"Point","coordinates":[127.04727593947368,37.72392386315788]}},{"type":"Feature","properties":{"kind":"badge","ref":"U","color":"#F0831E","offset":[-20,0]},"geometry":{"type":"Point","coordinates":[127.043679,37.7287756]}},{"type":"Feature","properties":{"kind":"badge","ref":"의정부경전철: 발곡 → 차량기지임시승강장","color":"#F0831E","offset":[0,0]},"geometry":{"type":"Point","coordinates":[127.043679,37.7287756]}},{"type":"Feature","properties":{"kind":"badge","ref":"의정부경전철: 차량기지임시승강장 → 탑석","color":"#F0831E","offset":[20,0]},"geometry":{"type":"Point","coordinates":[127.043679,37.7287756]}},{"type":"Feature","properties":{"kind":"label","name":"범골"},"geometry":{"type":"Point","coordinates":[127.043679,37.7287756]}},{"type":"Feature","properties":{"kind":"badge","ref":"U","color":"#F0831E","offset":[-20,0]},"geometry":{"type":"Point","coordinates":[127.04330145,37.7372553]}},{"type":"Feature","properties":{"kind":"badge","ref":"의정부경전철: 발곡 → 차량기지임시승강장","color":"#F0831E","offset":[0,0]},"geometry":{"type":"Point","coordinates":[127.04330145,37.7372553]}},{"type":"Feature","properties":{"kind":"badge","ref":"의정부경전철: 차량기지임시승강장 → 탑석","color":"#F0831E","offset":[20,0]},"geometry":{"type":"Point","coordinates":[127.04330145,37.7372553]}},{"type":"Feature","properties":{"kind":"label","name":"경전철의정부"},"geometry":{"type":"Point","coordinates":[127.04330145,37.7372553]}},{"type":"Feature","properties":{"kind":"badge","ref":"U","color":"#F0831E","offset":[-20,0]},"geometry":{"type":"Point","coordinates":[127.03488765,37.7392519]}},{"type":"Feature","properties":{"kind":"badge","ref":"의정부경전철: 발곡 → 차량기지임시승강장","color":"#F0831E","offset":[0,0]},"geometry":{"type":"Point","coordinates":[127.03488765,37.7392519]}},{"type":"Feature","properties":{"kind":"badge","ref":"의정부경전철: 차량기지임시승강장 → 탑석","color":"#F0831E","offset":[20,0]},"geometry":{"type":"Point","coordinates":[127.03488765,37.7392519]}},{"type":"Feature","properties":{"kind":"label","name":"의정부시청"},"geometry":{"type":"Point","coordinates":[127.03488765,37.7392519]}},{"type":"Feature","properties":{"kind":"badge","ref":"U","color":"#F0831E","offset":[-20,0]},"geometry":{"type":"Point","coordinates":[127.03717705,37.743282449999995]}},{"type":"Feature","properties":{"kind":"badge","ref":"의정부경전철: 발곡 → 차량기지임시승강장","color":"#F0831E","offset":[0,0]},"geometry":{"type":"Point","coordinates":[127.03717705,37.743282449999995]}},{"type":"Feature","properties":{"kind":"badge","ref":"의정부경전철: 차량기지임시승강장 → 탑석","color":"#F0831E","offset":[20,0]},"geometry":{"type":"Point","coordinates":[127.03717705,37.743282449999995]}},{"type":"Feature","properties":{"kind":"label","name":"흥선"},"geometry":{"type":"Point","coordinates":[127.03717705,37.743282449999995]}},{"type":"Feature","properties":{"kind":"badge","ref":"U","color":"#F0831E","offset":[-20,0]},"geometry":{"type":"Point","coordinates":[127.04969955000001,37.74369075]}},{"type":"Feature","properties":{"kind":"badge","ref":"의정부경전철: 발곡 → 차량기지임시승강장","color":"#F0831E","offset":[0,0]},"geometry":{"type":"Point","coordinates":[127.04969955000001,37.74369075]}},{"type":"Feature","properties":{"kind":"badge","ref":"의정부경전철: 차량기지임시승강장 → 탑석","color":"#F0831E","offset":[20,0]},"geometry":{"type":"Point","coordinates":[127.04969955000001,37.74369075]}},{"type":"Feature","properties":{"kind":"label","name":"의정부중앙"},"geometry":{"type":"Point","coordinates":[127.04969955000001,37.74369075]}},{"type":"Feature","properties":{"kind":"badge","ref":"U","color":"#F0831E","offset":[-20,0]},"geometry":{"type":"Point","coordinates":[127.0570034,37.7452328]}},{"type":"Feature","properties":{"kind":"badge","ref":"의정부경전철: 발곡 → 차량기지임시승강장","color":"#F0831E","offset":[0,0]},"geometry":{"type":"Point","coordinates":[127.0570034,37.7452328]}},{"type":"Feature","properties":{"kind":"badge","ref":"의정부경전철: 차량기지임시승강장 → 탑석","color":"#F0831E","offset":[20,0]},"geometry":{"type":"Point","coordinates":[127.0570034,37.7452328]}},{"type":"Feature","properties":{"kind":"label","name":"동오"},"geometry":{"type":"Point","coordinates":[127.0570034,37.7452328]}},{"type":"Feature","properties":{"kind":"badge","ref":"U","color":"#F0831E","offset":[-20,0]},"geometry":{"type":"Point","coordinates":[127.0637804,37.7488492]}},{"type":"Feature","properties":{"kind":"badge","ref":"의정부경전철: 발곡 → 차량기지임시승강장","color":"#F0831E","offset":[0,0]},"geometry":{"type":"Point","coordinates":[127.0637804,37.7488492]}},{"type":"Feature","properties":{"kind":"badge","ref":"의정부경전철: 차량기지임시승강장 → 탑석","color":"#F0831E","offset":[20,0]},"geometry":{"type":"Point","coordinates":[127.0637804,37.7488492]}},{"type":"Feature","properties":{"kind":"label","name":"새말"},"geometry":{"type":"Point","coordinates":[127.0637804,37.7488492]}},{"type":"Feature","properties":{"kind":"badge","ref":"U","color":"#F0831E","offset":[-20,0]},"geometry":{"type":"Point","coordinates":[127.0716082,37.75072195]}},{"type":"Feature","properties":{"kind":"badge","ref":"의정부경전철: 발곡 → 차량기지임시승강장","color":"#F0831E","offset":[0,0]},"geometry":{"type":"Point","coordinates":[127.0716082,37.75072195]}},{"type":"Feature","properties":{"kind":"badge","ref":"의정부경전철: 차량기지임시승강장 → 탑석","color":"#F0831E","offset":[20,0]},"geometry":{"type":"Point","coordinates":[127.0716082,37.75072195]}},{"type":"Feature","properties":{"kind":"label","name":"경기도청북부청사"},"geometry":{"type":"Point","coordinates":[127.0716082,37.75072195]}},{"type":"Feature","properties":{"kind":"badge","ref":"U","color":"#F0831E","offset":[-20,0]},"geometry":{"type":"Point","coordinates":[127.07726225000002,37.7539628]}},{"type":"Feature","properties":{"kind":"badge","ref":"의정부경전철: 발곡 → 차량기지임시승강장","color":"#F0831E","offset":[0,0]},"geometry":{"type":"Point","coordinates":[127.07726225000002,37.7539628]}},{"type":"Feature","properties":{"kind":"badge","ref":"의정부경전철: 차량기지임시승강장 → 탑석","color":"#F0831E","offset":[20,0]},"geometry":{"type":"Point","coordinates":[127.07726225000002,37.7539628]}},{"type":"Feature","properties":{"kind":"label","name":"효자"},"geometry":{"type":"Point","coordinates":[127.07726225000002,37.7539628]}},{"type":"Feature","properties":{"kind":"badge","ref":"U","color":"#F0831E","offset":[-20,0]},"geometry":{"type":"Point","coordinates":[127.08383595,37.7505079]}},{"type":"Feature","properties":{"kind":"badge","ref":"의정부경전철: 발곡 → 차량기지임시승강장","color":"#F0831E","offset":[0,0]},"geometry":{"type":"Point","coordinates":[127.08383595,37.7505079]}},{"type":"Feature","properties":{"kind":"badge","ref":"의정부경전철: 차량기지임시승강장 → 탑석","color":"#F0831E","offset":[20,0]},"geometry":{"type":"Point","coordinates":[127.08383595,37.7505079]}},{"type":"Feature","properties":{"kind":"label","name":"곤제"},"geometry":{"type":"Point","coordinates":[127.08383595,37.7505079]}},{"type":"Feature","properties":{"kind":"badge","ref":"U","color":"#F0831E","offset":[-20,0]},"geometry":{"type":"Point","coordinates":[127.085211,37.74268465]}},{"type":"Feature","properties":{"kind":"badge","ref":"의정부경전철: 발곡 → 차량기지임시승강장","color":"#F0831E","offset":[0,0]},"geometry":{"type":"Point","coordinates":[127.085211,37.74268465]}},{"type":"Feature","properties":{"kind":"badge","ref":"의정부경전철: 차량기지임시승강장 → 탑석","color":"#F0831E","offset":[20,0]},"geometry":{"type":"Point","coordinates":[127.085211,37.74268465]}},{"type":"Feature","properties":{"kind":"label","name":"어룡"},"geometry":{"type":"Point","coordinates":[127.085211,37.74268465]}},{"type":"Feature","properties":{"kind":"badge","ref":"U","color":"#F0831E","offset":[-20,0]},"geometry":{"type":"Point","coordinates":[127.08725945,37.73724495]}},{"type":"Feature","properties":{"kind":"badge","ref":"의정부경전철: 발곡 → 차량기지임시승강장","color":"#F0831E","offset":[0,0]},"geometry":{"type":"Point","coordinates":[127.08725945,37.73724495]}},{"type":"Feature","properties":{"kind":"badge","ref":"의정부경전철: 차량기지임시승강장 → 탑석","color":"#F0831E","offset":[20,0]},"geometry":{"type":"Point","coordinates":[127.08725945,37.73724495]}},{"type":"Feature","properties":{"kind":"label","name":"송산"},"geometry":{"type":"Point","coordinates":[127.08725945,37.73724495]}},{"type":"Feature","properties":{"kind":"badge","ref":"U","color":"#F0831E","offset":[-20,0]},"geometry":{"type":"Point","coordinates":[127.08896,37.733483050000004]}},{"type":"Feature","properties":{"kind":"badge","ref":"의정부경전철: 발곡 → 차량기지임시승강장","color":"#F0831E","offset":[0,0]},"geometry":{"type":"Point","coordinates":[127.08896,37.733483050000004]}},{"type":"Feature","properties":{"kind":"badge","ref":"의정부경전철: 차량기지임시승강장 → 탑석","color":"#F0831E","offset":[20,0]},"geometry":{"type":"Point","coordinates":[127.08896,37.733483050000004]}},{"type":"Feature","properties":{"kind":"label","name":"탑석"},"geometry":{"type":"Point","coordinates":[127.08896,37.733483050000004]}},{"type":"Feature","properties":{"kind":"badge","ref":"W","color":"#BACC50","offset":[0,0]},"geometry":{"type":"Point","coordinates":[127.01238584999999,37.6633757]}},{"type":"Feature","properties":{"kind":"label","name":"북한산우이"},"geometry":{"type":"Point","coordinates":[127.01238584999999,37.6633757]}},{"type":"Feature","properties":{"kind":"badge","ref":"W","color":"#BACC50","offset":[0,0]},"geometry":{"type":"Point","coordinates":[127.01321390000001,37.6559522]}},{"type":"Feature","properties":{"kind":"label","name":"솔밭공원"},"geometry":{"type":"Point","coordinates":[127.01321390000001,37.6559522]}},{"type":"Feature","properties":{"kind":"badge","ref":"W","color":"#BACC50","offset":[0,0]},"geometry":{"type":"Point","coordinates":[127.01367450000001,37.64937125]}},{"type":"Feature","properties":{"kind":"label","name":"4.19민주묘지"},"geometry":{"type":"Point","coordinates":[127.01367450000001,37.64937125]}},{"type":"Feature","properties":{"kind":"badge","ref":"W","color":"#BACC50","offset":[0,0]},"geometry":{"type":"Point","coordinates":[127.0165483,37.642064399999995]}},{"type":"Feature","properties":{"kind":"label","name":"가오리"},"geometry":{"type":"Point","coordinates":[127.0165483,37.642064399999995]}},{"type":"Feature","properties":{"kind":"badge","ref":"W","color":"#BACC50","offset":[0,0]},"geometry":{"type":"Point","coordinates":[127.0174861,37.6340488]}},{"type":"Feature","properties":{"kind":"label","name":"화계"},"geometry":{"type":"Point","coordinates":[127.0174861,37.6340488]}},{"type":"Feature","properties":{"kind":"badge","ref":"W","color":"#BACC50","offset":[0,0]},"geometry":{"type":"Point","coordinates":[127.01894896666666,37.62502953333333]}},{"type":"Feature","properties":{"kind":"label","name":"삼양"},"geometry":{"type":"Point","coordinates":[127.01894896666666,37.62502953333333]}},{"type":"Feature","properties":{"kind":"badge","ref":"W","color":"#BACC50","offset":[0,0]},"geometry":{"type":"Point","coordinates":[127.01372635,37.62017565]}},{"type":"Feature","properties":{"kind":"label","name":"솔샘"},"geometry":{"type":"Point","coordinates":[127.01372635,37.62017565]}},{"type":"Feature","properties":{"kind":"badge","ref":"W","color":"#BACC50","offset":[0,0]},"geometry":{"type":"Point","coordinates":[127.008296,37.6119922]}},{"type":"Feature","properties":{"kind":"label","name":"북한산보국문"},"geometry":{"type":"Point","coordinates":[127.008296,37.6119922]}},{"type":"Feature","properties":{"kind":"badge","ref":"W","color":"#BACC50","offset":[0,0]},"geometry":{"type":"Point","coordinates":[127.01337235,37.60275835]}},{"type":"Feature","properties":{"kind":"label","name":"정릉"},"geometry":{"type":"Point","coordinates":[127.01337235,37.60275835]}},{"type":"Feature","properties":{"kind":"badge","ref":"W","color":"#BACC50","offset":[0,0]},"geometry":{"type":"Point","coordinates":[127.020514,37.621174]}},{"type":"Feature","properties":{"kind":"label","name":"삼양사거리"},"geometry":{"type":"Point","coordinates":[127.020514,37.621174]}},{"type":"Feature","properties":{"kind":"badge","ref":"1","color":"#EF5E37","offset":[0,0]},"geometry":{"type":"Point","coordinates":[128.4892832,35.79868915]}},{"type":"Feature","properties":{"kind":"label","name":"설화명곡"},"geometry":{"type":"Point","coordinates":[128.4892832,35.79868915]}},{"type":"Feature","properties":{"kind":"badge","ref":"1","color":"#EF5E37","offset":[0,0]},"geometry":{"type":"Point","coordinates":[128.50033919999998,35.80429195]}},{"type":"Feature","properties":{"kind":"label","name":"화원"},"geometry":{"type":"Point","coordinates":[128.50033919999998,35.80429195]}},{"type":"Feature","properties":{"kind":"badge","ref":"1","color":"#EF5E37","offset":[0,0]},"geometry":{"type":"Point","coordinates":[128.5124541,35.80942585]}},{"type":"Feature","properties":{"kind":"label","name":"대곡"},"geometry":{"type":"Point","coordinates":[128.5124541,35.80942585]}},{"type":"Feature","properties":{"kind":"badge","ref":"1","color":"#EF5E37","offset":[0,0]},"geometry":{"type":"Point","coordinates":[128.52261765,35.8137923]}},{"type":"Feature","properties":{"kind":"label","name":"진천"},"geometry":{"type":"Point","coordinates":[128.52261765,35.8137923]}},{"type":"Feature","properties":{"kind":"badge","ref":"1","color":"#EF5E37","offset":[0,0]},"geometry":{"type":"Point","coordinates":[128.53040620000002,35.81614515]}},{"type":"Feature","properties":{"kind":"label","name":"월배"},"geometry":{"type":"Point","coordinates":[128.53040620000002,35.81614515]}},{"type":"Feature","properties":{"kind":"badge","ref":"1","color":"#EF5E37","offset":[0,0]},"geometry":{"type":"Point","coordinates":[128.53779839999999,35.81895245]}},{"type":"Feature","properties":{"kind":"label","name":"상인"},"geometry":{"type":"Point","coordinates":[128.53779839999999,35.81895245]}},{"type":"Feature","properties":{"kind":"badge","ref":"1","color":"#EF5E37","offset":[0,0]},"geometry":{"type":"Point","coordinates":[128.54582045,35.8240338]}},{"type":"Feature","properties":{"kind":"label","name":"월촌"},"geometry":{"type":"Point","coordinates":[128.54582045,35.8240338]}},{"type":"Feature","properties":{"kind":"badge","ref":"1","color":"#EF5E37","offset":[0,0]},"geometry":{"type":"Point","coordinates":[128.5519366,35.83128465]}},{"type":"Feature","properties":{"kind":"label","name":"송현"},"geometry":{"type":"Point","coordinates":[128.5519366,35.83128465]}},{"type":"Feature","properties":{"kind":"badge","ref":"1","color":"#EF5E37","offset":[0,0]},"geometry":{"type":"Point","coordinates":[128.55711675,35.83693755]}},{"type":"Feature","properties":{"kind":"label","name":"서부정류장"},"geometry":{"type":"Point","coordinates":[128.55711675,35.83693755]}},{"type":"Feature","properties":{"kind":"badge","ref":"1","color":"#EF5E37","offset":[0,0]},"geometry":{"type":"Point","coordinates":[128.56499175,35.83926205]}},{"type":"Feature","properties":{"kind":"label","name":"대명"},"geometry":{"type":"Point","coordinates":[128.56499175,35.83926205]}},{"type":"Feature","properties":{"kind":"badge","ref":"1","color":"#EF5E37","offset":[0,0]},"geometry":{"type":"Point","coordinates":[128.57380005,35.8391979]}},{"type":"Feature","properties":{"kind":"label","name":"안지랑"},"geometry":{"type":"Point","coordinates":[128.57380005,35.8391979]}},{"type":"Feature","properties":{"kind":"badge","ref":"1","color":"#EF5E37","offset":[0,0]},"geometry":{"type":"Point","coordinates":[128.5812942,35.84084085]}},{"type":"Feature","properties":{"kind":"label","name":"현충로"},"geometry":{"type":"Point","coordinates":[128.5812942,35.84084085]}},{"type":"Feature","properties":{"kind":"badge","ref":"1","color":"#EF5E37","offset":[0,0]},"geometry":{"type":"Point","coordinates":[128.5885927,35.8443997]}},{"type":"Feature","properties":{"kind":"label","name":"영대병원"},"geometry":{"type":"Point","coordinates":[128.5885927,35.8443997]}},{"type":"Feature","properties":{"kind":"badge","ref":"1","color":"#EF5E37","offset":[0,0]},"geometry":{"type":"Point","coordinates":[128.59054909999998,35.8504085]}},{"type":"Feature","properties":{"kind":"label","name":"교대"},"geometry":{"type":"Point","coordinates":[128.59054909999998,35.8504085]}},{"type":"Feature","properties":{"kind":"badge","ref":"1","color":"#EF5E37","offset":[0,0]},"geometry":{"type":"Point","coordinates":[128.5907436,35.8569567]}},{"type":"Feature","properties":{"kind":"label","name":"명덕"},"geometry":{"type":"Point","coordinates":[128.5907436,35.8569567]}},{"type":"Feature","properties":{"kind":"badge","ref":"1","color":"#EF5E37","offset":[-10,0]},"geometry":{"type":"Point","coordinates":[128.593575675,35.865297274999996]}},{"type":"Feature","properties":{"kind":"badge","ref":"2","color":"#33AA46","offset":[10,0]},"geometry":{"type":"Point","coordinates":[128.593575675,35.865297274999996]}},{"type":"Feature","properties":{"kind":"label","name":"반월당"},"geometry":{"type":"Point","coordinates":[128.593575675,35.865297274999996]}},{"type":"Feature","properties":{"kind":"badge","ref":"1","color":"#EF5E37","offset":[0,0]},"geometry":{"type":"Point","coordinates":[128.5940343,35.87074095]}},{"type":"Feature","properties":{"kind":"label","name":"중앙로"},"geometry":{"type":"Point","coordinates":[128.5940343,35.87074095]}},{"type":"Feature","properties":{"kind":"badge","ref":"1","color":"#EF5E37","offset":[0,0]},"geometry":{"type":"Point","coordinates":[128.59708375,35.8762679]}},{"type":"Feature","properties":{"kind":"label","name":"대구역"},"geometry":{"type":"Point","coordinates":[128.59708375,35.8762679]}},{"type":"Feature","properties":{"kind":"badge","ref":"1","color":"#EF5E37","offset":[0,0]},"geometry":{"type":"Point","coordinates":[128.6050779,35.8760917]}},{"type":"Feature","properties":{"kind":"label","name":"칠성시장"},"geometry":{"type":"Point","coordinates":[128.6050779,35.8760917]}},{"type":"Feature","properties":{"kind":"badge","ref":"1","color":"#EF5E37","offset":[0,0]},"geometry":{"type":"Point","coordinates":[128.61754465,35.874597]}},{"type":"Feature","properties":{"kind":"label","name":"신천"},"geometry":{"type":"Point","coordinates":[128.61754465,35.874597]}},{"type":"Feature","properties":{"kind":"badge","ref":"1","color":"#EF5E37","offset":[0,0]},"geometry":{"type":"Point","coordinates":[128.62749,35.8773804]}},{"type":"Feature","properties":{"kind":"label","name":"동대구역"},"geometry":{"type":"Point","coordinates":[128.62749,35.8773804]}},{"type":"Feature","properties":{"kind":"badge","ref":"1","color":"#EF5E37","offset":[0,0]},"geometry":{"type":"Point","coordinates":[128.6323184,35.8845159]}},{"type":"Feature","properties":{"kind":"label","name":"동구청"},"geometry":{"type":"Point","coordinates":[128.6323184,35.8845159]}},{"type":"Feature","properties":{"kind":"badge","ref":"1","color":"#EF5E37","offset":[0,0]},"geometry":{"type":"Point","coordinates":[128.63990585,35.887172750000005]}},{"type":"Feature","properties":{"kind":"label","name":"아양교"},"geometry":{"type":"Point","coordinates":[128.63990585,35.887172750000005]}},{"type":"Feature","properties":{"kind":"badge","ref":"1","color":"#EF5E37","offset":[0,0]},"geometry":{"type":"Point","coordinates":[128.6503856,35.88601225]}},{"type":"Feature","properties":{"kind":"label","name":"동촌"},"geometry":{"type":"Point","coordinates":[128.6503856,35.88601225]}},{"type":"Feature","properties":{"kind":"badge","ref":"1","color":"#EF5E37","offset":[0,0]},"geometry":{"type":"Point","coordinates":[128.65887874999999,35.8835848]}},{"type":"Feature","properties":{"kind":"label","name":"해안"},"geometry":{"type":"Point","coordinates":[128.65887874999999,35.8835848]}},{"type":"Feature","properties":{"kind":"badge","ref":"1","color":"#EF5E37","offset":[0,0]},"geometry":{"type":"Point","coordinates":[128.66965495,35.879791049999994]}},{"type":"Feature","properties":{"kind":"label","name":"방촌"},"geometry":{"type":"Point","coordinates":[128.66965495,35.879791049999994]}},{"type":"Feature","properties":{"kind":"badge","ref":"1","color":"#EF5E37","offset":[0,0]},"geometry":{"type":"Point","coordinates":[128.68140590000002,35.87627475]}},{"type":"Feature","properties":{"kind":"label","name":"용계"},"geometry":{"type":"Point","coordinates":[128.68140590000002,35.87627475]}},{"type":"Feature","properties":{"kind":"badge","ref":"1","color":"#EF5E37","offset":[0,0]},"geometry":{"type":"Point","coordinates":[128.69282075,35.86971645]}},{"type":"Feature","properties":{"kind":"label","name":"율하"},"geometry":{"type":"Point","coordinates":[128.69282075,35.86971645]}},{"type":"Feature","properties":{"kind":"badge","ref":"1","color":"#EF5E37","offset":[0,0]},"geometry":{"type":"Point","coordinates":[128.70170545000002,35.866723]}},{"type":"Feature","properties":{"kind":"label","name":"신기"},"geometry":{"type":"Point","coordinates":[128.70170545000002,35.866723]}},{"type":"Feature","properties":{"kind":"badge","ref":"1","color":"#EF5E37","offset":[0,0]},"geometry":{"type":"Point","coordinates":[128.71370055,35.865947000000006]}},{"type":"Feature","properties":{"kind":"label","name":"반야월"},"geometry":{"type":"Point","coordinates":[128.71370055,35.865947000000006]}},{"type":"Feature","properties":{"kind":"badge","ref":"1","color":"#EF5E37","offset":[0,0]},"geometry":{"type":"Point","coordinates":[128.7239022,35.86788165]}},{"type":"Feature","properties":{"kind":"label","name":"각산"},"geometry":{"type":"Point","coordinates":[128.7239022,35.86788165]}},{"type":"Feature","properties":{"kind":"badge","ref":"1","color":"#EF5E37","offset":[0,0]},"geometry":{"type":"Point","coordinates":[128.7337154,35.87118805]}},{"type":"Feature","properties":{"kind":"label","name":"안심"},"geometry":{"type":"Point","coordinates":[128.7337154,35.87118805]}},{"type":"Feature","properties":{"kind":"badge","ref":"1","color":"#EF5E37","offset":[0,0]},"geometry":{"type":"Point","coordinates":[128.75113705,35.87166835]}},{"type":"Feature","properties":{"kind":"label","name":"대구한의대병원"},"geometry":{"type":"Point","coordinates":[128.75113705,35.87166835]}},{"type":"Feature","properties":{"kind":"badge","ref":"1","color":"#EF5E37","offset":[0,0]},"geometry":{"type":"Point","coordinates":[128.80309534999998,35.9001763]}},{"type":"Feature","properties":{"kind":"label","name":"부호"},"geometry":{"type":"Point","coordinates":[128.80309534999998,35.9001763]}},{"type":"Feature","properties":{"kind":"badge","ref":"1","color":"#EF5E37","offset":[0,0]},"geometry":{"type":"Point","coordinates":[128.8175337,35.9094143]}},{"type":"Feature","properties":{"kind":"label","name":"하양"},"geometry":{"type":"Point","coordinates":[128.8175337,35.9094143]}},{"type":"Feature","properties":{"kind":"badge","ref":"2","color":"#33AA46","offset":[0,0]},"geometry":{"type":"Point","coordinates":[128.4371644,35.8643039]}},{"type":"Feature","properties":{"kind":"label","name":"문양"},"geometry":{"type":"Point","coordinates":[128.4371644,35.8643039]}},{"type":"Feature","properties":{"kind":"badge","ref":"2","color":"#33AA46","offset":[0,0]},"geometry":{"type":"Point","coordinates":[128.457902,35.86532]}},{"type":"Feature","properties":{"kind":"label","name":"다사"},"geometry":{"type":"Point","coordinates":[128.457902,35.86532]}},{"type":"Feature","properties":{"kind":"badge","ref":"2","color":"#33AA46","offset":[0,0]},"geometry":{"type":"Point","coordinates":[128.4656502,35.8572721]}},{"type":"Feature","properties":{"kind":"label","name":"대실"},"geometry":{"type":"Point","coordinates":[128.4656502,35.8572721]}},{"type":"Feature","properties":{"kind":"badge","ref":"2","color":"#33AA46","offset":[0,0]},"geometry":{"type":"Point","coordinates":[128.478096,35.8530741]}},{"type":"Feature","properties":{"kind":"label","name":"강창"},"geometry":{"type":"Point","coordinates":[128.478096,35.8530741]}},{"type":"Feature","properties":{"kind":"badge","ref":"2","color":"#33AA46","offset":[0,0]},"geometry":{"type":"Point","coordinates":[128.4919275,35.8514819]}},{"type":"Feature","properties":{"kind":"label","name":"계명대"},"geometry":{"type":"Point","coordinates":[128.4919275,35.8514819]}},{"type":"Feature","properties":{"kind":"badge","ref":"2","color":"#33AA46","offset":[0,0]},"geometry":{"type":"Point","coordinates":[128.5070241,35.8516848]}},{"type":"Feature","properties":{"kind":"label","name":"성서산업단지"},"geometry":{"type":"Point","coordinates":[128.5070241,35.8516848]}},{"type":"Feature","properties":{"kind":"badge","ref":"2","color":"#33AA46","offset":[0,0]},"geometry":{"type":"Point","coordinates":[128.5157932,35.8505073]}},{"type":"Feature","properties":{"kind":"label","name":"이곡"},"geometry":{"type":"Point","coordinates":[128.5157932,35.8505073]}},{"type":"Feature","properties":{"kind":"badge","ref":"2","color":"#33AA46","offset":[0,0]},"geometry":{"type":"Point","coordinates":[128.5288891,35.848997]}},{"type":"Feature","properties":{"kind":"label","name":"용산"},"geometry":{"type":"Point","coordinates":[128.5288891,35.848997]}},{"type":"Feature","properties":{"kind":"badge","ref":"2","color":"#33AA46","offset":[0,0]},"geometry":{"type":"Point","coordinates":[128.5382364,35.8504172]}},{"type":"Feature","properties":{"kind":"label","name":"죽전"},"geometry":{"type":"Point","coordinates":[128.5382364,35.8504172]}},{"type":"Feature","properties":{"kind":"badge","ref":"2","color":"#33AA46","offset":[0,0]},"geometry":{"type":"Point","coordinates":[128.5482878,35.8542959]}},{"type":"Feature","properties":{"kind":"label","name":"감삼"},"geometry":{"type":"Point","coordinates":[128.5482878,35.8542959]}},{"type":"Feature","properties":{"kind":"badge","ref":"2","color":"#33AA46","offset":[0,0]},"geometry":{"type":"Point","coordinates":[128.5557793,35.8571511]}},{"type":"Feature","properties":{"kind":"label","name":"두류"},"geometry":{"type":"Point","coordinates":[128.5557793,35.8571511]}},{"type":"Feature","properties":{"kind":"badge","ref":"2","color":"#33AA46","offset":[0,0]},"geometry":{"type":"Point","coordinates":[128.5647603,35.8600749]}},{"type":"Feature","properties":{"kind":"label","name":"내당"},"geometry":{"type":"Point","coordinates":[128.5647603,35.8600749]}},{"type":"Feature","properties":{"kind":"badge","ref":"2","color":"#33AA46","offset":[0,0]},"geometry":{"type":"Point","coordinates":[128.5736624,35.8623859]}},{"type":"Feature","properties":{"kind":"label","name":"반고개"},"geometry":{"type":"Point","coordinates":[128.5736624,35.8623859]}},{"type":"Feature","properties":{"kind":"badge","ref":"2","color":"#33AA46","offset":[0,0]},"geometry":{"type":"Point","coordinates":[128.5832267,35.8650572]}},{"type":"Feature","properties":{"kind":"label","name":"청라언덕"},"geometry":{"type":"Point","coordinates":[128.5832267,35.8650572]}},{"type":"Feature","properties":{"kind":"badge","ref":"2","color":"#33AA46","offset":[0,0]},"geometry":{"type":"Point","coordinates":[128.6030138,35.863036]}},{"type":"Feature","properties":{"kind":"label","name":"경대병원"},"geometry":{"type":"Point","coordinates":[128.6030138,35.863036]}},{"type":"Feature","properties":{"kind":"badge","ref":"2","color":"#33AA46","offset":[0,0]},"geometry":{"type":"Point","coordinates":[128.6141103,35.8597102]}},{"type":"Feature","properties":{"kind":"label","name":"대구은행"},"geometry":{"type":"Point","coordinates":[128.6141103,35.8597102]}},{"type":"Feature","properties":{"kind":"badge","ref":"2","color":"#33AA46","offset":[0,0]},"geometry":{"type":"Point","coordinates":[128.6264978,35.8589767]}},{"type":"Feature","properties":{"kind":"label","name":"범어"},"geometry":{"type":"Point","coordinates":[128.6264978,35.8589767]}},{"type":"Feature","properties":{"kind":"badge","ref":"2","color":"#33AA46","offset":[0,0]},"geometry":{"type":"Point","coordinates":[128.6357941,35.8587763]}},{"type":"Feature","properties":{"kind":"label","name":"수성구청"},"geometry":{"type":"Point","coordinates":[128.6357941,35.8587763]}},{"type":"Feature","properties":{"kind":"badge","ref":"2","color":"#33AA46","offset":[0,0]},"geometry":{"type":"Point","coordinates":[128.6451118,35.8588297]}},{"type":"Feature","properties":{"kind":"label","name":"만촌"},"geometry":{"type":"Point","coordinates":[128.6451118,35.8588297]}},{"type":"Feature","properties":{"kind":"badge","ref":"2","color":"#33AA46","offset":[0,0]},"geometry":{"type":"Point","coordinates":[128.6541896,35.8546377]}},{"type":"Feature","properties":{"kind":"label","name":"담티"},"geometry":{"type":"Point","coordinates":[128.6541896,35.8546377]}},{"type":"Feature","properties":{"kind":"badge","ref":"2","color":"#33AA46","offset":[0,0]},"geometry":{"type":"Point","coordinates":[128.6719606,35.8463576]}},{"type":"Feature","properties":{"kind":"label","name":"연호"},"geometry":{"type":"Point","coordinates":[128.6719606,35.8463576]}},{"type":"Feature","properties":{"kind":"badge","ref":"2","color":"#33AA46","offset":[0,0]},"geometry":{"type":"Point","coordinates":[128.6799597,35.8425943]}},{"type":"Feature","properties":{"kind":"label","name":"수성알파시티"},"geometry":{"type":"Point","coordinates":[128.6799597,35.8425943]}},{"type":"Feature","properties":{"kind":"badge","ref":"2","color":"#33AA46","offset":[0,0]},"geometry":{"type":"Point","coordinates":[128.6934096,35.8428572]}},{"type":"Feature","properties":{"kind":"label","name":"고산"},"geometry":{"type":"Point","coordinates":[128.6934096,35.8428572]}},{"type":"Feature","properties":{"kind":"badge","ref":"2","color":"#33AA46","offset":[0,0]},"geometry":{"type":"Point","coordinates":[128.7049547,35.8407648]}},{"type":"Feature","properties":{"kind":"label","name":"신매"},"geometry":{"type":"Point","coordinates":[128.7049547,35.8407648]}},{"type":"Feature","properties":{"kind":"badge","ref":"2","color":"#33AA46","offset":[0,0]},"geometry":{"type":"Point","coordinates":[128.7160117,35.8367886]}},{"type":"Feature","properties":{"kind":"label","name":"사월"},"geometry":{"type":"Point","coordinates":[128.7160117,35.8367886]}},{"type":"Feature","properties":{"kind":"badge","ref":"2","color":"#33AA46","offset":[0,0]},"geometry":{"type":"Point","coordinates":[128.7282908,35.8340264]}},{"type":"Feature","properties":{"kind":"label","name":"정평"},"geometry":{"type":"Point","coordinates":[128.7282908,35.8340264]}},{"type":"Feature","properties":{"kind":"badge","ref":"2","color":"#33AA46","offset":[0,0]},"geometry":{"type":"Point","coordinates":[128.741026,35.8340509]}},{"type":"Feature","properties":{"kind":"label","name":"임당"},"geometry":{"type":"Point","coordinates":[128.741026,35.8340509]}},{"type":"Feature","properties":{"kind":"badge","ref":"2","color":"#33AA46","offset":[0,0]},"geometry":{"type":"Point","coordinates":[128.7535757,35.8365664]}},{"type":"Feature","properties":{"kind":"label","name":"영남대"},"geometry":{"type":"Point","coordinates":[128.7535757,35.8365664]}},{"type":"Feature","properties":{"kind":"badge","ref":"K","color":"#FF4500","offset":[0,0]},"geometry":{"type":"Point","coordinates":[130.4143909,33.5943039]}},{"type":"Feature","properties":{"kind":"label","name":"기온 역"},"geometry":{"type":"Point","coordinates":[130.4143909,33.5943039]}},{"type":"Feature","properties":{"kind":"badge","ref":"2","color":"#6b7280","offset":[0,0]},"geometry":{"type":"Point","coordinates":[126.8482283,35.1584128]}},{"type":"Feature","properties":{"kind":"label","name":"시청"},"geometry":{"type":"Point","coordinates":[126.8482283,35.1584128]}},{"type":"Feature","properties":{"kind":"badge","ref":"2","color":"#6b7280","offset":[0,0]},"geometry":{"type":"Point","coordinates":[126.8482733,35.1522064]}},{"type":"Feature","properties":{"kind":"label","name":"치평"},"geometry":{"type":"Point","coordinates":[126.8482733,35.1522064]}},{"type":"Feature","properties":{"kind":"badge","ref":"2","color":"#6b7280","offset":[-10,0]},"geometry":{"type":"Point","coordinates":[126.84879542499999,35.147046725]}},{"type":"Feature","properties":{"kind":"badge","ref":"1","color":"#009088","offset":[10,0]},"geometry":{"type":"Point","coordinates":[126.84879542499999,35.147046725]}},{"type":"Feature","properties":{"kind":"label","name":"상무"},"geometry":{"type":"Point","coordinates":[126.84879542499999,35.147046725]}},{"type":"Feature","properties":{"kind":"badge","ref":"2","color":"#6b7280","offset":[0,0]},"geometry":{"type":"Point","coordinates":[126.8571646,35.1443501]}},{"type":"Feature","properties":{"kind":"label","name":"금호"},"geometry":{"type":"Point","coordinates":[126.8571646,35.1443501]}},{"type":"Feature","properties":{"kind":"badge","ref":"2","color":"#6b7280","offset":[0,0]},"geometry":{"type":"Point","coordinates":[126.8589466,35.1376859]}},{"type":"Feature","properties":{"kind":"label","name":"금부"},"geometry":{"type":"Point","coordinates":[126.8589466,35.1376859]}},{"type":"Feature","properties":{"kind":"badge","ref":"2","color":"#6b7280","offset":[0,0]},"geometry":{"type":"Point","coordinates":[126.8608246,35.1326279]}},{"type":"Feature","properties":{"kind":"label","name":"마재"},"geometry":{"type":"Point","coordinates":[126.8608246,35.1326279]}},{"type":"Feature","properties":{"kind":"badge","ref":"2","color":"#6b7280","offset":[0,0]},"geometry":{"type":"Point","coordinates":[126.87313,35.1324325]}},{"type":"Feature","properties":{"kind":"label","name":"월드컵경기장"},"geometry":{"type":"Point","coordinates":[126.87313,35.1324325]}},{"type":"Feature","properties":{"kind":"badge","ref":"2","color":"#6b7280","offset":[0,0]},"geometry":{"type":"Point","coordinates":[126.8759628,35.1267982]}},{"type":"Feature","properties":{"kind":"label","name":"풍암"},"geometry":{"type":"Point","coordinates":[126.8759628,35.1267982]}},{"type":"Feature","properties":{"kind":"badge","ref":"2","color":"#6b7280","offset":[0,0]},"geometry":{"type":"Point","coordinates":[126.886429,35.1301274]}},{"type":"Feature","properties":{"kind":"label","name":"원광대병원"},"geometry":{"type":"Point","coordinates":[126.886429,35.1301274]}},{"type":"Feature","properties":{"kind":"badge","ref":"2","color":"#6b7280","offset":[0,0]},"geometry":{"type":"Point","coordinates":[126.8964958,35.1340308]}},{"type":"Feature","properties":{"kind":"label","name":"주월"},"geometry":{"type":"Point","coordinates":[126.8964958,35.1340308]}},{"type":"Feature","properties":{"kind":"badge","ref":"2","color":"#6b7280","offset":[0,0]},"geometry":{"type":"Point","coordinates":[126.9015768,35.1332425]}},{"type":"Feature","properties":{"kind":"label","name":"백운(남구청)"},"geometry":{"type":"Point","coordinates":[126.9015768,35.1332425]}},{"type":"Feature","properties":{"kind":"badge","ref":"2","color":"#6b7280","offset":[0,0]},"geometry":{"type":"Point","coordinates":[126.9111294,35.1340691]}},{"type":"Feature","properties":{"kind":"label","name":"양림"},"geometry":{"type":"Point","coordinates":[126.9111294,35.1340691]}},{"type":"Feature","properties":{"kind":"badge","ref":"2","color":"#6b7280","offset":[0,0]},"geometry":{"type":"Point","coordinates":[126.9181142,35.1357034]}},{"type":"Feature","properties":{"kind":"label","name":"방림"},"geometry":{"type":"Point","coordinates":[126.9181142,35.1357034]}},{"type":"Feature","properties":{"kind":"badge","ref":"2","color":"#6b7280","offset":[0,0]},"geometry":{"type":"Point","coordinates":[126.9260433,35.1444102]}},{"type":"Feature","properties":{"kind":"label","name":"조선대"},"geometry":{"type":"Point","coordinates":[126.9260433,35.1444102]}},{"type":"Feature","properties":{"kind":"badge","ref":"2","color":"#6b7280","offset":[0,0]},"geometry":{"type":"Point","coordinates":[126.9292211,35.1492446]}},{"type":"Feature","properties":{"kind":"label","name":"지산(법원·검찰청)"},"geometry":{"type":"Point","coordinates":[126.9292211,35.1492446]}},{"type":"Feature","properties":{"kind":"badge","ref":"2","color":"#6b7280","offset":[0,0]},"geometry":{"type":"Point","coordinates":[126.9310218,35.1592748]}},{"type":"Feature","properties":{"kind":"label","name":"두암"},"geometry":{"type":"Point","coordinates":[126.9310218,35.1592748]}},{"type":"Feature","properties":{"kind":"badge","ref":"2","color":"#6b7280","offset":[0,0]},"geometry":{"type":"Point","coordinates":[126.9195878,35.164765]}},{"type":"Feature","properties":{"kind":"label","name":"서방사거리(교대)"},"geometry":{"type":"Point","coordinates":[126.9195878,35.164765]}},{"type":"Feature","properties":{"kind":"badge","ref":"2","color":"#6b7280","offset":[0,0]},"geometry":{"type":"Point","coordinates":[126.9115323,35.1667939]}},{"type":"Feature","properties":{"kind":"label","name":"광주"},"geometry":{"type":"Point","coordinates":[126.9115323,35.1667939]}},{"type":"Feature","properties":{"kind":"badge","ref":"2","color":"#6b7280","offset":[0,0]},"geometry":{"type":"Point","coordinates":[126.9126683,35.1737727]}},{"type":"Feature","properties":{"kind":"label","name":"전남대(북구청)"},"geometry":{"type":"Point","coordinates":[126.9126683,35.1737727]}},{"type":"Feature","properties":{"kind":"badge","ref":"2","color":"#6b7280","offset":[0,0]},"geometry":{"type":"Point","coordinates":[126.9119853,35.1804982]}},{"type":"Feature","properties":{"kind":"label","name":"용봉"},"geometry":{"type":"Point","coordinates":[126.9119853,35.1804982]}},{"type":"Feature","properties":{"kind":"badge","ref":"2","color":"#6b7280","offset":[0,0]},"geometry":{"type":"Point","coordinates":[126.9014418,35.1844951]}},{"type":"Feature","properties":{"kind":"label","name":"오치"},"geometry":{"type":"Point","coordinates":[126.9014418,35.1844951]}},{"type":"Feature","properties":{"kind":"badge","ref":"2","color":"#6b7280","offset":[0,0]},"geometry":{"type":"Point","coordinates":[126.8991466,35.1894671]}},{"type":"Feature","properties":{"kind":"label","name":"매곡"},"geometry":{"type":"Point","coordinates":[126.8991466,35.1894671]}},{"type":"Feature","properties":{"kind":"badge","ref":"2","color":"#6b7280","offset":[0,0]},"geometry":{"type":"Point","coordinates":[126.8998498,35.1948234]}},{"type":"Feature","properties":{"kind":"label","name":"삼각"},"geometry":{"type":"Point","coordinates":[126.8998498,35.1948234]}},{"type":"Feature","properties":{"kind":"badge","ref":"2","color":"#6b7280","offset":[0,0]},"geometry":{"type":"Point","coordinates":[126.8978346,35.2025715]}},{"type":"Feature","properties":{"kind":"label","name":"일곡"},"geometry":{"type":"Point","coordinates":[126.8978346,35.2025715]}},{"type":"Feature","properties":{"kind":"badge","ref":"2","color":"#6b7280","offset":[0,0]},"geometry":{"type":"Point","coordinates":[126.8848319,35.1980214]}},{"type":"Feature","properties":{"kind":"label","name":"본촌산단"},"geometry":{"type":"Point","coordinates":[126.8848319,35.1980214]}},{"type":"Feature","properties":{"kind":"badge","ref":"2","color":"#6b7280","offset":[0,0]},"geometry":{"type":"Point","coordinates":[126.8740197,35.2023154]}},{"type":"Feature","properties":{"kind":"label","name":"양산공원"},"geometry":{"type":"Point","coordinates":[126.8740197,35.2023154]}},{"type":"Feature","properties":{"kind":"badge","ref":"2","color":"#6b7280","offset":[0,0]},"geometry":{"type":"Point","coordinates":[126.873435,35.2064274]}},{"type":"Feature","properties":{"kind":"label","name":"양산"},"geometry":{"type":"Point","coordinates":[126.873435,35.2064274]}},{"type":"Feature","properties":{"kind":"badge","ref":"2","color":"#6b7280","offset":[0,0]},"geometry":{"type":"Point","coordinates":[126.8731452,35.211645]}},{"type":"Feature","properties":{"kind":"label","name":"용두"},"geometry":{"type":"Point","coordinates":[126.8731452,35.211645]}},{"type":"Feature","properties":{"kind":"badge","ref":"2","color":"#6b7280","offset":[0,0]},"geometry":{"type":"Point","coordinates":[126.8487828,35.2177055]}},{"type":"Feature","properties":{"kind":"label","name":"지스트"},"geometry":{"type":"Point","coordinates":[126.8487828,35.2177055]}},{"type":"Feature","properties":{"kind":"badge","ref":"2","color":"#6b7280","offset":[0,0]},"geometry":{"type":"Point","coordinates":[126.841972,35.2177419]}},{"type":"Feature","properties":{"kind":"label","name":"첨단사거리"},"geometry":{"type":"Point","coordinates":[126.841972,35.2177419]}},{"type":"Feature","properties":{"kind":"badge","ref":"2","color":"#6b7280","offset":[0,0]},"geometry":{"type":"Point","coordinates":[126.8338429,35.2159602]}},{"type":"Feature","properties":{"kind":"label","name":"응암공원"},"geometry":{"type":"Point","coordinates":[126.8338429,35.2159602]}},{"type":"Feature","properties":{"kind":"badge","ref":"2","color":"#6b7280","offset":[0,0]},"geometry":{"type":"Point","coordinates":[126.8195496,35.2022626]}},{"type":"Feature","properties":{"kind":"label","name":"하남산단"},"geometry":{"type":"Point","coordinates":[126.8195496,35.2022626]}},{"type":"Feature","properties":{"kind":"badge","ref":"2","color":"#6b7280","offset":[0,0]},"geometry":{"type":"Point","coordinates":[126.8237667,35.1906894]}},{"type":"Feature","properties":{"kind":"label","name":"수완"},"geometry":{"type":"Point","coordinates":[126.8237667,35.1906894]}},{"type":"Feature","properties":{"kind":"badge","ref":"2","color":"#6b7280","offset":[0,0]},"geometry":{"type":"Point","coordinates":[126.8177041,35.1801043]}},{"type":"Feature","properties":{"kind":"label","name":"운남"},"geometry":{"type":"Point","coordinates":[126.8177041,35.1801043]}},{"type":"Feature","properties":{"kind":"badge","ref":"2","color":"#6b7280","offset":[0,0]},"geometry":{"type":"Point","coordinates":[126.8249939,35.1790352]}},{"type":"Feature","properties":{"kind":"label","name":"신가"},"geometry":{"type":"Point","coordinates":[126.8249939,35.1790352]}},{"type":"Feature","properties":{"kind":"badge","ref":"2","color":"#6b7280","offset":[0,0]},"geometry":{"type":"Point","coordinates":[126.848262,35.1682273]}},{"type":"Feature","properties":{"kind":"label","name":"유덕"},"geometry":{"type":"Point","coordinates":[126.848262,35.1682273]}},{"type":"Feature","properties":{"kind":"badge","ref":"1","color":"#004A85","offset":[0,0]},"geometry":{"type":"Point","coordinates":[127.06080359090907,37.94793670000001]}},{"type":"Feature","properties":{"kind":"label","name":"소요산"},"geometry":{"type":"Point","coordinates":[127.06080359090907,37.94793670000001]}},{"type":"Feature","properties":{"kind":"badge","ref":"1","color":"#004A85","offset":[0,0]},"geometry":{"type":"Point","coordinates":[127.05490122999996,37.92751411]}},{"type":"Feature","properties":{"kind":"label","name":"동두천"},"geometry":{"type":"Point","coordinates":[127.05490122999996,37.92751411]}},{"type":"Feature","properties":{"kind":"badge","ref":"1","color":"#004A85","offset":[0,0]},"geometry":{"type":"Point","coordinates":[127.05723856250002,37.91401581875001]}},{"type":"Feature","properties":{"kind":"label","name":"보산"},"geometry":{"type":"Point","coordinates":[127.05723856250002,37.91401581875001]}},{"type":"Feature","properties":{"kind":"badge","ref":"1","color":"#004A85","offset":[0,0]},"geometry":{"type":"Point","coordinates":[127.05652231499997,37.901640505]}},{"type":"Feature","properties":{"kind":"label","name":"동두천중앙"},"geometry":{"type":"Point","coordinates":[127.05652231499997,37.901640505]}},{"type":"Feature","properties":{"kind":"badge","ref":"1","color":"#004A85","offset":[0,0]},"geometry":{"type":"Point","coordinates":[127.0558088789474,37.8922210631579]}},{"type":"Feature","properties":{"kind":"label","name":"지행"},"geometry":{"type":"Point","coordinates":[127.0558088789474,37.8922210631579]}},{"type":"Feature","properties":{"kind":"badge","ref":"1","color":"#004A85","offset":[0,0]},"geometry":{"type":"Point","coordinates":[127.06157621999996,37.84317883]}},{"type":"Feature","properties":{"kind":"label","name":"덕정"},"geometry":{"type":"Point","coordinates":[127.06157621999996,37.84317883]}},{"type":"Feature","properties":{"kind":"badge","ref":"1","color":"#004A85","offset":[0,0]},"geometry":{"type":"Point","coordinates":[127.05666403750001,37.81866639999999]}},{"type":"Feature","properties":{"kind":"label","name":"덕계"},"geometry":{"type":"Point","coordinates":[127.05666403750001,37.81866639999999]}},{"type":"Feature","properties":{"kind":"badge","ref":"1","color":"#004A85","offset":[0,0]},"geometry":{"type":"Point","coordinates":[127.04479326206898,37.77410177586207]}},{"type":"Feature","properties":{"kind":"label","name":"양주"},"geometry":{"type":"Point","coordinates":[127.04479326206898,37.77410177586207]}},{"type":"Feature","properties":{"kind":"badge","ref":"1","color":"#004A85","offset":[0,0]},"geometry":{"type":"Point","coordinates":[127.04233039199998,37.75929115200002]}},{"type":"Feature","properties":{"kind":"label","name":"녹양"},"geometry":{"type":"Point","coordinates":[127.04233039199998,37.75929115200002]}},{"type":"Feature","properties":{"kind":"badge","ref":"1","color":"#004A85","offset":[0,0]},"geometry":{"type":"Point","coordinates":[127.04443160416672,37.74831789999999]}},{"type":"Feature","properties":{"kind":"label","name":"가능"},"geometry":{"type":"Point","coordinates":[127.04443160416672,37.74831789999999]}},{"type":"Feature","properties":{"kind":"badge","ref":"1","color":"#004A85","offset":[0,0]},"geometry":{"type":"Point","coordinates":[127.04620125588238,37.73760722058821]}},{"type":"Feature","properties":{"kind":"label","name":"의정부"},"geometry":{"type":"Point","coordinates":[127.04620125588238,37.73760722058821]}},{"type":"Feature","properties":{"kind":"badge","ref":"1","color":"#004A85","offset":[0,0]},"geometry":{"type":"Point","coordinates":[127.04741780666672,37.71019261333333]}},{"type":"Feature","properties":{"kind":"label","name":"망월사"},"geometry":{"type":"Point","coordinates":[127.04741780666672,37.71019261333333]}},{"type":"Feature","properties":{"kind":"badge","ref":"1","color":"#004A85","offset":[-10,0]},"geometry":{"type":"Point","coordinates":[127.04618444285705,37.689522923809506]}},{"type":"Feature","properties":{"kind":"badge","ref":"7","color":"#6E7E31","offset":[10,0]},"geometry":{"type":"Point","coordinates":[127.04618444285705,37.689522923809506]}},{"type":"Feature","properties":{"kind":"label","name":"도봉산"},"geometry":{"type":"Point","coordinates":[127.04618444285705,37.689522923809506]}},{"type":"Feature","properties":{"kind":"badge","ref":"1","color":"#004A85","offset":[0,0]},"geometry":{"type":"Point","coordinates":[127.0454945433333,37.67890408000002]}},{"type":"Feature","properties":{"kind":"label","name":"도봉"},"geometry":{"type":"Point","coordinates":[127.0454945433333,37.67890408000002]}},{"type":"Feature","properties":{"kind":"badge","ref":"1","color":"#004A85","offset":[0,0]},"geometry":{"type":"Point","coordinates":[127.04433124137935,37.667387786206874]}},{"type":"Feature","properties":{"kind":"label","name":"방학"},"geometry":{"type":"Point","coordinates":[127.04433124137935,37.667387786206874]}},{"type":"Feature","properties":{"kind":"badge","ref":"1","color":"#004A85","offset":[0,0]},"geometry":{"type":"Point","coordinates":[127.05142806896548,37.64454232413794]}},{"type":"Feature","properties":{"kind":"label","name":"녹천"},"geometry":{"type":"Point","coordinates":[127.05142806896548,37.64454232413794]}},{"type":"Feature","properties":{"kind":"badge","ref":"1","color":"#004A85","offset":[0,0]},"geometry":{"type":"Point","coordinates":[127.05886533448269,37.632922006896564]}},{"type":"Feature","properties":{"kind":"label","name":"월계"},"geometry":{"type":"Point","coordinates":[127.05886533448269,37.632922006896564]}},{"type":"Feature","properties":{"kind":"badge","ref":"1","color":"#004A85","offset":[0,0]},"geometry":{"type":"Point","coordinates":[127.06182512682932,37.623719456097575]}},{"type":"Feature","properties":{"kind":"label","name":"광운대"},"geometry":{"type":"Point","coordinates":[127.06182512682932,37.623719456097575]}},{"type":"Feature","properties":{"kind":"badge","ref":"1","color":"#004A85","offset":[0,0]},"geometry":{"type":"Point","coordinates":[127.0672543571429,37.601674528571436]}},{"type":"Feature","properties":{"kind":"label","name":"신이문"},"geometry":{"type":"Point","coordinates":[127.0672543571429,37.601674528571436]}},{"type":"Feature","properties":{"kind":"badge","ref":"1","color":"#004A85","offset":[0,0]},"geometry":{"type":"Point","coordinates":[127.06372937142855,37.59621464285714]}},{"type":"Feature","properties":{"kind":"label","name":"외대앞"},"geometry":{"type":"Point","coordinates":[127.06372937142855,37.59621464285714]}},{"type":"Feature","properties":{"kind":"badge","ref":"1","color":"#004A85","offset":[0,0]},"geometry":{"type":"Point","coordinates":[127.05742485714278,37.589483914285715]}},{"type":"Feature","properties":{"kind":"label","name":"회기"},"geometry":{"type":"Point","coordinates":[127.05742485714278,37.589483914285715]}},{"type":"Feature","properties":{"kind":"badge","ref":"1","color":"#004A85","offset":[0,0]},"geometry":{"type":"Point","coordinates":[127.04475967368417,37.58004162105264]}},{"type":"Feature","properties":{"kind":"label","name":"청량리"},"geometry":{"type":"Point","coordinates":[127.04475967368417,37.58004162105264]}},{"type":"Feature","properties":{"kind":"badge","ref":"1","color":"#004A85","offset":[0,0]},"geometry":{"type":"Point","coordinates":[127.03463231351347,37.57828770270271]}},{"type":"Feature","properties":{"kind":"label","name":"제기동"},"geometry":{"type":"Point","coordinates":[127.03463231351347,37.57828770270271]}},{"type":"Feature","properties":{"kind":"badge","ref":"1","color":"#004A85","offset":[0,0]},"geometry":{"type":"Point","coordinates":[127.00205428536589,37.57097771707317]}},{"type":"Feature","properties":{"kind":"label","name":"종로5가"},"geometry":{"type":"Point","coordinates":[127.00205428536589,37.57097771707317]}},{"type":"Feature","properties":{"kind":"badge","ref":"1","color":"#004A85","offset":[0,0]},"geometry":{"type":"Point","coordinates":[126.98309780731704,37.57015828780486]}},{"type":"Feature","properties":{"kind":"label","name":"종각"},"geometry":{"type":"Point","coordinates":[126.98309780731704,37.57015828780486]}},{"type":"Feature","properties":{"kind":"badge","ref":"1","color":"#004A85","offset":[0,0]},"geometry":{"type":"Point","coordinates":[126.97133796153841,37.540476392307696]}},{"type":"Feature","properties":{"kind":"label","name":"남영"},"geometry":{"type":"Point","coordinates":[126.97133796153841,37.540476392307696]}},{"type":"Feature","properties":{"kind":"badge","ref":"1","color":"#004A85","offset":[0,0]},"geometry":{"type":"Point","coordinates":[126.96453347083322,37.52958495416666]}},{"type":"Feature","properties":{"kind":"label","name":"용산"},"geometry":{"type":"Point","coordinates":[126.96453347083322,37.52958495416666]}},{"type":"Feature","properties":{"kind":"badge","ref":"1","color":"#004A85","offset":[-10,0]},"geometry":{"type":"Point","coordinates":[126.92634848124999,37.51338083958331]}},{"type":"Feature","properties":{"kind":"badge","ref":"Silim","color":"#6789CA","offset":[10,0]},"geometry":{"type":"Point","coordinates":[126.92634848124999,37.51338083958331]}},{"type":"Feature","properties":{"kind":"label","name":"대방"},"geometry":{"type":"Point","coordinates":[126.92634848124999,37.51338083958331]}},{"type":"Feature","properties":{"kind":"badge","ref":"1","color":"#004A85","offset":[0,0]},"geometry":{"type":"Point","coordinates":[126.86958908235295,37.496127694117654]}},{"type":"Feature","properties":{"kind":"label","name":"구일"},"geometry":{"type":"Point","coordinates":[126.86958908235295,37.496127694117654]}},{"type":"Feature","properties":{"kind":"badge","ref":"1","color":"#004A85","offset":[0,0]},"geometry":{"type":"Point","coordinates":[126.85923150357144,37.49448783571429]}},{"type":"Feature","properties":{"kind":"label","name":"개봉"},"geometry":{"type":"Point","coordinates":[126.85923150357144,37.49448783571429]}},{"type":"Feature","properties":{"kind":"badge","ref":"1","color":"#004A85","offset":[0,0]},"geometry":{"type":"Point","coordinates":[126.84442239473685,37.49430475789473]}},{"type":"Feature","properties":{"kind":"label","name":"오류동"},"geometry":{"type":"Point","coordinates":[126.84442239473685,37.49430475789473]}},{"type":"Feature","properties":{"kind":"badge","ref":"1","color":"#004A85","offset":[-10,0]},"geometry":{"type":"Point","coordinates":[126.8236107888889,37.49229925185187]}},{"type":"Feature","properties":{"kind":"badge","ref":"7","color":"#6E7E31","offset":[10,0]},"geometry":{"type":"Point","coordinates":[126.8236107888889,37.49229925185187]}},{"type":"Feature","properties":{"kind":"label","name":"온수"},"geometry":{"type":"Point","coordinates":[126.8236107888889,37.49229925185187]}},{"type":"Feature","properties":{"kind":"badge","ref":"1","color":"#004A85","offset":[0,0]},"geometry":{"type":"Point","coordinates":[126.81194134666667,37.48525140000001]}},{"type":"Feature","properties":{"kind":"label","name":"역곡"},"geometry":{"type":"Point","coordinates":[126.81194134666667,37.48525140000001]}},{"type":"Feature","properties":{"kind":"badge","ref":"1","color":"#004A85","offset":[0,0]},"geometry":{"type":"Point","coordinates":[126.79551904210523,37.4827516]}},{"type":"Feature","properties":{"kind":"label","name":"소사"},"geometry":{"type":"Point","coordinates":[126.79551904210523,37.4827516]}},{"type":"Feature","properties":{"kind":"badge","ref":"1","color":"#004A85","offset":[0,0]},"geometry":{"type":"Point","coordinates":[126.7826807387097,37.48410700645162]}},{"type":"Feature","properties":{"kind":"label","name":"부천"},"geometry":{"type":"Point","coordinates":[126.7826807387097,37.48410700645162]}},{"type":"Feature","properties":{"kind":"badge","ref":"1","color":"#004A85","offset":[0,0]},"geometry":{"type":"Point","coordinates":[126.76397452105262,37.486708]}},{"type":"Feature","properties":{"kind":"label","name":"중동"},"geometry":{"type":"Point","coordinates":[126.76397452105262,37.486708]}},{"type":"Feature","properties":{"kind":"badge","ref":"1","color":"#004A85","offset":[0,0]},"geometry":{"type":"Point","coordinates":[126.7526070066667,37.48766880000001]}},{"type":"Feature","properties":{"kind":"label","name":"송내"},"geometry":{"type":"Point","coordinates":[126.7526070066667,37.48766880000001]}},{"type":"Feature","properties":{"kind":"badge","ref":"1","color":"#004A85","offset":[0,0]},"geometry":{"type":"Point","coordinates":[126.74061447894736,37.48847055789476]}},{"type":"Feature","properties":{"kind":"label","name":"부개"},"geometry":{"type":"Point","coordinates":[126.74061447894736,37.48847055789476]}},{"type":"Feature","properties":{"kind":"badge","ref":"1","color":"#004A85","offset":[-10,0]},"geometry":{"type":"Point","coordinates":[126.72453752499997,37.48947893124999]}},{"type":"Feature","properties":{"kind":"badge","ref":"인천1","color":"#B4C7E7","offset":[10,0]},"geometry":{"type":"Point","coordinates":[126.72453752499997,37.48947893124999]}},{"type":"Feature","properties":{"kind":"label","name":"부평"},"geometry":{"type":"Point","coordinates":[126.72453752499997,37.48947893124999]}},{"type":"Feature","properties":{"kind":"badge","ref":"1","color":"#004A85","offset":[0,0]},"geometry":{"type":"Point","coordinates":[126.70695564999997,37.48301059999999]}},{"type":"Feature","properties":{"kind":"label","name":"백운"},"geometry":{"type":"Point","coordinates":[126.70695564999997,37.48301059999999]}},{"type":"Feature","properties":{"kind":"badge","ref":"1","color":"#004A85","offset":[0,0]},"geometry":{"type":"Point","coordinates":[126.70286045714286,37.47076476190475]}},{"type":"Feature","properties":{"kind":"label","name":"동암"},"geometry":{"type":"Point","coordinates":[126.70286045714286,37.47076476190475]}},{"type":"Feature","properties":{"kind":"badge","ref":"1","color":"#004A85","offset":[0,0]},"geometry":{"type":"Point","coordinates":[126.6933966,37.46473240000001]}},{"type":"Feature","properties":{"kind":"label","name":"간석"},"geometry":{"type":"Point","coordinates":[126.6933966,37.46473240000001]}},{"type":"Feature","properties":{"kind":"badge","ref":"1","color":"#004A85","offset":[0,0]},"geometry":{"type":"Point","coordinates":[126.66861759999998,37.466101499999986]}},{"type":"Feature","properties":{"kind":"label","name":"도화"},"geometry":{"type":"Point","coordinates":[126.66861759999998,37.466101499999986]}},{"type":"Feature","properties":{"kind":"badge","ref":"1","color":"#004A85","offset":[0,0]},"geometry":{"type":"Point","coordinates":[126.65771153809527,37.4668157095238]}},{"type":"Feature","properties":{"kind":"label","name":"제물포"},"geometry":{"type":"Point","coordinates":[126.65771153809527,37.4668157095238]}},{"type":"Feature","properties":{"kind":"badge","ref":"1","color":"#004A85","offset":[0,0]},"geometry":{"type":"Point","coordinates":[126.64251645,37.46877]}},{"type":"Feature","properties":{"kind":"label","name":"도원"},"geometry":{"type":"Point","coordinates":[126.64251645,37.46877]}},{"type":"Feature","properties":{"kind":"badge","ref":"1","color":"#004A85","offset":[0,0]},"geometry":{"type":"Point","coordinates":[126.63310567391304,37.47507209999999]}},{"type":"Feature","properties":{"kind":"label","name":"동인천"},"geometry":{"type":"Point","coordinates":[126.63310567391304,37.47507209999999]}},{"type":"Feature","properties":{"kind":"badge","ref":"1","color":"#004A85","offset":[0,0]},"geometry":{"type":"Point","coordinates":[126.6170423,37.47693885]}},{"type":"Feature","properties":{"kind":"label","name":"인천"},"geometry":{"type":"Point","coordinates":[126.6170423,37.47693885]}},{"type":"Feature","properties":{"kind":"badge","ref":"1","color":"#004A85","offset":[0,0]},"geometry":{"type":"Point","coordinates":[126.90226935263158,37.435348352631586]}},{"type":"Feature","properties":{"kind":"label","name":"석수"},"geometry":{"type":"Point","coordinates":[126.90226935263158,37.435348352631586]}},{"type":"Feature","properties":{"kind":"badge","ref":"1","color":"#004A85","offset":[0,0]},"geometry":{"type":"Point","coordinates":[126.90838057368421,37.419695184210525]}},{"type":"Feature","properties":{"kind":"label","name":"관악"},"geometry":{"type":"Point","coordinates":[126.90838057368421,37.419695184210525]}},{"type":"Feature","properties":{"kind":"badge","ref":"1","color":"#004A85","offset":[0,0]},"geometry":{"type":"Point","coordinates":[126.9230462,37.40145225833333]}},{"type":"Feature","properties":{"kind":"label","name":"안양"},"geometry":{"type":"Point","coordinates":[126.9230462,37.40145225833333]}},{"type":"Feature","properties":{"kind":"badge","ref":"1","color":"#004A85","offset":[0,0]},"geometry":{"type":"Point","coordinates":[126.93566956315786,37.384276378947376]}},{"type":"Feature","properties":{"kind":"label","name":"명학"},"geometry":{"type":"Point","coordinates":[126.93566956315786,37.384276378947376]}},{"type":"Feature","properties":{"kind":"badge","ref":"1","color":"#004A85","offset":[0,0]},"geometry":{"type":"Point","coordinates":[126.94847810000003,37.3541543095238]}},{"type":"Feature","properties":{"kind":"label","name":"군포"},"geometry":{"type":"Point","coordinates":[126.94847810000003,37.3541543095238]}},{"type":"Feature","properties":{"kind":"badge","ref":"1","color":"#004A85","offset":[0,0]},"geometry":{"type":"Point","coordinates":[126.94836068421056,37.343296763157895]}},{"type":"Feature","properties":{"kind":"label","name":"당정"},"geometry":{"type":"Point","coordinates":[126.94836068421056,37.343296763157895]}},{"type":"Feature","properties":{"kind":"badge","ref":"1","color":"#004A85","offset":[0,0]},"geometry":{"type":"Point","coordinates":[126.94807269583333,37.320379291666676]}},{"type":"Feature","properties":{"kind":"label","name":"의왕"},"geometry":{"type":"Point","coordinates":[126.94807269583333,37.320379291666676]}},{"type":"Feature","properties":{"kind":"badge","ref":"1","color":"#004A85","offset":[0,0]},"geometry":{"type":"Point","coordinates":[126.97095717499998,37.30031615000001]}},{"type":"Feature","properties":{"kind":"label","name":"성균관대"},"geometry":{"type":"Point","coordinates":[126.97095717499998,37.30031615000001]}},{"type":"Feature","properties":{"kind":"badge","ref":"1","color":"#004A85","offset":[0,0]},"geometry":{"type":"Point","coordinates":[126.98958596842103,37.28402306315791]}},{"type":"Feature","properties":{"kind":"label","name":"화서"},"geometry":{"type":"Point","coordinates":[126.98958596842103,37.28402306315791]}},{"type":"Feature","properties":{"kind":"badge","ref":"1","color":"#004A85","offset":[0,0]},"geometry":{"type":"Point","coordinates":[126.9997508625,37.26612517083332]}},{"type":"Feature","properties":{"kind":"label","name":"수원"},"geometry":{"type":"Point","coordinates":[126.9997508625,37.26612517083332]}},{"type":"Feature","properties":{"kind":"badge","ref":"1","color":"#004A85","offset":[0,0]},"geometry":{"type":"Point","coordinates":[127.01373983157895,37.24410785789473]}},{"type":"Feature","properties":{"kind":"label","name":"세류"},"geometry":{"type":"Point","coordinates":[127.01373983157895,37.24410785789473]}},{"type":"Feature","properties":{"kind":"badge","ref":"1","color":"#004A85","offset":[0,0]},"geometry":{"type":"Point","coordinates":[127.03312030000005,37.206851449999995]}},{"type":"Feature","properties":{"kind":"label","name":"병점"},"geometry":{"type":"Point","coordinates":[127.03312030000005,37.206851449999995]}},{"type":"Feature","properties":{"kind":"badge","ref":"1","color":"#004A85","offset":[0,0]},"geometry":{"type":"Point","coordinates":[127.04343014999998,37.187188049999996]}},{"type":"Feature","properties":{"kind":"label","name":"세마"},"geometry":{"type":"Point","coordinates":[127.04343014999998,37.187188049999996]}},{"type":"Feature","properties":{"kind":"badge","ref":"1","color":"#004A85","offset":[0,0]},"geometry":{"type":"Point","coordinates":[127.06307985000001,37.16945164999999]}},{"type":"Feature","properties":{"kind":"label","name":"오산대"},"geometry":{"type":"Point","coordinates":[127.06307985000001,37.16945164999999]}},{"type":"Feature","properties":{"kind":"badge","ref":"1","color":"#004A85","offset":[0,0]},"geometry":{"type":"Point","coordinates":[127.06667128947367,37.144876610526325]}},{"type":"Feature","properties":{"kind":"label","name":"오산"},"geometry":{"type":"Point","coordinates":[127.06667128947367,37.144876610526325]}},{"type":"Feature","properties":{"kind":"badge","ref":"1","color":"#004A85","offset":[0,0]},"geometry":{"type":"Point","coordinates":[127.06239380000001,37.11009684999999]}},{"type":"Feature","properties":{"kind":"label","name":"진위"},"geometry":{"type":"Point","coordinates":[127.06239380000001,37.11009684999999]}},{"type":"Feature","properties":{"kind":"badge","ref":"1","color":"#004A85","offset":[0,0]},"geometry":{"type":"Point","coordinates":[127.05432010000001,37.0759581]}},{"type":"Feature","properties":{"kind":"label","name":"송탄"},"geometry":{"type":"Point","coordinates":[127.05432010000001,37.0759581]}},{"type":"Feature","properties":{"kind":"badge","ref":"1","color":"#004A85","offset":[0,0]},"geometry":{"type":"Point","coordinates":[127.05287957368421,37.05652827894736]}},{"type":"Feature","properties":{"kind":"label","name":"서정리"},"geometry":{"type":"Point","coordinates":[127.05287957368421,37.05652827894736]}},{"type":"Feature","properties":{"kind":"badge","ref":"1","color":"#004A85","offset":[0,0]},"geometry":{"type":"Point","coordinates":[127.07042639999999,37.019001749999994]}},{"type":"Feature","properties":{"kind":"label","name":"평택지제"},"geometry":{"type":"Point","coordinates":[127.07042639999999,37.019001749999994]}},{"type":"Feature","properties":{"kind":"badge","ref":"1","color":"#004A85","offset":[0,0]},"geometry":{"type":"Point","coordinates":[127.08543626499997,36.990684914999996]}},{"type":"Feature","properties":{"kind":"label","name":"평택"},"geometry":{"type":"Point","coordinates":[127.08543626499997,36.990684914999996]}},{"type":"Feature","properties":{"kind":"badge","ref":"1","color":"#004A85","offset":[0,0]},"geometry":{"type":"Point","coordinates":[127.12684295000001,36.91630880499999]}},{"type":"Feature","properties":{"kind":"label","name":"성환"},"geometry":{"type":"Point","coordinates":[127.12684295000001,36.91630880499999]}},{"type":"Feature","properties":{"kind":"badge","ref":"1","color":"#004A85","offset":[0,0]},"geometry":{"type":"Point","coordinates":[127.14381025,36.87095285]}},{"type":"Feature","properties":{"kind":"label","name":"직산"},"geometry":{"type":"Point","coordinates":[127.14381025,36.87095285]}},{"type":"Feature","properties":{"kind":"badge","ref":"1","color":"#004A85","offset":[0,0]},"geometry":{"type":"Point","coordinates":[127.14888642000001,36.834200465000016]}},{"type":"Feature","properties":{"kind":"label","name":"두정"},"geometry":{"type":"Point","coordinates":[127.14888642000001,36.834200465000016]}},{"type":"Feature","properties":{"kind":"badge","ref":"1","color":"#004A85","offset":[0,0]},"geometry":{"type":"Point","coordinates":[127.146553055,36.810960970000004]}},{"type":"Feature","properties":{"kind":"label","name":"천안"},"geometry":{"type":"Point","coordinates":[127.146553055,36.810960970000004]}},{"type":"Feature","properties":{"kind":"badge","ref":"1","color":"#004A85","offset":[0,0]},"geometry":{"type":"Point","coordinates":[127.13607164999999,36.801399849999996]}},{"type":"Feature","properties":{"kind":"label","name":"봉명"},"geometry":{"type":"Point","coordinates":[127.13607164999999,36.801399849999996]}},{"type":"Feature","properties":{"kind":"badge","ref":"1","color":"#004A85","offset":[0,0]},"geometry":{"type":"Point","coordinates":[127.12136459999999,36.79375185]}},{"type":"Feature","properties":{"kind":"label","name":"쌍용"},"geometry":{"type":"Point","coordinates":[127.12136459999999,36.79375185]}},{"type":"Feature","properties":{"kind":"badge","ref":"1","color":"#004A85","offset":[0,0]},"geometry":{"type":"Point","coordinates":[127.10444689999999,36.792085199999995]}},{"type":"Feature","properties":{"kind":"label","name":"아산"},"geometry":{"type":"Point","coordinates":[127.10444689999999,36.792085199999995]}},{"type":"Feature","properties":{"kind":"badge","ref":"1","color":"#004A85","offset":[0,0]},"geometry":{"type":"Point","coordinates":[127.08450145,36.78820815]}},{"type":"Feature","properties":{"kind":"label","name":"탕정"},"geometry":{"type":"Point","coordinates":[127.08450145,36.78820815]}},{"type":"Feature","properties":{"kind":"badge","ref":"1","color":"#004A85","offset":[0,0]},"geometry":{"type":"Point","coordinates":[127.0528192,36.77762405]}},{"type":"Feature","properties":{"kind":"label","name":"배방"},"geometry":{"type":"Point","coordinates":[127.0528192,36.77762405]}},{"type":"Feature","properties":{"kind":"badge","ref":"1","color":"#004A85","offset":[0,0]},"geometry":{"type":"Point","coordinates":[127.00319809999999,36.78053885]}},{"type":"Feature","properties":{"kind":"label","name":"온양온천"},"geometry":{"type":"Point","coordinates":[127.00319809999999,36.78053885]}},{"type":"Feature","properties":{"kind":"badge","ref":"1","color":"#004A85","offset":[0,0]},"geometry":{"type":"Point","coordinates":[126.9518605,36.7698103]}},{"type":"Feature","properties":{"kind":"label","name":"신창"},"geometry":{"type":"Point","coordinates":[126.9518605,36.7698103]}},{"type":"Feature","properties":{"kind":"badge","ref":"1","color":"#004A85","offset":[0,0]},"geometry":{"type":"Point","coordinates":[127.05186902000003,37.19571224]}},{"type":"Feature","properties":{"kind":"label","name":"서동탄"},"geometry":{"type":"Point","coordinates":[127.05186902000003,37.19571224]}},{"type":"Feature","properties":{"kind":"badge","ref":"김포 골드라인","color":"#957326","offset":[0,0]},"geometry":{"type":"Point","coordinates":[126.7701672,37.6013179]}},{"type":"Feature","properties":{"kind":"label","name":"고촌"},"geometry":{"type":"Point","coordinates":[126.7701672,37.6013179]}},{"type":"Feature","properties":{"kind":"badge","ref":"김포 골드라인","color":"#957326","offset":[0,0]},"geometry":{"type":"Point","coordinates":[126.73244265,37.6123922]}},{"type":"Feature","properties":{"kind":"label","name":"풍무"},"geometry":{"type":"Point","coordinates":[126.73244265,37.6123922]}},{"type":"Feature","properties":{"kind":"badge","ref":"김포 골드라인","color":"#957326","offset":[0,0]},"geometry":{"type":"Point","coordinates":[126.71971005,37.62023265]}},{"type":"Feature","properties":{"kind":"label","name":"사우"},"geometry":{"type":"Point","coordinates":[126.71971005,37.62023265]}},{"type":"Feature","properties":{"kind":"badge","ref":"김포 골드라인","color":"#957326","offset":[0,0]},"geometry":{"type":"Point","coordinates":[126.7058821,37.6315291]}},{"type":"Feature","properties":{"kind":"label","name":"걸포북변"},"geometry":{"type":"Point","coordinates":[126.7058821,37.6315291]}},{"type":"Feature","properties":{"kind":"badge","ref":"김포 골드라인","color":"#957326","offset":[0,0]},"geometry":{"type":"Point","coordinates":[126.68389225,37.65380915]}},{"type":"Feature","properties":{"kind":"label","name":"운양"},"geometry":{"type":"Point","coordinates":[126.68389225,37.65380915]}},{"type":"Feature","properties":{"kind":"badge","ref":"김포 골드라인","color":"#957326","offset":[0,0]},"geometry":{"type":"Point","coordinates":[126.6690159,37.6440054]}},{"type":"Feature","properties":{"kind":"label","name":"장기"},"geometry":{"type":"Point","coordinates":[126.6690159,37.6440054]}},{"type":"Feature","properties":{"kind":"badge","ref":"김포 골드라인","color":"#957326","offset":[0,0]},"geometry":{"type":"Point","coordinates":[126.64412784999999,37.6405881]}},{"type":"Feature","properties":{"kind":"label","name":"마산"},"geometry":{"type":"Point","coordinates":[126.64412784999999,37.6405881]}},{"type":"Feature","properties":{"kind":"badge","ref":"김포 골드라인","color":"#957326","offset":[0,0]},"geometry":{"type":"Point","coordinates":[126.62872835,37.6453669]}},{"type":"Feature","properties":{"kind":"label","name":"구래"},"geometry":{"type":"Point","coordinates":[126.62872835,37.6453669]}},{"type":"Feature","properties":{"kind":"badge","ref":"김포 골드라인","color":"#957326","offset":[0,0]},"geometry":{"type":"Point","coordinates":[126.61478779999999,37.6416516]}},{"type":"Feature","properties":{"kind":"label","name":"양촌"},"geometry":{"type":"Point","coordinates":[126.61478779999999,37.6416516]}},{"type":"Feature","properties":{"kind":"badge","ref":"인천국제공항 셔틀트레인: 제2터미널 → 제1터미널","color":"#6b7280","offset":[-10,0]},"geometry":{"type":"Point","coordinates":[126.43589495,37.46614985]}},{"type":"Feature","properties":{"kind":"badge","ref":"인천국제공항 셔틀트레인: 제1터미널 → 제2터미널","color":"#6b7280","offset":[10,0]},"geometry":{"type":"Point","coordinates":[126.43589495,37.46614985]}},{"type":"Feature","properties":{"kind":"label","name":"제2터미널"},"geometry":{"type":"Point","coordinates":[126.43589495,37.46614985]}},{"type":"Feature","properties":{"kind":"badge","ref":"인천국제공항 셔틀트레인: 제2터미널 → 제1터미널","color":"#6b7280","offset":[-10,0]},"geometry":{"type":"Point","coordinates":[126.44498955,37.4558773]}},{"type":"Feature","properties":{"kind":"badge","ref":"인천국제공항 셔틀트레인: 제1터미널 → 제2터미널","color":"#6b7280","offset":[10,0]},"geometry":{"type":"Point","coordinates":[126.44498955,37.4558773]}},{"type":"Feature","properties":{"kind":"label","name":"탑승동"},"geometry":{"type":"Point","coordinates":[126.44498955,37.4558773]}},{"type":"Feature","properties":{"kind":"badge","ref":"인천국제공항 셔틀트레인: 제2터미널 → 제1터미널","color":"#6b7280","offset":[-10,0]},"geometry":{"type":"Point","coordinates":[126.4504519,37.449692]}},{"type":"Feature","properties":{"kind":"badge","ref":"인천국제공항 셔틀트레인: 제1터미널 → 제2터미널","color":"#6b7280","offset":[10,0]},"geometry":{"type":"Point","coordinates":[126.4504519,37.449692]}},{"type":"Feature","properties":{"kind":"label","name":"제1터미널"},"geometry":{"type":"Point","coordinates":[126.4504519,37.449692]}},{"type":"Feature","properties":{"kind":"badge","ref":"7","color":"#6E7E31","offset":[0,0]},"geometry":{"type":"Point","coordinates":[127.0553117,37.677869199999996]}},{"type":"Feature","properties":{"kind":"label","name":"수락산"},"geometry":{"type":"Point","coordinates":[127.0553117,37.677869199999996]}},{"type":"Feature","properties":{"kind":"badge","ref":"7","color":"#6E7E31","offset":[0,0]},"geometry":{"type":"Point","coordinates":[127.0576167,37.66551795]}},{"type":"Feature","properties":{"kind":"label","name":"마들"},"geometry":{"type":"Point","coordinates":[127.0576167,37.66551795]}},{"type":"Feature","properties":{"kind":"badge","ref":"7","color":"#6E7E31","offset":[0,0]},"geometry":{"type":"Point","coordinates":[127.06387335,37.645528399999996]}},{"type":"Feature","properties":{"kind":"label","name":"중계"},"geometry":{"type":"Point","coordinates":[127.06387335,37.645528399999996]}},{"type":"Feature","properties":{"kind":"badge","ref":"7","color":"#6E7E31","offset":[0,0]},"geometry":{"type":"Point","coordinates":[127.06822545,37.635980499999995]}},{"type":"Feature","properties":{"kind":"label","name":"하계"},"geometry":{"type":"Point","coordinates":[127.06822545,37.635980499999995]}},{"type":"Feature","properties":{"kind":"badge","ref":"7","color":"#6E7E31","offset":[0,0]},"geometry":{"type":"Point","coordinates":[127.07300580000002,37.62561105]}},{"type":"Feature","properties":{"kind":"label","name":"공릉"},"geometry":{"type":"Point","coordinates":[127.07300580000002,37.62561105]}},{"type":"Feature","properties":{"kind":"badge","ref":"7","color":"#6E7E31","offset":[0,0]},"geometry":{"type":"Point","coordinates":[127.07760615000001,37.611438850000006]}},{"type":"Feature","properties":{"kind":"label","name":"먹골"},"geometry":{"type":"Point","coordinates":[127.07760615000001,37.611438850000006]}},{"type":"Feature","properties":{"kind":"badge","ref":"7","color":"#6E7E31","offset":[0,0]},"geometry":{"type":"Point","coordinates":[127.0794696,37.601632]}},{"type":"Feature","properties":{"kind":"label","name":"중화"},"geometry":{"type":"Point","coordinates":[127.0794696,37.601632]}},{"type":"Feature","properties":{"kind":"badge","ref":"7","color":"#6E7E31","offset":[0,0]},"geometry":{"type":"Point","coordinates":[127.08565575,37.59584195]}},{"type":"Feature","properties":{"kind":"label","name":"상봉"},"geometry":{"type":"Point","coordinates":[127.08565575,37.59584195]}},{"type":"Feature","properties":{"kind":"badge","ref":"7","color":"#6E7E31","offset":[0,0]},"geometry":{"type":"Point","coordinates":[127.0875651,37.58838295]}},{"type":"Feature","properties":{"kind":"label","name":"면목"},"geometry":{"type":"Point","coordinates":[127.0875651,37.58838295]}},{"type":"Feature","properties":{"kind":"badge","ref":"7","color":"#6E7E31","offset":[0,0]},"geometry":{"type":"Point","coordinates":[127.08841535000002,37.5807183]}},{"type":"Feature","properties":{"kind":"label","name":"사가정"},"geometry":{"type":"Point","coordinates":[127.08841535000002,37.5807183]}},{"type":"Feature","properties":{"kind":"badge","ref":"7","color":"#6E7E31","offset":[0,0]},"geometry":{"type":"Point","coordinates":[127.08650784999999,37.57388405]}},{"type":"Feature","properties":{"kind":"label","name":"용마산"},"geometry":{"type":"Point","coordinates":[127.08650784999999,37.57388405]}},{"type":"Feature","properties":{"kind":"badge","ref":"7","color":"#6E7E31","offset":[0,0]},"geometry":{"type":"Point","coordinates":[127.08450819999999,37.56628955]}},{"type":"Feature","properties":{"kind":"label","name":"중곡"},"geometry":{"type":"Point","coordinates":[127.08450819999999,37.56628955]}},{"type":"Feature","properties":{"kind":"badge","ref":"7","color":"#6E7E31","offset":[0,0]},"geometry":{"type":"Point","coordinates":[127.07440324999999,37.5476204]}},{"type":"Feature","properties":{"kind":"label","name":"어린이대공원"},"geometry":{"type":"Point","coordinates":[127.07440324999999,37.5476204]}},{"type":"Feature","properties":{"kind":"badge","ref":"7","color":"#6E7E31","offset":[0,0]},"geometry":{"type":"Point","coordinates":[127.06674184999999,37.53154165000001]}},{"type":"Feature","properties":{"kind":"label","name":"자양"},"geometry":{"type":"Point","coordinates":[127.06674184999999,37.53154165000001]}},{"type":"Feature","properties":{"kind":"badge","ref":"7","color":"#6E7E31","offset":[0,0]},"geometry":{"type":"Point","coordinates":[127.05116675,37.518998249999996]}},{"type":"Feature","properties":{"kind":"label","name":"청담"},"geometry":{"type":"Point","coordinates":[127.05116675,37.518998249999996]}},{"type":"Feature","properties":{"kind":"badge","ref":"7","color":"#6E7E31","offset":[0,0]},"geometry":{"type":"Point","coordinates":[127.04130930000001,37.517178550000004]}},{"type":"Feature","properties":{"kind":"label","name":"강남구청"},"geometry":{"type":"Point","coordinates":[127.04130930000001,37.517178550000004]}},{"type":"Feature","properties":{"kind":"badge","ref":"7","color":"#6E7E31","offset":[0,0]},"geometry":{"type":"Point","coordinates":[127.03074140000001,37.51395335000001]}},{"type":"Feature","properties":{"kind":"label","name":"학동"},"geometry":{"type":"Point","coordinates":[127.03074140000001,37.51395335000001]}},{"type":"Feature","properties":{"kind":"badge","ref":"7","color":"#6E7E31","offset":[0,0]},"geometry":{"type":"Point","coordinates":[127.0116271,37.5081687]}},{"type":"Feature","properties":{"kind":"label","name":"반포"},"geometry":{"type":"Point","coordinates":[127.0116271,37.5081687]}},{"type":"Feature","properties":{"kind":"badge","ref":"7","color":"#6E7E31","offset":[0,0]},"geometry":{"type":"Point","coordinates":[126.99319055000001,37.4875448]}},{"type":"Feature","properties":{"kind":"label","name":"내방"},"geometry":{"type":"Point","coordinates":[126.99319055000001,37.4875448]}},{"type":"Feature","properties":{"kind":"badge","ref":"7","color":"#6E7E31","offset":[0,0]},"geometry":{"type":"Point","coordinates":[126.98196230000002,37.48532035]}},{"type":"Feature","properties":{"kind":"label","name":"이수"},"geometry":{"type":"Point","coordinates":[126.98196230000002,37.48532035]}},{"type":"Feature","properties":{"kind":"badge","ref":"7","color":"#6E7E31","offset":[0,0]},"geometry":{"type":"Point","coordinates":[126.97186830000003,37.484363450000004]}},{"type":"Feature","properties":{"kind":"label","name":"남성"},"geometry":{"type":"Point","coordinates":[126.97186830000003,37.484363450000004]}},{"type":"Feature","properties":{"kind":"badge","ref":"7","color":"#6E7E31","offset":[0,0]},"geometry":{"type":"Point","coordinates":[126.95412005000001,37.495645700000004]}},{"type":"Feature","properties":{"kind":"label","name":"숭실대입구"},"geometry":{"type":"Point","coordinates":[126.95412005000001,37.495645700000004]}},{"type":"Feature","properties":{"kind":"badge","ref":"7","color":"#6E7E31","offset":[0,0]},"geometry":{"type":"Point","coordinates":[126.94767085000001,37.5032044]}},{"type":"Feature","properties":{"kind":"label","name":"상도"},"geometry":{"type":"Point","coordinates":[126.94767085000001,37.5032044]}},{"type":"Feature","properties":{"kind":"badge","ref":"7","color":"#6E7E31","offset":[0,0]},"geometry":{"type":"Point","coordinates":[126.93920815,37.504977849999996]}},{"type":"Feature","properties":{"kind":"label","name":"장승배기"},"geometry":{"type":"Point","coordinates":[126.93920815,37.504977849999996]}},{"type":"Feature","properties":{"kind":"badge","ref":"7","color":"#6E7E31","offset":[0,0]},"geometry":{"type":"Point","coordinates":[126.92820799999998,37.49970205]}},{"type":"Feature","properties":{"kind":"label","name":"신대방삼거리"},"geometry":{"type":"Point","coordinates":[126.92820799999998,37.49970205]}},{"type":"Feature","properties":{"kind":"badge","ref":"7","color":"#6E7E31","offset":[-10,0]},"geometry":{"type":"Point","coordinates":[126.92032954000001,37.50001104000001]}},{"type":"Feature","properties":{"kind":"badge","ref":"Silim","color":"#6789CA","offset":[10,0]},"geometry":{"type":"Point","coordinates":[126.92032954000001,37.50001104000001]}},{"type":"Feature","properties":{"kind":"label","name":"보라매"},"geometry":{"type":"Point","coordinates":[126.92032954000001,37.50001104000001]}},{"type":"Feature","properties":{"kind":"badge","ref":"7","color":"#6E7E31","offset":[0,0]},"geometry":{"type":"Point","coordinates":[126.9089354,37.50012825]}},{"type":"Feature","properties":{"kind":"label","name":"신풍"},"geometry":{"type":"Point","coordinates":[126.9089354,37.50012825]}},{"type":"Feature","properties":{"kind":"badge","ref":"7","color":"#6E7E31","offset":[0,0]},"geometry":{"type":"Point","coordinates":[126.8962674,37.49250275]}},{"type":"Feature","properties":{"kind":"label","name":"대림"},"geometry":{"type":"Point","coordinates":[126.8962674,37.49250275]}},{"type":"Feature","properties":{"kind":"badge","ref":"7","color":"#6E7E31","offset":[0,0]},"geometry":{"type":"Point","coordinates":[126.88669184999999,37.485393650000006]}},{"type":"Feature","properties":{"kind":"label","name":"남구로"},"geometry":{"type":"Point","coordinates":[126.88669184999999,37.485393650000006]}},{"type":"Feature","properties":{"kind":"badge","ref":"7","color":"#6E7E31","offset":[0,0]},"geometry":{"type":"Point","coordinates":[126.8677667,37.476041]}},{"type":"Feature","properties":{"kind":"label","name":"철산"},"geometry":{"type":"Point","coordinates":[126.8677667,37.476041]}},{"type":"Feature","properties":{"kind":"badge","ref":"7","color":"#6E7E31","offset":[0,0]},"geometry":{"type":"Point","coordinates":[126.85431915,37.4794557]}},{"type":"Feature","properties":{"kind":"label","name":"광명사거리"},"geometry":{"type":"Point","coordinates":[126.85431915,37.4794557]}},{"type":"Feature","properties":{"kind":"badge","ref":"7","color":"#6E7E31","offset":[0,0]},"geometry":{"type":"Point","coordinates":[126.8389309,37.4863455]}},{"type":"Feature","properties":{"kind":"label","name":"천왕"},"geometry":{"type":"Point","coordinates":[126.8389309,37.4863455]}},{"type":"Feature","properties":{"kind":"badge","ref":"7","color":"#6E7E31","offset":[0,0]},"geometry":{"type":"Point","coordinates":[127.053075,37.7001801]}},{"type":"Feature","properties":{"kind":"label","name":"장암"},"geometry":{"type":"Point","coordinates":[127.053075,37.7001801]}},{"type":"Feature","properties":{"kind":"badge","ref":"6","color":"#7C4932","offset":[0,0]},"geometry":{"type":"Point","coordinates":[127.1046462,37.6124026]}},{"type":"Feature","properties":{"kind":"label","name":"신내"},"geometry":{"type":"Point","coordinates":[127.1046462,37.6124026]}},{"type":"Feature","properties":{"kind":"badge","ref":"CK","color":"red","offset":[0,0]},"geometry":{"type":"Point","coordinates":[130.7644594,33.866595000000004]}},{"type":"Feature","properties":{"kind":"label","name":"구로사키"},"geometry":{"type":"Point","coordinates":[130.7644594,33.866595000000004]}},{"type":"Feature","properties":{"kind":"badge","ref":"CK","color":"red","offset":[0,0]},"geometry":{"type":"Point","coordinates":[130.76240124999998,33.8664105]}},{"type":"Feature","properties":{"kind":"label","name":"니시쿠로사키"},"geometry":{"type":"Point","coordinates":[130.76240124999998,33.8664105]}},{"type":"Feature","properties":{"kind":"badge","ref":"CK","color":"red","offset":[0,0]},"geometry":{"type":"Point","coordinates":[130.7579723,33.8661162]}},{"type":"Feature","properties":{"kind":"label","name":"구마니시"},"geometry":{"type":"Point","coordinates":[130.7579723,33.8661162]}},{"type":"Feature","properties":{"kind":"badge","ref":"CK","color":"red","offset":[0,0]},"geometry":{"type":"Point","coordinates":[130.7494408,33.86152895]}},{"type":"Feature","properties":{"kind":"label","name":"萩原"},"geometry":{"type":"Point","coordinates":[130.7494408,33.86152895]}},{"type":"Feature","properties":{"kind":"badge","ref":"CK","color":"red","offset":[0,0]},"geometry":{"type":"Point","coordinates":[130.74488445,33.8573751]}},{"type":"Feature","properties":{"kind":"label","name":"穴生"},"geometry":{"type":"Point","coordinates":[130.74488445,33.8573751]}},{"type":"Feature","properties":{"kind":"badge","ref":"CK","color":"red","offset":[0,0]},"geometry":{"type":"Point","coordinates":[130.74097404999998,33.853781999999995]}},{"type":"Feature","properties":{"kind":"label","name":"森下"},"geometry":{"type":"Point","coordinates":[130.74097404999998,33.853781999999995]}},{"type":"Feature","properties":{"kind":"badge","ref":"CK","color":"red","offset":[0,0]},"geometry":{"type":"Point","coordinates":[130.73966735,33.84580835]}},{"type":"Feature","properties":{"kind":"label","name":"今池"},"geometry":{"type":"Point","coordinates":[130.73966735,33.84580835]}},{"type":"Feature","properties":{"kind":"badge","ref":"CK","color":"red","offset":[0,0]},"geometry":{"type":"Point","coordinates":[130.73809255,33.83876925]}},{"type":"Feature","properties":{"kind":"label","name":"에이노마루"},"geometry":{"type":"Point","coordinates":[130.73809255,33.83876925]}},{"type":"Feature","properties":{"kind":"badge","ref":"CK","color":"red","offset":[0,0]},"geometry":{"type":"Point","coordinates":[130.73603400000002,33.8347213]}},{"type":"Feature","properties":{"kind":"label","name":"산가모리"},"geometry":{"type":"Point","coordinates":[130.73603400000002,33.8347213]}},{"type":"Feature","properties":{"kind":"badge","ref":"CK","color":"red","offset":[0,0]},"geometry":{"type":"Point","coordinates":[130.73238485000002,33.82981475]}},{"type":"Feature","properties":{"kind":"label","name":"니시야마"},"geometry":{"type":"Point","coordinates":[130.73238485000002,33.82981475]}},{"type":"Feature","properties":{"kind":"badge","ref":"CK","color":"red","offset":[0,0]},"geometry":{"type":"Point","coordinates":[130.7267542,33.8228601]}},{"type":"Feature","properties":{"kind":"label","name":"도리타니"},"geometry":{"type":"Point","coordinates":[130.7267542,33.8228601]}},{"type":"Feature","properties":{"kind":"badge","ref":"CK","color":"red","offset":[0,0]},"geometry":{"type":"Point","coordinates":[130.72144939999998,33.82009695]}},{"type":"Feature","properties":{"kind":"label","name":"히가시나카마"},"geometry":{"type":"Point","coordinates":[130.72144939999998,33.82009695]}},{"type":"Feature","properties":{"kind":"badge","ref":"CK","color":"red","offset":[0,0]},"geometry":{"type":"Point","coordinates":[130.71645469999999,33.816475350000005]}},{"type":"Feature","properties":{"kind":"label","name":"지쿠호나카마"},"geometry":{"type":"Point","coordinates":[130.71645469999999,33.816475350000005]}},{"type":"Feature","properties":{"kind":"badge","ref":"CK","color":"red","offset":[0,0]},"geometry":{"type":"Point","coordinates":[130.71153065,33.8086742]}},{"type":"Feature","properties":{"kind":"label","name":"기보가오카고교앞"},"geometry":{"type":"Point","coordinates":[130.71153065,33.8086742]}},{"type":"Feature","properties":{"kind":"badge","ref":"CK","color":"red","offset":[0,0]},"geometry":{"type":"Point","coordinates":[130.71874715,33.799729049999996]}},{"type":"Feature","properties":{"kind":"label","name":"지쿠호카쓰키"},"geometry":{"type":"Point","coordinates":[130.71874715,33.799729049999996]}},{"type":"Feature","properties":{"kind":"badge","ref":"CK","color":"red","offset":[0,0]},"geometry":{"type":"Point","coordinates":[130.72463525,33.7891652]}},{"type":"Feature","properties":{"kind":"label","name":"구스바시"},"geometry":{"type":"Point","coordinates":[130.72463525,33.7891652]}},{"type":"Feature","properties":{"kind":"badge","ref":"CK","color":"red","offset":[0,0]},"geometry":{"type":"Point","coordinates":[130.72447165,33.783581]}},{"type":"Feature","properties":{"kind":"label","name":"신코야노세"},"geometry":{"type":"Point","coordinates":[130.72447165,33.783581]}},{"type":"Feature","properties":{"kind":"badge","ref":"CK","color":"red","offset":[0,0]},"geometry":{"type":"Point","coordinates":[130.72478635,33.77903310000001]}},{"type":"Feature","properties":{"kind":"label","name":"고야노세"},"geometry":{"type":"Point","coordinates":[130.72478635,33.77903310000001]}},{"type":"Feature","properties":{"kind":"badge","ref":"CK","color":"red","offset":[0,0]},"geometry":{"type":"Point","coordinates":[130.7306207,33.76907735]}},{"type":"Feature","properties":{"kind":"label","name":"온가노"},"geometry":{"type":"Point","coordinates":[130.7306207,33.76907735]}},{"type":"Feature","properties":{"kind":"badge","ref":"CK","color":"red","offset":[0,0]},"geometry":{"type":"Point","coordinates":[130.73269134999998,33.7582402]}},{"type":"Feature","properties":{"kind":"label","name":"간다"},"geometry":{"type":"Point","coordinates":[130.73269134999998,33.7582402]}},{"type":"Feature","properties":{"kind":"badge","ref":"CK","color":"red","offset":[0,0]},"geometry":{"type":"Point","coordinates":[130.7262455,33.7535316]}},{"type":"Feature","properties":{"kind":"label","name":"지쿠호노가타"},"geometry":{"type":"Point","coordinates":[130.7262455,33.7535316]}},{"type":"Feature","properties":{"kind":"badge","ref":"경강","color":"#0B318F","offset":[0,0]},"geometry":{"type":"Point","coordinates":[127.11965000000001,37.39470465]}},{"type":"Feature","properties":{"kind":"label","name":"성남"},"geometry":{"type":"Point","coordinates":[127.11965000000001,37.39470465]}},{"type":"Feature","properties":{"kind":"badge","ref":"5","color":"#794698","offset":[0,0]},"geometry":{"type":"Point","coordinates":[127.22369005,37.539676799999995]}},{"type":"Feature","properties":{"kind":"label","name":"하남검단산"},"geometry":{"type":"Point","coordinates":[127.22369005,37.539676799999995]}},{"type":"Feature","properties":{"kind":"badge","ref":"5","color":"#794698","offset":[0,0]},"geometry":{"type":"Point","coordinates":[127.207006,37.54165275]}},{"type":"Feature","properties":{"kind":"label","name":"하남시청"},"geometry":{"type":"Point","coordinates":[127.207006,37.54165275]}},{"type":"Feature","properties":{"kind":"badge","ref":"5","color":"#794698","offset":[0,0]},"geometry":{"type":"Point","coordinates":[127.2043138,37.55281085]}},{"type":"Feature","properties":{"kind":"label","name":"하남풍산"},"geometry":{"type":"Point","coordinates":[127.2043138,37.55281085]}},{"type":"Feature","properties":{"kind":"badge","ref":"5","color":"#794698","offset":[0,0]},"geometry":{"type":"Point","coordinates":[127.1927987,37.56300245]}},{"type":"Feature","properties":{"kind":"label","name":"미사"},"geometry":{"type":"Point","coordinates":[127.1927987,37.56300245]}},{"type":"Feature","properties":{"kind":"badge","ref":"5","color":"#794698","offset":[0,0]},"geometry":{"type":"Point","coordinates":[127.1761181,37.5575379]}},{"type":"Feature","properties":{"kind":"label","name":"강일"},"geometry":{"type":"Point","coordinates":[127.1761181,37.5575379]}},{"type":"Feature","properties":{"kind":"badge","ref":"7","color":"#6E7E31","offset":[0,0]},"geometry":{"type":"Point","coordinates":[126.8113736,37.506238350000004]}},{"type":"Feature","properties":{"kind":"label","name":"까치울"},"geometry":{"type":"Point","coordinates":[126.8113736,37.506238350000004]}},{"type":"Feature","properties":{"kind":"badge","ref":"7","color":"#6E7E31","offset":[0,0]},"geometry":{"type":"Point","coordinates":[126.7972585,37.5054479]}},{"type":"Feature","properties":{"kind":"label","name":"부천종합운동장"},"geometry":{"type":"Point","coordinates":[126.7972585,37.5054479]}},{"type":"Feature","properties":{"kind":"badge","ref":"7","color":"#6E7E31","offset":[0,0]},"geometry":{"type":"Point","coordinates":[126.78718219999999,37.5037262]}},{"type":"Feature","properties":{"kind":"label","name":"춘의"},"geometry":{"type":"Point","coordinates":[126.78718219999999,37.5037262]}},{"type":"Feature","properties":{"kind":"badge","ref":"7","color":"#6E7E31","offset":[0,0]},"geometry":{"type":"Point","coordinates":[126.7762148,37.50304175]}},{"type":"Feature","properties":{"kind":"label","name":"신중동"},"geometry":{"type":"Point","coordinates":[126.7762148,37.50304175]}},{"type":"Feature","properties":{"kind":"badge","ref":"7","color":"#6E7E31","offset":[0,0]},"geometry":{"type":"Point","coordinates":[126.763178,37.5047652]}},{"type":"Feature","properties":{"kind":"label","name":"부천시청"},"geometry":{"type":"Point","coordinates":[126.763178,37.5047652]}},{"type":"Feature","properties":{"kind":"badge","ref":"7","color":"#6E7E31","offset":[0,0]},"geometry":{"type":"Point","coordinates":[126.7531662,37.505828199999996]}},{"type":"Feature","properties":{"kind":"label","name":"상동"},"geometry":{"type":"Point","coordinates":[126.7531662,37.505828199999996]}},{"type":"Feature","properties":{"kind":"badge","ref":"7","color":"#6E7E31","offset":[0,0]},"geometry":{"type":"Point","coordinates":[126.7423046,37.5064953]}},{"type":"Feature","properties":{"kind":"label","name":"삼산체육관"},"geometry":{"type":"Point","coordinates":[126.7423046,37.5064953]}},{"type":"Feature","properties":{"kind":"badge","ref":"7","color":"#6E7E31","offset":[0,0]},"geometry":{"type":"Point","coordinates":[126.73131625,37.50701815]}},{"type":"Feature","properties":{"kind":"label","name":"굴포천"},"geometry":{"type":"Point","coordinates":[126.73131625,37.50701815]}},{"type":"Feature","properties":{"kind":"badge","ref":"7","color":"#6E7E31","offset":[-10,0]},"geometry":{"type":"Point","coordinates":[126.72082713333333,37.50768901666667]}},{"type":"Feature","properties":{"kind":"badge","ref":"인천1","color":"#B4C7E7","offset":[10,0]},"geometry":{"type":"Point","coordinates":[126.72082713333333,37.50768901666667]}},{"type":"Feature","properties":{"kind":"label","name":"부평구청"},"geometry":{"type":"Point","coordinates":[126.72082713333333,37.50768901666667]}},{"type":"Feature","properties":{"kind":"badge","ref":"7","color":"#6E7E31","offset":[0,0]},"geometry":{"type":"Point","coordinates":[126.70367825,37.50858455000001]}},{"type":"Feature","properties":{"kind":"label","name":"산곡"},"geometry":{"type":"Point","coordinates":[126.70367825,37.50858455000001]}},{"type":"Feature","properties":{"kind":"badge","ref":"1","color":"#009088","offset":[0,0]},"geometry":{"type":"Point","coordinates":[126.7695887,35.1247905]}},{"type":"Feature","properties":{"kind":"label","name":"평동"},"geometry":{"type":"Point","coordinates":[126.7695887,35.1247905]}},{"type":"Feature","properties":{"kind":"badge","ref":"1","color":"#009088","offset":[0,0]},"geometry":{"type":"Point","coordinates":[126.78758189999999,35.1316043]}},{"type":"Feature","properties":{"kind":"label","name":"도산"},"geometry":{"type":"Point","coordinates":[126.78758189999999,35.1316043]}},{"type":"Feature","properties":{"kind":"badge","ref":"1","color":"#009088","offset":[0,0]},"geometry":{"type":"Point","coordinates":[126.7916281,35.13763375]}},{"type":"Feature","properties":{"kind":"label","name":"광주송정"},"geometry":{"type":"Point","coordinates":[126.7916281,35.13763375]}},{"type":"Feature","properties":{"kind":"badge","ref":"1","color":"#009088","offset":[0,0]},"geometry":{"type":"Point","coordinates":[126.79951600000001,35.1435799]}},{"type":"Feature","properties":{"kind":"label","name":"송정공원"},"geometry":{"type":"Point","coordinates":[126.79951600000001,35.1435799]}},{"type":"Feature","properties":{"kind":"badge","ref":"1","color":"#009088","offset":[0,0]},"geometry":{"type":"Point","coordinates":[126.81171069999999,35.1441148]}},{"type":"Feature","properties":{"kind":"label","name":"공항"},"geometry":{"type":"Point","coordinates":[126.81171069999999,35.1441148]}},{"type":"Feature","properties":{"kind":"badge","ref":"1","color":"#009088","offset":[0,0]},"geometry":{"type":"Point","coordinates":[126.84131995,35.1431868]}},{"type":"Feature","properties":{"kind":"label","name":"김대중컨벤션센터"},"geometry":{"type":"Point","coordinates":[126.84131995,35.1431868]}},{"type":"Feature","properties":{"kind":"badge","ref":"1","color":"#009088","offset":[0,0]},"geometry":{"type":"Point","coordinates":[126.85870184999999,35.1504025]}},{"type":"Feature","properties":{"kind":"label","name":"운천"},"geometry":{"type":"Point","coordinates":[126.85870184999999,35.1504025]}},{"type":"Feature","properties":{"kind":"badge","ref":"1","color":"#009088","offset":[0,0]},"geometry":{"type":"Point","coordinates":[126.86956615,35.1514804]}},{"type":"Feature","properties":{"kind":"label","name":"쌍촌"},"geometry":{"type":"Point","coordinates":[126.86956615,35.1514804]}},{"type":"Feature","properties":{"kind":"badge","ref":"1","color":"#009088","offset":[0,0]},"geometry":{"type":"Point","coordinates":[126.8768547,35.15192025]}},{"type":"Feature","properties":{"kind":"label","name":"화정"},"geometry":{"type":"Point","coordinates":[126.8768547,35.15192025]}},{"type":"Feature","properties":{"kind":"badge","ref":"1","color":"#009088","offset":[0,0]},"geometry":{"type":"Point","coordinates":[126.88412615,35.153222150000005]}},{"type":"Feature","properties":{"kind":"label","name":"농성"},"geometry":{"type":"Point","coordinates":[126.88412615,35.153222150000005]}},{"type":"Feature","properties":{"kind":"badge","ref":"1","color":"#009088","offset":[0,0]},"geometry":{"type":"Point","coordinates":[126.89554575,35.151711]}},{"type":"Feature","properties":{"kind":"label","name":"돌고개"},"geometry":{"type":"Point","coordinates":[126.89554575,35.151711]}},{"type":"Feature","properties":{"kind":"badge","ref":"1","color":"#009088","offset":[0,0]},"geometry":{"type":"Point","coordinates":[126.90177075,35.154515950000004]}},{"type":"Feature","properties":{"kind":"label","name":"양동시장"},"geometry":{"type":"Point","coordinates":[126.90177075,35.154515950000004]}},{"type":"Feature","properties":{"kind":"badge","ref":"1","color":"#009088","offset":[0,0]},"geometry":{"type":"Point","coordinates":[126.91001075,35.153757799999994]}},{"type":"Feature","properties":{"kind":"label","name":"금남로5가"},"geometry":{"type":"Point","coordinates":[126.91001075,35.153757799999994]}},{"type":"Feature","properties":{"kind":"badge","ref":"1","color":"#009088","offset":[0,0]},"geometry":{"type":"Point","coordinates":[126.9145705,35.150725300000005]}},{"type":"Feature","properties":{"kind":"label","name":"금남로4가"},"geometry":{"type":"Point","coordinates":[126.9145705,35.150725300000005]}},{"type":"Feature","properties":{"kind":"badge","ref":"1","color":"#009088","offset":[0,0]},"geometry":{"type":"Point","coordinates":[126.91982970000001,35.146696000000006]}},{"type":"Feature","properties":{"kind":"label","name":"문화전당"},"geometry":{"type":"Point","coordinates":[126.91982970000001,35.146696000000006]}},{"type":"Feature","properties":{"kind":"badge","ref":"1","color":"#009088","offset":[0,0]},"geometry":{"type":"Point","coordinates":[126.9228425,35.13938465]}},{"type":"Feature","properties":{"kind":"label","name":"남광주"},"geometry":{"type":"Point","coordinates":[126.9228425,35.13938465]}},{"type":"Feature","properties":{"kind":"badge","ref":"1","color":"#009088","offset":[0,0]},"geometry":{"type":"Point","coordinates":[126.92816024999999,35.1331222]}},{"type":"Feature","properties":{"kind":"label","name":"학동·증심사입구"},"geometry":{"type":"Point","coordinates":[126.92816024999999,35.1331222]}},{"type":"Feature","properties":{"kind":"badge","ref":"1","color":"#009088","offset":[0,0]},"geometry":{"type":"Point","coordinates":[126.93221815000001,35.1236395]}},{"type":"Feature","properties":{"kind":"label","name":"소태"},"geometry":{"type":"Point","coordinates":[126.93221815000001,35.1236395]}},{"type":"Feature","properties":{"kind":"badge","ref":"1","color":"#009088","offset":[0,0]},"geometry":{"type":"Point","coordinates":[126.9340426,35.1068152]}},{"type":"Feature","properties":{"kind":"label","name":"녹동"},"geometry":{"type":"Point","coordinates":[126.9340426,35.1068152]}},{"type":"Feature","properties":{"kind":"badge","ref":"4","color":"#009BCE","offset":[0,0]},"geometry":{"type":"Point","coordinates":[127.11618745,37.6677962]}},{"type":"Feature","properties":{"kind":"label","name":"별내별가람"},"geometry":{"type":"Point","coordinates":[127.11618745,37.6677962]}},{"type":"Feature","properties":{"kind":"badge","ref":"4","color":"#009BCE","offset":[0,0]},"geometry":{"type":"Point","coordinates":[127.1910807,37.705207650000006]}},{"type":"Feature","properties":{"kind":"label","name":"오남"},"geometry":{"type":"Point","coordinates":[127.1910807,37.705207650000006]}},{"type":"Feature","properties":{"kind":"badge","ref":"4","color":"#009BCE","offset":[0,0]},"geometry":{"type":"Point","coordinates":[127.20326359999997,37.719646133333335]}},{"type":"Feature","properties":{"kind":"label","name":"진접"},"geometry":{"type":"Point","coordinates":[127.20326359999997,37.719646133333335]}},{"type":"Feature","properties":{"kind":"badge","ref":"Silim","color":"#6789CA","offset":[0,0]},"geometry":{"type":"Point","coordinates":[126.94526590000001,37.46879455]}},{"type":"Feature","properties":{"kind":"label","name":"관악산"},"geometry":{"type":"Point","coordinates":[126.94526590000001,37.46879455]}},{"type":"Feature","properties":{"kind":"badge","ref":"Silim","color":"#6789CA","offset":[0,0]},"geometry":{"type":"Point","coordinates":[126.9336727,37.47204735]}},{"type":"Feature","properties":{"kind":"label","name":"서울대벤처타운"},"geometry":{"type":"Point","coordinates":[126.9336727,37.47204735]}},{"type":"Feature","properties":{"kind":"badge","ref":"Silim","color":"#6789CA","offset":[0,0]},"geometry":{"type":"Point","coordinates":[126.9330274,37.47819]}},{"type":"Feature","properties":{"kind":"label","name":"서원"},"geometry":{"type":"Point","coordinates":[126.9330274,37.47819]}},{"type":"Feature","properties":{"kind":"badge","ref":"Silim","color":"#6789CA","offset":[0,0]},"geometry":{"type":"Point","coordinates":[126.92779110000001,37.489727450000004]}},{"type":"Feature","properties":{"kind":"label","name":"당곡"},"geometry":{"type":"Point","coordinates":[126.92779110000001,37.489727450000004]}},{"type":"Feature","properties":{"kind":"badge","ref":"Silim","color":"#6789CA","offset":[0,0]},"geometry":{"type":"Point","coordinates":[126.92430300000001,37.492978300000004]}},{"type":"Feature","properties":{"kind":"label","name":"보라매병원"},"geometry":{"type":"Point","coordinates":[126.92430300000001,37.492978300000004]}},{"type":"Feature","properties":{"kind":"badge","ref":"Silim","color":"#6789CA","offset":[0,0]},"geometry":{"type":"Point","coordinates":[126.9182003,37.495276399999995]}},{"type":"Feature","properties":{"kind":"label","name":"보라매공원"},"geometry":{"type":"Point","coordinates":[126.9182003,37.495276399999995]}},{"type":"Feature","properties":{"kind":"badge","ref":"Silim","color":"#6789CA","offset":[0,0]},"geometry":{"type":"Point","coordinates":[126.9227151,37.505955799999995]}},{"type":"Feature","properties":{"kind":"label","name":"서울지방병무청"},"geometry":{"type":"Point","coordinates":[126.9227151,37.505955799999995]}},{"type":"Feature","properties":{"kind":"badge","ref":"1","color":"#004A85","offset":[0,0]},"geometry":{"type":"Point","coordinates":[127.0738629,38.1004613]}},{"type":"Feature","properties":{"kind":"label","name":"연천"},"geometry":{"type":"Point","coordinates":[127.0738629,38.1004613]}},{"type":"Feature","properties":{"kind":"badge","ref":"1","color":"#004A85","offset":[0,0]},"geometry":{"type":"Point","coordinates":[127.07199728571429,38.024423385714286]}},{"type":"Feature","properties":{"kind":"label","name":"전곡"},"geometry":{"type":"Point","coordinates":[127.07199728571429,38.024423385714286]}},{"type":"Feature","properties":{"kind":"badge","ref":"1","color":"#004A85","offset":[0,0]},"geometry":{"type":"Point","coordinates":[127.07414659999999,37.994975957142856]}},{"type":"Feature","properties":{"kind":"label","name":"청산"},"geometry":{"type":"Point","coordinates":[127.07414659999999,37.994975957142856]}},{"type":"Feature","properties":{"kind":"badge","ref":"인천1","color":"#B4C7E7","offset":[0,0]},"geometry":{"type":"Point","coordinates":[126.68853490000001,37.6024412]}},{"type":"Feature","properties":{"kind":"label","name":"검단호수공원"},"geometry":{"type":"Point","coordinates":[126.68853490000001,37.6024412]}},{"type":"Feature","properties":{"kind":"badge","ref":"인천1","color":"#B4C7E7","offset":[0,0]},"geometry":{"type":"Point","coordinates":[126.6985102,37.6026614]}},{"type":"Feature","properties":{"kind":"label","name":"신검단중앙"},"geometry":{"type":"Point","coordinates":[126.6985102,37.6026614]}},{"type":"Feature","properties":{"kind":"badge","ref":"인천1","color":"#B4C7E7","offset":[0,0]},"geometry":{"type":"Point","coordinates":[126.71334555,37.59218845]}},{"type":"Feature","properties":{"kind":"label","name":"아라"},"geometry":{"type":"Point","coordinates":[126.71334555,37.59218845]}},{"type":"Feature","properties":{"kind":"badge","ref":"인천1","color":"#B4C7E7","offset":[0,0]},"geometry":{"type":"Point","coordinates":[126.73563315,37.57150085]}},{"type":"Feature","properties":{"kind":"label","name":"계양"},"geometry":{"type":"Point","coordinates":[126.73563315,37.57150085]}},{"type":"Feature","properties":{"kind":"badge","ref":"인천1","color":"#B4C7E7","offset":[0,0]},"geometry":{"type":"Point","coordinates":[126.7424743,37.56665805]}},{"type":"Feature","properties":{"kind":"label","name":"귤현"},"geometry":{"type":"Point","coordinates":[126.7424743,37.56665805]}},{"type":"Feature","properties":{"kind":"badge","ref":"인천1","color":"#B4C7E7","offset":[0,0]},"geometry":{"type":"Point","coordinates":[126.74504885,37.5536302]}},{"type":"Feature","properties":{"kind":"label","name":"박촌"},"geometry":{"type":"Point","coordinates":[126.74504885,37.5536302]}},{"type":"Feature","properties":{"kind":"badge","ref":"인천1","color":"#B4C7E7","offset":[0,0]},"geometry":{"type":"Point","coordinates":[126.73872614999999,37.54514965]}},{"type":"Feature","properties":{"kind":"label","name":"임학"},"geometry":{"type":"Point","coordinates":[126.73872614999999,37.54514965]}},{"type":"Feature","properties":{"kind":"badge","ref":"인천1","color":"#B4C7E7","offset":[0,0]},"geometry":{"type":"Point","coordinates":[126.727893,37.543337]}},{"type":"Feature","properties":{"kind":"label","name":"계산"},"geometry":{"type":"Point","coordinates":[126.727893,37.543337]}},{"type":"Feature","properties":{"kind":"badge","ref":"인천1","color":"#B4C7E7","offset":[0,0]},"geometry":{"type":"Point","coordinates":[126.72259405,37.53842565]}},{"type":"Feature","properties":{"kind":"label","name":"경인교대입구"},"geometry":{"type":"Point","coordinates":[126.72259405,37.53842565]}},{"type":"Feature","properties":{"kind":"badge","ref":"인천1","color":"#B4C7E7","offset":[0,0]},"geometry":{"type":"Point","coordinates":[126.7225315,37.5303069]}},{"type":"Feature","properties":{"kind":"label","name":"작전"},"geometry":{"type":"Point","coordinates":[126.7225315,37.5303069]}},{"type":"Feature","properties":{"kind":"badge","ref":"인천1","color":"#B4C7E7","offset":[0,0]},"geometry":{"type":"Point","coordinates":[126.7214909,37.516707]}},{"type":"Feature","properties":{"kind":"label","name":"갈산"},"geometry":{"type":"Point","coordinates":[126.7214909,37.516707]}},{"type":"Feature","properties":{"kind":"badge","ref":"인천1","color":"#B4C7E7","offset":[0,0]},"geometry":{"type":"Point","coordinates":[126.7222807,37.49837235]}},{"type":"Feature","properties":{"kind":"label","name":"부평시장"},"geometry":{"type":"Point","coordinates":[126.7222807,37.49837235]}},{"type":"Feature","properties":{"kind":"badge","ref":"인천1","color":"#B4C7E7","offset":[0,0]},"geometry":{"type":"Point","coordinates":[126.718444,37.48546415]}},{"type":"Feature","properties":{"kind":"label","name":"동수"},"geometry":{"type":"Point","coordinates":[126.718444,37.48546415]}},{"type":"Feature","properties":{"kind":"badge","ref":"인천1","color":"#B4C7E7","offset":[0,0]},"geometry":{"type":"Point","coordinates":[126.7102522,37.47788265]}},{"type":"Feature","properties":{"kind":"label","name":"부평삼거리"},"geometry":{"type":"Point","coordinates":[126.7102522,37.47788265]}},{"type":"Feature","properties":{"kind":"badge","ref":"인천1","color":"#B4C7E7","offset":[0,0]},"geometry":{"type":"Point","coordinates":[126.70790195000001,37.467324649999995]}},{"type":"Feature","properties":{"kind":"label","name":"간석오거리"},"geometry":{"type":"Point","coordinates":[126.70790195000001,37.467324649999995]}},{"type":"Feature","properties":{"kind":"badge","ref":"인천1","color":"#B4C7E7","offset":[0,0]},"geometry":{"type":"Point","coordinates":[126.70106005,37.450051599999995]}},{"type":"Feature","properties":{"kind":"label","name":"예술회관"},"geometry":{"type":"Point","coordinates":[126.70106005,37.450051599999995]}},{"type":"Feature","properties":{"kind":"badge","ref":"인천1","color":"#B4C7E7","offset":[0,0]},"geometry":{"type":"Point","coordinates":[126.6997154,37.4419008]}},{"type":"Feature","properties":{"kind":"label","name":"인천터미널"},"geometry":{"type":"Point","coordinates":[126.6997154,37.4419008]}},{"type":"Feature","properties":{"kind":"badge","ref":"인천1","color":"#B4C7E7","offset":[0,0]},"geometry":{"type":"Point","coordinates":[126.6978276,37.4348702]}},{"type":"Feature","properties":{"kind":"label","name":"문학경기장"},"geometry":{"type":"Point","coordinates":[126.6978276,37.4348702]}},{"type":"Feature","properties":{"kind":"badge","ref":"인천1","color":"#B4C7E7","offset":[0,0]},"geometry":{"type":"Point","coordinates":[126.6989897,37.42715135]}},{"type":"Feature","properties":{"kind":"label","name":"선학"},"geometry":{"type":"Point","coordinates":[126.6989897,37.42715135]}},{"type":"Feature","properties":{"kind":"badge","ref":"인천1","color":"#B4C7E7","offset":[0,0]},"geometry":{"type":"Point","coordinates":[126.69386374999999,37.4179987]}},{"type":"Feature","properties":{"kind":"label","name":"신연수"},"geometry":{"type":"Point","coordinates":[126.69386374999999,37.4179987]}},{"type":"Feature","properties":{"kind":"badge","ref":"인천1","color":"#B4C7E7","offset":[0,0]},"geometry":{"type":"Point","coordinates":[126.68806365,37.4125164]}},{"type":"Feature","properties":{"kind":"label","name":"원인재"},"geometry":{"type":"Point","coordinates":[126.68806365,37.4125164]}},{"type":"Feature","properties":{"kind":"badge","ref":"인천1","color":"#B4C7E7","offset":[0,0]},"geometry":{"type":"Point","coordinates":[126.6806191,37.40458955]}},{"type":"Feature","properties":{"kind":"label","name":"동춘"},"geometry":{"type":"Point","coordinates":[126.6806191,37.40458955]}},{"type":"Feature","properties":{"kind":"badge","ref":"인천1","color":"#B4C7E7","offset":[0,0]},"geometry":{"type":"Point","coordinates":[126.67388045,37.3983575]}},{"type":"Feature","properties":{"kind":"label","name":"동막"},"geometry":{"type":"Point","coordinates":[126.67388045,37.3983575]}},{"type":"Feature","properties":{"kind":"badge","ref":"인천1","color":"#B4C7E7","offset":[0,0]},"geometry":{"type":"Point","coordinates":[126.66160775,37.38788155]}},{"type":"Feature","properties":{"kind":"label","name":"캠퍼스타운"},"geometry":{"type":"Point","coordinates":[126.66160775,37.38788155]}},{"type":"Feature","properties":{"kind":"badge","ref":"인천1","color":"#B4C7E7","offset":[0,0]},"geometry":{"type":"Point","coordinates":[126.6559141,37.382036049999996]}},{"type":"Feature","properties":{"kind":"label","name":"테크노파크"},"geometry":{"type":"Point","coordinates":[126.6559141,37.382036049999996]}},{"type":"Feature","properties":{"kind":"badge","ref":"인천1","color":"#B4C7E7","offset":[0,0]},"geometry":{"type":"Point","coordinates":[126.64555515,37.3780349]}},{"type":"Feature","properties":{"kind":"label","name":"지식정보단지"},"geometry":{"type":"Point","coordinates":[126.64555515,37.3780349]}},{"type":"Feature","properties":{"kind":"badge","ref":"인천1","color":"#B4C7E7","offset":[0,0]},"geometry":{"type":"Point","coordinates":[126.63958894999999,37.386041]}},{"type":"Feature","properties":{"kind":"label","name":"인천대입구"},"geometry":{"type":"Point","coordinates":[126.63958894999999,37.386041]}},{"type":"Feature","properties":{"kind":"badge","ref":"인천1","color":"#B4C7E7","offset":[0,0]},"geometry":{"type":"Point","coordinates":[126.6346138,37.3934141]}},{"type":"Feature","properties":{"kind":"label","name":"센트럴파크"},"geometry":{"type":"Point","coordinates":[126.6346138,37.3934141]}},{"type":"Feature","properties":{"kind":"badge","ref":"인천1","color":"#B4C7E7","offset":[0,0]},"geometry":{"type":"Point","coordinates":[126.63056445000001,37.39981135]}},{"type":"Feature","properties":{"kind":"label","name":"국제업무지구"},"geometry":{"type":"Point","coordinates":[126.63056445000001,37.39981135]}},{"type":"Feature","properties":{"kind":"badge","ref":"인천1","color":"#B4C7E7","offset":[0,0]},"geometry":{"type":"Point","coordinates":[126.62609865,37.4068111]}},{"type":"Feature","properties":{"kind":"label","name":"송도달빛축제공원"},"geometry":{"type":"Point","coordinates":[126.62609865,37.4068111]}},{"type":"Feature","properties":{"kind":"exit","ref":"2"},"geometry":{"type":"Point","coordinates":[127.0585005,37.6343549]}},{"type":"Feature","properties":{"kind":"exit","ref":"7"},"geometry":{"type":"Point","coordinates":[127.099733,37.5142591]}},{"type":"Feature","properties":{"kind":"exit","ref":"1"},"geometry":{"type":"Point","coordinates":[130.4015426,33.5880232]}},{"type":"Feature","properties":{"kind":"exit","ref":"4"},"geometry":{"type":"Point","coordinates":[130.4017232,33.5885411]}},{"type":"Feature","properties":{"kind":"exit","ref":"6"},"geometry":{"type":"Point","coordinates":[127.0432358,37.5793852]}},{"type":"Feature","properties":{"kind":"exit","ref":"2"},"geometry":{"type":"Point","coordinates":[127.4191391,36.324336]}},{"type":"Feature","properties":{"kind":"exit","ref":"1"},"geometry":{"type":"Point","coordinates":[127.420279,36.3252646]}},{"type":"Feature","properties":{"kind":"exit","ref":"3"},"geometry":{"type":"Point","coordinates":[127.4194408,36.3249208]}},{"type":"Feature","properties":{"kind":"exit","ref":"4"},"geometry":{"type":"Point","coordinates":[127.4198965,36.3252148]}},{"type":"Feature","properties":{"kind":"exit","ref":"1"},"geometry":{"type":"Point","coordinates":[127.4489193,36.3194049]}},{"type":"Feature","properties":{"kind":"exit","ref":"2"},"geometry":{"type":"Point","coordinates":[127.4482928,36.3197024]}},{"type":"Feature","properties":{"kind":"exit","ref":"3"},"geometry":{"type":"Point","coordinates":[127.4485169,36.3200126]}},{"type":"Feature","properties":{"kind":"exit","ref":"4"},"geometry":{"type":"Point","coordinates":[127.449126,36.3197113]}},{"type":"Feature","properties":{"kind":"exit","ref":"3"},"geometry":{"type":"Point","coordinates":[127.4583611,36.3171273]}},{"type":"Feature","properties":{"kind":"exit","ref":"4"},"geometry":{"type":"Point","coordinates":[127.4589885,36.3172315]}},{"type":"Feature","properties":{"kind":"exit","ref":"2"},"geometry":{"type":"Point","coordinates":[127.4584831,36.3167557]}},{"type":"Feature","properties":{"kind":"exit","ref":"1"},"geometry":{"type":"Point","coordinates":[127.4592376,36.3168361]}},{"type":"Feature","properties":{"kind":"exit","ref":"6"},"geometry":{"type":"Point","coordinates":[127.3149,36.3922165]}},{"type":"Feature","properties":{"kind":"exit","ref":"4"},"geometry":{"type":"Point","coordinates":[127.3141303,36.3923881]}},{"type":"Feature","properties":{"kind":"exit","ref":"5"},"geometry":{"type":"Point","coordinates":[127.3147505,36.3924901]}},{"type":"Feature","properties":{"kind":"exit","ref":"2"},"geometry":{"type":"Point","coordinates":[127.3100886,37.5544087]}},{"type":"Feature","properties":{"kind":"exit","ref":"4"},"geometry":{"type":"Point","coordinates":[128.5904694,35.8511357]}},{"type":"Feature","properties":{"kind":"exit","ref":"1"},"geometry":{"type":"Point","coordinates":[128.5904607,35.8507926]}},{"type":"Feature","properties":{"kind":"exit","ref":"3"},"geometry":{"type":"Point","coordinates":[128.5907395,35.851165]}},{"type":"Feature","properties":{"kind":"exit","ref":"2"},"geometry":{"type":"Point","coordinates":[128.5907465,35.8508571]}},{"type":"Feature","properties":{"kind":"exit","ref":"1"},"geometry":{"type":"Point","coordinates":[130.4201214,33.6155717]}},{"type":"Feature","properties":{"kind":"exit","ref":"2"},"geometry":{"type":"Point","coordinates":[130.4193521,33.6162036]}},{"type":"Feature","properties":{"kind":"exit","ref":"6"},"geometry":{"type":"Point","coordinates":[126.9823785,37.5699147]}},{"type":"Feature","properties":{"kind":"exit","ref":"5"},"geometry":{"type":"Point","coordinates":[126.9825908,37.569798]}},{"type":"Feature","properties":{"kind":"exit","ref":"4"},"geometry":{"type":"Point","coordinates":[127.0078097,37.5643754]}},{"type":"Feature","properties":{"kind":"exit","ref":"W10"},"geometry":{"type":"Point","coordinates":[130.4194298,33.5902632]}},{"type":"Feature","properties":{"kind":"exit","ref":"W08"},"geometry":{"type":"Point","coordinates":[130.4186104,33.5904897]}},{"type":"Feature","properties":{"kind":"exit","ref":"W09"},"geometry":{"type":"Point","coordinates":[130.4189726,33.5905362]}},{"type":"Feature","properties":{"kind":"exit","ref":"W07"},"geometry":{"type":"Point","coordinates":[130.4190626,33.5906501]}},{"type":"Feature","properties":{"kind":"exit","ref":"W04"},"geometry":{"type":"Point","coordinates":[130.4192633,33.5911083]}},{"type":"Feature","properties":{"kind":"exit","ref":"2"},"geometry":{"type":"Point","coordinates":[127.0567683,37.8185746]}},{"type":"Feature","properties":{"kind":"exit","ref":"1"},"geometry":{"type":"Point","coordinates":[129.0170538,35.2811515]}},{"type":"Feature","properties":{"kind":"exit","ref":"3"},"geometry":{"type":"Point","coordinates":[129.0167957,35.2663879]}},{"type":"Feature","properties":{"kind":"exit","ref":"2"},"geometry":{"type":"Point","coordinates":[129.0162673,35.2661795]}},{"type":"Feature","properties":{"kind":"exit","ref":"4"},"geometry":{"type":"Point","coordinates":[129.0164704,35.2665385]}},{"type":"Feature","properties":{"kind":"exit","ref":"1"},"geometry":{"type":"Point","coordinates":[129.0166061,35.2660457]}},{"type":"Feature","properties":{"kind":"exit","ref":"5"},"geometry":{"type":"Point","coordinates":[129.0174237,35.2682616]}},{"type":"Feature","properties":{"kind":"exit","ref":"2"},"geometry":{"type":"Point","coordinates":[128.9487658,35.1718197]}},{"type":"Feature","properties":{"kind":"exit","ref":"1"},"geometry":{"type":"Point","coordinates":[129.0052606,35.2097044]}},{"type":"Feature","properties":{"kind":"exit","ref":"6"},"geometry":{"type":"Point","coordinates":[129.0056739,35.2104099]}},{"type":"Feature","properties":{"kind":"exit","ref":"9"},"geometry":{"type":"Point","coordinates":[129.0066096,35.2103339]}},{"type":"Feature","properties":{"kind":"exit","ref":"5"},"geometry":{"type":"Point","coordinates":[129.0049254,35.2101967]}},{"type":"Feature","properties":{"kind":"exit","ref":"7"},"geometry":{"type":"Point","coordinates":[129.0046064,35.2115869]}},{"type":"Feature","properties":{"kind":"exit","ref":"8"},"geometry":{"type":"Point","coordinates":[129.0053732,35.2105152]}},{"type":"Feature","properties":{"kind":"exit","ref":"2"},"geometry":{"type":"Point","coordinates":[129.0055637,35.2098689]}},{"type":"Feature","properties":{"kind":"exit","ref":"4"},"geometry":{"type":"Point","coordinates":[129.0057005,35.2100682]}},{"type":"Feature","properties":{"kind":"exit","ref":"10"},"geometry":{"type":"Point","coordinates":[129.0048827,35.2116481]}},{"type":"Feature","properties":{"kind":"exit","ref":"3"},"geometry":{"type":"Point","coordinates":[129.0049765,35.2098731]}},{"type":"Feature","properties":{"kind":"exit","ref":"12"},"geometry":{"type":"Point","coordinates":[129.0064608,35.2105398]}},{"type":"Feature","properties":{"kind":"exit","ref":"1"},"geometry":{"type":"Point","coordinates":[129.0089408,35.2231396]}},{"type":"Feature","properties":{"kind":"exit","ref":"3"},"geometry":{"type":"Point","coordinates":[129.0089435,35.2236466]}},{"type":"Feature","properties":{"kind":"exit","ref":"4"},"geometry":{"type":"Point","coordinates":[129.0094464,35.2234976]}},{"type":"Feature","properties":{"kind":"exit","ref":"2"},"geometry":{"type":"Point","coordinates":[129.009133,35.2227141]}},{"type":"Feature","properties":{"kind":"exit","ref":"4"},"geometry":{"type":"Point","coordinates":[129.0881779,35.2385499]}},{"type":"Feature","properties":{"kind":"exit","ref":"1"},"geometry":{"type":"Point","coordinates":[129.0881195,35.2375841]}},{"type":"Feature","properties":{"kind":"exit","ref":"2"},"geometry":{"type":"Point","coordinates":[129.088326,35.2376279]}},{"type":"Feature","properties":{"kind":"exit","ref":"3"},"geometry":{"type":"Point","coordinates":[129.0783563,35.2059875]}},{"type":"Feature","properties":{"kind":"exit","ref":"2"},"geometry":{"type":"Point","coordinates":[129.086191,35.219686]}},{"type":"Feature","properties":{"kind":"exit","ref":"2"},"geometry":{"type":"Point","coordinates":[129.0786406,35.2051021]}},{"type":"Feature","properties":{"kind":"exit","ref":"1"},"geometry":{"type":"Point","coordinates":[129.0783697,35.2050932]}},{"type":"Feature","properties":{"kind":"exit","ref":"1"},"geometry":{"type":"Point","coordinates":[129.0859784,35.2197624]}},{"type":"Feature","properties":{"kind":"exit","ref":"4"},"geometry":{"type":"Point","coordinates":[129.0786245,35.2059919]}},{"type":"Feature","properties":{"kind":"exit","ref":"2"},"geometry":{"type":"Point","coordinates":[129.0895172,35.2292479]}},{"type":"Feature","properties":{"kind":"exit","ref":"4"},"geometry":{"type":"Point","coordinates":[129.0893831,35.2303521]}},{"type":"Feature","properties":{"kind":"exit","ref":"1"},"geometry":{"type":"Point","coordinates":[129.0911062,35.2465598]}},{"type":"Feature","properties":{"kind":"exit","ref":"3"},"geometry":{"type":"Point","coordinates":[129.0891451,35.2303226]}},{"type":"Feature","properties":{"kind":"exit","ref":"1"},"geometry":{"type":"Point","coordinates":[129.0892651,35.2292478]}},{"type":"Feature","properties":{"kind":"exit","ref":"4"},"geometry":{"type":"Point","coordinates":[129.0868294,35.2208253]}},{"type":"Feature","properties":{"kind":"exit","ref":"3"},"geometry":{"type":"Point","coordinates":[129.0866148,35.2208911]}},{"type":"Feature","properties":{"kind":"exit","ref":"3"},"geometry":{"type":"Point","coordinates":[129.0798932,35.2130638]}},{"type":"Feature","properties":{"kind":"exit","ref":"3"},"geometry":{"type":"Point","coordinates":[129.091198,35.2479549]}},{"type":"Feature","properties":{"kind":"exit","ref":"2"},"geometry":{"type":"Point","coordinates":[129.0795358,35.2121431]}},{"type":"Feature","properties":{"kind":"exit","ref":"4"},"geometry":{"type":"Point","coordinates":[129.0800809,35.2129718]}},{"type":"Feature","properties":{"kind":"exit","ref":"1"},"geometry":{"type":"Point","coordinates":[129.0793245,35.2122202]}},{"type":"Feature","properties":{"kind":"exit","ref":"5"},"geometry":{"type":"Point","coordinates":[129.0791665,35.2119416]}},{"type":"Feature","properties":{"kind":"exit","ref":"3"},"geometry":{"type":"Point","coordinates":[129.087972,35.2385568]}},{"type":"Feature","properties":{"kind":"exit","ref":"5"},"geometry":{"type":"Point","coordinates":[129.0866792,35.2210072]}},{"type":"Feature","properties":{"kind":"exit","ref":"2"},"geometry":{"type":"Point","coordinates":[129.0913073,35.2465546]}},{"type":"Feature","properties":{"kind":"exit","ref":"4"},"geometry":{"type":"Point","coordinates":[129.0914204,35.2479471]}},{"type":"Feature","properties":{"kind":"exit","ref":"1"},"geometry":{"type":"Point","coordinates":[126.9504791,37.5824919]}},{"type":"Feature","properties":{"kind":"exit","ref":"2"},"geometry":{"type":"Point","coordinates":[126.950648,37.5821669]}},{"type":"Feature","properties":{"kind":"exit","ref":"3"},"geometry":{"type":"Point","coordinates":[126.9503581,37.5820904]}},{"type":"Feature","properties":{"kind":"exit","ref":"4"},"geometry":{"type":"Point","coordinates":[126.9502078,37.5824007]}},{"type":"Feature","properties":{"kind":"exit","ref":"2"},"geometry":{"type":"Point","coordinates":[127.0334789,37.48495]}},{"type":"Feature","properties":{"kind":"exit","ref":"1"},"geometry":{"type":"Point","coordinates":[127.0548783,37.4909151]}},{"type":"Feature","properties":{"kind":"exit","ref":"2"},"geometry":{"type":"Point","coordinates":[127.0557518,37.4912867]}},{"type":"Feature","properties":{"kind":"exit","ref":"4"},"geometry":{"type":"Point","coordinates":[127.0551199,37.490551]}},{"type":"Feature","properties":{"kind":"exit","ref":"11"},"geometry":{"type":"Point","coordinates":[127.0339735,37.484163]}},{"type":"Feature","properties":{"kind":"exit","ref":"12"},"geometry":{"type":"Point","coordinates":[127.0335599,37.4842698]}},{"type":"Feature","properties":{"kind":"exit","ref":"1"},"geometry":{"type":"Point","coordinates":[127.0333223,37.4847163]}},{"type":"Feature","properties":{"kind":"exit","ref":"3"},"geometry":{"type":"Point","coordinates":[127.0341766,37.4849787]}},{"type":"Feature","properties":{"kind":"exit","ref":"4"},"geometry":{"type":"Point","coordinates":[127.0345079,37.4848174]}},{"type":"Feature","properties":{"kind":"exit","ref":"5"},"geometry":{"type":"Point","coordinates":[127.0349493,37.4844476]}},{"type":"Feature","properties":{"kind":"exit","ref":"6"},"geometry":{"type":"Point","coordinates":[127.0347316,37.4840037]}},{"type":"Feature","properties":{"kind":"exit","ref":"10"},"geometry":{"type":"Point","coordinates":[127.0270249,37.498634]}},{"type":"Feature","properties":{"kind":"exit","ref":"11"},"geometry":{"type":"Point","coordinates":[127.0274066,37.4987305]}},{"type":"Feature","properties":{"kind":"exit","ref":"1"},"geometry":{"type":"Point","coordinates":[127.0286275,37.49805]}},{"type":"Feature","properties":{"kind":"exit","ref":"2"},"geometry":{"type":"Point","coordinates":[127.0281134,37.4971929]}},{"type":"Feature","properties":{"kind":"exit","ref":"9"},"geometry":{"type":"Point","coordinates":[127.0268964,37.4979952]}},{"type":"Feature","properties":{"kind":"exit","ref":"1"},"geometry":{"type":"Point","coordinates":[127.0533718,37.4965064]}},{"type":"Feature","properties":{"kind":"exit","ref":"2"},"geometry":{"type":"Point","coordinates":[127.0538558,37.4966628]}},{"type":"Feature","properties":{"kind":"exit","ref":"3"},"geometry":{"type":"Point","coordinates":[127.0539037,37.4966006]}},{"type":"Feature","properties":{"kind":"exit","ref":"4"},"geometry":{"type":"Point","coordinates":[127.0534114,37.4964397]}},{"type":"Feature","properties":{"kind":"exit","ref":"5"},"geometry":{"type":"Point","coordinates":[127.0526436,37.4960422]}},{"type":"Feature","properties":{"kind":"exit","ref":"6"},"geometry":{"type":"Point","coordinates":[127.0521489,37.4958292]}},{"type":"Feature","properties":{"kind":"exit","ref":"7"},"geometry":{"type":"Point","coordinates":[127.0518943,37.4961274]}},{"type":"Feature","properties":{"kind":"exit","ref":"8"},"geometry":{"type":"Point","coordinates":[127.0524811,37.496327]}},{"type":"Feature","properties":{"kind":"exit","ref":"4"},"geometry":{"type":"Point","coordinates":[127.0432752,37.5557862]}},{"type":"Feature","properties":{"kind":"exit","ref":"4"},"geometry":{"type":"Point","coordinates":[127.043294,37.5556416]}},{"type":"Feature","properties":{"kind":"exit","ref":"2"},"geometry":{"type":"Point","coordinates":[127.0438928,37.5558418]}},{"type":"Feature","properties":{"kind":"exit","ref":"1"},"geometry":{"type":"Point","coordinates":[127.0432722,37.5568265]}},{"type":"Feature","properties":{"kind":"exit","ref":"W12c"},"geometry":{"type":"Point","coordinates":[130.4015125,33.5873525]}},{"type":"Feature","properties":{"kind":"exit","ref":"W12b"},"geometry":{"type":"Point","coordinates":[130.4011995,33.5877081]}},{"type":"Feature","properties":{"kind":"exit","ref":"1"},"geometry":{"type":"Point","coordinates":[130.3968122,33.5910806]}},{"type":"Feature","properties":{"kind":"exit","ref":"1"},"geometry":{"type":"Point","coordinates":[126.7425924,37.566113]}},{"type":"Feature","properties":{"kind":"exit","ref":"3"},"geometry":{"type":"Point","coordinates":[126.986776,37.5345476]}},{"type":"Feature","properties":{"kind":"exit","ref":"4"},"geometry":{"type":"Point","coordinates":[126.9861314,37.5346886]}},{"type":"Feature","properties":{"kind":"exit","ref":"1"},"geometry":{"type":"Point","coordinates":[126.9863819,37.5352731]}},{"type":"Feature","properties":{"kind":"exit","ref":"2"},"geometry":{"type":"Point","coordinates":[126.9866669,37.5356542]}},{"type":"Feature","properties":{"kind":"exit","ref":"4"},"geometry":{"type":"Point","coordinates":[126.9936964,37.5343898]}},{"type":"Feature","properties":{"kind":"exit","ref":"3"},"geometry":{"type":"Point","coordinates":[126.994108,37.5344094]}},{"type":"Feature","properties":{"kind":"exit","ref":"1"},"geometry":{"type":"Point","coordinates":[126.9936553,37.534499]}},{"type":"Feature","properties":{"kind":"exit","ref":"2"},"geometry":{"type":"Point","coordinates":[126.994128,37.5345257]}},{"type":"Feature","properties":{"kind":"exit","ref":"3"},"geometry":{"type":"Point","coordinates":[126.9721181,37.5333335]}},{"type":"Feature","properties":{"kind":"exit","ref":"4"},"geometry":{"type":"Point","coordinates":[126.9718741,37.5335801]}},{"type":"Feature","properties":{"kind":"exit","ref":"2"},"geometry":{"type":"Point","coordinates":[126.9730498,37.5342091]}},{"type":"Feature","properties":{"kind":"exit","ref":"5"},"geometry":{"type":"Point","coordinates":[126.9726643,37.5344585]}},{"type":"Feature","properties":{"kind":"exit","ref":"1"},"geometry":{"type":"Point","coordinates":[126.9733951,37.534594]}},{"type":"Feature","properties":{"kind":"exit","ref":"6"},"geometry":{"type":"Point","coordinates":[126.9730766,37.5348671]}},{"type":"Feature","properties":{"kind":"exit","ref":"7"},"geometry":{"type":"Point","coordinates":[126.9734293,37.5354653]}},{"type":"Feature","properties":{"kind":"exit","ref":"엘리베이터"},"geometry":{"type":"Point","coordinates":[126.9748829,37.5353223]}},{"type":"Feature","properties":{"kind":"exit","ref":"12"},"geometry":{"type":"Point","coordinates":[126.9748371,37.5353948]}},{"type":"Feature","properties":{"kind":"exit","ref":"11"},"geometry":{"type":"Point","coordinates":[126.9746839,37.5358665]}},{"type":"Feature","properties":{"kind":"exit","ref":"9"},"geometry":{"type":"Point","coordinates":[126.9737268,37.5361206]}},{"type":"Feature","properties":{"kind":"exit","ref":"10"},"geometry":{"type":"Point","coordinates":[126.9739036,37.5363668]}},{"type":"Feature","properties":{"kind":"exit","ref":"1"},"geometry":{"type":"Point","coordinates":[127.0155699,37.4940575]}},{"type":"Feature","properties":{"kind":"exit","ref":"2"},"geometry":{"type":"Point","coordinates":[126.6968371,37.4348357]}},{"type":"Feature","properties":{"kind":"exit","ref":"1"},"geometry":{"type":"Point","coordinates":[126.6974196,37.4354631]}},{"type":"Feature","properties":{"kind":"exit","ref":"E06"},"geometry":{"type":"Point","coordinates":[130.4227286,33.5901171]}},{"type":"Feature","properties":{"kind":"exit","ref":"2"},"geometry":{"type":"Point","coordinates":[130.3587277,33.583176]}},{"type":"Feature","properties":{"kind":"exit","ref":"1"},"geometry":{"type":"Point","coordinates":[130.3580925,33.5833051]}},{"type":"Feature","properties":{"kind":"exit","ref":"6"},"geometry":{"type":"Point","coordinates":[130.4030487,33.5886899]}},{"type":"Feature","properties":{"kind":"exit","ref":"5"},"geometry":{"type":"Point","coordinates":[130.402665,33.5888795]}},{"type":"Feature","properties":{"kind":"exit","ref":"3"},"geometry":{"type":"Point","coordinates":[130.4019039,33.5884303]}},{"type":"Feature","properties":{"kind":"exit","ref":"2"},"geometry":{"type":"Point","coordinates":[130.4014264,33.588207]}},{"type":"Feature","properties":{"kind":"exit","ref":"3"},"geometry":{"type":"Point","coordinates":[126.8465416,37.5318147]}},{"type":"Feature","properties":{"kind":"exit","ref":"2"},"geometry":{"type":"Point","coordinates":[126.8468599,37.5319245]}},{"type":"Feature","properties":{"kind":"exit","ref":"4"},"geometry":{"type":"Point","coordinates":[126.8461747,37.5324106]}},{"type":"Feature","properties":{"kind":"exit","ref":"1"},"geometry":{"type":"Point","coordinates":[126.8464416,37.5324893]}},{"type":"Feature","properties":{"kind":"exit","ref":"5"},"geometry":{"type":"Point","coordinates":[127.0568189,37.2462068]}},{"type":"Feature","properties":{"kind":"exit","ref":"6"},"geometry":{"type":"Point","coordinates":[127.0571193,37.2462132]}},{"type":"Feature","properties":{"kind":"exit","ref":"7"},"geometry":{"type":"Point","coordinates":[127.0576262,37.2460108]}},{"type":"Feature","properties":{"kind":"exit","ref":"4"},"geometry":{"type":"Point","coordinates":[127.0562611,37.2459819]}},{"type":"Feature","properties":{"kind":"exit","ref":"3"},"geometry":{"type":"Point","coordinates":[127.0563297,37.2454123]}},{"type":"Feature","properties":{"kind":"exit","ref":"2"},"geometry":{"type":"Point","coordinates":[127.056985,37.2454461]}},{"type":"Feature","properties":{"kind":"exit","ref":"1"},"geometry":{"type":"Point","coordinates":[127.0587152,37.2455]}},{"type":"Feature","properties":{"kind":"exit","ref":"8"},"geometry":{"type":"Point","coordinates":[127.0591916,37.246052]}},{"type":"Feature","properties":{"kind":"exit","ref":"6"},"geometry":{"type":"Point","coordinates":[126.7531151,37.5064571]}},{"type":"Feature","properties":{"kind":"exit","ref":"7"},"geometry":{"type":"Point","coordinates":[126.7534312,37.5064486]}},{"type":"Feature","properties":{"kind":"exit","ref":"5"},"geometry":{"type":"Point","coordinates":[126.7525674,37.5061079]}},{"type":"Feature","properties":{"kind":"exit","ref":"3"},"geometry":{"type":"Point","coordinates":[126.7528636,37.5053082]}},{"type":"Feature","properties":{"kind":"exit","ref":"2"},"geometry":{"type":"Point","coordinates":[126.7532632,37.5052933]}},{"type":"Feature","properties":{"kind":"exit","ref":"1"},"geometry":{"type":"Point","coordinates":[126.7537085,37.5056018]}},{"type":"Feature","properties":{"kind":"exit","ref":"8"},"geometry":{"type":"Point","coordinates":[126.7537926,37.506079]}},{"type":"Feature","properties":{"kind":"exit","ref":"2"},"geometry":{"type":"Point","coordinates":[126.7658404,37.7511695]}},{"type":"Feature","properties":{"kind":"exit","ref":"4"},"geometry":{"type":"Point","coordinates":[126.7526121,37.5055781]}},{"type":"Feature","properties":{"kind":"exit","ref":"4"},"geometry":{"type":"Point","coordinates":[126.7634771,37.5049584]}},{"type":"Feature","properties":{"kind":"exit","ref":"5"},"geometry":{"type":"Point","coordinates":[126.764597,37.5048212]}},{"type":"Feature","properties":{"kind":"exit","ref":"1"},"geometry":{"type":"Point","coordinates":[126.764495,37.5043318]}},{"type":"Feature","properties":{"kind":"exit","ref":"3"},"geometry":{"type":"Point","coordinates":[126.7618211,37.504674]}},{"type":"Feature","properties":{"kind":"exit","ref":"2"},"geometry":{"type":"Point","coordinates":[126.7636421,37.5044395]}},{"type":"Feature","properties":{"kind":"exit","ref":"2"},"geometry":{"type":"Point","coordinates":[127.1119782,37.2858132]}},{"type":"Feature","properties":{"kind":"exit","ref":"2"},"geometry":{"type":"Point","coordinates":[126.9101031,37.555942]}},{"type":"Feature","properties":{"kind":"exit","ref":"1"},"geometry":{"type":"Point","coordinates":[126.9102593,37.555999]}},{"type":"Feature","properties":{"kind":"exit","ref":"9"},"geometry":{"type":"Point","coordinates":[126.913375,37.5497901]}},{"type":"Feature","properties":{"kind":"exit","ref":"7"},"geometry":{"type":"Point","coordinates":[126.913624,37.5487711]}},{"type":"Feature","properties":{"kind":"exit","ref":"10"},"geometry":{"type":"Point","coordinates":[126.9139171,37.5498936]}},{"type":"Feature","properties":{"kind":"exit","ref":"5"},"geometry":{"type":"Point","coordinates":[126.914172,37.5494932]}},{"type":"Feature","properties":{"kind":"exit","ref":"6"},"geometry":{"type":"Point","coordinates":[126.9139953,37.5490428]}},{"type":"Feature","properties":{"kind":"exit","ref":"8"},"geometry":{"type":"Point","coordinates":[126.9129173,37.5494092]}},{"type":"Feature","properties":{"kind":"exit","ref":"8"},"geometry":{"type":"Point","coordinates":[126.9508707,37.5434208]}},{"type":"Feature","properties":{"kind":"exit","ref":"4"},"geometry":{"type":"Point","coordinates":[126.9413595,37.5480479]}},{"type":"Feature","properties":{"kind":"exit","ref":"3"},"geometry":{"type":"Point","coordinates":[130.4188402,33.6169215]}},{"type":"Feature","properties":{"kind":"exit","ref":"4"},"geometry":{"type":"Point","coordinates":[126.9408021,37.4828975]}},{"type":"Feature","properties":{"kind":"exit","ref":"12"},"geometry":{"type":"Point","coordinates":[127.0285441,37.4984172]}},{"type":"Feature","properties":{"kind":"exit","ref":"7"},"geometry":{"type":"Point","coordinates":[127.0277165,37.4970955]}},{"type":"Feature","properties":{"kind":"exit","ref":"8"},"geometry":{"type":"Point","coordinates":[127.0270696,37.4975453]}},{"type":"Feature","properties":{"kind":"exit","ref":"2"},"geometry":{"type":"Point","coordinates":[126.9156807,37.5510084]}},{"type":"Feature","properties":{"kind":"exit","ref":"3"},"geometry":{"type":"Point","coordinates":[126.915912,37.5507869]}},{"type":"Feature","properties":{"kind":"exit","ref":"4"},"geometry":{"type":"Point","coordinates":[126.915153,37.5502054]}},{"type":"Feature","properties":{"kind":"exit","ref":"1"},"geometry":{"type":"Point","coordinates":[126.9149721,37.5505454]}},{"type":"Feature","properties":{"kind":"exit","ref":"8"},"geometry":{"type":"Point","coordinates":[127.0043201,37.5058063]}},{"type":"Feature","properties":{"kind":"exit","ref":"8-2"},"geometry":{"type":"Point","coordinates":[127.0045475,37.5062304]}},{"type":"Feature","properties":{"kind":"exit","ref":"2"},"geometry":{"type":"Point","coordinates":[127.0055463,37.5039136]}},{"type":"Feature","properties":{"kind":"exit","ref":"7"},"geometry":{"type":"Point","coordinates":[127.0053468,37.5038503]}},{"type":"Feature","properties":{"kind":"exit","ref":"3"},"geometry":{"type":"Point","coordinates":[127.0055123,37.5034175]}},{"type":"Feature","properties":{"kind":"exit","ref":"4"},"geometry":{"type":"Point","coordinates":[127.0034447,37.5027748]}},{"type":"Feature","properties":{"kind":"exit","ref":"5"},"geometry":{"type":"Point","coordinates":[127.0028201,37.5025322]}},{"type":"Feature","properties":{"kind":"exit","ref":"1"},"geometry":{"type":"Point","coordinates":[127.0055038,37.5059936]}},{"type":"Feature","properties":{"kind":"exit","ref":"8-1"},"geometry":{"type":"Point","coordinates":[127.0038235,37.5060148]}},{"type":"Feature","properties":{"kind":"exit","ref":"6"},"geometry":{"type":"Point","coordinates":[127.0027111,37.5026713]}},{"type":"Feature","properties":{"kind":"exit","ref":"1"},"geometry":{"type":"Point","coordinates":[126.7289661,37.5431096]}},{"type":"Feature","properties":{"kind":"exit","ref":"3"},"geometry":{"type":"Point","coordinates":[126.7269545,37.5431947]}},{"type":"Feature","properties":{"kind":"exit","ref":"6"},"geometry":{"type":"Point","coordinates":[126.7289782,37.5434097]}},{"type":"Feature","properties":{"kind":"exit","ref":"5"},"geometry":{"type":"Point","coordinates":[126.7281317,37.5434463]}},{"type":"Feature","properties":{"kind":"exit","ref":"4"},"geometry":{"type":"Point","coordinates":[126.7269839,37.5434975]}},{"type":"Feature","properties":{"kind":"exit","ref":"2"},"geometry":{"type":"Point","coordinates":[126.7385839,37.5446587]}},{"type":"Feature","properties":{"kind":"exit","ref":"3"},"geometry":{"type":"Point","coordinates":[126.7383607,37.5448804]}},{"type":"Feature","properties":{"kind":"exit","ref":"1"},"geometry":{"type":"Point","coordinates":[126.7389326,37.5450843]}},{"type":"Feature","properties":{"kind":"exit","ref":"4"},"geometry":{"type":"Point","coordinates":[126.7387926,37.5454082]}},{"type":"Feature","properties":{"kind":"exit","ref":"1"},"geometry":{"type":"Point","coordinates":[126.7363621,37.5713082]}},{"type":"Feature","properties":{"kind":"exit","ref":"2"},"geometry":{"type":"Point","coordinates":[126.8650643,37.5512235]}},{"type":"Feature","properties":{"kind":"exit","ref":"7"},"geometry":{"type":"Point","coordinates":[126.8820529,37.4797063]}},{"type":"Feature","properties":{"kind":"exit","ref":"9"},"geometry":{"type":"Point","coordinates":[126.8816696,37.4805629]}},{"type":"Feature","properties":{"kind":"exit","ref":"6"},"geometry":{"type":"Point","coordinates":[126.8836502,37.4802682]}},{"type":"Feature","properties":{"kind":"exit","ref":"4"},"geometry":{"type":"Point","coordinates":[126.8832955,37.481104]}},{"type":"Feature","properties":{"kind":"exit","ref":"5"},"geometry":{"type":"Point","coordinates":[126.8838096,37.4808524]}},{"type":"Feature","properties":{"kind":"exit","ref":"2"},"geometry":{"type":"Point","coordinates":[126.882837,37.4816781]}},{"type":"Feature","properties":{"kind":"exit","ref":"1"},"geometry":{"type":"Point","coordinates":[126.6810978,37.4053343]}},{"type":"Feature","properties":{"kind":"exit","ref":"8"},"geometry":{"type":"Point","coordinates":[126.9733882,37.5356469]}},{"type":"Feature","properties":{"kind":"exit","ref":"3"},"geometry":{"type":"Point","coordinates":[126.6801724,37.4044386]}},{"type":"Feature","properties":{"kind":"exit","ref":"4"},"geometry":{"type":"Point","coordinates":[126.6797789,37.4046811]}},{"type":"Feature","properties":{"kind":"exit","ref":"6"},"geometry":{"type":"Point","coordinates":[126.6806908,37.4056335]}},{"type":"Feature","properties":{"kind":"exit","ref":"5"},"geometry":{"type":"Point","coordinates":[126.6802885,37.4051907]}},{"type":"Feature","properties":{"kind":"exit","ref":"4"},"geometry":{"type":"Point","coordinates":[126.6349459,37.3934]}},{"type":"Feature","properties":{"kind":"exit","ref":"2"},"geometry":{"type":"Point","coordinates":[126.6387757,37.3856214]}},{"type":"Feature","properties":{"kind":"exit","ref":"2"},"geometry":{"type":"Point","coordinates":[126.6334807,37.393445]}},{"type":"Feature","properties":{"kind":"exit","ref":"1"},"geometry":{"type":"Point","coordinates":[126.6623664,37.3882844]}},{"type":"Feature","properties":{"kind":"exit","ref":"2"},"geometry":{"type":"Point","coordinates":[126.6629248,37.3873391]}},{"type":"Feature","properties":{"kind":"exit","ref":"4"},"geometry":{"type":"Point","coordinates":[126.6620467,37.3884948]}},{"type":"Feature","properties":{"kind":"exit","ref":"3"},"geometry":{"type":"Point","coordinates":[126.6614539,37.3879152]}},{"type":"Feature","properties":{"kind":"exit","ref":"7"},"geometry":{"type":"Point","coordinates":[127.0312976,37.2620192]}},{"type":"Feature","properties":{"kind":"exit","ref":"6"},"geometry":{"type":"Point","coordinates":[127.0297259,37.2624334]}},{"type":"Feature","properties":{"kind":"exit","ref":"4"},"geometry":{"type":"Point","coordinates":[127.0311582,37.2616094]}},{"type":"Feature","properties":{"kind":"exit","ref":"3"},"geometry":{"type":"Point","coordinates":[127.0313996,37.2610757]}},{"type":"Feature","properties":{"kind":"exit","ref":"1"},"geometry":{"type":"Point","coordinates":[127.0323427,37.2612857]}},{"type":"Feature","properties":{"kind":"exit","ref":"10"},"geometry":{"type":"Point","coordinates":[127.0327621,37.2616521]}},{"type":"Feature","properties":{"kind":"exit","ref":"9"},"geometry":{"type":"Point","coordinates":[127.0322596,37.2623223]}},{"type":"Feature","properties":{"kind":"exit","ref":"8"},"geometry":{"type":"Point","coordinates":[127.0319569,37.2624433]}},{"type":"Feature","properties":{"kind":"exit","ref":"2"},"geometry":{"type":"Point","coordinates":[127.0317903,37.2609695]}},{"type":"Feature","properties":{"kind":"exit","ref":"1"},"geometry":{"type":"Point","coordinates":[126.6567495,37.3824536]}},{"type":"Feature","properties":{"kind":"exit","ref":"7"},"geometry":{"type":"Point","coordinates":[126.9796431,37.5595146]}},{"type":"Feature","properties":{"kind":"exit","ref":"3"},"geometry":{"type":"Point","coordinates":[127.1077875,37.3659366]}},{"type":"Feature","properties":{"kind":"exit","ref":"4"},"geometry":{"type":"Point","coordinates":[127.1077861,37.366396]}},{"type":"Feature","properties":{"kind":"exit","ref":"1"},"geometry":{"type":"Point","coordinates":[126.8159121,37.5676253]}},{"type":"Feature","properties":{"kind":"exit","ref":"8"},"geometry":{"type":"Point","coordinates":[126.8159148,37.5674573]}},{"type":"Feature","properties":{"kind":"exit","ref":"6"},"geometry":{"type":"Point","coordinates":[126.9526066,37.5436202]}},{"type":"Feature","properties":{"kind":"exit","ref":"3"},"geometry":{"type":"Point","coordinates":[126.9973454,37.4816822]}},{"type":"Feature","properties":{"kind":"exit","ref":"2"},"geometry":{"type":"Point","coordinates":[126.9976492,37.481158]}},{"type":"Feature","properties":{"kind":"exit","ref":"1"},"geometry":{"type":"Point","coordinates":[126.9979338,37.4812042]}},{"type":"Feature","properties":{"kind":"exit","ref":"4"},"geometry":{"type":"Point","coordinates":[126.9977329,37.4817124]}},{"type":"Feature","properties":{"kind":"exit","ref":"3"},"geometry":{"type":"Point","coordinates":[126.9466327,37.5398067]}},{"type":"Feature","properties":{"kind":"exit","ref":"4"},"geometry":{"type":"Point","coordinates":[126.9457807,37.5392637]}},{"type":"Feature","properties":{"kind":"exit","ref":"4"},"geometry":{"type":"Point","coordinates":[126.9180224,37.5274728]}},{"type":"Feature","properties":{"kind":"exit","ref":"6"},"geometry":{"type":"Point","coordinates":[126.9163213,37.5288087]}},{"type":"Feature","properties":{"kind":"exit","ref":"8"},"geometry":{"type":"Point","coordinates":[126.9917508,37.5724796]}},{"type":"Feature","properties":{"kind":"exit","ref":"7"},"geometry":{"type":"Point","coordinates":[126.9917312,37.5726234]}},{"type":"Feature","properties":{"kind":"exit","ref":"3"},"geometry":{"type":"Point","coordinates":[126.9912018,37.5724985]}},{"type":"Feature","properties":{"kind":"exit","ref":"6"},"geometry":{"type":"Point","coordinates":[126.9911058,37.5726198]}},{"type":"Feature","properties":{"kind":"exit","ref":"3"},"geometry":{"type":"Point","coordinates":[126.9186104,37.5278498]}},{"type":"Feature","properties":{"kind":"exit","ref":"2"},"geometry":{"type":"Point","coordinates":[126.9178402,37.5286588]}},{"type":"Feature","properties":{"kind":"exit","ref":"5"},"geometry":{"type":"Point","coordinates":[126.9172199,37.5282738]}},{"type":"Feature","properties":{"kind":"exit","ref":"1"},"geometry":{"type":"Point","coordinates":[126.8659383,37.5125948]}},{"type":"Feature","properties":{"kind":"exit","ref":"3"},"geometry":{"type":"Point","coordinates":[126.9653686,37.5603972]}},{"type":"Feature","properties":{"kind":"exit","ref":"4"},"geometry":{"type":"Point","coordinates":[126.9655286,37.5602504]}},{"type":"Feature","properties":{"kind":"exit","ref":"1"},"geometry":{"type":"Point","coordinates":[126.9717005,37.555049]}},{"type":"Feature","properties":{"kind":"exit","ref":"9-1"},"geometry":{"type":"Point","coordinates":[126.9727697,37.5549468]}},{"type":"Feature","properties":{"kind":"exit","ref":"3"},"geometry":{"type":"Point","coordinates":[127.0246287,37.5047215]}},{"type":"Feature","properties":{"kind":"exit","ref":"2"},"geometry":{"type":"Point","coordinates":[126.801129,37.5634922]}},{"type":"Feature","properties":{"kind":"exit","ref":"3"},"geometry":{"type":"Point","coordinates":[126.8018222,37.5625739]}},{"type":"Feature","properties":{"kind":"exit","ref":"1"},"geometry":{"type":"Point","coordinates":[126.8008731,37.5615202]}},{"type":"Feature","properties":{"kind":"exit","ref":"4"},"geometry":{"type":"Point","coordinates":[126.8021015,37.561584]}},{"type":"Feature","properties":{"kind":"exit","ref":"1"},"geometry":{"type":"Point","coordinates":[126.8102255,37.5634496]}},{"type":"Feature","properties":{"kind":"exit","ref":"4"},"geometry":{"type":"Point","coordinates":[126.8102895,37.5633196]}},{"type":"Feature","properties":{"kind":"exit","ref":"2"},"geometry":{"type":"Point","coordinates":[126.8108638,37.5640218]}},{"type":"Feature","properties":{"kind":"exit","ref":"3"},"geometry":{"type":"Point","coordinates":[126.8109768,37.5639415]}},{"type":"Feature","properties":{"kind":"exit","ref":"2"},"geometry":{"type":"Point","coordinates":[126.8164227,37.5678983]}},{"type":"Feature","properties":{"kind":"exit","ref":"3"},"geometry":{"type":"Point","coordinates":[126.8168333,37.5679015]}},{"type":"Feature","properties":{"kind":"exit","ref":"7"},"geometry":{"type":"Point","coordinates":[126.8164267,37.5670186]}},{"type":"Feature","properties":{"kind":"exit","ref":"6"},"geometry":{"type":"Point","coordinates":[126.8168129,37.5670283]}},{"type":"Feature","properties":{"kind":"exit","ref":"4"},"geometry":{"type":"Point","coordinates":[126.8180203,37.5675464]}},{"type":"Feature","properties":{"kind":"exit","ref":"5"},"geometry":{"type":"Point","coordinates":[126.8180184,37.5673527]}},{"type":"Feature","properties":{"kind":"exit","ref":"1"},"geometry":{"type":"Point","coordinates":[126.8266802,37.5669611]}},{"type":"Feature","properties":{"kind":"exit","ref":"2"},"geometry":{"type":"Point","coordinates":[126.84134,37.5692052]}},{"type":"Feature","properties":{"kind":"exit","ref":"3"},"geometry":{"type":"Point","coordinates":[126.841475,37.5690018]}},{"type":"Feature","properties":{"kind":"exit","ref":"1"},"geometry":{"type":"Point","coordinates":[126.8407193,37.5688446]}},{"type":"Feature","properties":{"kind":"exit","ref":"8"},"geometry":{"type":"Point","coordinates":[126.8407975,37.5686203]}},{"type":"Feature","properties":{"kind":"exit","ref":"7"},"geometry":{"type":"Point","coordinates":[126.8410005,37.5679464]}},{"type":"Feature","properties":{"kind":"exit","ref":"6"},"geometry":{"type":"Point","coordinates":[126.8413271,37.5680432]}},{"type":"Feature","properties":{"kind":"exit","ref":"5"},"geometry":{"type":"Point","coordinates":[126.8417929,37.5680908]}},{"type":"Feature","properties":{"kind":"exit","ref":"4"},"geometry":{"type":"Point","coordinates":[126.8418933,37.5682101]}},{"type":"Feature","properties":{"kind":"exit","ref":"9"},"geometry":{"type":"Point","coordinates":[126.854504,37.5612394]}},{"type":"Feature","properties":{"kind":"exit","ref":"2"},"geometry":{"type":"Point","coordinates":[126.8546757,37.5614806]}},{"type":"Feature","properties":{"kind":"exit","ref":"3"},"geometry":{"type":"Point","coordinates":[126.8552066,37.5615522]}},{"type":"Feature","properties":{"kind":"exit","ref":"4"},"geometry":{"type":"Point","coordinates":[126.8556189,37.5614343]}},{"type":"Feature","properties":{"kind":"exit","ref":"5"},"geometry":{"type":"Point","coordinates":[126.8556773,37.5609392]}},{"type":"Feature","properties":{"kind":"exit","ref":"6"},"geometry":{"type":"Point","coordinates":[126.8555799,37.5607147]}},{"type":"Feature","properties":{"kind":"exit","ref":"7"},"geometry":{"type":"Point","coordinates":[126.8551039,37.5605534]}},{"type":"Feature","properties":{"kind":"exit","ref":"8"},"geometry":{"type":"Point","coordinates":[126.8548243,37.5606867]}},{"type":"Feature","properties":{"kind":"exit","ref":"1"},"geometry":{"type":"Point","coordinates":[126.8525345,37.5626253]}},{"type":"Feature","properties":{"kind":"exit","ref":"1"},"geometry":{"type":"Point","coordinates":[126.8613465,37.5579364]}},{"type":"Feature","properties":{"kind":"exit","ref":"4"},"geometry":{"type":"Point","coordinates":[126.8611453,37.557728]}},{"type":"Feature","properties":{"kind":"exit","ref":"3"},"geometry":{"type":"Point","coordinates":[126.8617556,37.5574446]}},{"type":"Feature","properties":{"kind":"exit","ref":"2"},"geometry":{"type":"Point","coordinates":[126.8624567,37.5573631]}},{"type":"Feature","properties":{"kind":"exit","ref":"1"},"geometry":{"type":"Point","coordinates":[126.8641311,37.5515898]}},{"type":"Feature","properties":{"kind":"exit","ref":"8"},"geometry":{"type":"Point","coordinates":[126.8637498,37.5512919]}},{"type":"Feature","properties":{"kind":"exit","ref":"7"},"geometry":{"type":"Point","coordinates":[126.8639568,37.5508738]}},{"type":"Feature","properties":{"kind":"exit","ref":"6"},"geometry":{"type":"Point","coordinates":[126.8643231,37.5506914]}},{"type":"Feature","properties":{"kind":"exit","ref":"5"},"geometry":{"type":"Point","coordinates":[126.8646788,37.5508303]}},{"type":"Feature","properties":{"kind":"exit","ref":"3"},"geometry":{"type":"Point","coordinates":[126.8676358,37.5497458]}},{"type":"Feature","properties":{"kind":"exit","ref":"4"},"geometry":{"type":"Point","coordinates":[126.8672182,37.5496041]}},{"type":"Feature","properties":{"kind":"exit","ref":"1"},"geometry":{"type":"Point","coordinates":[126.8741568,37.5471273]}},{"type":"Feature","properties":{"kind":"exit","ref":"2"},"geometry":{"type":"Point","coordinates":[126.874869,37.5471661]}},{"type":"Feature","properties":{"kind":"exit","ref":"3"},"geometry":{"type":"Point","coordinates":[126.8747452,37.5468125]}},{"type":"Feature","properties":{"kind":"exit","ref":"4"},"geometry":{"type":"Point","coordinates":[126.8741802,37.546807]}},{"type":"Feature","properties":{"kind":"exit","ref":"3"},"geometry":{"type":"Point","coordinates":[126.8835451,37.5438564]}},{"type":"Feature","properties":{"kind":"exit","ref":"1"},"geometry":{"type":"Point","coordinates":[126.8825782,37.5445927]}},{"type":"Feature","properties":{"kind":"exit","ref":"2"},"geometry":{"type":"Point","coordinates":[126.8827698,37.543936]}},{"type":"Feature","properties":{"kind":"exit","ref":"1"},"geometry":{"type":"Point","coordinates":[126.8936629,37.5381084]}},{"type":"Feature","properties":{"kind":"exit","ref":"8"},"geometry":{"type":"Point","coordinates":[126.8935008,37.5379375]}},{"type":"Feature","properties":{"kind":"exit","ref":"2"},"geometry":{"type":"Point","coordinates":[126.8940403,37.5381943]}},{"type":"Feature","properties":{"kind":"exit","ref":"7"},"geometry":{"type":"Point","coordinates":[126.8936786,37.537686]}},{"type":"Feature","properties":{"kind":"exit","ref":"6"},"geometry":{"type":"Point","coordinates":[126.8939153,37.5376569]}},{"type":"Feature","properties":{"kind":"exit","ref":"5"},"geometry":{"type":"Point","coordinates":[126.8941967,37.5376157]}},{"type":"Feature","properties":{"kind":"exit","ref":"4"},"geometry":{"type":"Point","coordinates":[126.8942885,37.5377864]}},{"type":"Feature","properties":{"kind":"exit","ref":"3"},"geometry":{"type":"Point","coordinates":[126.8941494,37.5379749]}},{"type":"Feature","properties":{"kind":"exit","ref":"1"},"geometry":{"type":"Point","coordinates":[126.9018912,37.5343802]}},{"type":"Feature","properties":{"kind":"exit","ref":"2"},"geometry":{"type":"Point","coordinates":[126.9022313,37.5346161]}},{"type":"Feature","properties":{"kind":"exit","ref":"3"},"geometry":{"type":"Point","coordinates":[126.9028455,37.5354292]}},{"type":"Feature","properties":{"kind":"exit","ref":"4"},"geometry":{"type":"Point","coordinates":[126.9031934,37.5353107]}},{"type":"Feature","properties":{"kind":"exit","ref":"5"},"geometry":{"type":"Point","coordinates":[126.9026361,37.5344279]}},{"type":"Feature","properties":{"kind":"exit","ref":"6"},"geometry":{"type":"Point","coordinates":[126.9024509,37.5341886]}},{"type":"Feature","properties":{"kind":"exit","ref":"1"},"geometry":{"type":"Point","coordinates":[126.9175539,37.5291689]}},{"type":"Feature","properties":{"kind":"exit","ref":"1"},"geometry":{"type":"Point","coordinates":[126.9237311,37.5215226]}},{"type":"Feature","properties":{"kind":"exit","ref":"2"},"geometry":{"type":"Point","coordinates":[126.9234638,37.5219647]}},{"type":"Feature","properties":{"kind":"exit","ref":"3"},"geometry":{"type":"Point","coordinates":[126.9238114,37.5226942]}},{"type":"Feature","properties":{"kind":"exit","ref":"4"},"geometry":{"type":"Point","coordinates":[126.9245415,37.52205]}},{"type":"Feature","properties":{"kind":"exit","ref":"5"},"geometry":{"type":"Point","coordinates":[126.9247465,37.5218241]}},{"type":"Feature","properties":{"kind":"exit","ref":"6"},"geometry":{"type":"Point","coordinates":[126.9243216,37.5212371]}},{"type":"Feature","properties":{"kind":"exit","ref":"4"},"geometry":{"type":"Point","coordinates":[126.9279316,37.5175182]}},{"type":"Feature","properties":{"kind":"exit","ref":"1"},"geometry":{"type":"Point","coordinates":[126.9282793,37.5177235]}},{"type":"Feature","properties":{"kind":"exit","ref":"3"},"geometry":{"type":"Point","coordinates":[126.9291911,37.517448]}},{"type":"Feature","properties":{"kind":"exit","ref":"2"},"geometry":{"type":"Point","coordinates":[126.9291538,37.5176711]}},{"type":"Feature","properties":{"kind":"exit","ref":"7"},"geometry":{"type":"Point","coordinates":[126.9401743,37.5136241]}},{"type":"Feature","properties":{"kind":"exit","ref":"6"},"geometry":{"type":"Point","coordinates":[126.9393719,37.5133522]}},{"type":"Feature","properties":{"kind":"exit","ref":"5"},"geometry":{"type":"Point","coordinates":[126.9400444,37.5131733]}},{"type":"Feature","properties":{"kind":"exit","ref":"4"},"geometry":{"type":"Point","coordinates":[126.9404467,37.5133871]}},{"type":"Feature","properties":{"kind":"exit","ref":"3"},"geometry":{"type":"Point","coordinates":[126.9422357,37.5135723]}},{"type":"Feature","properties":{"kind":"exit","ref":"8"},"geometry":{"type":"Point","coordinates":[126.9421405,37.5137811]}},{"type":"Feature","properties":{"kind":"exit","ref":"2"},"geometry":{"type":"Point","coordinates":[126.9428894,37.5139422]}},{"type":"Feature","properties":{"kind":"exit","ref":"1"},"geometry":{"type":"Point","coordinates":[126.9519919,37.5128931]}},{"type":"Feature","properties":{"kind":"exit","ref":"5"},"geometry":{"type":"Point","coordinates":[126.9521844,37.5124942]}},{"type":"Feature","properties":{"kind":"exit","ref":"2"},"geometry":{"type":"Point","coordinates":[126.954043,37.5128869]}},{"type":"Feature","properties":{"kind":"exit","ref":"4"},"geometry":{"type":"Point","coordinates":[126.9536528,37.5124332]}},{"type":"Feature","properties":{"kind":"exit","ref":"3"},"geometry":{"type":"Point","coordinates":[126.9543623,37.5122809]}},{"type":"Feature","properties":{"kind":"exit","ref":"2"},"geometry":{"type":"Point","coordinates":[127.0241692,37.5046514]}},{"type":"Feature","properties":{"kind":"exit","ref":"1"},"geometry":{"type":"Point","coordinates":[127.0239975,37.5043997]}},{"type":"Feature","properties":{"kind":"exit","ref":"5"},"geometry":{"type":"Point","coordinates":[127.0248942,37.5041873]}},{"type":"Feature","properties":{"kind":"exit","ref":"7"},"geometry":{"type":"Point","coordinates":[127.0250153,37.5029515]}},{"type":"Feature","properties":{"kind":"exit","ref":"4"},"geometry":{"type":"Point","coordinates":[127.0252201,37.504627]}},{"type":"Feature","properties":{"kind":"exit","ref":"1"},"geometry":{"type":"Point","coordinates":[127.0148602,37.5048323]}},{"type":"Feature","properties":{"kind":"exit","ref":"2"},"geometry":{"type":"Point","coordinates":[127.0156372,37.5038875]}},{"type":"Feature","properties":{"kind":"exit","ref":"1"},"geometry":{"type":"Point","coordinates":[127.1276863,37.5502389]}},{"type":"Feature","properties":{"kind":"exit","ref":"4"},"geometry":{"type":"Point","coordinates":[127.1274575,37.5502908]}},{"type":"Feature","properties":{"kind":"exit","ref":"2"},"geometry":{"type":"Point","coordinates":[127.1275384,37.5498682]}},{"type":"Feature","properties":{"kind":"exit","ref":"3"},"geometry":{"type":"Point","coordinates":[127.1273266,37.5499182]}},{"type":"Feature","properties":{"kind":"exit","ref":"1"},"geometry":{"type":"Point","coordinates":[127.1229792,37.5389891]}},{"type":"Feature","properties":{"kind":"exit","ref":"2"},"geometry":{"type":"Point","coordinates":[127.1233756,37.5391154]}},{"type":"Feature","properties":{"kind":"exit","ref":"3"},"geometry":{"type":"Point","coordinates":[127.1237313,37.5390718]}},{"type":"Feature","properties":{"kind":"exit","ref":"4"},"geometry":{"type":"Point","coordinates":[127.1240533,37.5385857]}},{"type":"Feature","properties":{"kind":"exit","ref":"8"},"geometry":{"type":"Point","coordinates":[127.1234026,37.5380405]}},{"type":"Feature","properties":{"kind":"exit","ref":"7"},"geometry":{"type":"Point","coordinates":[127.1239572,37.5382508]}},{"type":"Feature","properties":{"kind":"exit","ref":"9"},"geometry":{"type":"Point","coordinates":[127.1230855,37.5381922]}},{"type":"Feature","properties":{"kind":"exit","ref":"10"},"geometry":{"type":"Point","coordinates":[127.1228176,37.5386514]}},{"type":"Feature","properties":{"kind":"exit","ref":"5"},"geometry":{"type":"Point","coordinates":[127.1250417,37.5382553]}},{"type":"Feature","properties":{"kind":"exit","ref":"6"},"geometry":{"type":"Point","coordinates":[127.1248218,37.5379954]}},{"type":"Feature","properties":{"kind":"exit","ref":"1"},"geometry":{"type":"Point","coordinates":[127.1208557,37.5309874]}},{"type":"Feature","properties":{"kind":"exit","ref":"5"},"geometry":{"type":"Point","coordinates":[127.120617,37.5310344]}},{"type":"Feature","properties":{"kind":"exit","ref":"2"},"geometry":{"type":"Point","coordinates":[127.1212389,37.5306337]}},{"type":"Feature","properties":{"kind":"exit","ref":"3"},"geometry":{"type":"Point","coordinates":[127.121004,37.5303806]}},{"type":"Feature","properties":{"kind":"exit","ref":"4"},"geometry":{"type":"Point","coordinates":[127.1204329,37.5304492]}},{"type":"Feature","properties":{"kind":"exit","ref":"1"},"geometry":{"type":"Point","coordinates":[126.9957138,37.5035007]}},{"type":"Feature","properties":{"kind":"exit","ref":"4"},"geometry":{"type":"Point","coordinates":[126.9959649,37.5032722]}},{"type":"Feature","properties":{"kind":"exit","ref":"2"},"geometry":{"type":"Point","coordinates":[126.9965765,37.503728]}},{"type":"Feature","properties":{"kind":"exit","ref":"3"},"geometry":{"type":"Point","coordinates":[126.9967633,37.5035033]}},{"type":"Feature","properties":{"kind":"exit","ref":"2"},"geometry":{"type":"Point","coordinates":[126.9641749,37.5086538]}},{"type":"Feature","properties":{"kind":"exit","ref":"3"},"geometry":{"type":"Point","coordinates":[126.9638423,37.5083985]}},{"type":"Feature","properties":{"kind":"exit","ref":"4"},"geometry":{"type":"Point","coordinates":[126.9633193,37.5088475]}},{"type":"Feature","properties":{"kind":"exit","ref":"1"},"geometry":{"type":"Point","coordinates":[126.9635231,37.509302]}},{"type":"Feature","properties":{"kind":"exit","ref":"5"},"geometry":{"type":"Point","coordinates":[126.9769985,37.5033238]}},{"type":"Feature","properties":{"kind":"exit","ref":"6"},"geometry":{"type":"Point","coordinates":[126.9766391,37.5032472]}},{"type":"Feature","properties":{"kind":"exit","ref":"7"},"geometry":{"type":"Point","coordinates":[126.9759981,37.5032514]}},{"type":"Feature","properties":{"kind":"exit","ref":"8"},"geometry":{"type":"Point","coordinates":[126.9758398,37.503411]}},{"type":"Feature","properties":{"kind":"exit","ref":"2"},"geometry":{"type":"Point","coordinates":[126.9788198,37.5033706]}},{"type":"Feature","properties":{"kind":"exit","ref":"1"},"geometry":{"type":"Point","coordinates":[126.9807711,37.5029333]}},{"type":"Feature","properties":{"kind":"exit","ref":"4"},"geometry":{"type":"Point","coordinates":[126.9802588,37.5016282]}},{"type":"Feature","properties":{"kind":"exit","ref":"3"},"geometry":{"type":"Point","coordinates":[126.9806856,37.5015939]}},{"type":"Feature","properties":{"kind":"exit","ref":"6"},"geometry":{"type":"Point","coordinates":[126.7310631,37.5076238]}},{"type":"Feature","properties":{"kind":"exit","ref":"5"},"geometry":{"type":"Point","coordinates":[126.7306084,37.5072517]}},{"type":"Feature","properties":{"kind":"exit","ref":"4"},"geometry":{"type":"Point","coordinates":[126.730382,37.5068485]}},{"type":"Feature","properties":{"kind":"exit","ref":"3"},"geometry":{"type":"Point","coordinates":[126.7308846,37.5068233]}},{"type":"Feature","properties":{"kind":"exit","ref":"8"},"geometry":{"type":"Point","coordinates":[126.7321581,37.5072087]}},{"type":"Feature","properties":{"kind":"exit","ref":"1"},"geometry":{"type":"Point","coordinates":[126.7321527,37.5067532]}},{"type":"Feature","properties":{"kind":"exit","ref":"2"},"geometry":{"type":"Point","coordinates":[126.7315977,37.5067783]}},{"type":"Feature","properties":{"kind":"exit","ref":"9"},"geometry":{"type":"Point","coordinates":[126.7203432,37.5082134]}},{"type":"Feature","properties":{"kind":"exit","ref":"8"},"geometry":{"type":"Point","coordinates":[126.7201537,37.5077287]}},{"type":"Feature","properties":{"kind":"exit","ref":"1"},"geometry":{"type":"Point","coordinates":[126.7207653,37.5084772]}},{"type":"Feature","properties":{"kind":"exit","ref":"2"},"geometry":{"type":"Point","coordinates":[126.7207493,37.5080202]}},{"type":"Feature","properties":{"kind":"exit","ref":"3"},"geometry":{"type":"Point","coordinates":[126.721609,37.5076186]}},{"type":"Feature","properties":{"kind":"exit","ref":"5"},"geometry":{"type":"Point","coordinates":[126.7213977,37.5072431]}},{"type":"Feature","properties":{"kind":"exit","ref":"4"},"geometry":{"type":"Point","coordinates":[126.7221606,37.5072238]}},{"type":"Feature","properties":{"kind":"exit","ref":"6"},"geometry":{"type":"Point","coordinates":[126.7203902,37.5072785]}},{"type":"Feature","properties":{"kind":"exit","ref":"7"},"geometry":{"type":"Point","coordinates":[126.7197861,37.5074007]}},{"type":"Feature","properties":{"kind":"exit","ref":"5"},"geometry":{"type":"Point","coordinates":[126.742663,37.506965]}},{"type":"Feature","properties":{"kind":"exit","ref":"3"},"geometry":{"type":"Point","coordinates":[126.741173,37.5067264]}},{"type":"Feature","properties":{"kind":"exit","ref":"4"},"geometry":{"type":"Point","coordinates":[126.7418455,37.5072205]}},{"type":"Feature","properties":{"kind":"exit","ref":"2"},"geometry":{"type":"Point","coordinates":[126.7416579,37.5062238]}},{"type":"Feature","properties":{"kind":"exit","ref":"1"},"geometry":{"type":"Point","coordinates":[126.7421321,37.5059599]}},{"type":"Feature","properties":{"kind":"exit","ref":"2"},"geometry":{"type":"Point","coordinates":[127.1127931,37.5170369]}},{"type":"Feature","properties":{"kind":"exit","ref":"3"},"geometry":{"type":"Point","coordinates":[127.1123576,37.5170323]}},{"type":"Feature","properties":{"kind":"exit","ref":"4"},"geometry":{"type":"Point","coordinates":[127.1122327,37.5175851]}},{"type":"Feature","properties":{"kind":"exit","ref":"5"},"geometry":{"type":"Point","coordinates":[127.1125993,37.5178296]}},{"type":"Feature","properties":{"kind":"exit","ref":"1"},"geometry":{"type":"Point","coordinates":[127.1011759,37.513282]}},{"type":"Feature","properties":{"kind":"exit","ref":"2"},"geometry":{"type":"Point","coordinates":[127.1009003,37.5128484]}},{"type":"Feature","properties":{"kind":"exit","ref":"2-1"},"geometry":{"type":"Point","coordinates":[127.1004716,37.5128835]}},{"type":"Feature","properties":{"kind":"exit","ref":"3"},"geometry":{"type":"Point","coordinates":[127.1002279,37.5123792]}},{"type":"Feature","properties":{"kind":"exit","ref":"4"},"geometry":{"type":"Point","coordinates":[127.0992214,37.5126596]}},{"type":"Feature","properties":{"kind":"exit","ref":"5"},"geometry":{"type":"Point","coordinates":[127.0988675,37.5131323]}},{"type":"Feature","properties":{"kind":"exit","ref":"6"},"geometry":{"type":"Point","coordinates":[127.0991215,37.5140537]}},{"type":"Feature","properties":{"kind":"exit","ref":"11"},"geometry":{"type":"Point","coordinates":[127.1042405,37.5142811]}},{"type":"Feature","properties":{"kind":"exit","ref":"10"},"geometry":{"type":"Point","coordinates":[127.104536,37.514436]}},{"type":"Feature","properties":{"kind":"exit","ref":"1"},"geometry":{"type":"Point","coordinates":[127.1071926,37.5056458]}},{"type":"Feature","properties":{"kind":"exit","ref":"2"},"geometry":{"type":"Point","coordinates":[127.1076172,37.5056537]}},{"type":"Feature","properties":{"kind":"exit","ref":"3"},"geometry":{"type":"Point","coordinates":[127.107866,37.5053721]}},{"type":"Feature","properties":{"kind":"exit","ref":"4"},"geometry":{"type":"Point","coordinates":[127.107656,37.5050095]}},{"type":"Feature","properties":{"kind":"exit","ref":"5"},"geometry":{"type":"Point","coordinates":[127.107199,37.5048045]}},{"type":"Feature","properties":{"kind":"exit","ref":"6"},"geometry":{"type":"Point","coordinates":[127.1066673,37.5048141]}},{"type":"Feature","properties":{"kind":"exit","ref":"7"},"geometry":{"type":"Point","coordinates":[127.1064888,37.5050275]}},{"type":"Feature","properties":{"kind":"exit","ref":"8"},"geometry":{"type":"Point","coordinates":[127.1066508,37.5054045]}},{"type":"Feature","properties":{"kind":"exit","ref":"1"},"geometry":{"type":"Point","coordinates":[127.1125093,37.4997942]}},{"type":"Feature","properties":{"kind":"exit","ref":"2"},"geometry":{"type":"Point","coordinates":[127.1129125,37.4993602]}},{"type":"Feature","properties":{"kind":"exit","ref":"3"},"geometry":{"type":"Point","coordinates":[127.1124255,37.4991052]}},{"type":"Feature","properties":{"kind":"exit","ref":"4"},"geometry":{"type":"Point","coordinates":[127.1120379,37.4995361]}},{"type":"Feature","properties":{"kind":"exit","ref":"1"},"geometry":{"type":"Point","coordinates":[127.1178402,37.4925137]}},{"type":"Feature","properties":{"kind":"exit","ref":"2"},"geometry":{"type":"Point","coordinates":[127.1180443,37.4929078]}},{"type":"Feature","properties":{"kind":"exit","ref":"3"},"geometry":{"type":"Point","coordinates":[127.1186939,37.4930859]}},{"type":"Feature","properties":{"kind":"exit","ref":"4"},"geometry":{"type":"Point","coordinates":[127.1190743,37.4927983]}},{"type":"Feature","properties":{"kind":"exit","ref":"5"},"geometry":{"type":"Point","coordinates":[127.1192012,37.492661]}},{"type":"Feature","properties":{"kind":"exit","ref":"6"},"geometry":{"type":"Point","coordinates":[127.1190665,37.4922346]}},{"type":"Feature","properties":{"kind":"exit","ref":"7"},"geometry":{"type":"Point","coordinates":[127.1188447,37.4921063]}},{"type":"Feature","properties":{"kind":"exit","ref":"8"},"geometry":{"type":"Point","coordinates":[127.1162326,37.4916673]}},{"type":"Feature","properties":{"kind":"exit","ref":"3"},"geometry":{"type":"Point","coordinates":[127.12218,37.4860479]}},{"type":"Feature","properties":{"kind":"exit","ref":"2"},"geometry":{"type":"Point","coordinates":[127.1226186,37.4862374]}},{"type":"Feature","properties":{"kind":"exit","ref":"1"},"geometry":{"type":"Point","coordinates":[127.1223868,37.4866261]}},{"type":"Feature","properties":{"kind":"exit","ref":"4"},"geometry":{"type":"Point","coordinates":[127.1219203,37.4865027]}},{"type":"Feature","properties":{"kind":"exit","ref":"1"},"geometry":{"type":"Point","coordinates":[127.1264189,37.4787639]}},{"type":"Feature","properties":{"kind":"exit","ref":"2"},"geometry":{"type":"Point","coordinates":[127.1265315,37.4785436]}},{"type":"Feature","properties":{"kind":"exit","ref":"4"},"geometry":{"type":"Point","coordinates":[127.1258717,37.4785797]}},{"type":"Feature","properties":{"kind":"exit","ref":"3"},"geometry":{"type":"Point","coordinates":[127.1260662,37.4783318]}},{"type":"Feature","properties":{"kind":"exit","ref":"1"},"geometry":{"type":"Point","coordinates":[127.1270181,37.4715308]}},{"type":"Feature","properties":{"kind":"exit","ref":"4"},"geometry":{"type":"Point","coordinates":[127.1264825,37.471443]}},{"type":"Feature","properties":{"kind":"exit","ref":"3"},"geometry":{"type":"Point","coordinates":[127.1263929,37.4710549]}},{"type":"Feature","properties":{"kind":"exit","ref":"2"},"geometry":{"type":"Point","coordinates":[127.126925,37.4702236]}},{"type":"Feature","properties":{"kind":"exit","ref":"3"},"geometry":{"type":"Point","coordinates":[127.1497384,37.4555657]}},{"type":"Feature","properties":{"kind":"exit","ref":"1"},"geometry":{"type":"Point","coordinates":[127.1502931,37.455921]}},{"type":"Feature","properties":{"kind":"exit","ref":"2"},"geometry":{"type":"Point","coordinates":[127.1501094,37.4556846]}},{"type":"Feature","properties":{"kind":"exit","ref":"4"},"geometry":{"type":"Point","coordinates":[127.1599778,37.452347]}},{"type":"Feature","properties":{"kind":"exit","ref":"1"},"geometry":{"type":"Point","coordinates":[127.1603049,37.4522661]}},{"type":"Feature","properties":{"kind":"exit","ref":"2"},"geometry":{"type":"Point","coordinates":[127.1602308,37.4517679]}},{"type":"Feature","properties":{"kind":"exit","ref":"3"},"geometry":{"type":"Point","coordinates":[127.1596836,37.4518798]}},{"type":"Feature","properties":{"kind":"exit","ref":"1"},"geometry":{"type":"Point","coordinates":[127.1574219,37.4454141]}},{"type":"Feature","properties":{"kind":"exit","ref":"2"},"geometry":{"type":"Point","coordinates":[127.1570874,37.4449567]}},{"type":"Feature","properties":{"kind":"exit","ref":"3"},"geometry":{"type":"Point","coordinates":[127.1565484,37.4444977]}},{"type":"Feature","properties":{"kind":"exit","ref":"4"},"geometry":{"type":"Point","coordinates":[127.156297,37.4449742]}},{"type":"Feature","properties":{"kind":"exit","ref":"5"},"geometry":{"type":"Point","coordinates":[127.1563105,37.4454067]}},{"type":"Feature","properties":{"kind":"exit","ref":"6"},"geometry":{"type":"Point","coordinates":[127.1565603,37.4455087]}},{"type":"Feature","properties":{"kind":"exit","ref":"7"},"geometry":{"type":"Point","coordinates":[127.1568335,37.4456663]}},{"type":"Feature","properties":{"kind":"exit","ref":"1"},"geometry":{"type":"Point","coordinates":[127.1480576,37.4408445]}},{"type":"Feature","properties":{"kind":"exit","ref":"2"},"geometry":{"type":"Point","coordinates":[127.1474414,37.4406221]}},{"type":"Feature","properties":{"kind":"exit","ref":"4"},"geometry":{"type":"Point","coordinates":[127.1476416,37.4412097]}},{"type":"Feature","properties":{"kind":"exit","ref":"3"},"geometry":{"type":"Point","coordinates":[127.147268,37.4410874]}},{"type":"Feature","properties":{"kind":"exit","ref":"4"},"geometry":{"type":"Point","coordinates":[127.1410329,37.4379253]}},{"type":"Feature","properties":{"kind":"exit","ref":"3"},"geometry":{"type":"Point","coordinates":[127.1404412,37.4376369]}},{"type":"Feature","properties":{"kind":"exit","ref":"2"},"geometry":{"type":"Point","coordinates":[127.1409588,37.4372088]}},{"type":"Feature","properties":{"kind":"exit","ref":"1"},"geometry":{"type":"Point","coordinates":[127.1413666,37.4374122]}},{"type":"Feature","properties":{"kind":"exit","ref":"1"},"geometry":{"type":"Point","coordinates":[127.1291931,37.4329427]}},{"type":"Feature","properties":{"kind":"exit","ref":"2"},"geometry":{"type":"Point","coordinates":[127.1292733,37.4324007]}},{"type":"Feature","properties":{"kind":"exit","ref":"8"},"geometry":{"type":"Point","coordinates":[127.1288256,37.432843]}},{"type":"Feature","properties":{"kind":"exit","ref":"7"},"geometry":{"type":"Point","coordinates":[127.1289112,37.4323159]}},{"type":"Feature","properties":{"kind":"exit","ref":"4"},"geometry":{"type":"Point","coordinates":[127.1294603,37.4312135]}},{"type":"Feature","properties":{"kind":"exit","ref":"3"},"geometry":{"type":"Point","coordinates":[127.1293611,37.4317327]}},{"type":"Feature","properties":{"kind":"exit","ref":"6"},"geometry":{"type":"Point","coordinates":[127.1289722,37.4317183]}},{"type":"Feature","properties":{"kind":"exit","ref":"5"},"geometry":{"type":"Point","coordinates":[127.1290527,37.4312369]}},{"type":"Feature","properties":{"kind":"exit","ref":"9"},"geometry":{"type":"Point","coordinates":[127.1285572,37.433984]}},{"type":"Feature","properties":{"kind":"exit","ref":"10"},"geometry":{"type":"Point","coordinates":[127.1290732,37.4339923]}},{"type":"Feature","properties":{"kind":"exit","ref":"11"},"geometry":{"type":"Point","coordinates":[127.1296359,37.4340085]}},{"type":"Feature","properties":{"kind":"exit","ref":"4"},"geometry":{"type":"Point","coordinates":[126.7755333,37.5034403]}},{"type":"Feature","properties":{"kind":"exit","ref":"6"},"geometry":{"type":"Point","coordinates":[126.7763067,37.503579]}},{"type":"Feature","properties":{"kind":"exit","ref":"7"},"geometry":{"type":"Point","coordinates":[126.777257,37.5031863]}},{"type":"Feature","properties":{"kind":"exit","ref":"3"},"geometry":{"type":"Point","coordinates":[126.7756645,37.5028158]}},{"type":"Feature","properties":{"kind":"exit","ref":"1"},"geometry":{"type":"Point","coordinates":[126.7771916,37.5026084]}},{"type":"Feature","properties":{"kind":"exit","ref":"2"},"geometry":{"type":"Point","coordinates":[126.7766429,37.5024046]}},{"type":"Feature","properties":{"kind":"exit","ref":"5"},"geometry":{"type":"Point","coordinates":[126.7757662,37.5037851]}},{"type":"Feature","properties":{"kind":"exit","ref":"3"},"geometry":{"type":"Point","coordinates":[126.7868492,37.5030011]}},{"type":"Feature","properties":{"kind":"exit","ref":"4"},"geometry":{"type":"Point","coordinates":[126.7863673,37.50345]}},{"type":"Feature","properties":{"kind":"exit","ref":"5"},"geometry":{"type":"Point","coordinates":[126.7862758,37.503623]}},{"type":"Feature","properties":{"kind":"exit","ref":"6"},"geometry":{"type":"Point","coordinates":[126.786793,37.5041975]}},{"type":"Feature","properties":{"kind":"exit","ref":"7"},"geometry":{"type":"Point","coordinates":[126.7870707,37.5042979]}},{"type":"Feature","properties":{"kind":"exit","ref":"8"},"geometry":{"type":"Point","coordinates":[126.7878894,37.5039583]}},{"type":"Feature","properties":{"kind":"exit","ref":"1"},"geometry":{"type":"Point","coordinates":[126.7877381,37.5036764]}},{"type":"Feature","properties":{"kind":"exit","ref":"2"},"geometry":{"type":"Point","coordinates":[126.7873139,37.5033049]}},{"type":"Feature","properties":{"kind":"exit","ref":"3"},"geometry":{"type":"Point","coordinates":[126.7967753,37.5050646]}},{"type":"Feature","properties":{"kind":"exit","ref":"1"},"geometry":{"type":"Point","coordinates":[126.7980899,37.505437]}},{"type":"Feature","properties":{"kind":"exit","ref":"2"},"geometry":{"type":"Point","coordinates":[126.7974407,37.5046868]}},{"type":"Feature","properties":{"kind":"exit","ref":"3"},"geometry":{"type":"Point","coordinates":[126.810547,37.5065163]}},{"type":"Feature","properties":{"kind":"exit","ref":"4"},"geometry":{"type":"Point","coordinates":[126.8113346,37.5067517]}},{"type":"Feature","properties":{"kind":"exit","ref":"5"},"geometry":{"type":"Point","coordinates":[126.8117496,37.5065558]}},{"type":"Feature","properties":{"kind":"exit","ref":"2"},"geometry":{"type":"Point","coordinates":[126.8109277,37.5061325]}},{"type":"Feature","properties":{"kind":"exit","ref":"1"},"geometry":{"type":"Point","coordinates":[126.8118103,37.5060154]}},{"type":"Feature","properties":{"kind":"exit","ref":"5"},"geometry":{"type":"Point","coordinates":[126.8221053,37.4922527]}},{"type":"Feature","properties":{"kind":"exit","ref":"2"},"geometry":{"type":"Point","coordinates":[126.8243146,37.4920033]}},{"type":"Feature","properties":{"kind":"exit","ref":"1"},"geometry":{"type":"Point","coordinates":[126.8243773,37.4922897]}},{"type":"Feature","properties":{"kind":"exit","ref":"3"},"geometry":{"type":"Point","coordinates":[126.8239476,37.4921637]}},{"type":"Feature","properties":{"kind":"exit","ref":"8"},"geometry":{"type":"Point","coordinates":[126.824382,37.4927436]}},{"type":"Feature","properties":{"kind":"exit","ref":"7"},"geometry":{"type":"Point","coordinates":[126.823574,37.4925102]}},{"type":"Feature","properties":{"kind":"exit","ref":"6"},"geometry":{"type":"Point","coordinates":[126.8233499,37.4924657]}},{"type":"Feature","properties":{"kind":"exit","ref":"4"},"geometry":{"type":"Point","coordinates":[126.8229799,37.4919345]}},{"type":"Feature","properties":{"kind":"exit","ref":"3"},"geometry":{"type":"Point","coordinates":[126.8670104,37.4759472]}},{"type":"Feature","properties":{"kind":"exit","ref":"2"},"geometry":{"type":"Point","coordinates":[126.8670227,37.4756481]}},{"type":"Feature","properties":{"kind":"exit","ref":"4"},"geometry":{"type":"Point","coordinates":[126.8684114,37.4763944]}},{"type":"Feature","properties":{"kind":"exit","ref":"1"},"geometry":{"type":"Point","coordinates":[126.8388994,37.4861912]}},{"type":"Feature","properties":{"kind":"exit","ref":"4"},"geometry":{"type":"Point","coordinates":[126.8391643,37.4862864]}},{"type":"Feature","properties":{"kind":"exit","ref":"3"},"geometry":{"type":"Point","coordinates":[126.8387122,37.4870055]}},{"type":"Feature","properties":{"kind":"exit","ref":"7"},"geometry":{"type":"Point","coordinates":[126.8545,37.4798609]}},{"type":"Feature","properties":{"kind":"exit","ref":"8"},"geometry":{"type":"Point","coordinates":[126.8546739,37.4798145]}},{"type":"Feature","properties":{"kind":"exit","ref":"9"},"geometry":{"type":"Point","coordinates":[126.8547383,37.4795149]}},{"type":"Feature","properties":{"kind":"exit","ref":"6"},"geometry":{"type":"Point","coordinates":[126.8542028,37.4795495]}},{"type":"Feature","properties":{"kind":"exit","ref":"5"},"geometry":{"type":"Point","coordinates":[126.8541433,37.4794175]}},{"type":"Feature","properties":{"kind":"exit","ref":"4"},"geometry":{"type":"Point","coordinates":[126.8541913,37.4792153]}},{"type":"Feature","properties":{"kind":"exit","ref":"3"},"geometry":{"type":"Point","coordinates":[126.8543568,37.4791271]}},{"type":"Feature","properties":{"kind":"exit","ref":"2"},"geometry":{"type":"Point","coordinates":[126.8547876,37.4792406]}},{"type":"Feature","properties":{"kind":"exit","ref":"1"},"geometry":{"type":"Point","coordinates":[126.8557735,37.4789555]}},{"type":"Feature","properties":{"kind":"exit","ref":"10"},"geometry":{"type":"Point","coordinates":[126.855663,37.4792065]}},{"type":"Feature","properties":{"kind":"exit","ref":"3"},"geometry":{"type":"Point","coordinates":[126.8861249,37.4846522]}},{"type":"Feature","properties":{"kind":"exit","ref":"4"},"geometry":{"type":"Point","coordinates":[126.8859586,37.4850202]}},{"type":"Feature","properties":{"kind":"exit","ref":"2"},"geometry":{"type":"Point","coordinates":[126.8868752,37.4850299]}},{"type":"Feature","properties":{"kind":"exit","ref":"5"},"geometry":{"type":"Point","coordinates":[126.8867088,37.4855678]}},{"type":"Feature","properties":{"kind":"exit","ref":"1"},"geometry":{"type":"Point","coordinates":[126.8886283,37.4874772]}},{"type":"Feature","properties":{"kind":"exit","ref":"6"},"geometry":{"type":"Point","coordinates":[126.8883926,37.48752]}},{"type":"Feature","properties":{"kind":"exit","ref":"11"},"geometry":{"type":"Point","coordinates":[126.882328,37.4816119]}},{"type":"Feature","properties":{"kind":"exit","ref":"4"},"geometry":{"type":"Point","coordinates":[126.8942208,37.4940713]}},{"type":"Feature","properties":{"kind":"exit","ref":"3"},"geometry":{"type":"Point","coordinates":[126.8943238,37.4937442]}},{"type":"Feature","properties":{"kind":"exit","ref":"5"},"geometry":{"type":"Point","coordinates":[126.8950558,37.4942839]}},{"type":"Feature","properties":{"kind":"exit","ref":"6"},"geometry":{"type":"Point","coordinates":[126.895179,37.4939466]}},{"type":"Feature","properties":{"kind":"exit","ref":"7"},"geometry":{"type":"Point","coordinates":[126.8955426,37.4928612]}},{"type":"Feature","properties":{"kind":"exit","ref":"2"},"geometry":{"type":"Point","coordinates":[126.8947353,37.4926705]}},{"type":"Feature","properties":{"kind":"exit","ref":"1"},"geometry":{"type":"Point","coordinates":[126.8948678,37.4923527]}},{"type":"Feature","properties":{"kind":"exit","ref":"8"},"geometry":{"type":"Point","coordinates":[126.8956874,37.4925605]}},{"type":"Feature","properties":{"kind":"exit","ref":"9"},"geometry":{"type":"Point","coordinates":[126.8971188,37.4932071]}},{"type":"Feature","properties":{"kind":"exit","ref":"10"},"geometry":{"type":"Point","coordinates":[126.8976549,37.4935353]}},{"type":"Feature","properties":{"kind":"exit","ref":"12"},"geometry":{"type":"Point","coordinates":[126.8972184,37.4930378]}},{"type":"Feature","properties":{"kind":"exit","ref":"11"},"geometry":{"type":"Point","coordinates":[126.8979827,37.4935184]}},{"type":"Feature","properties":{"kind":"exit","ref":"5"},"geometry":{"type":"Point","coordinates":[126.9093418,37.500196]}},{"type":"Feature","properties":{"kind":"exit","ref":"2"},"geometry":{"type":"Point","coordinates":[126.9093385,37.5000021]}},{"type":"Feature","properties":{"kind":"exit","ref":"4"},"geometry":{"type":"Point","coordinates":[126.9085797,37.5002106]}},{"type":"Feature","properties":{"kind":"exit","ref":"3"},"geometry":{"type":"Point","coordinates":[126.9083487,37.5000244]}},{"type":"Feature","properties":{"kind":"exit","ref":"6"},"geometry":{"type":"Point","coordinates":[126.9111742,37.5001635]}},{"type":"Feature","properties":{"kind":"exit","ref":"1"},"geometry":{"type":"Point","coordinates":[126.9112328,37.4999831]}},{"type":"Feature","properties":{"kind":"exit","ref":"8"},"geometry":{"type":"Point","coordinates":[126.9208203,37.4999842]}},{"type":"Feature","properties":{"kind":"exit","ref":"7"},"geometry":{"type":"Point","coordinates":[126.9205706,37.500287]}},{"type":"Feature","properties":{"kind":"exit","ref":"6"},"geometry":{"type":"Point","coordinates":[126.9202858,37.5002379]}},{"type":"Feature","properties":{"kind":"exit","ref":"1"},"geometry":{"type":"Point","coordinates":[126.9206642,37.4998309]}},{"type":"Feature","properties":{"kind":"exit","ref":"2"},"geometry":{"type":"Point","coordinates":[126.9204226,37.4996553]}},{"type":"Feature","properties":{"kind":"exit","ref":"3"},"geometry":{"type":"Point","coordinates":[126.9202024,37.4996566]}},{"type":"Feature","properties":{"kind":"exit","ref":"5"},"geometry":{"type":"Point","coordinates":[126.9193739,37.5000122]}},{"type":"Feature","properties":{"kind":"exit","ref":"4"},"geometry":{"type":"Point","coordinates":[126.9193376,37.4998495]}},{"type":"Feature","properties":{"kind":"exit","ref":"3"},"geometry":{"type":"Point","coordinates":[126.9268592,37.4996804]}},{"type":"Feature","properties":{"kind":"exit","ref":"4"},"geometry":{"type":"Point","coordinates":[126.9268494,37.499851]}},{"type":"Feature","properties":{"kind":"exit","ref":"2"},"geometry":{"type":"Point","coordinates":[126.9284143,37.4995916]}},{"type":"Feature","properties":{"kind":"exit","ref":"5"},"geometry":{"type":"Point","coordinates":[126.9284033,37.4998349]}},{"type":"Feature","properties":{"kind":"exit","ref":"1"},"geometry":{"type":"Point","coordinates":[126.9291979,37.4996167]}},{"type":"Feature","properties":{"kind":"exit","ref":"6"},"geometry":{"type":"Point","coordinates":[126.9292124,37.4998049]}},{"type":"Feature","properties":{"kind":"exit","ref":"3"},"geometry":{"type":"Point","coordinates":[126.9381322,37.5042245]}},{"type":"Feature","properties":{"kind":"exit","ref":"4"},"geometry":{"type":"Point","coordinates":[126.9378711,37.5043414]}},{"type":"Feature","properties":{"kind":"exit","ref":"2"},"geometry":{"type":"Point","coordinates":[126.9390074,37.5044703]}},{"type":"Feature","properties":{"kind":"exit","ref":"1"},"geometry":{"type":"Point","coordinates":[126.9396091,37.5049057]}},{"type":"Feature","properties":{"kind":"exit","ref":"6"},"geometry":{"type":"Point","coordinates":[126.9396396,37.5054959]}},{"type":"Feature","properties":{"kind":"exit","ref":"5"},"geometry":{"type":"Point","coordinates":[126.9393469,37.5055039]}},{"type":"Feature","properties":{"kind":"exit","ref":"2"},"geometry":{"type":"Point","coordinates":[126.9474435,37.5032669]}},{"type":"Feature","properties":{"kind":"exit","ref":"1"},"geometry":{"type":"Point","coordinates":[126.947697,37.5028601]}},{"type":"Feature","properties":{"kind":"exit","ref":"3"},"geometry":{"type":"Point","coordinates":[126.9478141,37.503441]}},{"type":"Feature","properties":{"kind":"exit","ref":"4"},"geometry":{"type":"Point","coordinates":[126.9481742,37.5035816]}},{"type":"Feature","properties":{"kind":"exit","ref":"5"},"geometry":{"type":"Point","coordinates":[126.9481276,37.503019]}},{"type":"Feature","properties":{"kind":"exit","ref":"2"},"geometry":{"type":"Point","coordinates":[126.9539481,37.4956527]}},{"type":"Feature","properties":{"kind":"exit","ref":"3"},"geometry":{"type":"Point","coordinates":[126.9541188,37.4959585]}},{"type":"Feature","properties":{"kind":"exit","ref":"4"},"geometry":{"type":"Point","coordinates":[126.9546635,37.4953038]}},{"type":"Feature","properties":{"kind":"exit","ref":"1"},"geometry":{"type":"Point","coordinates":[126.9544107,37.4951391]}},{"type":"Feature","properties":{"kind":"exit","ref":"4"},"geometry":{"type":"Point","coordinates":[126.9722013,37.4843447]}},{"type":"Feature","properties":{"kind":"exit","ref":"1"},"geometry":{"type":"Point","coordinates":[126.9721383,37.4841298]}},{"type":"Feature","properties":{"kind":"exit","ref":"3"},"geometry":{"type":"Point","coordinates":[126.9711763,37.4847765]}},{"type":"Feature","properties":{"kind":"exit","ref":"2"},"geometry":{"type":"Point","coordinates":[126.9712837,37.4845078]}},{"type":"Feature","properties":{"kind":"exit","ref":"10"},"geometry":{"type":"Point","coordinates":[126.9803762,37.4849766]}},{"type":"Feature","properties":{"kind":"exit","ref":"9"},"geometry":{"type":"Point","coordinates":[126.9808155,37.4847925]}},{"type":"Feature","properties":{"kind":"exit","ref":"11"},"geometry":{"type":"Point","coordinates":[126.98173,37.4855306]}},{"type":"Feature","properties":{"kind":"exit","ref":"8"},"geometry":{"type":"Point","coordinates":[126.9817272,37.4850225]}},{"type":"Feature","properties":{"kind":"exit","ref":"7"},"geometry":{"type":"Point","coordinates":[126.9818659,37.484719]}},{"type":"Feature","properties":{"kind":"exit","ref":"12"},"geometry":{"type":"Point","coordinates":[126.9819445,37.4858023]}},{"type":"Feature","properties":{"kind":"exit","ref":"6"},"geometry":{"type":"Point","coordinates":[126.9823867,37.4850101]}},{"type":"Feature","properties":{"kind":"exit","ref":"5"},"geometry":{"type":"Point","coordinates":[126.9825545,37.4852547]}},{"type":"Feature","properties":{"kind":"exit","ref":"3"},"geometry":{"type":"Point","coordinates":[126.9824029,37.4860586]}},{"type":"Feature","properties":{"kind":"exit","ref":"4"},"geometry":{"type":"Point","coordinates":[126.9824441,37.4857869]}},{"type":"Feature","properties":{"kind":"exit","ref":"13"},"geometry":{"type":"Point","coordinates":[126.9820154,37.4869736]}},{"type":"Feature","properties":{"kind":"exit","ref":"2"},"geometry":{"type":"Point","coordinates":[126.9824724,37.487025]}},{"type":"Feature","properties":{"kind":"exit","ref":"14"},"geometry":{"type":"Point","coordinates":[126.9820177,37.4883005]}},{"type":"Feature","properties":{"kind":"exit","ref":"1"},"geometry":{"type":"Point","coordinates":[126.9825048,37.4882961]}},{"type":"Feature","properties":{"kind":"exit","ref":"1"},"geometry":{"type":"Point","coordinates":[127.0906961,37.6177977]}},{"type":"Feature","properties":{"kind":"exit","ref":"4"},"geometry":{"type":"Point","coordinates":[127.0905377,37.6173463]}},{"type":"Feature","properties":{"kind":"exit","ref":"5"},"geometry":{"type":"Point","coordinates":[127.0901891,37.6176703]}},{"type":"Feature","properties":{"kind":"exit","ref":"2"},"geometry":{"type":"Point","coordinates":[127.0929142,37.6168204]}},{"type":"Feature","properties":{"kind":"exit","ref":"3"},"geometry":{"type":"Point","coordinates":[127.092705,37.6165878]}},{"type":"Feature","properties":{"kind":"exit","ref":"2"},"geometry":{"type":"Point","coordinates":[127.0836731,37.6203874]}},{"type":"Feature","properties":{"kind":"exit","ref":"1"},"geometry":{"type":"Point","coordinates":[127.0839406,37.6200383]}},{"type":"Feature","properties":{"kind":"exit","ref":"3"},"geometry":{"type":"Point","coordinates":[127.0839476,37.6208521]}},{"type":"Feature","properties":{"kind":"exit","ref":"4"},"geometry":{"type":"Point","coordinates":[127.0844146,37.6206764]}},{"type":"Feature","properties":{"kind":"exit","ref":"6"},"geometry":{"type":"Point","coordinates":[127.085383,37.6196361]}},{"type":"Feature","properties":{"kind":"exit","ref":"7"},"geometry":{"type":"Point","coordinates":[127.084801,37.6196722]}},{"type":"Feature","properties":{"kind":"exit","ref":"5"},"geometry":{"type":"Point","coordinates":[127.0859543,37.6199038]}},{"type":"Feature","properties":{"kind":"exit","ref":"6"},"geometry":{"type":"Point","coordinates":[127.0759606,37.6179311]}},{"type":"Feature","properties":{"kind":"exit","ref":"7"},"geometry":{"type":"Point","coordinates":[127.0760762,37.6175979]}},{"type":"Feature","properties":{"kind":"exit","ref":"8"},"geometry":{"type":"Point","coordinates":[127.0753182,37.6173893]}},{"type":"Feature","properties":{"kind":"exit","ref":"1"},"geometry":{"type":"Point","coordinates":[127.0745372,37.6174173]}},{"type":"Feature","properties":{"kind":"exit","ref":"4"},"geometry":{"type":"Point","coordinates":[127.0753066,37.6190486]}},{"type":"Feature","properties":{"kind":"exit","ref":"3"},"geometry":{"type":"Point","coordinates":[127.0750437,37.618993]}},{"type":"Feature","properties":{"kind":"exit","ref":"2"},"geometry":{"type":"Point","coordinates":[127.0752142,37.6183921]}},{"type":"Feature","properties":{"kind":"exit","ref":"5"},"geometry":{"type":"Point","coordinates":[127.0755223,37.6184263]}},{"type":"Feature","properties":{"kind":"exit","ref":"2"},"geometry":{"type":"Point","coordinates":[127.0666264,37.6152725]}},{"type":"Feature","properties":{"kind":"exit","ref":"3"},"geometry":{"type":"Point","coordinates":[127.0675571,37.6154667]}},{"type":"Feature","properties":{"kind":"exit","ref":"1"},"geometry":{"type":"Point","coordinates":[127.0653098,37.6149649]}},{"type":"Feature","properties":{"kind":"exit","ref":"6"},"geometry":{"type":"Point","coordinates":[127.0656611,37.6145476]}},{"type":"Feature","properties":{"kind":"exit","ref":"7"},"geometry":{"type":"Point","coordinates":[127.0651357,37.6144085]}},{"type":"Feature","properties":{"kind":"exit","ref":"5"},"geometry":{"type":"Point","coordinates":[127.0658788,37.6137789]}},{"type":"Feature","properties":{"kind":"exit","ref":"4"},"geometry":{"type":"Point","coordinates":[127.0667166,37.6147715]}},{"type":"Feature","properties":{"kind":"exit","ref":"3"},"geometry":{"type":"Point","coordinates":[127.0568139,37.6111163]}},{"type":"Feature","properties":{"kind":"exit","ref":"4"},"geometry":{"type":"Point","coordinates":[127.0572176,37.6111366]}},{"type":"Feature","properties":{"kind":"exit","ref":"5"},"geometry":{"type":"Point","coordinates":[127.0575632,37.6109578]}},{"type":"Feature","properties":{"kind":"exit","ref":"6"},"geometry":{"type":"Point","coordinates":[127.0574177,37.6105717]}},{"type":"Feature","properties":{"kind":"exit","ref":"7"},"geometry":{"type":"Point","coordinates":[127.0572828,37.6104961]}},{"type":"Feature","properties":{"kind":"exit","ref":"1"},"geometry":{"type":"Point","coordinates":[127.0565044,37.6107657]}},{"type":"Feature","properties":{"kind":"exit","ref":"8"},"geometry":{"type":"Point","coordinates":[127.0567546,37.6104991]}},{"type":"Feature","properties":{"kind":"exit","ref":"2"},"geometry":{"type":"Point","coordinates":[127.0564922,37.6111941]}},{"type":"Feature","properties":{"kind":"exit","ref":"1"},"geometry":{"type":"Point","coordinates":[127.0471146,37.6058751]}},{"type":"Feature","properties":{"kind":"exit","ref":"4"},"geometry":{"type":"Point","coordinates":[127.0473806,37.6055542]}},{"type":"Feature","properties":{"kind":"exit","ref":"3"},"geometry":{"type":"Point","coordinates":[127.0507184,37.6073522]}},{"type":"Feature","properties":{"kind":"exit","ref":"2"},"geometry":{"type":"Point","coordinates":[127.0502886,37.6074584]}},{"type":"Feature","properties":{"kind":"exit","ref":"2"},"geometry":{"type":"Point","coordinates":[127.0412453,37.6024908]}},{"type":"Feature","properties":{"kind":"exit","ref":"3"},"geometry":{"type":"Point","coordinates":[127.0418275,37.6026359]}},{"type":"Feature","properties":{"kind":"exit","ref":"4"},"geometry":{"type":"Point","coordinates":[127.0421491,37.6023859]}},{"type":"Feature","properties":{"kind":"exit","ref":"5"},"geometry":{"type":"Point","coordinates":[127.041692,37.6018788]}},{"type":"Feature","properties":{"kind":"exit","ref":"1"},"geometry":{"type":"Point","coordinates":[127.0355672,37.5897163]}},{"type":"Feature","properties":{"kind":"exit","ref":"2"},"geometry":{"type":"Point","coordinates":[127.0360228,37.5901498]}},{"type":"Feature","properties":{"kind":"exit","ref":"3"},"geometry":{"type":"Point","coordinates":[127.0365774,37.590499]}},{"type":"Feature","properties":{"kind":"exit","ref":"4"},"geometry":{"type":"Point","coordinates":[127.0366143,37.5897543]}},{"type":"Feature","properties":{"kind":"exit","ref":"5"},"geometry":{"type":"Point","coordinates":[127.0363818,37.5893086]}},{"type":"Feature","properties":{"kind":"exit","ref":"6"},"geometry":{"type":"Point","coordinates":[127.0358169,37.5892959]}},{"type":"Feature","properties":{"kind":"exit","ref":"1"},"geometry":{"type":"Point","coordinates":[127.0287629,37.5863814]}},{"type":"Feature","properties":{"kind":"exit","ref":"2"},"geometry":{"type":"Point","coordinates":[127.0296566,37.5863614]}},{"type":"Feature","properties":{"kind":"exit","ref":"3"},"geometry":{"type":"Point","coordinates":[127.0297115,37.5861777]}},{"type":"Feature","properties":{"kind":"exit","ref":"4"},"geometry":{"type":"Point","coordinates":[127.0286303,37.5861622]}},{"type":"Feature","properties":{"kind":"exit","ref":"1"},"geometry":{"type":"Point","coordinates":[127.0189971,37.585264]}},{"type":"Feature","properties":{"kind":"exit","ref":"8"},"geometry":{"type":"Point","coordinates":[127.0191068,37.5850657]}},{"type":"Feature","properties":{"kind":"exit","ref":"6"},"geometry":{"type":"Point","coordinates":[127.0196396,37.5850356]}},{"type":"Feature","properties":{"kind":"exit","ref":"7"},"geometry":{"type":"Point","coordinates":[127.0194334,37.5849737]}},{"type":"Feature","properties":{"kind":"exit","ref":"4"},"geometry":{"type":"Point","coordinates":[127.0196576,37.5854772]}},{"type":"Feature","properties":{"kind":"exit","ref":"5"},"geometry":{"type":"Point","coordinates":[127.0197288,37.5853311]}},{"type":"Feature","properties":{"kind":"exit","ref":"3"},"geometry":{"type":"Point","coordinates":[127.019317,37.5855911]}},{"type":"Feature","properties":{"kind":"exit","ref":"2"},"geometry":{"type":"Point","coordinates":[127.0191459,37.5855398]}},{"type":"Feature","properties":{"kind":"exit","ref":"3"},"geometry":{"type":"Point","coordinates":[127.0153952,37.5799458]}},{"type":"Feature","properties":{"kind":"exit","ref":"2"},"geometry":{"type":"Point","coordinates":[127.0150385,37.5799894]}},{"type":"Feature","properties":{"kind":"exit","ref":"4"},"geometry":{"type":"Point","coordinates":[127.0154197,37.5793874]}},{"type":"Feature","properties":{"kind":"exit","ref":"1"},"geometry":{"type":"Point","coordinates":[127.0150819,37.5793942]}},{"type":"Feature","properties":{"kind":"exit","ref":"10"},"geometry":{"type":"Point","coordinates":[127.0157629,37.5733691]}},{"type":"Feature","properties":{"kind":"exit","ref":"9"},"geometry":{"type":"Point","coordinates":[127.0155012,37.5732425]}},{"type":"Feature","properties":{"kind":"exit","ref":"8"},"geometry":{"type":"Point","coordinates":[127.0152397,37.5730185]}},{"type":"Feature","properties":{"kind":"exit","ref":"7"},"geometry":{"type":"Point","coordinates":[127.0153416,37.5727272]}},{"type":"Feature","properties":{"kind":"exit","ref":"4"},"geometry":{"type":"Point","coordinates":[127.015949,37.5729272]}},{"type":"Feature","properties":{"kind":"exit","ref":"1"},"geometry":{"type":"Point","coordinates":[127.0161865,37.5733012]}},{"type":"Feature","properties":{"kind":"exit","ref":"2"},"geometry":{"type":"Point","coordinates":[127.0174498,37.5736796]}},{"type":"Feature","properties":{"kind":"exit","ref":"3"},"geometry":{"type":"Point","coordinates":[127.017254,37.5732778]}},{"type":"Feature","properties":{"kind":"exit","ref":"5"},"geometry":{"type":"Point","coordinates":[127.0157972,37.5716625]}},{"type":"Feature","properties":{"kind":"exit","ref":"6"},"geometry":{"type":"Point","coordinates":[127.0156523,37.5716894]}},{"type":"Feature","properties":{"kind":"exit","ref":"5"},"geometry":{"type":"Point","coordinates":[127.0166056,37.5652561]}},{"type":"Feature","properties":{"kind":"exit","ref":"6"},"geometry":{"type":"Point","coordinates":[127.0163047,37.5650317]}},{"type":"Feature","properties":{"kind":"exit","ref":"7"},"geometry":{"type":"Point","coordinates":[127.0159738,37.565005]}},{"type":"Feature","properties":{"kind":"exit","ref":"8"},"geometry":{"type":"Point","coordinates":[127.0159988,37.565161]}},{"type":"Feature","properties":{"kind":"exit","ref":"9"},"geometry":{"type":"Point","coordinates":[127.0159402,37.5654272]}},{"type":"Feature","properties":{"kind":"exit","ref":"12"},"geometry":{"type":"Point","coordinates":[127.0164835,37.5655605]}},{"type":"Feature","properties":{"kind":"exit","ref":"11"},"geometry":{"type":"Point","coordinates":[127.0162874,37.5668867]}},{"type":"Feature","properties":{"kind":"exit","ref":"10"},"geometry":{"type":"Point","coordinates":[127.0158964,37.5670277]}},{"type":"Feature","properties":{"kind":"exit","ref":"1"},"geometry":{"type":"Point","coordinates":[127.0185772,37.5656904]}},{"type":"Feature","properties":{"kind":"exit","ref":"4"},"geometry":{"type":"Point","coordinates":[127.0187196,37.5655838]}},{"type":"Feature","properties":{"kind":"exit","ref":"2"},"geometry":{"type":"Point","coordinates":[127.0205833,37.5657732]}},{"type":"Feature","properties":{"kind":"exit","ref":"3"},"geometry":{"type":"Point","coordinates":[127.0207514,37.5654869]}},{"type":"Feature","properties":{"kind":"exit","ref":"1"},"geometry":{"type":"Point","coordinates":[127.0136369,37.5604711]}},{"type":"Feature","properties":{"kind":"exit","ref":"2"},"geometry":{"type":"Point","coordinates":[127.0140162,37.5604258]}},{"type":"Feature","properties":{"kind":"exit","ref":"3"},"geometry":{"type":"Point","coordinates":[127.0138606,37.5601079]}},{"type":"Feature","properties":{"kind":"exit","ref":"8"},"geometry":{"type":"Point","coordinates":[127.0096374,37.5534022]}},{"type":"Feature","properties":{"kind":"exit","ref":"7"},"geometry":{"type":"Point","coordinates":[127.0098386,37.5532281]}},{"type":"Feature","properties":{"kind":"exit","ref":"6"},"geometry":{"type":"Point","coordinates":[127.0105521,37.5543352]}},{"type":"Feature","properties":{"kind":"exit","ref":"9"},"geometry":{"type":"Point","coordinates":[127.0103773,37.554606]}},{"type":"Feature","properties":{"kind":"exit","ref":"1"},"geometry":{"type":"Point","coordinates":[127.0104078,37.5553328]}},{"type":"Feature","properties":{"kind":"exit","ref":"2"},"geometry":{"type":"Point","coordinates":[127.0106517,37.5552119]}},{"type":"Feature","properties":{"kind":"exit","ref":"3"},"geometry":{"type":"Point","coordinates":[127.0108489,37.5548429]}},{"type":"Feature","properties":{"kind":"exit","ref":"10"},"geometry":{"type":"Point","coordinates":[127.0101862,37.5549637]}},{"type":"Feature","properties":{"kind":"exit","ref":"4"},"geometry":{"type":"Point","coordinates":[127.0119673,37.5534366]}},{"type":"Feature","properties":{"kind":"exit","ref":"5"},"geometry":{"type":"Point","coordinates":[127.0115267,37.553344]}},{"type":"Feature","properties":{"kind":"exit","ref":"3"},"geometry":{"type":"Point","coordinates":[127.0070759,37.5478591]}},{"type":"Feature","properties":{"kind":"exit","ref":"2"},"geometry":{"type":"Point","coordinates":[127.0073979,37.5482962]}},{"type":"Feature","properties":{"kind":"exit","ref":"1"},"geometry":{"type":"Point","coordinates":[127.007159,37.548358]}},{"type":"Feature","properties":{"kind":"exit","ref":"1"},"geometry":{"type":"Point","coordinates":[127.0016716,37.5402414]}},{"type":"Feature","properties":{"kind":"exit","ref":"3"},"geometry":{"type":"Point","coordinates":[127.0019247,37.5402148]}},{"type":"Feature","properties":{"kind":"exit","ref":"한강진역 2번출구"},"geometry":{"type":"Point","coordinates":[127.0019555,37.5405361]}},{"type":"Feature","properties":{"kind":"exit","ref":"13"},"geometry":{"type":"Point","coordinates":[126.9745189,37.5350386]}},{"type":"Feature","properties":{"kind":"exit","ref":"14"},"geometry":{"type":"Point","coordinates":[126.9740667,37.5350299]}},{"type":"Feature","properties":{"kind":"exit","ref":"1"},"geometry":{"type":"Point","coordinates":[126.9942283,37.4877283]}},{"type":"Feature","properties":{"kind":"exit","ref":"8"},"geometry":{"type":"Point","coordinates":[126.9939709,37.4879425]}},{"type":"Feature","properties":{"kind":"exit","ref":"7"},"geometry":{"type":"Point","coordinates":[126.993538,37.4881235]}},{"type":"Feature","properties":{"kind":"exit","ref":"6"},"geometry":{"type":"Point","coordinates":[126.9932919,37.488077]}},{"type":"Feature","properties":{"kind":"exit","ref":"5"},"geometry":{"type":"Point","coordinates":[126.9930539,37.4876578]}},{"type":"Feature","properties":{"kind":"exit","ref":"4"},"geometry":{"type":"Point","coordinates":[126.9932594,37.487417]}},{"type":"Feature","properties":{"kind":"exit","ref":"2"},"geometry":{"type":"Point","coordinates":[126.9940288,37.4873176]}},{"type":"Feature","properties":{"kind":"exit","ref":"3"},"geometry":{"type":"Point","coordinates":[126.9938095,37.4872198]}},{"type":"Feature","properties":{"kind":"exit","ref":"5"},"geometry":{"type":"Point","coordinates":[127.011292,37.5082126]}},{"type":"Feature","properties":{"kind":"exit","ref":"6"},"geometry":{"type":"Point","coordinates":[127.0115639,37.5086223]}},{"type":"Feature","properties":{"kind":"exit","ref":"2"},"geometry":{"type":"Point","coordinates":[127.0114635,37.5079211]}},{"type":"Feature","properties":{"kind":"exit","ref":"1"},"geometry":{"type":"Point","coordinates":[127.0121075,37.5081112]}},{"type":"Feature","properties":{"kind":"exit","ref":"4"},"geometry":{"type":"Point","coordinates":[127.0102396,37.5078911]}},{"type":"Feature","properties":{"kind":"exit","ref":"3"},"geometry":{"type":"Point","coordinates":[127.0102921,37.5075792]}},{"type":"Feature","properties":{"kind":"exit","ref":"4"},"geometry":{"type":"Point","coordinates":[127.0307633,37.5135827]}},{"type":"Feature","properties":{"kind":"exit","ref":"5"},"geometry":{"type":"Point","coordinates":[127.0304559,37.5137004]}},{"type":"Feature","properties":{"kind":"exit","ref":"3"},"geometry":{"type":"Point","coordinates":[127.0310218,37.5136797]}},{"type":"Feature","properties":{"kind":"exit","ref":"6"},"geometry":{"type":"Point","coordinates":[127.0303187,37.514008]}},{"type":"Feature","properties":{"kind":"exit","ref":"7"},"geometry":{"type":"Point","coordinates":[127.030471,37.5142025]}},{"type":"Feature","properties":{"kind":"exit","ref":"8"},"geometry":{"type":"Point","coordinates":[127.0306758,37.5142494]}},{"type":"Feature","properties":{"kind":"exit","ref":"2"},"geometry":{"type":"Point","coordinates":[127.0324032,37.5142942]}},{"type":"Feature","properties":{"kind":"exit","ref":"9"},"geometry":{"type":"Point","coordinates":[127.0321901,37.5145665]}},{"type":"Feature","properties":{"kind":"exit","ref":"10"},"geometry":{"type":"Point","coordinates":[127.0328943,37.5147732]}},{"type":"Feature","properties":{"kind":"exit","ref":"1"},"geometry":{"type":"Point","coordinates":[127.0330432,37.5144768]}},{"type":"Feature","properties":{"kind":"exit","ref":"7"},"geometry":{"type":"Point","coordinates":[127.0503118,37.5184118]}},{"type":"Feature","properties":{"kind":"exit","ref":"8"},"geometry":{"type":"Point","coordinates":[127.0499316,37.5191135]}},{"type":"Feature","properties":{"kind":"exit","ref":"9"},"geometry":{"type":"Point","coordinates":[127.0502042,37.519195]}},{"type":"Feature","properties":{"kind":"exit","ref":"6"},"geometry":{"type":"Point","coordinates":[127.0505499,37.5185315]}},{"type":"Feature","properties":{"kind":"exit","ref":"7"},"geometry":{"type":"Point","coordinates":[127.0210052,37.5111528]}},{"type":"Feature","properties":{"kind":"exit","ref":"10"},"geometry":{"type":"Point","coordinates":[127.0214548,37.5112905]}},{"type":"Feature","properties":{"kind":"exit","ref":"9"},"geometry":{"type":"Point","coordinates":[127.0212768,37.5116532]}},{"type":"Feature","properties":{"kind":"exit","ref":"8"},"geometry":{"type":"Point","coordinates":[127.0208428,37.5115904]}},{"type":"Feature","properties":{"kind":"exit","ref":"6"},"geometry":{"type":"Point","coordinates":[127.0210812,37.5108582]}},{"type":"Feature","properties":{"kind":"exit","ref":"5"},"geometry":{"type":"Point","coordinates":[127.0212811,37.5105723]}},{"type":"Feature","properties":{"kind":"exit","ref":"1"},"geometry":{"type":"Point","coordinates":[127.0216562,37.5110441]}},{"type":"Feature","properties":{"kind":"exit","ref":"2"},"geometry":{"type":"Point","coordinates":[127.0217198,37.5107134]}},{"type":"Feature","properties":{"kind":"exit","ref":"4"},"geometry":{"type":"Point","coordinates":[127.0418221,37.517429]}},{"type":"Feature","properties":{"kind":"exit","ref":"1"},"geometry":{"type":"Point","coordinates":[127.0418264,37.5172202]}},{"type":"Feature","properties":{"kind":"exit","ref":"2"},"geometry":{"type":"Point","coordinates":[127.0407196,37.5168638]}},{"type":"Feature","properties":{"kind":"exit","ref":"3"},"geometry":{"type":"Point","coordinates":[127.0406889,37.5171845]}},{"type":"Feature","properties":{"kind":"exit","ref":"10"},"geometry":{"type":"Point","coordinates":[127.0515581,37.5191954]}},{"type":"Feature","properties":{"kind":"exit","ref":"11"},"geometry":{"type":"Point","coordinates":[127.0520991,37.5192872]}},{"type":"Feature","properties":{"kind":"exit","ref":"4"},"geometry":{"type":"Point","coordinates":[127.0521053,37.5190273]}},{"type":"Feature","properties":{"kind":"exit","ref":"5"},"geometry":{"type":"Point","coordinates":[127.051635,37.5189506]}},{"type":"Feature","properties":{"kind":"exit","ref":"3"},"geometry":{"type":"Point","coordinates":[127.0554542,37.5196463]}},{"type":"Feature","properties":{"kind":"exit","ref":"12"},"geometry":{"type":"Point","coordinates":[127.0552336,37.5198424]}},{"type":"Feature","properties":{"kind":"exit","ref":"13"},"geometry":{"type":"Point","coordinates":[127.0565755,37.5203449]}},{"type":"Feature","properties":{"kind":"exit","ref":"2"},"geometry":{"type":"Point","coordinates":[127.0569008,37.5197353]}},{"type":"Feature","properties":{"kind":"exit","ref":"1"},"geometry":{"type":"Point","coordinates":[127.0576024,37.5196889]}},{"type":"Feature","properties":{"kind":"exit","ref":"14"},"geometry":{"type":"Point","coordinates":[127.0571861,37.5204476]}},{"type":"Feature","properties":{"kind":"exit","ref":"4"},"geometry":{"type":"Point","coordinates":[127.0664002,37.5318216]}},{"type":"Feature","properties":{"kind":"exit","ref":"1"},"geometry":{"type":"Point","coordinates":[127.0671151,37.5319339]}},{"type":"Feature","properties":{"kind":"exit","ref":"3"},"geometry":{"type":"Point","coordinates":[127.0664078,37.5311118]}},{"type":"Feature","properties":{"kind":"exit","ref":"2"},"geometry":{"type":"Point","coordinates":[127.0666834,37.5310478]}},{"type":"Feature","properties":{"kind":"exit","ref":"3"},"geometry":{"type":"Point","coordinates":[127.071427,37.5408766]}},{"type":"Feature","properties":{"kind":"exit","ref":"2"},"geometry":{"type":"Point","coordinates":[127.0704343,37.540136]}},{"type":"Feature","properties":{"kind":"exit","ref":"5"},"geometry":{"type":"Point","coordinates":[127.0703711,37.5399303]}},{"type":"Feature","properties":{"kind":"exit","ref":"1"},"geometry":{"type":"Point","coordinates":[127.0687297,37.5408103]}},{"type":"Feature","properties":{"kind":"exit","ref":"6"},"geometry":{"type":"Point","coordinates":[127.0683955,37.5405559]}},{"type":"Feature","properties":{"kind":"exit","ref":"3"},"geometry":{"type":"Point","coordinates":[127.0744213,37.5470613]}},{"type":"Feature","properties":{"kind":"exit","ref":"4"},"geometry":{"type":"Point","coordinates":[127.073766,37.5469635]}},{"type":"Feature","properties":{"kind":"exit","ref":"5"},"geometry":{"type":"Point","coordinates":[127.074323,37.5477922]}},{"type":"Feature","properties":{"kind":"exit","ref":"2"},"geometry":{"type":"Point","coordinates":[127.0746953,37.5472505]}},{"type":"Feature","properties":{"kind":"exit","ref":"6"},"geometry":{"type":"Point","coordinates":[127.0749615,37.5487723]}},{"type":"Feature","properties":{"kind":"exit","ref":"1"},"geometry":{"type":"Point","coordinates":[127.0754075,37.5489426]}},{"type":"Feature","properties":{"kind":"exit","ref":"1"},"geometry":{"type":"Point","coordinates":[127.0791411,37.5574875]}},{"type":"Feature","properties":{"kind":"exit","ref":"2"},"geometry":{"type":"Point","coordinates":[127.079405,37.5573783]}},{"type":"Feature","properties":{"kind":"exit","ref":"3"},"geometry":{"type":"Point","coordinates":[127.0797471,37.5572582]}},{"type":"Feature","properties":{"kind":"exit","ref":"4"},"geometry":{"type":"Point","coordinates":[127.0800608,37.5571241]}},{"type":"Feature","properties":{"kind":"exit","ref":"8"},"geometry":{"type":"Point","coordinates":[127.0789819,37.5571871]}},{"type":"Feature","properties":{"kind":"exit","ref":"7"},"geometry":{"type":"Point","coordinates":[127.0791577,37.5568519]}},{"type":"Feature","properties":{"kind":"exit","ref":"5"},"geometry":{"type":"Point","coordinates":[127.0798026,37.5568933]}},{"type":"Feature","properties":{"kind":"exit","ref":"6"},"geometry":{"type":"Point","coordinates":[127.0794404,37.5567419]}},{"type":"Feature","properties":{"kind":"exit","ref":"2"},"geometry":{"type":"Point","coordinates":[127.0842945,37.5661518]}},{"type":"Feature","properties":{"kind":"exit","ref":"1"},"geometry":{"type":"Point","coordinates":[127.0845653,37.5661259]}},{"type":"Feature","properties":{"kind":"exit","ref":"3"},"geometry":{"type":"Point","coordinates":[127.0845233,37.5665738]}},{"type":"Feature","properties":{"kind":"exit","ref":"3"},"geometry":{"type":"Point","coordinates":[127.0865151,37.5736565]}},{"type":"Feature","properties":{"kind":"exit","ref":"1"},"geometry":{"type":"Point","coordinates":[127.0868653,37.5742432]}},{"type":"Feature","properties":{"kind":"exit","ref":"2"},"geometry":{"type":"Point","coordinates":[127.0870451,37.573862]}},{"type":"Feature","properties":{"kind":"exit","ref":"3"},"geometry":{"type":"Point","coordinates":[127.0880397,37.5806262]}},{"type":"Feature","properties":{"kind":"exit","ref":"2"},"geometry":{"type":"Point","coordinates":[127.0882817,37.5809601]}},{"type":"Feature","properties":{"kind":"exit","ref":"1"},"geometry":{"type":"Point","coordinates":[127.0884972,37.5816073]}},{"type":"Feature","properties":{"kind":"exit","ref":"3"},"geometry":{"type":"Point","coordinates":[127.087309,37.5886342]}},{"type":"Feature","properties":{"kind":"exit","ref":"1"},"geometry":{"type":"Point","coordinates":[127.0873673,37.5894927]}},{"type":"Feature","properties":{"kind":"exit","ref":"2"},"geometry":{"type":"Point","coordinates":[127.0879698,37.588316]}},{"type":"Feature","properties":{"kind":"exit","ref":"1"},"geometry":{"type":"Point","coordinates":[127.0857867,37.5965189]}},{"type":"Feature","properties":{"kind":"exit","ref":"6"},"geometry":{"type":"Point","coordinates":[127.0851564,37.5963701]}},{"type":"Feature","properties":{"kind":"exit","ref":"8"},"geometry":{"type":"Point","coordinates":[127.0857894,37.5966697]}},{"type":"Feature","properties":{"kind":"exit","ref":"2"},"geometry":{"type":"Point","coordinates":[127.0859664,37.596317]}},{"type":"Feature","properties":{"kind":"exit","ref":"5"},"geometry":{"type":"Point","coordinates":[127.0851703,37.5961085]}},{"type":"Feature","properties":{"kind":"exit","ref":"3"},"geometry":{"type":"Point","coordinates":[127.0860108,37.594883]}},{"type":"Feature","properties":{"kind":"exit","ref":"4"},"geometry":{"type":"Point","coordinates":[127.0857705,37.5947976]}},{"type":"Feature","properties":{"kind":"exit","ref":"7"},"geometry":{"type":"Point","coordinates":[127.08557,37.5973159]}},{"type":"Feature","properties":{"kind":"exit","ref":"3"},"geometry":{"type":"Point","coordinates":[127.079332,37.6017101]}},{"type":"Feature","properties":{"kind":"exit","ref":"2"},"geometry":{"type":"Point","coordinates":[127.0795694,37.6017211]}},{"type":"Feature","properties":{"kind":"exit","ref":"4"},"geometry":{"type":"Point","coordinates":[127.0790152,37.6034147]}},{"type":"Feature","properties":{"kind":"exit","ref":"1"},"geometry":{"type":"Point","coordinates":[127.0792214,37.6034356]}},{"type":"Feature","properties":{"kind":"exit","ref":"1"},"geometry":{"type":"Point","coordinates":[127.0778837,37.6115365]}},{"type":"Feature","properties":{"kind":"exit","ref":"7"},"geometry":{"type":"Point","coordinates":[127.0773705,37.611608]}},{"type":"Feature","properties":{"kind":"exit","ref":"4"},"geometry":{"type":"Point","coordinates":[127.078027,37.609815]}},{"type":"Feature","properties":{"kind":"exit","ref":"3"},"geometry":{"type":"Point","coordinates":[127.0779615,37.610202]}},{"type":"Feature","properties":{"kind":"exit","ref":"5"},"geometry":{"type":"Point","coordinates":[127.0777997,37.609794]}},{"type":"Feature","properties":{"kind":"exit","ref":"6"},"geometry":{"type":"Point","coordinates":[127.077729,37.6101789]}},{"type":"Feature","properties":{"kind":"exit","ref":"2"},"geometry":{"type":"Point","coordinates":[127.0778412,37.6111566]}},{"type":"Feature","properties":{"kind":"exit","ref":"1"},"geometry":{"type":"Point","coordinates":[127.0730807,37.6258208]}},{"type":"Feature","properties":{"kind":"exit","ref":"4"},"geometry":{"type":"Point","coordinates":[127.0727884,37.6257771]}},{"type":"Feature","properties":{"kind":"exit","ref":"3"},"geometry":{"type":"Point","coordinates":[127.0729558,37.6253095]}},{"type":"Feature","properties":{"kind":"exit","ref":"2"},"geometry":{"type":"Point","coordinates":[127.0727706,37.6239609]}},{"type":"Feature","properties":{"kind":"exit","ref":"5"},"geometry":{"type":"Point","coordinates":[127.0677244,37.6358582]}},{"type":"Feature","properties":{"kind":"exit","ref":"2"},"geometry":{"type":"Point","coordinates":[127.0686977,37.6363951]}},{"type":"Feature","properties":{"kind":"exit","ref":"3"},"geometry":{"type":"Point","coordinates":[127.0687526,37.6360418]}},{"type":"Feature","properties":{"kind":"exit","ref":"4"},"geometry":{"type":"Point","coordinates":[127.0677194,37.6354246]}},{"type":"Feature","properties":{"kind":"exit","ref":"1"},"geometry":{"type":"Point","coordinates":[127.0677033,37.6374213]}},{"type":"Feature","properties":{"kind":"exit","ref":"6"},"geometry":{"type":"Point","coordinates":[127.067269,37.637351]}},{"type":"Feature","properties":{"kind":"exit","ref":"6"},"geometry":{"type":"Point","coordinates":[127.0635838,37.6457311]}},{"type":"Feature","properties":{"kind":"exit","ref":"1"},"geometry":{"type":"Point","coordinates":[127.0639463,37.6458673]}},{"type":"Feature","properties":{"kind":"exit","ref":"2"},"geometry":{"type":"Point","coordinates":[127.0645654,37.6455966]}},{"type":"Feature","properties":{"kind":"exit","ref":"5"},"geometry":{"type":"Point","coordinates":[127.0633966,37.6452816]}},{"type":"Feature","properties":{"kind":"exit","ref":"3"},"geometry":{"type":"Point","coordinates":[127.0646851,37.6441008]}},{"type":"Feature","properties":{"kind":"exit","ref":"4"},"geometry":{"type":"Point","coordinates":[127.0644133,37.6440312]}},{"type":"Feature","properties":{"kind":"exit","ref":"5"},"geometry":{"type":"Point","coordinates":[127.0577425,37.6642511]}},{"type":"Feature","properties":{"kind":"exit","ref":"4"},"geometry":{"type":"Point","coordinates":[127.058099,37.6642899]}},{"type":"Feature","properties":{"kind":"exit","ref":"3"},"geometry":{"type":"Point","coordinates":[127.0579053,37.6648772]}},{"type":"Feature","properties":{"kind":"exit","ref":"6"},"geometry":{"type":"Point","coordinates":[127.0575661,37.6649672]}},{"type":"Feature","properties":{"kind":"exit","ref":"8"},"geometry":{"type":"Point","coordinates":[127.0572705,37.6660282]}},{"type":"Feature","properties":{"kind":"exit","ref":"7"},"geometry":{"type":"Point","coordinates":[127.057315,37.6657417]}},{"type":"Feature","properties":{"kind":"exit","ref":"1"},"geometry":{"type":"Point","coordinates":[127.0575928,37.6661003]}},{"type":"Feature","properties":{"kind":"exit","ref":"2"},"geometry":{"type":"Point","coordinates":[127.0576745,37.6657953]}},{"type":"Feature","properties":{"kind":"exit","ref":"5"},"geometry":{"type":"Point","coordinates":[127.0608524,37.6538484]}},{"type":"Feature","properties":{"kind":"exit","ref":"6"},"geometry":{"type":"Point","coordinates":[127.0605395,37.6537782]}},{"type":"Feature","properties":{"kind":"exit","ref":"4"},"geometry":{"type":"Point","coordinates":[127.0609949,37.6545453]}},{"type":"Feature","properties":{"kind":"exit","ref":"7"},"geometry":{"type":"Point","coordinates":[127.0600865,37.6543328]}},{"type":"Feature","properties":{"kind":"exit","ref":"3"},"geometry":{"type":"Point","coordinates":[127.0605509,37.6551178]}},{"type":"Feature","properties":{"kind":"exit","ref":"8"},"geometry":{"type":"Point","coordinates":[127.0601496,37.6551794]}},{"type":"Feature","properties":{"kind":"exit","ref":"9"},"geometry":{"type":"Point","coordinates":[127.0625997,37.6562376]}},{"type":"Feature","properties":{"kind":"exit","ref":"10"},"geometry":{"type":"Point","coordinates":[127.0640467,37.6566121]}},{"type":"Feature","properties":{"kind":"exit","ref":"2"},"geometry":{"type":"Point","coordinates":[127.062662,37.6560446]}},{"type":"Feature","properties":{"kind":"exit","ref":"1"},"geometry":{"type":"Point","coordinates":[127.0641289,37.6563775]}},{"type":"Feature","properties":{"kind":"exit","ref":"1"},"geometry":{"type":"Point","coordinates":[127.0555293,37.6788032]}},{"type":"Feature","properties":{"kind":"exit","ref":"6"},"geometry":{"type":"Point","coordinates":[127.0551493,37.6788025]}},{"type":"Feature","properties":{"kind":"exit","ref":"5"},"geometry":{"type":"Point","coordinates":[127.0551304,37.6780643]}},{"type":"Feature","properties":{"kind":"exit","ref":"2"},"geometry":{"type":"Point","coordinates":[127.0554918,37.6779231]}},{"type":"Feature","properties":{"kind":"exit","ref":"4"},"geometry":{"type":"Point","coordinates":[127.0551387,37.6769086]}},{"type":"Feature","properties":{"kind":"exit","ref":"3"},"geometry":{"type":"Point","coordinates":[127.0562455,37.6776949]}},{"type":"Feature","properties":{"kind":"exit","ref":"1"},"geometry":{"type":"Point","coordinates":[127.0535708,37.7002683]}},{"type":"Feature","properties":{"kind":"exit","ref":"2"},"geometry":{"type":"Point","coordinates":[127.0465881,37.6891522]}},{"type":"Feature","properties":{"kind":"exit","ref":"1"},"geometry":{"type":"Point","coordinates":[127.1521941,37.4946599]}},{"type":"Feature","properties":{"kind":"exit","ref":"2"},"geometry":{"type":"Point","coordinates":[127.1532374,37.4954409]}},{"type":"Feature","properties":{"kind":"exit","ref":"3"},"geometry":{"type":"Point","coordinates":[127.1446554,37.493338]}},{"type":"Feature","properties":{"kind":"exit","ref":"4"},"geometry":{"type":"Point","coordinates":[127.1447313,37.4930677]}},{"type":"Feature","properties":{"kind":"exit","ref":"2"},"geometry":{"type":"Point","coordinates":[127.1443862,37.4933942]}},{"type":"Feature","properties":{"kind":"exit","ref":"1"},"geometry":{"type":"Point","coordinates":[127.143668,37.4935682]}},{"type":"Feature","properties":{"kind":"exit","ref":"8"},"geometry":{"type":"Point","coordinates":[127.143647,37.4932341]}},{"type":"Feature","properties":{"kind":"exit","ref":"7"},"geometry":{"type":"Point","coordinates":[127.1441913,37.4929605]}},{"type":"Feature","properties":{"kind":"exit","ref":"6"},"geometry":{"type":"Point","coordinates":[127.144348,37.4926978]}},{"type":"Feature","properties":{"kind":"exit","ref":"5"},"geometry":{"type":"Point","coordinates":[127.1446191,37.4929165]}},{"type":"Feature","properties":{"kind":"exit","ref":"1"},"geometry":{"type":"Point","coordinates":[127.1285289,37.5025952]}},{"type":"Feature","properties":{"kind":"exit","ref":"2"},"geometry":{"type":"Point","coordinates":[127.1288427,37.5024845]}},{"type":"Feature","properties":{"kind":"exit","ref":"7"},"geometry":{"type":"Point","coordinates":[127.1274721,37.502559]}},{"type":"Feature","properties":{"kind":"exit","ref":"6"},"geometry":{"type":"Point","coordinates":[127.1273461,37.502276]}},{"type":"Feature","properties":{"kind":"exit","ref":"5"},"geometry":{"type":"Point","coordinates":[127.1276545,37.5017057]}},{"type":"Feature","properties":{"kind":"exit","ref":"3"},"geometry":{"type":"Point","coordinates":[127.128309,37.5016312]}},{"type":"Feature","properties":{"kind":"exit","ref":"1"},"geometry":{"type":"Point","coordinates":[127.1345551,37.498497]}},{"type":"Feature","properties":{"kind":"exit","ref":"2"},"geometry":{"type":"Point","coordinates":[127.1349799,37.4980907]}},{"type":"Feature","properties":{"kind":"exit","ref":"4"},"geometry":{"type":"Point","coordinates":[127.1341191,37.4982405]}},{"type":"Feature","properties":{"kind":"exit","ref":"3"},"geometry":{"type":"Point","coordinates":[127.1349634,37.4978933]}},{"type":"Feature","properties":{"kind":"exit","ref":"1"},"geometry":{"type":"Point","coordinates":[126.9613038,37.5394778]}},{"type":"Feature","properties":{"kind":"exit","ref":"6"},"geometry":{"type":"Point","coordinates":[126.960936,37.5392845]}},{"type":"Feature","properties":{"kind":"exit","ref":"3"},"geometry":{"type":"Point","coordinates":[126.9616243,37.5390687]}},{"type":"Feature","properties":{"kind":"exit","ref":"2"},"geometry":{"type":"Point","coordinates":[126.9615938,37.5393194]}},{"type":"Feature","properties":{"kind":"exit","ref":"3"},"geometry":{"type":"Point","coordinates":[126.9516352,37.545282]}},{"type":"Feature","properties":{"kind":"exit","ref":"4"},"geometry":{"type":"Point","coordinates":[126.9520528,37.5451136]}},{"type":"Feature","properties":{"kind":"exit","ref":"5"},"geometry":{"type":"Point","coordinates":[126.9516835,37.5442271]}},{"type":"Feature","properties":{"kind":"exit","ref":"2"},"geometry":{"type":"Point","coordinates":[126.9507742,37.5442609]}},{"type":"Feature","properties":{"kind":"exit","ref":"1"},"geometry":{"type":"Point","coordinates":[126.9505489,37.5438759]}},{"type":"Feature","properties":{"kind":"exit","ref":"9"},"geometry":{"type":"Point","coordinates":[126.9516731,37.5427758]}},{"type":"Feature","properties":{"kind":"exit","ref":"7"},"geometry":{"type":"Point","coordinates":[126.9526329,37.5430657]}},{"type":"Feature","properties":{"kind":"exit","ref":"10"},"geometry":{"type":"Point","coordinates":[126.9530975,37.5419386]}},{"type":"Feature","properties":{"kind":"exit","ref":"1"},"geometry":{"type":"Point","coordinates":[126.9416491,37.5481255]}},{"type":"Feature","properties":{"kind":"exit","ref":"2"},"geometry":{"type":"Point","coordinates":[126.9422876,37.5478149]}},{"type":"Feature","properties":{"kind":"exit","ref":"3"},"geometry":{"type":"Point","coordinates":[126.9421444,37.5476578]}},{"type":"Feature","properties":{"kind":"exit","ref":"1"},"geometry":{"type":"Point","coordinates":[126.9312446,37.5477248]}},{"type":"Feature","properties":{"kind":"exit","ref":"2"},"geometry":{"type":"Point","coordinates":[126.9317047,37.5477641]}},{"type":"Feature","properties":{"kind":"exit","ref":"3"},"geometry":{"type":"Point","coordinates":[126.93277,37.5477669]}},{"type":"Feature","properties":{"kind":"exit","ref":"4"},"geometry":{"type":"Point","coordinates":[126.9332372,37.5473263]}},{"type":"Feature","properties":{"kind":"exit","ref":"5"},"geometry":{"type":"Point","coordinates":[126.9315277,37.5472842]}},{"type":"Feature","properties":{"kind":"exit","ref":"6"},"geometry":{"type":"Point","coordinates":[126.9310818,37.5472534]}},{"type":"Feature","properties":{"kind":"exit","ref":"1"},"geometry":{"type":"Point","coordinates":[126.9228287,37.5478736]}},{"type":"Feature","properties":{"kind":"exit","ref":"2"},"geometry":{"type":"Point","coordinates":[126.9231572,37.5478821]}},{"type":"Feature","properties":{"kind":"exit","ref":"3"},"geometry":{"type":"Point","coordinates":[126.9231304,37.5476322]}},{"type":"Feature","properties":{"kind":"exit","ref":"4"},"geometry":{"type":"Point","coordinates":[126.9228179,37.5476131]}},{"type":"Feature","properties":{"kind":"exit","ref":"3"},"geometry":{"type":"Point","coordinates":[126.9046964,37.5630258]}},{"type":"Feature","properties":{"kind":"exit","ref":"4"},"geometry":{"type":"Point","coordinates":[126.9043549,37.5626554]}},{"type":"Feature","properties":{"kind":"exit","ref":"5"},"geometry":{"type":"Point","coordinates":[126.9040841,37.5625444]}},{"type":"Feature","properties":{"kind":"exit","ref":"7"},"geometry":{"type":"Point","coordinates":[126.9031968,37.5629405]}},{"type":"Feature","properties":{"kind":"exit","ref":"2"},"geometry":{"type":"Point","coordinates":[126.9028792,37.5642731]}},{"type":"Feature","properties":{"kind":"exit","ref":"8"},"geometry":{"type":"Point","coordinates":[126.9022908,37.5644286]}},{"type":"Feature","properties":{"kind":"exit","ref":"1"},"geometry":{"type":"Point","coordinates":[126.902564,37.5646359]}},{"type":"Feature","properties":{"kind":"exit","ref":"1"},"geometry":{"type":"Point","coordinates":[126.8990719,37.5682004]}},{"type":"Feature","properties":{"kind":"exit","ref":"2"},"geometry":{"type":"Point","coordinates":[126.8990186,37.5697083]}},{"type":"Feature","properties":{"kind":"exit","ref":"3"},"geometry":{"type":"Point","coordinates":[126.8989666,37.5706161]}},{"type":"Feature","properties":{"kind":"exit","ref":"3"},"geometry":{"type":"Point","coordinates":[126.9002454,37.5755436]}},{"type":"Feature","properties":{"kind":"exit","ref":"2"},"geometry":{"type":"Point","coordinates":[126.8999845,37.575373]}},{"type":"Feature","properties":{"kind":"exit","ref":"4"},"geometry":{"type":"Point","coordinates":[126.9022355,37.5774852]}},{"type":"Feature","properties":{"kind":"exit","ref":"1"},"geometry":{"type":"Point","coordinates":[126.9024361,37.5777314]}},{"type":"Feature","properties":{"kind":"exit","ref":"5"},"geometry":{"type":"Point","coordinates":[126.9020899,37.5781044]}},{"type":"Feature","properties":{"kind":"exit","ref":"6"},"geometry":{"type":"Point","coordinates":[126.9002686,37.5781316]}},{"type":"Feature","properties":{"kind":"exit","ref":"7"},"geometry":{"type":"Point","coordinates":[126.8988126,37.5767483]}},{"type":"Feature","properties":{"kind":"exit","ref":"8"},"geometry":{"type":"Point","coordinates":[126.8979799,37.5771123]}},{"type":"Feature","properties":{"kind":"exit","ref":"9"},"geometry":{"type":"Point","coordinates":[126.8971105,37.5776534]}},{"type":"Feature","properties":{"kind":"exit","ref":"4"},"geometry":{"type":"Point","coordinates":[126.91005,37.5844478]}},{"type":"Feature","properties":{"kind":"exit","ref":"1"},"geometry":{"type":"Point","coordinates":[126.91027,37.584315]}},{"type":"Feature","properties":{"kind":"exit","ref":"3"},"geometry":{"type":"Point","coordinates":[126.9095651,37.5840187]}},{"type":"Feature","properties":{"kind":"exit","ref":"2"},"geometry":{"type":"Point","coordinates":[126.9098127,37.5838799]}},{"type":"Feature","properties":{"kind":"exit","ref":"3"},"geometry":{"type":"Point","coordinates":[126.913514,37.5913353]}},{"type":"Feature","properties":{"kind":"exit","ref":"2"},"geometry":{"type":"Point","coordinates":[126.9137896,37.5913038]}},{"type":"Feature","properties":{"kind":"exit","ref":"4"},"geometry":{"type":"Point","coordinates":[126.9136728,37.5920217]}},{"type":"Feature","properties":{"kind":"exit","ref":"1"},"geometry":{"type":"Point","coordinates":[126.9139602,37.5918663]}},{"type":"Feature","properties":{"kind":"exit","ref":"1"},"geometry":{"type":"Point","coordinates":[126.9155004,37.5987806]}},{"type":"Feature","properties":{"kind":"exit","ref":"2"},"geometry":{"type":"Point","coordinates":[126.9155686,37.5993482]}},{"type":"Feature","properties":{"kind":"exit","ref":"3"},"geometry":{"type":"Point","coordinates":[126.9159328,37.5993204]}},{"type":"Feature","properties":{"kind":"exit","ref":"4"},"geometry":{"type":"Point","coordinates":[126.9158163,37.5988373]}},{"type":"Feature","properties":{"kind":"exit","ref":"1"},"geometry":{"type":"Point","coordinates":[126.9225333,37.6060242]}},{"type":"Feature","properties":{"kind":"exit","ref":"4"},"geometry":{"type":"Point","coordinates":[126.9228983,37.6057257]}},{"type":"Feature","properties":{"kind":"exit","ref":"3"},"geometry":{"type":"Point","coordinates":[126.9230897,37.606454]}},{"type":"Feature","properties":{"kind":"exit","ref":"2"},"geometry":{"type":"Point","coordinates":[126.9227062,37.6066899]}},{"type":"Feature","properties":{"kind":"exit","ref":"7"},"geometry":{"type":"Point","coordinates":[126.9290517,37.6108535]}},{"type":"Feature","properties":{"kind":"exit","ref":"6"},"geometry":{"type":"Point","coordinates":[126.9292626,37.6106881]}},{"type":"Feature","properties":{"kind":"exit","ref":"9"},"geometry":{"type":"Point","coordinates":[126.9298995,37.6109658]}},{"type":"Feature","properties":{"kind":"exit","ref":"8"},"geometry":{"type":"Point","coordinates":[126.9294784,37.6112123]}},{"type":"Feature","properties":{"kind":"exit","ref":"5"},"geometry":{"type":"Point","coordinates":[126.9296131,37.6106316]}},{"type":"Feature","properties":{"kind":"exit","ref":"1"},"geometry":{"type":"Point","coordinates":[126.930286,37.6102542]}},{"type":"Feature","properties":{"kind":"exit","ref":"4"},"geometry":{"type":"Point","coordinates":[126.9300491,37.6101503]}},{"type":"Feature","properties":{"kind":"exit","ref":"2"},"geometry":{"type":"Point","coordinates":[126.9312346,37.6091704]}},{"type":"Feature","properties":{"kind":"exit","ref":"3"},"geometry":{"type":"Point","coordinates":[126.9311016,37.6090081]}},{"type":"Feature","properties":{"kind":"exit","ref":"1"},"geometry":{"type":"Point","coordinates":[126.9328427,37.6183984]}},{"type":"Feature","properties":{"kind":"exit","ref":"1"},"geometry":{"type":"Point","coordinates":[126.9208574,37.6197354]}},{"type":"Feature","properties":{"kind":"exit","ref":"2"},"geometry":{"type":"Point","coordinates":[126.9211981,37.6193296]}},{"type":"Feature","properties":{"kind":"exit","ref":"7"},"geometry":{"type":"Point","coordinates":[126.920549,37.6196228]}},{"type":"Feature","properties":{"kind":"exit","ref":"6"},"geometry":{"type":"Point","coordinates":[126.9204676,37.6192617]}},{"type":"Feature","properties":{"kind":"exit","ref":"3"},"geometry":{"type":"Point","coordinates":[126.9217104,37.6186523]}},{"type":"Feature","properties":{"kind":"exit","ref":"4"},"geometry":{"type":"Point","coordinates":[126.9214261,37.6185329]}},{"type":"Feature","properties":{"kind":"exit","ref":"5"},"geometry":{"type":"Point","coordinates":[126.9210124,37.6186748]}},{"type":"Feature","properties":{"kind":"exit","ref":"1"},"geometry":{"type":"Point","coordinates":[126.9174795,37.6114848]}},{"type":"Feature","properties":{"kind":"exit","ref":"4"},"geometry":{"type":"Point","coordinates":[126.9156071,37.6129955]}},{"type":"Feature","properties":{"kind":"exit","ref":"3"},"geometry":{"type":"Point","coordinates":[126.917007,37.6110694]}},{"type":"Feature","properties":{"kind":"exit","ref":"2"},"geometry":{"type":"Point","coordinates":[126.9173471,37.6109116]}},{"type":"Feature","properties":{"kind":"exit","ref":"4"},"geometry":{"type":"Point","coordinates":[127.1260145,37.5089286]}},{"type":"Feature","properties":{"kind":"exit","ref":"3"},"geometry":{"type":"Point","coordinates":[127.1257297,37.5084448]}},{"type":"Feature","properties":{"kind":"exit","ref":"1"},"geometry":{"type":"Point","coordinates":[127.1263551,37.508818]}},{"type":"Feature","properties":{"kind":"exit","ref":"2"},"geometry":{"type":"Point","coordinates":[127.1261861,37.5082925]}},{"type":"Feature","properties":{"kind":"exit","ref":"1"},"geometry":{"type":"Point","coordinates":[127.1314787,37.5165001]}},{"type":"Feature","properties":{"kind":"exit","ref":"3"},"geometry":{"type":"Point","coordinates":[127.1307163,37.5161721]}},{"type":"Feature","properties":{"kind":"exit","ref":"2"},"geometry":{"type":"Point","coordinates":[127.1312267,37.5160934]}},{"type":"Feature","properties":{"kind":"exit","ref":"4"},"geometry":{"type":"Point","coordinates":[127.1361091,37.5282021]}},{"type":"Feature","properties":{"kind":"exit","ref":"3"},"geometry":{"type":"Point","coordinates":[127.1358318,37.5275302]}},{"type":"Feature","properties":{"kind":"exit","ref":"2"},"geometry":{"type":"Point","coordinates":[127.1364572,37.5274251]}},{"type":"Feature","properties":{"kind":"exit","ref":"4"},"geometry":{"type":"Point","coordinates":[127.1683027,37.5571032]}},{"type":"Feature","properties":{"kind":"exit","ref":"5"},"geometry":{"type":"Point","coordinates":[127.1683452,37.5568689]}},{"type":"Feature","properties":{"kind":"exit","ref":"1"},"geometry":{"type":"Point","coordinates":[127.1647401,37.5566815]}},{"type":"Feature","properties":{"kind":"exit","ref":"8"},"geometry":{"type":"Point","coordinates":[127.1647979,37.5563951]}},{"type":"Feature","properties":{"kind":"exit","ref":"2"},"geometry":{"type":"Point","coordinates":[127.0788428,37.6698595]}},{"type":"Feature","properties":{"kind":"exit","ref":"3"},"geometry":{"type":"Point","coordinates":[127.0786568,37.6699344]}},{"type":"Feature","properties":{"kind":"exit","ref":"1"},"geometry":{"type":"Point","coordinates":[127.0793729,37.6704673]}},{"type":"Feature","properties":{"kind":"exit","ref":"4"},"geometry":{"type":"Point","coordinates":[127.0792426,37.6705369]}},{"type":"Feature","properties":{"kind":"exit","ref":"3"},"geometry":{"type":"Point","coordinates":[127.0735358,37.6609499]}},{"type":"Feature","properties":{"kind":"exit","ref":"1"},"geometry":{"type":"Point","coordinates":[127.073436,37.6604876]}},{"type":"Feature","properties":{"kind":"exit","ref":"4"},"geometry":{"type":"Point","coordinates":[127.0732888,37.6602077]}},{"type":"Feature","properties":{"kind":"exit","ref":"2"},"geometry":{"type":"Point","coordinates":[127.0731887,37.660676]}},{"type":"Feature","properties":{"kind":"exit","ref":"1"},"geometry":{"type":"Point","coordinates":[127.0488396,37.6534816]}},{"type":"Feature","properties":{"kind":"exit","ref":"2"},"geometry":{"type":"Point","coordinates":[127.0465966,37.6529474]}},{"type":"Feature","properties":{"kind":"exit","ref":"4"},"geometry":{"type":"Point","coordinates":[127.0347178,37.6489555]}},{"type":"Feature","properties":{"kind":"exit","ref":"1"},"geometry":{"type":"Point","coordinates":[127.0350254,37.6488593]}},{"type":"Feature","properties":{"kind":"exit","ref":"2"},"geometry":{"type":"Point","coordinates":[127.0344861,37.6479597]}},{"type":"Feature","properties":{"kind":"exit","ref":"3"},"geometry":{"type":"Point","coordinates":[127.034196,37.6480478]}},{"type":"Feature","properties":{"kind":"exit","ref":"8"},"geometry":{"type":"Point","coordinates":[127.0259286,37.6384417]}},{"type":"Feature","properties":{"kind":"exit","ref":"7"},"geometry":{"type":"Point","coordinates":[127.0256808,37.6382133]}},{"type":"Feature","properties":{"kind":"exit","ref":"1"},"geometry":{"type":"Point","coordinates":[127.0262188,37.638282]}},{"type":"Feature","properties":{"kind":"exit","ref":"2"},"geometry":{"type":"Point","coordinates":[127.0259533,37.638062]}},{"type":"Feature","properties":{"kind":"exit","ref":"3"},"geometry":{"type":"Point","coordinates":[127.0251901,37.6373541]}},{"type":"Feature","properties":{"kind":"exit","ref":"6"},"geometry":{"type":"Point","coordinates":[127.0248851,37.6374283]}},{"type":"Feature","properties":{"kind":"exit","ref":"4"},"geometry":{"type":"Point","coordinates":[127.0249203,37.6370906]}},{"type":"Feature","properties":{"kind":"exit","ref":"5"},"geometry":{"type":"Point","coordinates":[127.0246537,37.6372352]}},{"type":"Feature","properties":{"kind":"exit","ref":"2"},"geometry":{"type":"Point","coordinates":[127.0262272,37.6273055]}},{"type":"Feature","properties":{"kind":"exit","ref":"1"},"geometry":{"type":"Point","coordinates":[127.0259536,37.6273607]}},{"type":"Feature","properties":{"kind":"exit","ref":"1"},"geometry":{"type":"Point","coordinates":[127.1533854,37.555329]}},{"type":"Feature","properties":{"kind":"exit","ref":"2"},"geometry":{"type":"Point","coordinates":[127.1536273,37.5550815]}},{"type":"Feature","properties":{"kind":"exit","ref":"3"},"geometry":{"type":"Point","coordinates":[127.1544986,37.5552034]}},{"type":"Feature","properties":{"kind":"exit","ref":"4"},"geometry":{"type":"Point","coordinates":[127.1543663,37.5549813]}},{"type":"Feature","properties":{"kind":"exit","ref":"5"},"geometry":{"type":"Point","coordinates":[127.1534244,37.554828]}},{"type":"Feature","properties":{"kind":"exit","ref":"4"},"geometry":{"type":"Point","coordinates":[127.1440844,37.5510816]}},{"type":"Feature","properties":{"kind":"exit","ref":"1"},"geometry":{"type":"Point","coordinates":[127.1439205,37.5511701]}},{"type":"Feature","properties":{"kind":"exit","ref":"3"},"geometry":{"type":"Point","coordinates":[127.1441347,37.5515331]}},{"type":"Feature","properties":{"kind":"exit","ref":"2"},"geometry":{"type":"Point","coordinates":[127.142799,37.5460385]}},{"type":"Feature","properties":{"kind":"exit","ref":"3"},"geometry":{"type":"Point","coordinates":[127.1432229,37.5459679]}},{"type":"Feature","properties":{"kind":"exit","ref":"1"},"geometry":{"type":"Point","coordinates":[127.1427614,37.5454884]}},{"type":"Feature","properties":{"kind":"exit","ref":"1"},"geometry":{"type":"Point","coordinates":[127.1399127,37.5378438]}},{"type":"Feature","properties":{"kind":"exit","ref":"2"},"geometry":{"type":"Point","coordinates":[127.1401869,37.538065]}},{"type":"Feature","properties":{"kind":"exit","ref":"3"},"geometry":{"type":"Point","coordinates":[127.1399862,37.5375147]}},{"type":"Feature","properties":{"kind":"exit","ref":"8"},"geometry":{"type":"Point","coordinates":[127.0255674,37.6272885]}},{"type":"Feature","properties":{"kind":"exit","ref":"7"},"geometry":{"type":"Point","coordinates":[127.0257551,37.6268636]}},{"type":"Feature","properties":{"kind":"exit","ref":"3"},"geometry":{"type":"Point","coordinates":[127.0263774,37.6261338]}},{"type":"Feature","properties":{"kind":"exit","ref":"4"},"geometry":{"type":"Point","coordinates":[127.0265207,37.6257063]}},{"type":"Feature","properties":{"kind":"exit","ref":"5"},"geometry":{"type":"Point","coordinates":[127.026227,37.6256685]}},{"type":"Feature","properties":{"kind":"exit","ref":"6"},"geometry":{"type":"Point","coordinates":[127.0260765,37.6260287]}},{"type":"Feature","properties":{"kind":"exit","ref":"1"},"geometry":{"type":"Point","coordinates":[127.0302497,37.6141843]}},{"type":"Feature","properties":{"kind":"exit","ref":"6"},"geometry":{"type":"Point","coordinates":[127.0298831,37.6141473]}},{"type":"Feature","properties":{"kind":"exit","ref":"5"},"geometry":{"type":"Point","coordinates":[127.0299269,37.6129793]}},{"type":"Feature","properties":{"kind":"exit","ref":"4"},"geometry":{"type":"Point","coordinates":[127.0299871,37.6124592]}},{"type":"Feature","properties":{"kind":"exit","ref":"3"},"geometry":{"type":"Point","coordinates":[127.030318,37.6124074]}},{"type":"Feature","properties":{"kind":"exit","ref":"2"},"geometry":{"type":"Point","coordinates":[127.0303092,37.6126919]}},{"type":"Feature","properties":{"kind":"exit","ref":"1"},"geometry":{"type":"Point","coordinates":[127.0250322,37.6030503]}},{"type":"Feature","properties":{"kind":"exit","ref":"2"},"geometry":{"type":"Point","coordinates":[127.0248199,37.6025933]}},{"type":"Feature","properties":{"kind":"exit","ref":"3"},"geometry":{"type":"Point","coordinates":[127.0245193,37.602668]}},{"type":"Feature","properties":{"kind":"exit","ref":"4"},"geometry":{"type":"Point","coordinates":[127.0247066,37.6031457]}},{"type":"Feature","properties":{"kind":"exit","ref":"5"},"geometry":{"type":"Point","coordinates":[127.0251934,37.6039727]}},{"type":"Feature","properties":{"kind":"exit","ref":"6"},"geometry":{"type":"Point","coordinates":[127.0249788,37.6038964]}},{"type":"Feature","properties":{"kind":"exit","ref":"7"},"geometry":{"type":"Point","coordinates":[127.0250107,37.6043516]}},{"type":"Feature","properties":{"kind":"exit","ref":"8"},"geometry":{"type":"Point","coordinates":[127.0250479,37.6045374]}},{"type":"Feature","properties":{"kind":"exit","ref":"9"},"geometry":{"type":"Point","coordinates":[127.0252309,37.6045277]}},{"type":"Feature","properties":{"kind":"exit","ref":"10"},"geometry":{"type":"Point","coordinates":[127.0256237,37.6044252]}},{"type":"Feature","properties":{"kind":"exit","ref":"6"},"geometry":{"type":"Point","coordinates":[127.0165256,37.5929771]}},{"type":"Feature","properties":{"kind":"exit","ref":"7"},"geometry":{"type":"Point","coordinates":[127.0167939,37.5929529]}},{"type":"Feature","properties":{"kind":"exit","ref":"1"},"geometry":{"type":"Point","coordinates":[127.0168732,37.5926517]}},{"type":"Feature","properties":{"kind":"exit","ref":"2"},"geometry":{"type":"Point","coordinates":[127.0166394,37.5924117]}},{"type":"Feature","properties":{"kind":"exit","ref":"3"},"geometry":{"type":"Point","coordinates":[127.0161922,37.592392]}},{"type":"Feature","properties":{"kind":"exit","ref":"4"},"geometry":{"type":"Point","coordinates":[127.0158761,37.5926479]}},{"type":"Feature","properties":{"kind":"exit","ref":"5"},"geometry":{"type":"Point","coordinates":[127.0162979,37.5928498]}},{"type":"Feature","properties":{"kind":"exit","ref":"5"},"geometry":{"type":"Point","coordinates":[127.0056556,37.5887132]}},{"type":"Feature","properties":{"kind":"exit","ref":"4"},"geometry":{"type":"Point","coordinates":[127.0058813,37.5881579]}},{"type":"Feature","properties":{"kind":"exit","ref":"3"},"geometry":{"type":"Point","coordinates":[127.0063179,37.5881357]}},{"type":"Feature","properties":{"kind":"exit","ref":"6"},"geometry":{"type":"Point","coordinates":[127.0061966,37.5886769]}},{"type":"Feature","properties":{"kind":"exit","ref":"2"},"geometry":{"type":"Point","coordinates":[127.0066717,37.5884114]}},{"type":"Feature","properties":{"kind":"exit","ref":"1"},"geometry":{"type":"Point","coordinates":[127.0069343,37.5885757]}},{"type":"Feature","properties":{"kind":"exit","ref":"7"},"geometry":{"type":"Point","coordinates":[127.0067786,37.5889453]}},{"type":"Feature","properties":{"kind":"exit","ref":"1"},"geometry":{"type":"Point","coordinates":[127.0019095,37.5830531]}},{"type":"Feature","properties":{"kind":"exit","ref":"4"},"geometry":{"type":"Point","coordinates":[127.0013502,37.5835691]}},{"type":"Feature","properties":{"kind":"exit","ref":"3"},"geometry":{"type":"Point","coordinates":[127.0018371,37.5813695]}},{"type":"Feature","properties":{"kind":"exit","ref":"2"},"geometry":{"type":"Point","coordinates":[127.0022317,37.5813917]}},{"type":"Feature","properties":{"kind":"exit","ref":"1"},"geometry":{"type":"Point","coordinates":[127.1322107,37.5361604]}},{"type":"Feature","properties":{"kind":"exit","ref":"2"},"geometry":{"type":"Point","coordinates":[127.1332361,37.5358601]}},{"type":"Feature","properties":{"kind":"exit","ref":"3"},"geometry":{"type":"Point","coordinates":[127.1326205,37.5355846]}},{"type":"Feature","properties":{"kind":"exit","ref":"4"},"geometry":{"type":"Point","coordinates":[127.1320439,37.5357566]}},{"type":"Feature","properties":{"kind":"exit","ref":"2"},"geometry":{"type":"Point","coordinates":[127.1042783,37.5453429]}},{"type":"Feature","properties":{"kind":"exit","ref":"1"},"geometry":{"type":"Point","coordinates":[127.1036453,37.545462]}},{"type":"Feature","properties":{"kind":"exit","ref":"3"},"geometry":{"type":"Point","coordinates":[127.1042917,37.5446964]}},{"type":"Feature","properties":{"kind":"exit","ref":"4"},"geometry":{"type":"Point","coordinates":[127.1036373,37.5446475]}},{"type":"Feature","properties":{"kind":"exit","ref":"2"},"geometry":{"type":"Point","coordinates":[127.0900331,37.5517056]}},{"type":"Feature","properties":{"kind":"exit","ref":"1"},"geometry":{"type":"Point","coordinates":[127.0898293,37.5521181]}},{"type":"Feature","properties":{"kind":"exit","ref":"4"},"geometry":{"type":"Point","coordinates":[127.0890756,37.5519352]}},{"type":"Feature","properties":{"kind":"exit","ref":"5"},"geometry":{"type":"Point","coordinates":[127.0891989,37.5521479]}},{"type":"Feature","properties":{"kind":"exit","ref":"3"},"geometry":{"type":"Point","coordinates":[127.0895476,37.5515227]}},{"type":"Feature","properties":{"kind":"exit","ref":"1"},"geometry":{"type":"Point","coordinates":[127.0642329,37.5618269]}},{"type":"Feature","properties":{"kind":"exit","ref":"2"},"geometry":{"type":"Point","coordinates":[127.0646031,37.5619481]}},{"type":"Feature","properties":{"kind":"exit","ref":"3"},"geometry":{"type":"Point","coordinates":[127.06513,37.5619511]}},{"type":"Feature","properties":{"kind":"exit","ref":"4"},"geometry":{"type":"Point","coordinates":[127.0653225,37.5616359]}},{"type":"Feature","properties":{"kind":"exit","ref":"8"},"geometry":{"type":"Point","coordinates":[127.0639647,37.5612315]}},{"type":"Feature","properties":{"kind":"exit","ref":"7"},"geometry":{"type":"Point","coordinates":[127.0641847,37.561004]}},{"type":"Feature","properties":{"kind":"exit","ref":"6"},"geometry":{"type":"Point","coordinates":[127.0647265,37.5609466]}},{"type":"Feature","properties":{"kind":"exit","ref":"5"},"geometry":{"type":"Point","coordinates":[127.0649947,37.5611061]}},{"type":"Feature","properties":{"kind":"exit","ref":"4"},"geometry":{"type":"Point","coordinates":[127.0537214,37.5663066]}},{"type":"Feature","properties":{"kind":"exit","ref":"3"},"geometry":{"type":"Point","coordinates":[127.0530504,37.5668541]}},{"type":"Feature","properties":{"kind":"exit","ref":"5"},"geometry":{"type":"Point","coordinates":[127.0531071,37.5662428]}},{"type":"Feature","properties":{"kind":"exit","ref":"6"},"geometry":{"type":"Point","coordinates":[127.0527745,37.566483]}},{"type":"Feature","properties":{"kind":"exit","ref":"1"},"geometry":{"type":"Point","coordinates":[127.0517006,37.5678425]}},{"type":"Feature","properties":{"kind":"exit","ref":"2"},"geometry":{"type":"Point","coordinates":[127.0522558,37.567437]}},{"type":"Feature","properties":{"kind":"exit","ref":"8"},"geometry":{"type":"Point","coordinates":[127.0512806,37.5674802]}},{"type":"Feature","properties":{"kind":"exit","ref":"7"},"geometry":{"type":"Point","coordinates":[127.0518465,37.5671187]}},{"type":"Feature","properties":{"kind":"exit","ref":"1"},"geometry":{"type":"Point","coordinates":[127.0421798,37.5658091]}},{"type":"Feature","properties":{"kind":"exit","ref":"2"},"geometry":{"type":"Point","coordinates":[127.0427833,37.5661726]}},{"type":"Feature","properties":{"kind":"exit","ref":"4"},"geometry":{"type":"Point","coordinates":[127.0423971,37.5655646]}},{"type":"Feature","properties":{"kind":"exit","ref":"3"},"geometry":{"type":"Point","coordinates":[127.0430086,37.5659303]}},{"type":"Feature","properties":{"kind":"exit","ref":"5"},"geometry":{"type":"Point","coordinates":[127.0374481,37.5614023]}},{"type":"Feature","properties":{"kind":"exit","ref":"4"},"geometry":{"type":"Point","coordinates":[127.0369492,37.5614151]}},{"type":"Feature","properties":{"kind":"exit","ref":"6-1"},"geometry":{"type":"Point","coordinates":[127.0376251,37.5610281]}},{"type":"Feature","properties":{"kind":"exit","ref":"12"},"geometry":{"type":"Point","coordinates":[127.0382327,37.5614004]}},{"type":"Feature","properties":{"kind":"exit","ref":"6"},"geometry":{"type":"Point","coordinates":[127.0392291,37.5612407]}},{"type":"Feature","properties":{"kind":"exit","ref":"13"},"geometry":{"type":"Point","coordinates":[127.0389555,37.5614618]}},{"type":"Feature","properties":{"kind":"exit","ref":"3"},"geometry":{"type":"Point","coordinates":[127.035997,37.5612556]}},{"type":"Feature","properties":{"kind":"exit","ref":"7"},"geometry":{"type":"Point","coordinates":[127.0361553,37.5610387]}},{"type":"Feature","properties":{"kind":"exit","ref":"9"},"geometry":{"type":"Point","coordinates":[127.035421,37.5606778]}},{"type":"Feature","properties":{"kind":"exit","ref":"8"},"geometry":{"type":"Point","coordinates":[127.0358884,37.56096]}},{"type":"Feature","properties":{"kind":"exit","ref":"1"},"geometry":{"type":"Point","coordinates":[127.0351018,37.5616319]}},{"type":"Feature","properties":{"kind":"exit","ref":"2"},"geometry":{"type":"Point","coordinates":[127.0353823,37.5616078]}},{"type":"Feature","properties":{"kind":"exit","ref":"11"},"geometry":{"type":"Point","coordinates":[127.034929,37.5613419]}},{"type":"Feature","properties":{"kind":"exit","ref":"10"},"geometry":{"type":"Point","coordinates":[127.0348924,37.5610196]}},{"type":"Feature","properties":{"kind":"exit","ref":"1"},"geometry":{"type":"Point","coordinates":[127.02841,37.5569283]}},{"type":"Feature","properties":{"kind":"exit","ref":"2"},"geometry":{"type":"Point","coordinates":[127.0192819,37.5562939]}},{"type":"Feature","properties":{"kind":"exit","ref":"4"},"geometry":{"type":"Point","coordinates":[127.0285727,37.55672]}},{"type":"Feature","properties":{"kind":"exit","ref":"3"},"geometry":{"type":"Point","coordinates":[127.02923,37.5570814]}},{"type":"Feature","properties":{"kind":"exit","ref":"1"},"geometry":{"type":"Point","coordinates":[127.0198032,37.5546485]}},{"type":"Feature","properties":{"kind":"exit","ref":"2"},"geometry":{"type":"Point","coordinates":[127.0199303,37.554939]}},{"type":"Feature","properties":{"kind":"exit","ref":"3"},"geometry":{"type":"Point","coordinates":[127.0201126,37.5548199]}},{"type":"Feature","properties":{"kind":"exit","ref":"10"},"geometry":{"type":"Point","coordinates":[127.008098,37.5712406]}},{"type":"Feature","properties":{"kind":"exit","ref":"9"},"geometry":{"type":"Point","coordinates":[127.0087973,37.5708895]}},{"type":"Feature","properties":{"kind":"exit","ref":"8"},"geometry":{"type":"Point","coordinates":[127.0092861,37.5703253]}},{"type":"Feature","properties":{"kind":"exit","ref":"7"},"geometry":{"type":"Point","coordinates":[127.0101305,37.5708489]}},{"type":"Feature","properties":{"kind":"exit","ref":"6"},"geometry":{"type":"Point","coordinates":[127.0104871,37.5712185]}},{"type":"Feature","properties":{"kind":"exit","ref":"1"},"geometry":{"type":"Point","coordinates":[127.010707,37.571784]}},{"type":"Feature","properties":{"kind":"exit","ref":"3"},"geometry":{"type":"Point","coordinates":[127.0120669,37.5720923]}},{"type":"Feature","properties":{"kind":"exit","ref":"4"},"geometry":{"type":"Point","coordinates":[127.0121232,37.5718563]}},{"type":"Feature","properties":{"kind":"exit","ref":"5"},"geometry":{"type":"Point","coordinates":[127.0118496,37.5717904]}},{"type":"Feature","properties":{"kind":"exit","ref":"8"},"geometry":{"type":"Point","coordinates":[127.0072623,37.5650979]}},{"type":"Feature","properties":{"kind":"exit","ref":"9"},"geometry":{"type":"Point","coordinates":[127.0076189,37.5654586]}},{"type":"Feature","properties":{"kind":"exit","ref":"10"},"geometry":{"type":"Point","coordinates":[127.0080217,37.5656848]}},{"type":"Feature","properties":{"kind":"exit","ref":"1"},"geometry":{"type":"Point","coordinates":[127.0091836,37.565747]}},{"type":"Feature","properties":{"kind":"exit","ref":"2"},"geometry":{"type":"Point","coordinates":[127.0104183,37.5653853]}},{"type":"Feature","properties":{"kind":"exit","ref":"3"},"geometry":{"type":"Point","coordinates":[127.0104443,37.5648689]}},{"type":"Feature","properties":{"kind":"exit","ref":"5"},"geometry":{"type":"Point","coordinates":[127.0063609,37.5641213]}},{"type":"Feature","properties":{"kind":"exit","ref":"7"},"geometry":{"type":"Point","coordinates":[127.0042602,37.5648307]}},{"type":"Feature","properties":{"kind":"exit","ref":"6"},"geometry":{"type":"Point","coordinates":[127.0037056,37.5646499]}},{"type":"Feature","properties":{"kind":"exit","ref":"11"},"geometry":{"type":"Point","coordinates":[127.0074416,37.5657423]}},{"type":"Feature","properties":{"kind":"exit","ref":"12"},"geometry":{"type":"Point","coordinates":[127.0073036,37.566006]}},{"type":"Feature","properties":{"kind":"exit","ref":"7"},"geometry":{"type":"Point","coordinates":[126.9932394,37.5612907]}},{"type":"Feature","properties":{"kind":"exit","ref":"6"},"geometry":{"type":"Point","coordinates":[126.993084,37.5613304]}},{"type":"Feature","properties":{"kind":"exit","ref":"5"},"geometry":{"type":"Point","coordinates":[126.9929424,37.5611484]}},{"type":"Feature","properties":{"kind":"exit","ref":"4"},"geometry":{"type":"Point","coordinates":[126.9929159,37.5609291]}},{"type":"Feature","properties":{"kind":"exit","ref":"3"},"geometry":{"type":"Point","coordinates":[126.9934834,37.5609145]}},{"type":"Feature","properties":{"kind":"exit","ref":"8"},"geometry":{"type":"Point","coordinates":[126.9956066,37.5616913]}},{"type":"Feature","properties":{"kind":"exit","ref":"1"},"geometry":{"type":"Point","coordinates":[126.9954525,37.5613552]}},{"type":"Feature","properties":{"kind":"exit","ref":"2"},"geometry":{"type":"Point","coordinates":[126.9949411,37.5612571]}},{"type":"Feature","properties":{"kind":"exit","ref":"9"},"geometry":{"type":"Point","coordinates":[126.9873202,37.5611188]}},{"type":"Feature","properties":{"kind":"exit","ref":"10"},"geometry":{"type":"Point","coordinates":[126.9878684,37.5611684]}},{"type":"Feature","properties":{"kind":"exit","ref":"1"},"geometry":{"type":"Point","coordinates":[126.9872619,37.5608619]}},{"type":"Feature","properties":{"kind":"exit","ref":"8"},"geometry":{"type":"Point","coordinates":[126.9858574,37.5609856]}},{"type":"Feature","properties":{"kind":"exit","ref":"7"},"geometry":{"type":"Point","coordinates":[126.9854162,37.5609556]}},{"type":"Feature","properties":{"kind":"exit","ref":"2"},"geometry":{"type":"Point","coordinates":[126.9858964,37.5607752]}},{"type":"Feature","properties":{"kind":"exit","ref":"3"},"geometry":{"type":"Point","coordinates":[126.9854902,37.5607321]}},{"type":"Feature","properties":{"kind":"exit","ref":"5"},"geometry":{"type":"Point","coordinates":[126.9847213,37.5608718]}},{"type":"Feature","properties":{"kind":"exit","ref":"6"},"geometry":{"type":"Point","coordinates":[126.984915,37.5609256]}},{"type":"Feature","properties":{"kind":"exit","ref":"4"},"geometry":{"type":"Point","coordinates":[126.9848244,37.5606753]}},{"type":"Feature","properties":{"kind":"exit","ref":"1"},"geometry":{"type":"Point","coordinates":[126.9798359,37.5592389]}},{"type":"Feature","properties":{"kind":"exit","ref":"6"},"geometry":{"type":"Point","coordinates":[126.9792715,37.5593979]}},{"type":"Feature","properties":{"kind":"exit","ref":"2"},"geometry":{"type":"Point","coordinates":[126.9794376,37.5591192]}},{"type":"Feature","properties":{"kind":"exit","ref":"5"},"geometry":{"type":"Point","coordinates":[126.9773346,37.5579631]}},{"type":"Feature","properties":{"kind":"exit","ref":"4"},"geometry":{"type":"Point","coordinates":[126.9775039,37.5577715]}},{"type":"Feature","properties":{"kind":"exit","ref":"3"},"geometry":{"type":"Point","coordinates":[126.9778901,37.5580171]}},{"type":"Feature","properties":{"kind":"exit","ref":"3"},"geometry":{"type":"Point","coordinates":[126.9727395,37.5576617]}},{"type":"Feature","properties":{"kind":"exit","ref":"4"},"geometry":{"type":"Point","coordinates":[126.9730606,37.5573942]}},{"type":"Feature","properties":{"kind":"exit","ref":"5"},"geometry":{"type":"Point","coordinates":[126.9729825,37.5570631]}},{"type":"Feature","properties":{"kind":"exit","ref":"7"},"geometry":{"type":"Point","coordinates":[126.9735882,37.5566525]}},{"type":"Feature","properties":{"kind":"exit","ref":"6"},"geometry":{"type":"Point","coordinates":[126.9732636,37.5567434]}},{"type":"Feature","properties":{"kind":"exit","ref":"8"},"geometry":{"type":"Point","coordinates":[126.9734463,37.5561548]}},{"type":"Feature","properties":{"kind":"exit","ref":"9"},"geometry":{"type":"Point","coordinates":[126.9732615,37.5559318]}},{"type":"Feature","properties":{"kind":"exit","ref":"2"},"geometry":{"type":"Point","coordinates":[126.972089,37.5562533]}},{"type":"Feature","properties":{"kind":"exit","ref":"10"},"geometry":{"type":"Point","coordinates":[126.973764,37.5540661]}},{"type":"Feature","properties":{"kind":"exit","ref":"11"},"geometry":{"type":"Point","coordinates":[126.9731169,37.5534432]}},{"type":"Feature","properties":{"kind":"exit","ref":"14"},"geometry":{"type":"Point","coordinates":[126.9724576,37.5535727]}},{"type":"Feature","properties":{"kind":"exit","ref":"12"},"geometry":{"type":"Point","coordinates":[126.9727341,37.5525112]}},{"type":"Feature","properties":{"kind":"exit","ref":"13"},"geometry":{"type":"Point","coordinates":[126.9722992,37.5526333]}},{"type":"Feature","properties":{"kind":"exit","ref":"15"},"geometry":{"type":"Point","coordinates":[126.9692775,37.5534566]}},{"type":"Feature","properties":{"kind":"exit","ref":"3"},"geometry":{"type":"Point","coordinates":[126.9699116,37.5544913]}},{"type":"Feature","properties":{"kind":"exit","ref":"2"},"geometry":{"type":"Point","coordinates":[126.9717037,37.5545364]}},{"type":"Feature","properties":{"kind":"exit","ref":"1"},"geometry":{"type":"Point","coordinates":[126.9718629,37.5543653]}},{"type":"Feature","properties":{"kind":"exit","ref":"1"},"geometry":{"type":"Point","coordinates":[126.97208,37.5454714]}},{"type":"Feature","properties":{"kind":"exit","ref":"2"},"geometry":{"type":"Point","coordinates":[126.9722959,37.5452651]}},{"type":"Feature","properties":{"kind":"exit","ref":"3"},"geometry":{"type":"Point","coordinates":[126.9723277,37.5449971]}},{"type":"Feature","properties":{"kind":"exit","ref":"4"},"geometry":{"type":"Point","coordinates":[126.9722711,37.5447291]}},{"type":"Feature","properties":{"kind":"exit","ref":"10"},"geometry":{"type":"Point","coordinates":[126.971703,37.5453699]}},{"type":"Feature","properties":{"kind":"exit","ref":"9"},"geometry":{"type":"Point","coordinates":[126.9718818,37.5446828]}},{"type":"Feature","properties":{"kind":"exit","ref":"8"},"geometry":{"type":"Point","coordinates":[126.9720322,37.5440571]}},{"type":"Feature","properties":{"kind":"exit","ref":"5"},"geometry":{"type":"Point","coordinates":[126.9724206,37.5441417]}},{"type":"Feature","properties":{"kind":"exit","ref":"7"},"geometry":{"type":"Point","coordinates":[126.9720974,37.5437307]}},{"type":"Feature","properties":{"kind":"exit","ref":"6"},"geometry":{"type":"Point","coordinates":[126.9724999,37.5437968]}},{"type":"Feature","properties":{"kind":"exit","ref":"4"},"geometry":{"type":"Point","coordinates":[126.9675535,37.5291193]}},{"type":"Feature","properties":{"kind":"exit","ref":"5"},"geometry":{"type":"Point","coordinates":[126.9678915,37.5298329]}},{"type":"Feature","properties":{"kind":"exit","ref":"6"},"geometry":{"type":"Point","coordinates":[126.9683946,37.5299709]}},{"type":"Feature","properties":{"kind":"exit","ref":"1"},"geometry":{"type":"Point","coordinates":[126.9689219,37.5297426]}},{"type":"Feature","properties":{"kind":"exit","ref":"2"},"geometry":{"type":"Point","coordinates":[126.96752,37.5284457]}},{"type":"Feature","properties":{"kind":"exit","ref":"3"},"geometry":{"type":"Point","coordinates":[126.9669852,37.5284883]}},{"type":"Feature","properties":{"kind":"exit","ref":"1"},"geometry":{"type":"Point","coordinates":[126.9733281,37.5228632]}},{"type":"Feature","properties":{"kind":"exit","ref":"5"},"geometry":{"type":"Point","coordinates":[126.9734075,37.5225451]}},{"type":"Feature","properties":{"kind":"exit","ref":"2"},"geometry":{"type":"Point","coordinates":[126.9756356,37.5221504]}},{"type":"Feature","properties":{"kind":"exit","ref":"3"},"geometry":{"type":"Point","coordinates":[126.9754486,37.5219101]}},{"type":"Feature","properties":{"kind":"exit","ref":"4"},"geometry":{"type":"Point","coordinates":[126.9734103,37.5222836]}},{"type":"Feature","properties":{"kind":"exit","ref":"11"},"geometry":{"type":"Point","coordinates":[126.981981,37.4782536]}},{"type":"Feature","properties":{"kind":"exit","ref":"10"},"geometry":{"type":"Point","coordinates":[126.9815413,37.4782744]}},{"type":"Feature","properties":{"kind":"exit","ref":"12"},"geometry":{"type":"Point","coordinates":[126.9819379,37.4777793]}},{"type":"Feature","properties":{"kind":"exit","ref":"9"},"geometry":{"type":"Point","coordinates":[126.981515,37.477738]}},{"type":"Feature","properties":{"kind":"exit","ref":"13"},"geometry":{"type":"Point","coordinates":[126.9820242,37.4770237]}},{"type":"Feature","properties":{"kind":"exit","ref":"14"},"geometry":{"type":"Point","coordinates":[126.9823877,37.4766888]}},{"type":"Feature","properties":{"kind":"exit","ref":"8"},"geometry":{"type":"Point","coordinates":[126.981257,37.4770849]}},{"type":"Feature","properties":{"kind":"exit","ref":"7"},"geometry":{"type":"Point","coordinates":[126.9809119,37.4768404]}},{"type":"Feature","properties":{"kind":"exit","ref":"6"},"geometry":{"type":"Point","coordinates":[126.980863,37.4763831]}},{"type":"Feature","properties":{"kind":"exit","ref":"5"},"geometry":{"type":"Point","coordinates":[126.9811892,37.4760897]}},{"type":"Feature","properties":{"kind":"exit","ref":"1"},"geometry":{"type":"Point","coordinates":[126.9823015,37.476234]}},{"type":"Feature","properties":{"kind":"exit","ref":"2"},"geometry":{"type":"Point","coordinates":[126.9819071,37.4759626]}},{"type":"Feature","properties":{"kind":"exit","ref":"3"},"geometry":{"type":"Point","coordinates":[126.9819927,37.4751246]}},{"type":"Feature","properties":{"kind":"exit","ref":"4"},"geometry":{"type":"Point","coordinates":[126.9814788,37.475119]}},{"type":"Feature","properties":{"kind":"exit","ref":"1"},"geometry":{"type":"Point","coordinates":[126.9891808,37.4649087]}},{"type":"Feature","properties":{"kind":"exit","ref":"2"},"geometry":{"type":"Point","coordinates":[126.9885023,37.4643972]}},{"type":"Feature","properties":{"kind":"exit","ref":"3"},"geometry":{"type":"Point","coordinates":[126.988086,37.4643871]}},{"type":"Feature","properties":{"kind":"exit","ref":"4"},"geometry":{"type":"Point","coordinates":[126.9880541,37.4648028]}},{"type":"Feature","properties":{"kind":"exit","ref":"3"},"geometry":{"type":"Point","coordinates":[127.0012585,37.4523786]}},{"type":"Feature","properties":{"kind":"exit","ref":"2"},"geometry":{"type":"Point","coordinates":[127.0009887,37.4521205]}},{"type":"Feature","properties":{"kind":"exit","ref":"1"},"geometry":{"type":"Point","coordinates":[127.0013179,37.4518592]}},{"type":"Feature","properties":{"kind":"exit","ref":"5"},"geometry":{"type":"Point","coordinates":[127.0029955,37.4510046]}},{"type":"Feature","properties":{"kind":"exit","ref":"4"},"geometry":{"type":"Point","coordinates":[127.002755,37.4513642]}},{"type":"Feature","properties":{"kind":"exit","ref":"6"},"geometry":{"type":"Point","coordinates":[127.00272,37.450771]}},{"type":"Feature","properties":{"kind":"exit","ref":"1"},"geometry":{"type":"Point","coordinates":[127.0078028,37.4445835]}},{"type":"Feature","properties":{"kind":"exit","ref":"2"},"geometry":{"type":"Point","coordinates":[127.008071,37.4441108]}},{"type":"Feature","properties":{"kind":"exit","ref":"6"},"geometry":{"type":"Point","coordinates":[127.0073595,37.4443688]}},{"type":"Feature","properties":{"kind":"exit","ref":"3"},"geometry":{"type":"Point","coordinates":[127.0081849,37.443654]}},{"type":"Feature","properties":{"kind":"exit","ref":"4"},"geometry":{"type":"Point","coordinates":[127.008188,37.4433629]}},{"type":"Feature","properties":{"kind":"exit","ref":"5"},"geometry":{"type":"Point","coordinates":[127.0077291,37.4433368]}},{"type":"Feature","properties":{"kind":"exit","ref":"1"},"geometry":{"type":"Point","coordinates":[127.0071679,37.4358417]}},{"type":"Feature","properties":{"kind":"exit","ref":"6"},"geometry":{"type":"Point","coordinates":[127.0063955,37.4364388]}},{"type":"Feature","properties":{"kind":"exit","ref":"2"},"geometry":{"type":"Point","coordinates":[127.006954,37.4355384]}},{"type":"Feature","properties":{"kind":"exit","ref":"3"},"geometry":{"type":"Point","coordinates":[127.0066853,37.4352593]}},{"type":"Feature","properties":{"kind":"exit","ref":"1"},"geometry":{"type":"Point","coordinates":[126.9977361,37.4334507]}},{"type":"Feature","properties":{"kind":"exit","ref":"2"},"geometry":{"type":"Point","coordinates":[126.9979353,37.4336234]}},{"type":"Feature","properties":{"kind":"exit","ref":"3"},"geometry":{"type":"Point","coordinates":[126.9986368,37.4330598]}},{"type":"Feature","properties":{"kind":"exit","ref":"4"},"geometry":{"type":"Point","coordinates":[126.9983154,37.432684]}},{"type":"Feature","properties":{"kind":"exit","ref":"5"},"geometry":{"type":"Point","coordinates":[126.996023,37.4322306]}},{"type":"Feature","properties":{"kind":"exit","ref":"7"},"geometry":{"type":"Point","coordinates":[126.9947398,37.4322627]}},{"type":"Feature","properties":{"kind":"exit","ref":"6"},"geometry":{"type":"Point","coordinates":[126.994879,37.4316235]}},{"type":"Feature","properties":{"kind":"exit","ref":"9"},"geometry":{"type":"Point","coordinates":[126.9902918,37.4269447]}},{"type":"Feature","properties":{"kind":"exit","ref":"2"},"geometry":{"type":"Point","coordinates":[126.9905044,37.426722]}},{"type":"Feature","properties":{"kind":"exit","ref":"1"},"geometry":{"type":"Point","coordinates":[126.9908819,37.4271783]}},{"type":"Feature","properties":{"kind":"exit","ref":"10"},"geometry":{"type":"Point","coordinates":[126.9905584,37.4280665]}},{"type":"Feature","properties":{"kind":"exit","ref":"11"},"geometry":{"type":"Point","coordinates":[126.9911376,37.4280873]}},{"type":"Feature","properties":{"kind":"exit","ref":"3"},"geometry":{"type":"Point","coordinates":[126.9895441,37.4260381]}},{"type":"Feature","properties":{"kind":"exit","ref":"8"},"geometry":{"type":"Point","coordinates":[126.9888729,37.4262847]}},{"type":"Feature","properties":{"kind":"exit","ref":"7"},"geometry":{"type":"Point","coordinates":[126.9886358,37.4260304]}},{"type":"Feature","properties":{"kind":"exit","ref":"6"},"geometry":{"type":"Point","coordinates":[126.989212,37.4254187]}},{"type":"Feature","properties":{"kind":"exit","ref":"5"},"geometry":{"type":"Point","coordinates":[126.9894853,37.4252454]}},{"type":"Feature","properties":{"kind":"exit","ref":"4"},"geometry":{"type":"Point","coordinates":[126.9897462,37.4258092]}},{"type":"Feature","properties":{"kind":"exit","ref":"1"},"geometry":{"type":"Point","coordinates":[126.9772144,37.4021297]}},{"type":"Feature","properties":{"kind":"exit","ref":"2"},"geometry":{"type":"Point","coordinates":[126.9773807,37.4012348]}},{"type":"Feature","properties":{"kind":"exit","ref":"3"},"geometry":{"type":"Point","coordinates":[126.9771045,37.4009983]}},{"type":"Feature","properties":{"kind":"exit","ref":"4"},"geometry":{"type":"Point","coordinates":[126.9764098,37.40096]}},{"type":"Feature","properties":{"kind":"exit","ref":"5"},"geometry":{"type":"Point","coordinates":[126.9763642,37.4015672]}},{"type":"Feature","properties":{"kind":"exit","ref":"6"},"geometry":{"type":"Point","coordinates":[126.9762408,37.4020381]}},{"type":"Feature","properties":{"kind":"exit","ref":"7"},"geometry":{"type":"Point","coordinates":[126.9757768,37.402509]}},{"type":"Feature","properties":{"kind":"exit","ref":"8"},"geometry":{"type":"Point","coordinates":[126.9760906,37.4028819]}},{"type":"Feature","properties":{"kind":"exit","ref":"3"},"geometry":{"type":"Point","coordinates":[126.9646443,37.3948319]}},{"type":"Feature","properties":{"kind":"exit","ref":"4"},"geometry":{"type":"Point","coordinates":[126.9649496,37.394097]}},{"type":"Feature","properties":{"kind":"exit","ref":"2"},"geometry":{"type":"Point","coordinates":[126.9636366,37.3944199]}},{"type":"Feature","properties":{"kind":"exit","ref":"1"},"geometry":{"type":"Point","coordinates":[126.9638075,37.3941157]}},{"type":"Feature","properties":{"kind":"exit","ref":"1"},"geometry":{"type":"Point","coordinates":[126.9515644,37.3902901]}},{"type":"Feature","properties":{"kind":"exit","ref":"2"},"geometry":{"type":"Point","coordinates":[126.9518335,37.3902101]}},{"type":"Feature","properties":{"kind":"exit","ref":"3"},"geometry":{"type":"Point","coordinates":[126.9518121,37.3897721]}},{"type":"Feature","properties":{"kind":"exit","ref":"4"},"geometry":{"type":"Point","coordinates":[126.9512366,37.3900579]}},{"type":"Feature","properties":{"kind":"exit","ref":"4-1"},"geometry":{"type":"Point","coordinates":[126.9512264,37.3896056]}},{"type":"Feature","properties":{"kind":"exit","ref":"6"},"geometry":{"type":"Point","coordinates":[126.9500344,37.3891609]}},{"type":"Feature","properties":{"kind":"exit","ref":"5"},"geometry":{"type":"Point","coordinates":[126.9502471,37.3893684]}},{"type":"Feature","properties":{"kind":"exit","ref":"1"},"geometry":{"type":"Point","coordinates":[126.9439105,37.3720435]}},{"type":"Feature","properties":{"kind":"exit","ref":"2"},"geometry":{"type":"Point","coordinates":[126.9441119,37.3716339]}},{"type":"Feature","properties":{"kind":"exit","ref":"3"},"geometry":{"type":"Point","coordinates":[126.9434599,37.3714289]}},{"type":"Feature","properties":{"kind":"exit","ref":"4"},"geometry":{"type":"Point","coordinates":[126.9431399,37.3713532]}},{"type":"Feature","properties":{"kind":"exit","ref":"5"},"geometry":{"type":"Point","coordinates":[126.9429588,37.3717425]}},{"type":"Feature","properties":{"kind":"exit","ref":"6"},"geometry":{"type":"Point","coordinates":[126.9423762,37.372336]}},{"type":"Feature","properties":{"kind":"exit","ref":"7"},"geometry":{"type":"Point","coordinates":[126.9424785,37.3726356]}},{"type":"Feature","properties":{"kind":"exit","ref":"8"},"geometry":{"type":"Point","coordinates":[126.9428229,37.3727573]}},{"type":"Feature","properties":{"kind":"exit","ref":"13"},"geometry":{"type":"Point","coordinates":[127.0075015,37.5661973]}},{"type":"Feature","properties":{"kind":"exit","ref":"14"},"geometry":{"type":"Point","coordinates":[127.0078073,37.5664525]}},{"type":"Feature","properties":{"kind":"exit","ref":"5"},"geometry":{"type":"Point","coordinates":[126.9984221,37.5670361]}},{"type":"Feature","properties":{"kind":"exit","ref":"6"},"geometry":{"type":"Point","coordinates":[126.9987501,37.5668116]}},{"type":"Feature","properties":{"kind":"exit","ref":"2"},"geometry":{"type":"Point","coordinates":[126.997788,37.5669794]}},{"type":"Feature","properties":{"kind":"exit","ref":"1"},"geometry":{"type":"Point","coordinates":[126.9975158,37.5667476]}},{"type":"Feature","properties":{"kind":"exit","ref":"7"},"geometry":{"type":"Point","coordinates":[126.9987222,37.5664704]}},{"type":"Feature","properties":{"kind":"exit","ref":"8"},"geometry":{"type":"Point","coordinates":[126.9984426,37.5662273]}},{"type":"Feature","properties":{"kind":"exit","ref":"9"},"geometry":{"type":"Point","coordinates":[126.9978001,37.5663923]}},{"type":"Feature","properties":{"kind":"exit","ref":"10"},"geometry":{"type":"Point","coordinates":[126.9973733,37.5664325]}},{"type":"Feature","properties":{"kind":"exit","ref":"4"},"geometry":{"type":"Point","coordinates":[126.9981347,37.567797]}},{"type":"Feature","properties":{"kind":"exit","ref":"3"},"geometry":{"type":"Point","coordinates":[126.9979654,37.5677875]}},{"type":"Feature","properties":{"kind":"exit","ref":"3"},"geometry":{"type":"Point","coordinates":[126.9775669,37.5712694]}},{"type":"Feature","properties":{"kind":"exit","ref":"4"},"geometry":{"type":"Point","coordinates":[126.9774533,37.5707041]}},{"type":"Feature","properties":{"kind":"exit","ref":"5"},"geometry":{"type":"Point","coordinates":[126.9774219,37.5698233]}},{"type":"Feature","properties":{"kind":"exit","ref":"6"},"geometry":{"type":"Point","coordinates":[126.9766147,37.5697957]}},{"type":"Feature","properties":{"kind":"exit","ref":"7"},"geometry":{"type":"Point","coordinates":[126.9765102,37.5704724]}},{"type":"Feature","properties":{"kind":"exit","ref":"1"},"geometry":{"type":"Point","coordinates":[126.9748938,37.5718764]}},{"type":"Feature","properties":{"kind":"exit","ref":"8"},"geometry":{"type":"Point","coordinates":[126.9751526,37.5717149]}},{"type":"Feature","properties":{"kind":"exit","ref":"9"},"geometry":{"type":"Point","coordinates":[126.9921683,37.5711678]}},{"type":"Feature","properties":{"kind":"exit","ref":"2-1"},"geometry":{"type":"Point","coordinates":[126.9919084,37.5708473]}},{"type":"Feature","properties":{"kind":"exit","ref":"10"},"geometry":{"type":"Point","coordinates":[126.9924936,37.5706273]}},{"type":"Feature","properties":{"kind":"exit","ref":"11"},"geometry":{"type":"Point","coordinates":[126.9927415,37.570639]}},{"type":"Feature","properties":{"kind":"exit","ref":"13"},"geometry":{"type":"Point","coordinates":[126.9925141,37.5703601]}},{"type":"Feature","properties":{"kind":"exit","ref":"12"},"geometry":{"type":"Point","coordinates":[126.9927696,37.5703684]}},{"type":"Feature","properties":{"kind":"exit","ref":"1"},"geometry":{"type":"Point","coordinates":[126.9913472,37.570553]}},{"type":"Feature","properties":{"kind":"exit","ref":"2"},"geometry":{"type":"Point","coordinates":[126.9917621,37.5705774]}},{"type":"Feature","properties":{"kind":"exit","ref":"15"},"geometry":{"type":"Point","coordinates":[126.991404,37.5702253]}},{"type":"Feature","properties":{"kind":"exit","ref":"14"},"geometry":{"type":"Point","coordinates":[126.9918044,37.5702543]}},{"type":"Feature","properties":{"kind":"exit","ref":"4"},"geometry":{"type":"Point","coordinates":[126.9895583,37.5724618]}},{"type":"Feature","properties":{"kind":"exit","ref":"5"},"geometry":{"type":"Point","coordinates":[126.988889,37.5724679]}},{"type":"Feature","properties":{"kind":"exit","ref":"5"},"geometry":{"type":"Point","coordinates":[126.9671966,37.5659815]}},{"type":"Feature","properties":{"kind":"exit","ref":"6"},"geometry":{"type":"Point","coordinates":[126.9671743,37.565657]}},{"type":"Feature","properties":{"kind":"exit","ref":"2"},"geometry":{"type":"Point","coordinates":[126.9661598,37.5659835]}},{"type":"Feature","properties":{"kind":"exit","ref":"1"},"geometry":{"type":"Point","coordinates":[126.9662189,37.5655324]}},{"type":"Feature","properties":{"kind":"exit","ref":"3"},"geometry":{"type":"Point","coordinates":[126.9666954,37.5663608]}},{"type":"Feature","properties":{"kind":"exit","ref":"4"},"geometry":{"type":"Point","coordinates":[126.9669472,37.566407]}},{"type":"Feature","properties":{"kind":"exit","ref":"8"},"geometry":{"type":"Point","coordinates":[126.9665583,37.5652887]}},{"type":"Feature","properties":{"kind":"exit","ref":"7"},"geometry":{"type":"Point","coordinates":[126.9668721,37.5653249]}},{"type":"Feature","properties":{"kind":"exit","ref":"2"},"geometry":{"type":"Point","coordinates":[126.9637785,37.5595264]}},{"type":"Feature","properties":{"kind":"exit","ref":"6"},"geometry":{"type":"Point","coordinates":[126.9634776,37.5590285]}},{"type":"Feature","properties":{"kind":"exit","ref":"5"},"geometry":{"type":"Point","coordinates":[126.9637894,37.5590206]}},{"type":"Feature","properties":{"kind":"exit","ref":"7"},"geometry":{"type":"Point","coordinates":[126.962165,37.5597328]}},{"type":"Feature","properties":{"kind":"exit","ref":"10"},"geometry":{"type":"Point","coordinates":[126.9628172,37.5596876]}},{"type":"Feature","properties":{"kind":"exit","ref":"9"},"geometry":{"type":"Point","coordinates":[126.9633443,37.5606554]}},{"type":"Feature","properties":{"kind":"exit","ref":"8"},"geometry":{"type":"Point","coordinates":[126.9628946,37.5606346]}},{"type":"Feature","properties":{"kind":"exit","ref":"1"},"geometry":{"type":"Point","coordinates":[126.9563948,37.5532952]}},{"type":"Feature","properties":{"kind":"exit","ref":"2"},"geometry":{"type":"Point","coordinates":[126.9565026,37.5535664]}},{"type":"Feature","properties":{"kind":"exit","ref":"3"},"geometry":{"type":"Point","coordinates":[126.9567878,37.5532517]}},{"type":"Feature","properties":{"kind":"exit","ref":"4"},"geometry":{"type":"Point","coordinates":[126.9566456,37.552955]}},{"type":"Feature","properties":{"kind":"exit","ref":"2"},"geometry":{"type":"Point","coordinates":[126.9461181,37.5400051]}},{"type":"Feature","properties":{"kind":"exit","ref":"1"},"geometry":{"type":"Point","coordinates":[126.9453801,37.5395519]}},{"type":"Feature","properties":{"kind":"exit","ref":"3"},"geometry":{"type":"Point","coordinates":[126.9328776,37.5267199]}},{"type":"Feature","properties":{"kind":"exit","ref":"2"},"geometry":{"type":"Point","coordinates":[126.932426,37.5270678]}},{"type":"Feature","properties":{"kind":"exit","ref":"1"},"geometry":{"type":"Point","coordinates":[126.9322458,37.5269648]}},{"type":"Feature","properties":{"kind":"exit","ref":"4"},"geometry":{"type":"Point","coordinates":[126.9327577,37.5265718]}},{"type":"Feature","properties":{"kind":"exit","ref":"1"},"geometry":{"type":"Point","coordinates":[126.9335929,37.3583319]}},{"type":"Feature","properties":{"kind":"exit","ref":"2"},"geometry":{"type":"Point","coordinates":[126.932343,37.3577148]}},{"type":"Feature","properties":{"kind":"exit","ref":"1"},"geometry":{"type":"Point","coordinates":[126.9255043,37.3497209]}},{"type":"Feature","properties":{"kind":"exit","ref":"2"},"geometry":{"type":"Point","coordinates":[126.925329,37.3503082]}},{"type":"Feature","properties":{"kind":"exit","ref":"3"},"geometry":{"type":"Point","coordinates":[126.9253994,37.3505296]}},{"type":"Feature","properties":{"kind":"exit","ref":"1"},"geometry":{"type":"Point","coordinates":[126.9168717,37.327728]}},{"type":"Feature","properties":{"kind":"exit","ref":"2"},"geometry":{"type":"Point","coordinates":[126.9166119,37.3278653]}},{"type":"Feature","properties":{"kind":"exit","ref":"1"},"geometry":{"type":"Point","coordinates":[126.9038014,37.3117348]}},{"type":"Feature","properties":{"kind":"exit","ref":"2"},"geometry":{"type":"Point","coordinates":[126.8666471,37.3030127]}},{"type":"Feature","properties":{"kind":"exit","ref":"1"},"geometry":{"type":"Point","coordinates":[126.8666269,37.3025944]}},{"type":"Feature","properties":{"kind":"exit","ref":"3"},"geometry":{"type":"Point","coordinates":[126.8542364,37.3101499]}},{"type":"Feature","properties":{"kind":"exit","ref":"1"},"geometry":{"type":"Point","coordinates":[126.8388111,37.3161858]}},{"type":"Feature","properties":{"kind":"exit","ref":"2"},"geometry":{"type":"Point","coordinates":[126.839007,37.3157885]}},{"type":"Feature","properties":{"kind":"exit","ref":"1"},"geometry":{"type":"Point","coordinates":[126.8234353,37.3169022]}},{"type":"Feature","properties":{"kind":"exit","ref":"2"},"geometry":{"type":"Point","coordinates":[126.8234719,37.3166791]}},{"type":"Feature","properties":{"kind":"exit","ref":"1"},"geometry":{"type":"Point","coordinates":[126.8062416,37.3206594]}},{"type":"Feature","properties":{"kind":"exit","ref":"1"},"geometry":{"type":"Point","coordinates":[126.7889906,37.3274151]}},{"type":"Feature","properties":{"kind":"exit","ref":"2"},"geometry":{"type":"Point","coordinates":[126.7880436,37.3267142]}},{"type":"Feature","properties":{"kind":"exit","ref":"2"},"geometry":{"type":"Point","coordinates":[126.7675487,37.3376904]}},{"type":"Feature","properties":{"kind":"exit","ref":"1"},"geometry":{"type":"Point","coordinates":[126.7672175,37.3372405]}},{"type":"Feature","properties":{"kind":"exit","ref":"2"},"geometry":{"type":"Point","coordinates":[126.7428722,37.3519669]}},{"type":"Feature","properties":{"kind":"exit","ref":"1"},"geometry":{"type":"Point","coordinates":[126.7427421,37.35171]}},{"type":"Feature","properties":{"kind":"exit","ref":"1"},"geometry":{"type":"Point","coordinates":[126.7381324,37.3618501]}},{"type":"Feature","properties":{"kind":"exit","ref":"2"},"geometry":{"type":"Point","coordinates":[126.7383345,37.3623092]}},{"type":"Feature","properties":{"kind":"exit","ref":"3"},"geometry":{"type":"Point","coordinates":[126.7388885,37.3622203]}},{"type":"Feature","properties":{"kind":"exit","ref":"1"},"geometry":{"type":"Point","coordinates":[126.9170978,37.5168387]}},{"type":"Feature","properties":{"kind":"exit","ref":"2"},"geometry":{"type":"Point","coordinates":[126.9169454,37.5171422]}},{"type":"Feature","properties":{"kind":"exit","ref":"3"},"geometry":{"type":"Point","coordinates":[126.9144052,37.5177394]}},{"type":"Feature","properties":{"kind":"exit","ref":"1"},"geometry":{"type":"Point","coordinates":[126.9050667,37.5228967]}},{"type":"Feature","properties":{"kind":"exit","ref":"2"},"geometry":{"type":"Point","coordinates":[126.9052474,37.5229656]}},{"type":"Feature","properties":{"kind":"exit","ref":"3"},"geometry":{"type":"Point","coordinates":[126.9052111,37.522529]}},{"type":"Feature","properties":{"kind":"exit","ref":"4"},"geometry":{"type":"Point","coordinates":[126.9049854,37.52257]}},{"type":"Feature","properties":{"kind":"exit","ref":"7"},"geometry":{"type":"Point","coordinates":[126.8960947,37.5245129]}},{"type":"Feature","properties":{"kind":"exit","ref":"1"},"geometry":{"type":"Point","coordinates":[126.8962393,37.5247771]}},{"type":"Feature","properties":{"kind":"exit","ref":"5"},"geometry":{"type":"Point","coordinates":[126.8965792,37.5247487]}},{"type":"Feature","properties":{"kind":"exit","ref":"2"},"geometry":{"type":"Point","coordinates":[126.8964951,37.5259182]}},{"type":"Feature","properties":{"kind":"exit","ref":"3"},"geometry":{"type":"Point","coordinates":[126.8967693,37.5267466]}},{"type":"Feature","properties":{"kind":"exit","ref":"4"},"geometry":{"type":"Point","coordinates":[126.8971051,37.5267246]}},{"type":"Feature","properties":{"kind":"exit","ref":"2"},"geometry":{"type":"Point","coordinates":[126.8860954,37.5254108]}},{"type":"Feature","properties":{"kind":"exit","ref":"1"},"geometry":{"type":"Point","coordinates":[126.8860365,37.5257276]}},{"type":"Feature","properties":{"kind":"exit","ref":"3"},"geometry":{"type":"Point","coordinates":[126.8761056,37.5247127]}},{"type":"Feature","properties":{"kind":"exit","ref":"4"},"geometry":{"type":"Point","coordinates":[126.8765263,37.5246966]}},{"type":"Feature","properties":{"kind":"exit","ref":"5"},"geometry":{"type":"Point","coordinates":[126.8765365,37.5241936]}},{"type":"Feature","properties":{"kind":"exit","ref":"6"},"geometry":{"type":"Point","coordinates":[126.8759428,37.5240231]}},{"type":"Feature","properties":{"kind":"exit","ref":"7"},"geometry":{"type":"Point","coordinates":[126.8757027,37.5241135]}},{"type":"Feature","properties":{"kind":"exit","ref":"1"},"geometry":{"type":"Point","coordinates":[126.8739334,37.5248921]}},{"type":"Feature","properties":{"kind":"exit","ref":"8"},"geometry":{"type":"Point","coordinates":[126.8736852,37.5245856]}},{"type":"Feature","properties":{"kind":"exit","ref":"2"},"geometry":{"type":"Point","coordinates":[126.8739114,37.5260084]}},{"type":"Feature","properties":{"kind":"exit","ref":"4"},"geometry":{"type":"Point","coordinates":[126.8646624,37.5263806]}},{"type":"Feature","properties":{"kind":"exit","ref":"3"},"geometry":{"type":"Point","coordinates":[126.8645013,37.5265343]}},{"type":"Feature","properties":{"kind":"exit","ref":"2"},"geometry":{"type":"Point","coordinates":[126.8641034,37.5264286]}},{"type":"Feature","properties":{"kind":"exit","ref":"5"},"geometry":{"type":"Point","coordinates":[126.8649164,37.5258129]}},{"type":"Feature","properties":{"kind":"exit","ref":"6"},"geometry":{"type":"Point","coordinates":[126.8647171,37.5255832]}},{"type":"Feature","properties":{"kind":"exit","ref":"7"},"geometry":{"type":"Point","coordinates":[126.8642655,37.5257306]}},{"type":"Feature","properties":{"kind":"exit","ref":"1"},"geometry":{"type":"Point","coordinates":[126.8635323,37.526175]}},{"type":"Feature","properties":{"kind":"exit","ref":"2"},"geometry":{"type":"Point","coordinates":[126.8575412,37.5253057]}},{"type":"Feature","properties":{"kind":"exit","ref":"3"},"geometry":{"type":"Point","coordinates":[126.8575803,37.525141]}},{"type":"Feature","properties":{"kind":"exit","ref":"1"},"geometry":{"type":"Point","coordinates":[126.8545084,37.5248762]}},{"type":"Feature","properties":{"kind":"exit","ref":"5"},"geometry":{"type":"Point","coordinates":[126.8546609,37.5247399]}},{"type":"Feature","properties":{"kind":"exit","ref":"4"},"geometry":{"type":"Point","coordinates":[126.8549987,37.5247793]}},{"type":"Feature","properties":{"kind":"exit","ref":"7"},"geometry":{"type":"Point","coordinates":[126.8397646,37.5416222]}},{"type":"Feature","properties":{"kind":"exit","ref":"8"},"geometry":{"type":"Point","coordinates":[126.8399556,37.5419349]}},{"type":"Feature","properties":{"kind":"exit","ref":"2"},"geometry":{"type":"Point","coordinates":[126.8408209,37.5419232]}},{"type":"Feature","properties":{"kind":"exit","ref":"1"},"geometry":{"type":"Point","coordinates":[126.8401968,37.5420756]}},{"type":"Feature","properties":{"kind":"exit","ref":"3"},"geometry":{"type":"Point","coordinates":[126.8409867,37.5416418]}},{"type":"Feature","properties":{"kind":"exit","ref":"4"},"geometry":{"type":"Point","coordinates":[126.8408443,37.5413882]}},{"type":"Feature","properties":{"kind":"exit","ref":"5"},"geometry":{"type":"Point","coordinates":[126.8405127,37.5413086]}},{"type":"Feature","properties":{"kind":"exit","ref":"6"},"geometry":{"type":"Point","coordinates":[126.8401298,37.5413882]}},{"type":"Feature","properties":{"kind":"exit","ref":"2"},"geometry":{"type":"Point","coordinates":[126.8365554,37.5484316]}},{"type":"Feature","properties":{"kind":"exit","ref":"1"},"geometry":{"type":"Point","coordinates":[126.8365493,37.5489655]}},{"type":"Feature","properties":{"kind":"exit","ref":"4"},"geometry":{"type":"Point","coordinates":[126.8362058,37.5488394]}},{"type":"Feature","properties":{"kind":"exit","ref":"3"},"geometry":{"type":"Point","coordinates":[126.8361997,37.5484493]}},{"type":"Feature","properties":{"kind":"exit","ref":"2"},"geometry":{"type":"Point","coordinates":[126.8381031,37.5589223]}},{"type":"Feature","properties":{"kind":"exit","ref":"3"},"geometry":{"type":"Point","coordinates":[126.838558,37.5588891]}},{"type":"Feature","properties":{"kind":"exit","ref":"5"},"geometry":{"type":"Point","coordinates":[126.8385784,37.5582963]}},{"type":"Feature","properties":{"kind":"exit","ref":"6"},"geometry":{"type":"Point","coordinates":[126.838351,37.5581667]}},{"type":"Feature","properties":{"kind":"exit","ref":"8"},"geometry":{"type":"Point","coordinates":[126.8372185,37.5584837]}},{"type":"Feature","properties":{"kind":"exit","ref":"7"},"geometry":{"type":"Point","coordinates":[126.8379015,37.5581933]}},{"type":"Feature","properties":{"kind":"exit","ref":"1"},"geometry":{"type":"Point","coordinates":[126.8374917,37.5588632]}},{"type":"Feature","properties":{"kind":"exit","ref":"2"},"geometry":{"type":"Point","coordinates":[126.8256471,37.5602162]}},{"type":"Feature","properties":{"kind":"exit","ref":"3"},"geometry":{"type":"Point","coordinates":[126.7469904,37.6762087]}},{"type":"Feature","properties":{"kind":"exit","ref":"2"},"geometry":{"type":"Point","coordinates":[126.7471917,37.6757483]}},{"type":"Feature","properties":{"kind":"exit","ref":"1"},"geometry":{"type":"Point","coordinates":[126.7476352,37.6759062]}},{"type":"Feature","properties":{"kind":"exit","ref":"4"},"geometry":{"type":"Point","coordinates":[126.7472153,37.6764734]}},{"type":"Feature","properties":{"kind":"exit","ref":"5"},"geometry":{"type":"Point","coordinates":[126.747697,37.6764966]}},{"type":"Feature","properties":{"kind":"exit","ref":"6"},"geometry":{"type":"Point","coordinates":[126.7478762,37.6761897]}},{"type":"Feature","properties":{"kind":"exit","ref":"6"},"geometry":{"type":"Point","coordinates":[126.7613923,37.6707063]}},{"type":"Feature","properties":{"kind":"exit","ref":"7"},"geometry":{"type":"Point","coordinates":[126.7617493,37.6705766]}},{"type":"Feature","properties":{"kind":"exit","ref":"8"},"geometry":{"type":"Point","coordinates":[126.7619871,37.6700499]}},{"type":"Feature","properties":{"kind":"exit","ref":"3"},"geometry":{"type":"Point","coordinates":[126.7607138,37.6697338]}},{"type":"Feature","properties":{"kind":"exit","ref":"2"},"geometry":{"type":"Point","coordinates":[126.7611307,37.669573]}},{"type":"Feature","properties":{"kind":"exit","ref":"1"},"geometry":{"type":"Point","coordinates":[126.7617542,37.6697148]}},{"type":"Feature","properties":{"kind":"exit","ref":"1"},"geometry":{"type":"Point","coordinates":[126.7732702,37.659173]}},{"type":"Feature","properties":{"kind":"exit","ref":"4"},"geometry":{"type":"Point","coordinates":[126.7737501,37.6593552]}},{"type":"Feature","properties":{"kind":"exit","ref":"2"},"geometry":{"type":"Point","coordinates":[126.7729261,37.6597828]}},{"type":"Feature","properties":{"kind":"exit","ref":"3"},"geometry":{"type":"Point","coordinates":[126.7733799,37.6599604]}},{"type":"Feature","properties":{"kind":"exit","ref":"1"},"geometry":{"type":"Point","coordinates":[126.7779078,37.6514272]}},{"type":"Feature","properties":{"kind":"exit","ref":"4"},"geometry":{"type":"Point","coordinates":[126.7772797,37.6524454]}},{"type":"Feature","properties":{"kind":"exit","ref":"5"},"geometry":{"type":"Point","coordinates":[126.7776445,37.652572]}},{"type":"Feature","properties":{"kind":"exit","ref":"6"},"geometry":{"type":"Point","coordinates":[126.7782835,37.6523325]}},{"type":"Feature","properties":{"kind":"exit","ref":"7"},"geometry":{"type":"Point","coordinates":[126.7784656,37.6520242]}},{"type":"Feature","properties":{"kind":"exit","ref":"8"},"geometry":{"type":"Point","coordinates":[126.7782573,37.6515537]}},{"type":"Feature","properties":{"kind":"exit","ref":"1"},"geometry":{"type":"Point","coordinates":[126.7881934,37.6426385]}},{"type":"Feature","properties":{"kind":"exit","ref":"2"},"geometry":{"type":"Point","coordinates":[126.7877328,37.6425821]}},{"type":"Feature","properties":{"kind":"exit","ref":"3"},"geometry":{"type":"Point","coordinates":[126.787416,37.642807]}},{"type":"Feature","properties":{"kind":"exit","ref":"4"},"geometry":{"type":"Point","coordinates":[126.7874247,37.6432103]}},{"type":"Feature","properties":{"kind":"exit","ref":"5"},"geometry":{"type":"Point","coordinates":[126.7877743,37.6434935]}},{"type":"Feature","properties":{"kind":"exit","ref":"6"},"geometry":{"type":"Point","coordinates":[126.7882682,37.6435434]}},{"type":"Feature","properties":{"kind":"exit","ref":"7"},"geometry":{"type":"Point","coordinates":[126.7886886,37.6432976]}},{"type":"Feature","properties":{"kind":"exit","ref":"8"},"geometry":{"type":"Point","coordinates":[126.7885728,37.6428979]}},{"type":"Feature","properties":{"kind":"exit","ref":"5"},"geometry":{"type":"Point","coordinates":[126.8113026,37.6317819]}},{"type":"Feature","properties":{"kind":"exit","ref":"4"},"geometry":{"type":"Point","coordinates":[126.8111995,37.6314707]}},{"type":"Feature","properties":{"kind":"exit","ref":"3"},"geometry":{"type":"Point","coordinates":[126.8107157,37.6315383]}},{"type":"Feature","properties":{"kind":"exit","ref":"2"},"geometry":{"type":"Point","coordinates":[126.8106507,37.631255]}},{"type":"Feature","properties":{"kind":"exit","ref":"1"},"geometry":{"type":"Point","coordinates":[126.8111385,37.6311906]}},{"type":"Feature","properties":{"kind":"exit","ref":"4"},"geometry":{"type":"Point","coordinates":[126.8330564,37.6347531]}},{"type":"Feature","properties":{"kind":"exit","ref":"3"},"geometry":{"type":"Point","coordinates":[126.8321486,37.6348627]}},{"type":"Feature","properties":{"kind":"exit","ref":"2"},"geometry":{"type":"Point","coordinates":[126.8321856,37.6345044]}},{"type":"Feature","properties":{"kind":"exit","ref":"1"},"geometry":{"type":"Point","coordinates":[126.8330467,37.6343906]}},{"type":"Feature","properties":{"kind":"exit","ref":"1"},"geometry":{"type":"Point","coordinates":[126.843334,37.6534961]}},{"type":"Feature","properties":{"kind":"exit","ref":"2"},"geometry":{"type":"Point","coordinates":[126.8431464,37.6531818]}},{"type":"Feature","properties":{"kind":"exit","ref":"3"},"geometry":{"type":"Point","coordinates":[126.8428785,37.6527646]}},{"type":"Feature","properties":{"kind":"exit","ref":"4"},"geometry":{"type":"Point","coordinates":[126.8425968,37.6528335]}},{"type":"Feature","properties":{"kind":"exit","ref":"5"},"geometry":{"type":"Point","coordinates":[126.8428324,37.6532645]}},{"type":"Feature","properties":{"kind":"exit","ref":"6"},"geometry":{"type":"Point","coordinates":[126.8430817,37.653596]}},{"type":"Feature","properties":{"kind":"exit","ref":"5"},"geometry":{"type":"Point","coordinates":[126.8721005,37.6510863]}},{"type":"Feature","properties":{"kind":"exit","ref":"4"},"geometry":{"type":"Point","coordinates":[126.8724732,37.6506484]}},{"type":"Feature","properties":{"kind":"exit","ref":"6"},"geometry":{"type":"Point","coordinates":[126.8737622,37.6507926]}},{"type":"Feature","properties":{"kind":"exit","ref":"3"},"geometry":{"type":"Point","coordinates":[126.8732583,37.6501359]}},{"type":"Feature","properties":{"kind":"exit","ref":"2"},"geometry":{"type":"Point","coordinates":[126.8738353,37.6500978]}},{"type":"Feature","properties":{"kind":"exit","ref":"1"},"geometry":{"type":"Point","coordinates":[126.874319,37.6501372]}},{"type":"Feature","properties":{"kind":"exit","ref":"8"},"geometry":{"type":"Point","coordinates":[126.8744792,37.6504351]}},{"type":"Feature","properties":{"kind":"exit","ref":"7"},"geometry":{"type":"Point","coordinates":[126.8744095,37.6508296]}},{"type":"Feature","properties":{"kind":"exit","ref":"1"},"geometry":{"type":"Point","coordinates":[126.8965348,37.652961]}},{"type":"Feature","properties":{"kind":"exit","ref":"2"},"geometry":{"type":"Point","coordinates":[126.896169,37.6530756]}},{"type":"Feature","properties":{"kind":"exit","ref":"3"},"geometry":{"type":"Point","coordinates":[126.8952641,37.652975]}},{"type":"Feature","properties":{"kind":"exit","ref":"4"},"geometry":{"type":"Point","coordinates":[126.8947128,37.6532905]}},{"type":"Feature","properties":{"kind":"exit","ref":"5"},"geometry":{"type":"Point","coordinates":[126.894746,37.6536914]}},{"type":"Feature","properties":{"kind":"exit","ref":"7"},"geometry":{"type":"Point","coordinates":[126.895935,37.6537955]}},{"type":"Feature","properties":{"kind":"exit","ref":"8"},"geometry":{"type":"Point","coordinates":[126.8965413,37.6538325]}},{"type":"Feature","properties":{"kind":"exit","ref":"6"},"geometry":{"type":"Point","coordinates":[126.8968137,37.6534552]}},{"type":"Feature","properties":{"kind":"exit","ref":"1"},"geometry":{"type":"Point","coordinates":[126.9141092,37.6480836]}},{"type":"Feature","properties":{"kind":"exit","ref":"2"},"geometry":{"type":"Point","coordinates":[126.9138591,37.6481216]}},{"type":"Feature","properties":{"kind":"exit","ref":"2"},"geometry":{"type":"Point","coordinates":[126.9192011,37.6361959]}},{"type":"Feature","properties":{"kind":"exit","ref":"3"},"geometry":{"type":"Point","coordinates":[126.9187139,37.6361401]}},{"type":"Feature","properties":{"kind":"exit","ref":"1"},"geometry":{"type":"Point","coordinates":[126.9189358,37.6371117]}},{"type":"Feature","properties":{"kind":"exit","ref":"1"},"geometry":{"type":"Point","coordinates":[126.9355672,37.6015412]}},{"type":"Feature","properties":{"kind":"exit","ref":"5"},"geometry":{"type":"Point","coordinates":[126.9352844,37.6014272]}},{"type":"Feature","properties":{"kind":"exit","ref":"4"},"geometry":{"type":"Point","coordinates":[126.9353971,37.6010383]}},{"type":"Feature","properties":{"kind":"exit","ref":"3"},"geometry":{"type":"Point","coordinates":[126.9354122,37.600793]}},{"type":"Feature","properties":{"kind":"exit","ref":"2"},"geometry":{"type":"Point","coordinates":[126.9360944,37.6006813]}},{"type":"Feature","properties":{"kind":"exit","ref":"1"},"geometry":{"type":"Point","coordinates":[126.9436665,37.5893801]}},{"type":"Feature","properties":{"kind":"exit","ref":"4"},"geometry":{"type":"Point","coordinates":[126.9433902,37.5891915]}},{"type":"Feature","properties":{"kind":"exit","ref":"2"},"geometry":{"type":"Point","coordinates":[126.9448677,37.5883775]}},{"type":"Feature","properties":{"kind":"exit","ref":"3"},"geometry":{"type":"Point","coordinates":[126.944615,37.5882054]}},{"type":"Feature","properties":{"kind":"exit","ref":"1"},"geometry":{"type":"Point","coordinates":[126.9572962,37.5750766]}},{"type":"Feature","properties":{"kind":"exit","ref":"2"},"geometry":{"type":"Point","coordinates":[126.957637,37.5749091]}},{"type":"Feature","properties":{"kind":"exit","ref":"5"},"geometry":{"type":"Point","coordinates":[126.9570629,37.5750478]}},{"type":"Feature","properties":{"kind":"exit","ref":"3"},"geometry":{"type":"Point","coordinates":[126.9589176,37.5737923]}},{"type":"Feature","properties":{"kind":"exit","ref":"4"},"geometry":{"type":"Point","coordinates":[126.958684,37.5736237]}},{"type":"Feature","properties":{"kind":"exit","ref":"1"},"geometry":{"type":"Point","coordinates":[126.9721974,37.5762007]}},{"type":"Feature","properties":{"kind":"exit","ref":"3"},"geometry":{"type":"Point","coordinates":[126.9726844,37.5762348]}},{"type":"Feature","properties":{"kind":"exit","ref":"6"},"geometry":{"type":"Point","coordinates":[126.9731597,37.5756332]}},{"type":"Feature","properties":{"kind":"exit","ref":"5"},"geometry":{"type":"Point","coordinates":[126.975494,37.576276]}},{"type":"Feature","properties":{"kind":"exit","ref":"1"},"geometry":{"type":"Point","coordinates":[126.9843716,37.5761305]}},{"type":"Feature","properties":{"kind":"exit","ref":"6"},"geometry":{"type":"Point","coordinates":[126.9842002,37.5758642]}},{"type":"Feature","properties":{"kind":"exit","ref":"2"},"geometry":{"type":"Point","coordinates":[126.9861265,37.5771066]}},{"type":"Feature","properties":{"kind":"exit","ref":"3"},"geometry":{"type":"Point","coordinates":[126.9863855,37.5770144]}},{"type":"Feature","properties":{"kind":"exit","ref":"4"},"geometry":{"type":"Point","coordinates":[126.9863872,37.5766146]}},{"type":"Feature","properties":{"kind":"exit","ref":"5"},"geometry":{"type":"Point","coordinates":[126.9860457,37.5765002]}},{"type":"Feature","properties":{"kind":"exit","ref":"3"},"geometry":{"type":"Point","coordinates":[126.9923102,37.5664388]}},{"type":"Feature","properties":{"kind":"exit","ref":"6"},"geometry":{"type":"Point","coordinates":[126.9929295,37.5664754]}},{"type":"Feature","properties":{"kind":"exit","ref":"10"},"geometry":{"type":"Point","coordinates":[126.9923379,37.5662483]}},{"type":"Feature","properties":{"kind":"exit","ref":"7"},"geometry":{"type":"Point","coordinates":[126.9929541,37.5662299]}},{"type":"Feature","properties":{"kind":"exit","ref":"5"},"geometry":{"type":"Point","coordinates":[126.9925896,37.5674137]}},{"type":"Feature","properties":{"kind":"exit","ref":"8"},"geometry":{"type":"Point","coordinates":[126.9928789,37.5651919]}},{"type":"Feature","properties":{"kind":"exit","ref":"9"},"geometry":{"type":"Point","coordinates":[126.9926355,37.5651769]}},{"type":"Feature","properties":{"kind":"exit","ref":"2"},"geometry":{"type":"Point","coordinates":[126.9899643,37.5663056]}},{"type":"Feature","properties":{"kind":"exit","ref":"1"},"geometry":{"type":"Point","coordinates":[126.9894317,37.5663042]}},{"type":"Feature","properties":{"kind":"exit","ref":"11"},"geometry":{"type":"Point","coordinates":[126.9900278,37.5661463]}},{"type":"Feature","properties":{"kind":"exit","ref":"12"},"geometry":{"type":"Point","coordinates":[126.9894137,37.5660315]}},{"type":"Feature","properties":{"kind":"exit","ref":"1"},"geometry":{"type":"Point","coordinates":[126.8111261,37.5615148]}},{"type":"Feature","properties":{"kind":"exit","ref":"2"},"geometry":{"type":"Point","coordinates":[126.8116299,37.5614599]}},{"type":"Feature","properties":{"kind":"exit","ref":"4"},"geometry":{"type":"Point","coordinates":[126.8110913,37.5611638]}},{"type":"Feature","properties":{"kind":"exit","ref":"3"},"geometry":{"type":"Point","coordinates":[126.8115548,37.5611092]}},{"type":"Feature","properties":{"kind":"exit","ref":"1"},"geometry":{"type":"Point","coordinates":[126.8062718,37.5720933]}},{"type":"Feature","properties":{"kind":"exit","ref":"2"},"geometry":{"type":"Point","coordinates":[126.8061037,37.572392]}},{"type":"Feature","properties":{"kind":"exit","ref":"1"},"geometry":{"type":"Point","coordinates":[127.0049646,37.559182]}},{"type":"Feature","properties":{"kind":"exit","ref":"2"},"geometry":{"type":"Point","coordinates":[127.0053028,37.5592931]}},{"type":"Feature","properties":{"kind":"exit","ref":"3"},"geometry":{"type":"Point","coordinates":[127.0063018,37.5592712]}},{"type":"Feature","properties":{"kind":"exit","ref":"4"},"geometry":{"type":"Point","coordinates":[127.0066557,37.5590692]}},{"type":"Feature","properties":{"kind":"exit","ref":"5"},"geometry":{"type":"Point","coordinates":[127.0063848,37.558678]}},{"type":"Feature","properties":{"kind":"exit","ref":"6"},"geometry":{"type":"Point","coordinates":[127.0050189,37.5588658]}},{"type":"Feature","properties":{"kind":"exit","ref":"1"},"geometry":{"type":"Point","coordinates":[126.8130675,37.5772412]}},{"type":"Feature","properties":{"kind":"exit","ref":"2"},"geometry":{"type":"Point","coordinates":[126.8127752,37.5771285]}},{"type":"Feature","properties":{"kind":"exit","ref":"3"},"geometry":{"type":"Point","coordinates":[126.8125284,37.5771498]}},{"type":"Feature","properties":{"kind":"exit","ref":"4"},"geometry":{"type":"Point","coordinates":[126.8122806,37.5774435]}},{"type":"Feature","properties":{"kind":"exit","ref":"5"},"geometry":{"type":"Point","coordinates":[127.0170807,37.5415733]}},{"type":"Feature","properties":{"kind":"exit","ref":"6"},"geometry":{"type":"Point","coordinates":[127.0169598,37.5417667]}},{"type":"Feature","properties":{"kind":"exit","ref":"1"},"geometry":{"type":"Point","coordinates":[127.0174378,37.5420857]}},{"type":"Feature","properties":{"kind":"exit","ref":"2"},"geometry":{"type":"Point","coordinates":[127.0175032,37.5418932]}},{"type":"Feature","properties":{"kind":"exit","ref":"7"},"geometry":{"type":"Point","coordinates":[127.0170455,37.5424208]}},{"type":"Feature","properties":{"kind":"exit","ref":"4"},"geometry":{"type":"Point","coordinates":[127.0174191,37.5414581]}},{"type":"Feature","properties":{"kind":"exit","ref":"3"},"geometry":{"type":"Point","coordinates":[127.0175896,37.5412063]}},{"type":"Feature","properties":{"kind":"exit","ref":"1"},"geometry":{"type":"Point","coordinates":[127.0288623,37.5275843]}},{"type":"Feature","properties":{"kind":"exit","ref":"2"},"geometry":{"type":"Point","coordinates":[127.028714,37.5269957]}},{"type":"Feature","properties":{"kind":"exit","ref":"6"},"geometry":{"type":"Point","coordinates":[127.027692,37.5270021]}},{"type":"Feature","properties":{"kind":"exit","ref":"5"},"geometry":{"type":"Point","coordinates":[127.0279361,37.5267809]}},{"type":"Feature","properties":{"kind":"exit","ref":"4"},"geometry":{"type":"Point","coordinates":[126.8534529,37.5193191]}},{"type":"Feature","properties":{"kind":"exit","ref":"1"},"geometry":{"type":"Point","coordinates":[126.8531632,37.5192489]}},{"type":"Feature","properties":{"kind":"exit","ref":"2"},"geometry":{"type":"Point","coordinates":[126.8524301,37.5209439]}},{"type":"Feature","properties":{"kind":"exit","ref":"3"},"geometry":{"type":"Point","coordinates":[126.8526591,37.5209856]}},{"type":"Feature","properties":{"kind":"exit","ref":"3"},"geometry":{"type":"Point","coordinates":[127.0288586,37.5258815]}},{"type":"Feature","properties":{"kind":"exit","ref":"4"},"geometry":{"type":"Point","coordinates":[127.0282503,37.5255692]}},{"type":"Feature","properties":{"kind":"exit","ref":"7"},"geometry":{"type":"Point","coordinates":[127.0199037,37.5165555]}},{"type":"Feature","properties":{"kind":"exit","ref":"6"},"geometry":{"type":"Point","coordinates":[127.0197115,37.516625]}},{"type":"Feature","properties":{"kind":"exit","ref":"5"},"geometry":{"type":"Point","coordinates":[127.019142,37.5164911]}},{"type":"Feature","properties":{"kind":"exit","ref":"4"},"geometry":{"type":"Point","coordinates":[127.0193598,37.5156809]}},{"type":"Feature","properties":{"kind":"exit","ref":"2"},"geometry":{"type":"Point","coordinates":[127.0201038,37.5161213]}},{"type":"Feature","properties":{"kind":"exit","ref":"3"},"geometry":{"type":"Point","coordinates":[127.0198701,37.5157767]}},{"type":"Feature","properties":{"kind":"exit","ref":"8"},"geometry":{"type":"Point","coordinates":[127.0206998,37.5167918]}},{"type":"Feature","properties":{"kind":"exit","ref":"1"},"geometry":{"type":"Point","coordinates":[127.0209871,37.5163574]}},{"type":"Feature","properties":{"kind":"exit","ref":"1"},"geometry":{"type":"Point","coordinates":[127.011622,37.5128381]}},{"type":"Feature","properties":{"kind":"exit","ref":"4"},"geometry":{"type":"Point","coordinates":[127.0114866,37.5130487]}},{"type":"Feature","properties":{"kind":"exit","ref":"3"},"geometry":{"type":"Point","coordinates":[127.0109944,37.5128072]}},{"type":"Feature","properties":{"kind":"exit","ref":"2"},"geometry":{"type":"Point","coordinates":[127.0111124,37.5125839]}},{"type":"Feature","properties":{"kind":"exit","ref":"11"},"geometry":{"type":"Point","coordinates":[127.0133366,37.4938005]}},{"type":"Feature","properties":{"kind":"exit","ref":"10"},"geometry":{"type":"Point","coordinates":[127.0130039,37.4935969]}},{"type":"Feature","properties":{"kind":"exit","ref":"9"},"geometry":{"type":"Point","coordinates":[127.0131402,37.4933063]}},{"type":"Feature","properties":{"kind":"exit","ref":"8"},"geometry":{"type":"Point","coordinates":[127.0135207,37.4932235]}},{"type":"Feature","properties":{"kind":"exit","ref":"12"},"geometry":{"type":"Point","coordinates":[127.013933,37.4933484]}},{"type":"Feature","properties":{"kind":"exit","ref":"5"},"geometry":{"type":"Point","coordinates":[127.0143559,37.493705]}},{"type":"Feature","properties":{"kind":"exit","ref":"6"},"geometry":{"type":"Point","coordinates":[127.0137502,37.4941359]}},{"type":"Feature","properties":{"kind":"exit","ref":"7"},"geometry":{"type":"Point","coordinates":[127.0143131,37.4940022]}},{"type":"Feature","properties":{"kind":"exit","ref":"3"},"geometry":{"type":"Point","coordinates":[127.0149983,37.4942175]}},{"type":"Feature","properties":{"kind":"exit","ref":"4"},"geometry":{"type":"Point","coordinates":[127.0154283,37.4943523]}},{"type":"Feature","properties":{"kind":"exit","ref":"2"},"geometry":{"type":"Point","coordinates":[127.0151115,37.4939521]}},{"type":"Feature","properties":{"kind":"exit","ref":"13"},"geometry":{"type":"Point","coordinates":[127.0141177,37.4920772]}},{"type":"Feature","properties":{"kind":"exit","ref":"14"},"geometry":{"type":"Point","coordinates":[127.0138204,37.4920716]}},{"type":"Feature","properties":{"kind":"exit","ref":"1"},"geometry":{"type":"Point","coordinates":[127.0162658,37.4852469]}},{"type":"Feature","properties":{"kind":"exit","ref":"2"},"geometry":{"type":"Point","coordinates":[127.0165216,37.4851454]}},{"type":"Feature","properties":{"kind":"exit","ref":"3"},"geometry":{"type":"Point","coordinates":[127.0166067,37.4849864]}},{"type":"Feature","properties":{"kind":"exit","ref":"4"},"geometry":{"type":"Point","coordinates":[127.0165138,37.4848321]}},{"type":"Feature","properties":{"kind":"exit","ref":"4-1"},"geometry":{"type":"Point","coordinates":[127.017599,37.4831486]}},{"type":"Feature","properties":{"kind":"exit","ref":"4-2"},"geometry":{"type":"Point","coordinates":[127.0171655,37.4833646]}},{"type":"Feature","properties":{"kind":"exit","ref":"6"},"geometry":{"type":"Point","coordinates":[127.0158808,37.4850045]}},{"type":"Feature","properties":{"kind":"exit","ref":"7"},"geometry":{"type":"Point","coordinates":[127.0349356,37.4839027]}},{"type":"Feature","properties":{"kind":"exit","ref":"10"},"geometry":{"type":"Point","coordinates":[127.0344515,37.4836943]}},{"type":"Feature","properties":{"kind":"exit","ref":"8"},"geometry":{"type":"Point","coordinates":[127.0360571,37.4828018]}},{"type":"Feature","properties":{"kind":"exit","ref":"9"},"geometry":{"type":"Point","coordinates":[127.0355219,37.4826469]}},{"type":"Feature","properties":{"kind":"exit","ref":"2"},"geometry":{"type":"Point","coordinates":[126.8656459,37.5124799]}},{"type":"Feature","properties":{"kind":"exit","ref":"2"},"geometry":{"type":"Point","coordinates":[126.8828095,37.5144959]}},{"type":"Feature","properties":{"kind":"exit","ref":"1"},"geometry":{"type":"Point","coordinates":[126.8828947,37.5143348]}},{"type":"Feature","properties":{"kind":"exit","ref":"1"},"geometry":{"type":"Point","coordinates":[126.8907132,37.509338]}},{"type":"Feature","properties":{"kind":"exit","ref":"3"},"geometry":{"type":"Point","coordinates":[126.891483,37.5078946]}},{"type":"Feature","properties":{"kind":"exit","ref":"2"},"geometry":{"type":"Point","coordinates":[126.8917637,37.5078981]}},{"type":"Feature","properties":{"kind":"exit","ref":"4"},"geometry":{"type":"Point","coordinates":[126.9129516,37.487481]}},{"type":"Feature","properties":{"kind":"exit","ref":"1"},"geometry":{"type":"Point","coordinates":[126.9131856,37.4872976]}},{"type":"Feature","properties":{"kind":"exit","ref":"2"},"geometry":{"type":"Point","coordinates":[126.9130356,37.4872077]}},{"type":"Feature","properties":{"kind":"exit","ref":"3"},"geometry":{"type":"Point","coordinates":[126.9128066,37.4873996]}},{"type":"Feature","properties":{"kind":"exit","ref":"1"},"geometry":{"type":"Point","coordinates":[126.9021189,37.4849797]}},{"type":"Feature","properties":{"kind":"exit","ref":"6"},"geometry":{"type":"Point","coordinates":[126.902717,37.4849884]}},{"type":"Feature","properties":{"kind":"exit","ref":"8"},"geometry":{"type":"Point","coordinates":[126.9300775,37.4844132]}},{"type":"Feature","properties":{"kind":"exit","ref":"7"},"geometry":{"type":"Point","coordinates":[126.9297966,37.4847031]}},{"type":"Feature","properties":{"kind":"exit","ref":"6"},"geometry":{"type":"Point","coordinates":[126.9294763,37.4844857]}},{"type":"Feature","properties":{"kind":"exit","ref":"5"},"geometry":{"type":"Point","coordinates":[126.9292003,37.4843035]}},{"type":"Feature","properties":{"kind":"exit","ref":"4"},"geometry":{"type":"Point","coordinates":[126.9292359,37.4839982]}},{"type":"Feature","properties":{"kind":"exit","ref":"3"},"geometry":{"type":"Point","coordinates":[126.929588,37.483866]}},{"type":"Feature","properties":{"kind":"exit","ref":"1"},"geometry":{"type":"Point","coordinates":[126.9301508,37.4841754]}},{"type":"Feature","properties":{"kind":"exit","ref":"2"},"geometry":{"type":"Point","coordinates":[126.9298356,37.4839388]}},{"type":"Feature","properties":{"kind":"exit","ref":"6"},"geometry":{"type":"Point","coordinates":[126.942708,37.4824195]}},{"type":"Feature","properties":{"kind":"exit","ref":"5"},"geometry":{"type":"Point","coordinates":[126.9422857,37.4824766]}},{"type":"Feature","properties":{"kind":"exit","ref":"2"},"geometry":{"type":"Point","coordinates":[126.9421941,37.4822014]}},{"type":"Feature","properties":{"kind":"exit","ref":"1"},"geometry":{"type":"Point","coordinates":[126.9426351,37.482128]}},{"type":"Feature","properties":{"kind":"exit","ref":"3"},"geometry":{"type":"Point","coordinates":[126.9407029,37.4825969]}},{"type":"Feature","properties":{"kind":"exit","ref":"6"},"geometry":{"type":"Point","coordinates":[126.9526915,37.4816395]}},{"type":"Feature","properties":{"kind":"exit","ref":"5"},"geometry":{"type":"Point","coordinates":[126.9524038,37.4814975]}},{"type":"Feature","properties":{"kind":"exit","ref":"7"},"geometry":{"type":"Point","coordinates":[126.953099,37.4815655]}},{"type":"Feature","properties":{"kind":"exit","ref":"8"},"geometry":{"type":"Point","coordinates":[126.9532284,37.4813029]}},{"type":"Feature","properties":{"kind":"exit","ref":"4"},"geometry":{"type":"Point","coordinates":[126.9521531,37.4811803]}},{"type":"Feature","properties":{"kind":"exit","ref":"3"},"geometry":{"type":"Point","coordinates":[126.9524369,37.4808437]}},{"type":"Feature","properties":{"kind":"exit","ref":"2"},"geometry":{"type":"Point","coordinates":[126.9528219,37.4807999]}},{"type":"Feature","properties":{"kind":"exit","ref":"1"},"geometry":{"type":"Point","coordinates":[126.9531277,37.4809488]}},{"type":"Feature","properties":{"kind":"exit","ref":"7"},"geometry":{"type":"Point","coordinates":[126.964059,37.4770098]}},{"type":"Feature","properties":{"kind":"exit","ref":"8"},"geometry":{"type":"Point","coordinates":[126.9644371,37.4768872]}},{"type":"Feature","properties":{"kind":"exit","ref":"2"},"geometry":{"type":"Point","coordinates":[126.9639544,37.4767193]}},{"type":"Feature","properties":{"kind":"exit","ref":"1"},"geometry":{"type":"Point","coordinates":[126.9643299,37.4766022]}},{"type":"Feature","properties":{"kind":"exit","ref":"6"},"geometry":{"type":"Point","coordinates":[126.9633804,37.4772621]}},{"type":"Feature","properties":{"kind":"exit","ref":"5"},"geometry":{"type":"Point","coordinates":[126.9629352,37.4774494]}},{"type":"Feature","properties":{"kind":"exit","ref":"4"},"geometry":{"type":"Point","coordinates":[126.9627796,37.4771599]}},{"type":"Feature","properties":{"kind":"exit","ref":"3"},"geometry":{"type":"Point","coordinates":[126.9632141,37.4769875]}},{"type":"Feature","properties":{"kind":"exit","ref":"8"},"geometry":{"type":"Point","coordinates":[127.0080381,37.4921137]}},{"type":"Feature","properties":{"kind":"exit","ref":"7"},"geometry":{"type":"Point","coordinates":[127.0076753,37.4922878]}},{"type":"Feature","properties":{"kind":"exit","ref":"6"},"geometry":{"type":"Point","coordinates":[127.0072559,37.4919761]}},{"type":"Feature","properties":{"kind":"exit","ref":"5"},"geometry":{"type":"Point","coordinates":[127.0071373,37.4918006]}},{"type":"Feature","properties":{"kind":"exit","ref":"4"},"geometry":{"type":"Point","coordinates":[127.0073727,37.4915282]}},{"type":"Feature","properties":{"kind":"exit","ref":"3"},"geometry":{"type":"Point","coordinates":[127.0076275,37.4914159]}},{"type":"Feature","properties":{"kind":"exit","ref":"2"},"geometry":{"type":"Point","coordinates":[127.0080965,37.4915647]}},{"type":"Feature","properties":{"kind":"exit","ref":"1"},"geometry":{"type":"Point","coordinates":[127.008215,37.4917416]}},{"type":"Feature","properties":{"kind":"exit","ref":"2"},"geometry":{"type":"Point","coordinates":[127.0463368,37.4869951]}},{"type":"Feature","properties":{"kind":"exit","ref":"1"},"geometry":{"type":"Point","coordinates":[127.0458254,37.4867533]}},{"type":"Feature","properties":{"kind":"exit","ref":"4"},"geometry":{"type":"Point","coordinates":[127.046131,37.4864262]}},{"type":"Feature","properties":{"kind":"exit","ref":"3"},"geometry":{"type":"Point","coordinates":[127.0466253,37.4866674]}},{"type":"Feature","properties":{"kind":"exit","ref":"2"},"geometry":{"type":"Point","coordinates":[127.0624832,37.4943343]}},{"type":"Feature","properties":{"kind":"exit","ref":"1"},"geometry":{"type":"Point","coordinates":[127.0617665,37.4939974]}},{"type":"Feature","properties":{"kind":"exit","ref":"8"},"geometry":{"type":"Point","coordinates":[127.0619102,37.4936835]}},{"type":"Feature","properties":{"kind":"exit","ref":"7"},"geometry":{"type":"Point","coordinates":[127.0627418,37.494058]}},{"type":"Feature","properties":{"kind":"exit","ref":"3"},"geometry":{"type":"Point","coordinates":[127.0643378,37.4949635]}},{"type":"Feature","properties":{"kind":"exit","ref":"5"},"geometry":{"type":"Point","coordinates":[127.0650671,37.4949037]}},{"type":"Feature","properties":{"kind":"exit","ref":"8"},"geometry":{"type":"Point","coordinates":[127.0371723,37.5010509]}},{"type":"Feature","properties":{"kind":"exit","ref":"7"},"geometry":{"type":"Point","coordinates":[127.0369034,37.5011885]}},{"type":"Feature","properties":{"kind":"exit","ref":"6"},"geometry":{"type":"Point","coordinates":[127.0365349,37.5010872]}},{"type":"Feature","properties":{"kind":"exit","ref":"5"},"geometry":{"type":"Point","coordinates":[127.0362557,37.5008066]}},{"type":"Feature","properties":{"kind":"exit","ref":"1"},"geometry":{"type":"Point","coordinates":[127.0373635,37.5003321]}},{"type":"Feature","properties":{"kind":"exit","ref":"2"},"geometry":{"type":"Point","coordinates":[127.036461,37.5003293]}},{"type":"Feature","properties":{"kind":"exit","ref":"4"},"geometry":{"type":"Point","coordinates":[127.0351646,37.500494]}},{"type":"Feature","properties":{"kind":"exit","ref":"3"},"geometry":{"type":"Point","coordinates":[127.0353612,37.5001157]}},{"type":"Feature","properties":{"kind":"exit","ref":"6"},"geometry":{"type":"Point","coordinates":[127.0644336,37.4947104]}},{"type":"Feature","properties":{"kind":"exit","ref":"1"},"geometry":{"type":"Point","coordinates":[127.0795051,37.4941016]}},{"type":"Feature","properties":{"kind":"exit","ref":"2"},"geometry":{"type":"Point","coordinates":[127.0796092,37.4938828]}},{"type":"Feature","properties":{"kind":"exit","ref":"7"},"geometry":{"type":"Point","coordinates":[127.0793,37.4937304]}},{"type":"Feature","properties":{"kind":"exit","ref":"8"},"geometry":{"type":"Point","coordinates":[127.0792,37.4939405]}},{"type":"Feature","properties":{"kind":"exit","ref":"3"},"geometry":{"type":"Point","coordinates":[127.0799173,37.4935828]}},{"type":"Feature","properties":{"kind":"exit","ref":"4"},"geometry":{"type":"Point","coordinates":[127.0797974,37.4933409]}},{"type":"Feature","properties":{"kind":"exit","ref":"5"},"geometry":{"type":"Point","coordinates":[127.0795652,37.4932944]}},{"type":"Feature","properties":{"kind":"exit","ref":"6"},"geometry":{"type":"Point","coordinates":[127.0792393,37.4933834]}},{"type":"Feature","properties":{"kind":"exit","ref":"1"},"geometry":{"type":"Point","coordinates":[127.0837125,37.4843315]}},{"type":"Feature","properties":{"kind":"exit","ref":"2"},"geometry":{"type":"Point","coordinates":[127.0851246,37.4837567]}},{"type":"Feature","properties":{"kind":"exit","ref":"3"},"geometry":{"type":"Point","coordinates":[127.0849366,37.4835458]}},{"type":"Feature","properties":{"kind":"exit","ref":"7"},"geometry":{"type":"Point","coordinates":[127.0834471,37.4843724]}},{"type":"Feature","properties":{"kind":"exit","ref":"6"},"geometry":{"type":"Point","coordinates":[127.0835161,37.4840333]}},{"type":"Feature","properties":{"kind":"exit","ref":"4"},"geometry":{"type":"Point","coordinates":[127.0852329,37.4833119]}},{"type":"Feature","properties":{"kind":"exit","ref":"5"},"geometry":{"type":"Point","coordinates":[127.084816,37.4832647]}},{"type":"Feature","properties":{"kind":"exit","ref":"2"},"geometry":{"type":"Point","coordinates":[127.1014724,37.4877658]}},{"type":"Feature","properties":{"kind":"exit","ref":"3"},"geometry":{"type":"Point","coordinates":[127.102258,37.4877264]}},{"type":"Feature","properties":{"kind":"exit","ref":"5"},"geometry":{"type":"Point","coordinates":[127.1021602,37.4871641]}},{"type":"Feature","properties":{"kind":"exit","ref":"4"},"geometry":{"type":"Point","coordinates":[127.1025457,37.4870525]}},{"type":"Feature","properties":{"kind":"exit","ref":"6"},"geometry":{"type":"Point","coordinates":[127.1017846,37.4869066]}},{"type":"Feature","properties":{"kind":"exit","ref":"1"},"geometry":{"type":"Point","coordinates":[127.1007681,37.4872712]}},{"type":"Feature","properties":{"kind":"exit","ref":"1-1"},"geometry":{"type":"Point","coordinates":[127.1009596,37.4874611]}},{"type":"Feature","properties":{"kind":"exit","ref":"2"},"geometry":{"type":"Point","coordinates":[127.1242992,37.4959623]}},{"type":"Feature","properties":{"kind":"exit","ref":"1"},"geometry":{"type":"Point","coordinates":[127.1236144,37.4953621]}},{"type":"Feature","properties":{"kind":"exit","ref":"4"},"geometry":{"type":"Point","coordinates":[127.1236964,37.4951106]}},{"type":"Feature","properties":{"kind":"exit","ref":"3"},"geometry":{"type":"Point","coordinates":[127.1240936,37.4953859]}},{"type":"Feature","properties":{"kind":"exit","ref":"3"},"geometry":{"type":"Point","coordinates":[127.0284757,37.496666]}},{"type":"Feature","properties":{"kind":"exit","ref":"6"},"geometry":{"type":"Point","coordinates":[127.0280463,37.4965253]}},{"type":"Feature","properties":{"kind":"exit","ref":"4"},"geometry":{"type":"Point","coordinates":[127.029065,37.4954867]}},{"type":"Feature","properties":{"kind":"exit","ref":"5"},"geometry":{"type":"Point","coordinates":[127.0286183,37.4953577]}},{"type":"Feature","properties":{"kind":"exit","ref":"3"},"geometry":{"type":"Point","coordinates":[127.094941,37.5345199]}},{"type":"Feature","properties":{"kind":"exit","ref":"2"},"geometry":{"type":"Point","coordinates":[127.0951999,37.5346241]}},{"type":"Feature","properties":{"kind":"exit","ref":"4"},"geometry":{"type":"Point","coordinates":[127.0945843,37.5350814]}},{"type":"Feature","properties":{"kind":"exit","ref":"1"},"geometry":{"type":"Point","coordinates":[127.0948525,37.5351898]}},{"type":"Feature","properties":{"kind":"exit","ref":"5"},"geometry":{"type":"Point","coordinates":[127.0477395,37.5043817]}},{"type":"Feature","properties":{"kind":"exit","ref":"4"},"geometry":{"type":"Point","coordinates":[127.0478118,37.5038538]}},{"type":"Feature","properties":{"kind":"exit","ref":"6"},"geometry":{"type":"Point","coordinates":[127.048482,37.5045706]}},{"type":"Feature","properties":{"kind":"exit","ref":"7"},"geometry":{"type":"Point","coordinates":[127.0485637,37.5049763]}},{"type":"Feature","properties":{"kind":"exit","ref":"8"},"geometry":{"type":"Point","coordinates":[127.0488953,37.5050134]}},{"type":"Feature","properties":{"kind":"exit","ref":"9"},"geometry":{"type":"Point","coordinates":[127.0493039,37.5048207]}},{"type":"Feature","properties":{"kind":"exit","ref":"2"},"geometry":{"type":"Point","coordinates":[127.0493039,37.504039]}},{"type":"Feature","properties":{"kind":"exit","ref":"3"},"geometry":{"type":"Point","coordinates":[127.0491545,37.5040316]}},{"type":"Feature","properties":{"kind":"exit","ref":"10"},"geometry":{"type":"Point","coordinates":[127.0496775,37.5049207]}},{"type":"Feature","properties":{"kind":"exit","ref":"1"},"geometry":{"type":"Point","coordinates":[127.0499414,37.504478]}},{"type":"Feature","properties":{"kind":"exit","ref":"6"},"geometry":{"type":"Point","coordinates":[127.0624955,37.5092783]}},{"type":"Feature","properties":{"kind":"exit","ref":"5"},"geometry":{"type":"Point","coordinates":[127.0623309,37.5089162]}},{"type":"Feature","properties":{"kind":"exit","ref":"7"},"geometry":{"type":"Point","coordinates":[127.0632718,37.5095283]}},{"type":"Feature","properties":{"kind":"exit","ref":"8"},"geometry":{"type":"Point","coordinates":[127.0637423,37.509377]}},{"type":"Feature","properties":{"kind":"exit","ref":"4"},"geometry":{"type":"Point","coordinates":[127.0626157,37.5083809]}},{"type":"Feature","properties":{"kind":"exit","ref":"3"},"geometry":{"type":"Point","coordinates":[127.0631267,37.5082553]}},{"type":"Feature","properties":{"kind":"exit","ref":"1"},"geometry":{"type":"Point","coordinates":[127.064,37.5088804]}},{"type":"Feature","properties":{"kind":"exit","ref":"2"},"geometry":{"type":"Point","coordinates":[127.0637494,37.5084561]}},{"type":"Feature","properties":{"kind":"exit","ref":"6"},"geometry":{"type":"Point","coordinates":[127.0732162,37.5116219]}},{"type":"Feature","properties":{"kind":"exit","ref":"7"},"geometry":{"type":"Point","coordinates":[127.0737639,37.511712]}},{"type":"Feature","properties":{"kind":"exit","ref":"5"},"geometry":{"type":"Point","coordinates":[127.0727442,37.5112665]}},{"type":"Feature","properties":{"kind":"exit","ref":"3"},"geometry":{"type":"Point","coordinates":[127.0734201,37.5105602]}},{"type":"Feature","properties":{"kind":"exit","ref":"4"},"geometry":{"type":"Point","coordinates":[127.0727898,37.5104921]}},{"type":"Feature","properties":{"kind":"exit","ref":"8"},"geometry":{"type":"Point","coordinates":[127.0745895,37.511658]}},{"type":"Feature","properties":{"kind":"exit","ref":"2"},"geometry":{"type":"Point","coordinates":[127.0745869,37.5108134]}},{"type":"Feature","properties":{"kind":"exit","ref":"1"},"geometry":{"type":"Point","coordinates":[127.0751514,37.5109916]}},{"type":"Feature","properties":{"kind":"exit","ref":"6"},"geometry":{"type":"Point","coordinates":[127.0852192,37.5119829]}},{"type":"Feature","properties":{"kind":"exit","ref":"7"},"geometry":{"type":"Point","coordinates":[127.0859819,37.5118378]}},{"type":"Feature","properties":{"kind":"exit","ref":"2"},"geometry":{"type":"Point","coordinates":[127.0859058,37.5111729]}},{"type":"Feature","properties":{"kind":"exit","ref":"3"},"geometry":{"type":"Point","coordinates":[127.0852191,37.5114112]}},{"type":"Feature","properties":{"kind":"exit","ref":"4"},"geometry":{"type":"Point","coordinates":[127.0847444,37.5114219]}},{"type":"Feature","properties":{"kind":"exit","ref":"8"},"geometry":{"type":"Point","coordinates":[127.0876197,37.511758]}},{"type":"Feature","properties":{"kind":"exit","ref":"1"},"geometry":{"type":"Point","coordinates":[127.0876304,37.511258]}},{"type":"Feature","properties":{"kind":"exit","ref":"4"},"geometry":{"type":"Point","coordinates":[127.1035198,37.5209742]}},{"type":"Feature","properties":{"kind":"exit","ref":"1"},"geometry":{"type":"Point","coordinates":[127.1037854,37.5210742]}},{"type":"Feature","properties":{"kind":"exit","ref":"3"},"geometry":{"type":"Point","coordinates":[127.1038256,37.5204126]}},{"type":"Feature","properties":{"kind":"exit","ref":"2"},"geometry":{"type":"Point","coordinates":[127.1040938,37.5204871]}},{"type":"Feature","properties":{"kind":"exit","ref":"1"},"geometry":{"type":"Point","coordinates":[127.085092,37.5370084]}},{"type":"Feature","properties":{"kind":"exit","ref":"4"},"geometry":{"type":"Point","coordinates":[127.0851698,37.5367872]}},{"type":"Feature","properties":{"kind":"exit","ref":"2"},"geometry":{"type":"Point","coordinates":[127.0869776,37.5374593]}},{"type":"Feature","properties":{"kind":"exit","ref":"3"},"geometry":{"type":"Point","coordinates":[127.0871009,37.53727]}},{"type":"Feature","properties":{"kind":"exit","ref":"1"},"geometry":{"type":"Point","coordinates":[127.0551237,37.5450398]}},{"type":"Feature","properties":{"kind":"exit","ref":"4"},"geometry":{"type":"Point","coordinates":[127.0550065,37.5447446]}},{"type":"Feature","properties":{"kind":"exit","ref":"2"},"geometry":{"type":"Point","coordinates":[127.0570324,37.5444263]}},{"type":"Feature","properties":{"kind":"exit","ref":"3"},"geometry":{"type":"Point","coordinates":[127.0569174,37.5441528]}},{"type":"Feature","properties":{"kind":"exit","ref":"3"},"geometry":{"type":"Point","coordinates":[127.0482465,37.5471274]}},{"type":"Feature","properties":{"kind":"exit","ref":"6"},"geometry":{"type":"Point","coordinates":[127.0480802,37.5468233]}},{"type":"Feature","properties":{"kind":"exit","ref":"2"},"geometry":{"type":"Point","coordinates":[127.0468222,37.5475485]}},{"type":"Feature","properties":{"kind":"exit","ref":"7"},"geometry":{"type":"Point","coordinates":[127.0467364,37.5472763]}},{"type":"Feature","properties":{"kind":"exit","ref":"1"},"geometry":{"type":"Point","coordinates":[127.0291491,37.5647399]}},{"type":"Feature","properties":{"kind":"exit","ref":"6"},"geometry":{"type":"Point","coordinates":[127.0287924,37.5643679]}},{"type":"Feature","properties":{"kind":"exit","ref":"5"},"geometry":{"type":"Point","coordinates":[127.0292913,37.5642446]}},{"type":"Feature","properties":{"kind":"exit","ref":"2"},"geometry":{"type":"Point","coordinates":[127.0301764,37.5643381]}},{"type":"Feature","properties":{"kind":"exit","ref":"3"},"geometry":{"type":"Point","coordinates":[127.030383,37.5640319]}},{"type":"Feature","properties":{"kind":"exit","ref":"4"},"geometry":{"type":"Point","coordinates":[127.0388029,37.5644872]}},{"type":"Feature","properties":{"kind":"exit","ref":"1"},"geometry":{"type":"Point","coordinates":[126.9821369,37.5662726]}},{"type":"Feature","properties":{"kind":"exit","ref":"2"},"geometry":{"type":"Point","coordinates":[126.9823094,37.5664058]}},{"type":"Feature","properties":{"kind":"exit","ref":"3"},"geometry":{"type":"Point","coordinates":[126.9830135,37.5665185]}},{"type":"Feature","properties":{"kind":"exit","ref":"4"},"geometry":{"type":"Point","coordinates":[126.9832159,37.566373]}},{"type":"Feature","properties":{"kind":"exit","ref":"5"},"geometry":{"type":"Point","coordinates":[126.9831794,37.5657611]}},{"type":"Feature","properties":{"kind":"exit","ref":"6"},"geometry":{"type":"Point","coordinates":[126.982964,37.5656188]}},{"type":"Feature","properties":{"kind":"exit","ref":"8"},"geometry":{"type":"Point","coordinates":[126.9819397,37.5658185]}},{"type":"Feature","properties":{"kind":"exit","ref":"7"},"geometry":{"type":"Point","coordinates":[126.9823518,37.5654717]}},{"type":"Feature","properties":{"kind":"exit","ref":"5"},"geometry":{"type":"Point","coordinates":[126.9774322,37.5661121]}},{"type":"Feature","properties":{"kind":"exit","ref":"4"},"geometry":{"type":"Point","coordinates":[126.9773672,37.5668639]}},{"type":"Feature","properties":{"kind":"exit","ref":"3"},"geometry":{"type":"Point","coordinates":[126.9768675,37.5659896]}},{"type":"Feature","properties":{"kind":"exit","ref":"2"},"geometry":{"type":"Point","coordinates":[126.9768633,37.5657675]}},{"type":"Feature","properties":{"kind":"exit","ref":"6"},"geometry":{"type":"Point","coordinates":[126.9776959,37.5648345]}},{"type":"Feature","properties":{"kind":"exit","ref":"7"},"geometry":{"type":"Point","coordinates":[126.977343,37.5642854]}},{"type":"Feature","properties":{"kind":"exit","ref":"1"},"geometry":{"type":"Point","coordinates":[126.9767249,37.564607]}},{"type":"Feature","properties":{"kind":"exit","ref":"12"},"geometry":{"type":"Point","coordinates":[126.9763923,37.5642244]}},{"type":"Feature","properties":{"kind":"exit","ref":"11"},"geometry":{"type":"Point","coordinates":[126.9756186,37.5638321]}},{"type":"Feature","properties":{"kind":"exit","ref":"8"},"geometry":{"type":"Point","coordinates":[126.9764756,37.5637124]}},{"type":"Feature","properties":{"kind":"exit","ref":"10"},"geometry":{"type":"Point","coordinates":[126.9739922,37.5633133]}},{"type":"Feature","properties":{"kind":"exit","ref":"9"},"geometry":{"type":"Point","coordinates":[126.9740532,37.5628918]}},{"type":"Feature","properties":{"kind":"exit","ref":"1"},"geometry":{"type":"Point","coordinates":[126.9559431,37.5575921]}},{"type":"Feature","properties":{"kind":"exit","ref":"2"},"geometry":{"type":"Point","coordinates":[126.9564527,37.5575809]}},{"type":"Feature","properties":{"kind":"exit","ref":"4"},"geometry":{"type":"Point","coordinates":[126.9559031,37.5572306]}},{"type":"Feature","properties":{"kind":"exit","ref":"3"},"geometry":{"type":"Point","coordinates":[126.9561365,37.5569751]}},{"type":"Feature","properties":{"kind":"exit","ref":"1"},"geometry":{"type":"Point","coordinates":[126.9456142,37.5568458]}},{"type":"Feature","properties":{"kind":"exit","ref":"2"},"geometry":{"type":"Point","coordinates":[126.9458014,37.5570112]}},{"type":"Feature","properties":{"kind":"exit","ref":"3"},"geometry":{"type":"Point","coordinates":[126.9459597,37.5570497]}},{"type":"Feature","properties":{"kind":"exit","ref":"4"},"geometry":{"type":"Point","coordinates":[126.9461923,37.5568719]}},{"type":"Feature","properties":{"kind":"exit","ref":"6"},"geometry":{"type":"Point","coordinates":[126.9454723,37.5566467]}},{"type":"Feature","properties":{"kind":"exit","ref":"5"},"geometry":{"type":"Point","coordinates":[126.9459536,37.5563625]}},{"type":"Feature","properties":{"kind":"exit","ref":"1"},"geometry":{"type":"Point","coordinates":[126.9364458,37.5554764]}},{"type":"Feature","properties":{"kind":"exit","ref":"2"},"geometry":{"type":"Point","coordinates":[126.9367481,37.5555877]}},{"type":"Feature","properties":{"kind":"exit","ref":"3"},"geometry":{"type":"Point","coordinates":[126.9370061,37.5555878]}},{"type":"Feature","properties":{"kind":"exit","ref":"4"},"geometry":{"type":"Point","coordinates":[126.9372855,37.5554545]}},{"type":"Feature","properties":{"kind":"exit","ref":"6"},"geometry":{"type":"Point","coordinates":[126.9373677,37.5548571]}},{"type":"Feature","properties":{"kind":"exit","ref":"5"},"geometry":{"type":"Point","coordinates":[126.9376773,37.5551724]}},{"type":"Feature","properties":{"kind":"exit","ref":"8"},"geometry":{"type":"Point","coordinates":[126.9360506,37.5552463]}},{"type":"Feature","properties":{"kind":"exit","ref":"3"},"geometry":{"type":"Point","coordinates":[126.9253023,37.5585121]}},{"type":"Feature","properties":{"kind":"exit","ref":"4"},"geometry":{"type":"Point","coordinates":[126.9259593,37.5580814]}},{"type":"Feature","properties":{"kind":"exit","ref":"5"},"geometry":{"type":"Point","coordinates":[126.926989,37.5576965]}},{"type":"Feature","properties":{"kind":"exit","ref":"7"},"geometry":{"type":"Point","coordinates":[126.9273771,37.5569743]}},{"type":"Feature","properties":{"kind":"exit","ref":"6"},"geometry":{"type":"Point","coordinates":[126.9287032,37.5566222]}},{"type":"Feature","properties":{"kind":"exit","ref":"2"},"geometry":{"type":"Point","coordinates":[126.9238879,37.5571558]}},{"type":"Feature","properties":{"kind":"exit","ref":"8"},"geometry":{"type":"Point","coordinates":[126.9241233,37.5568887]}},{"type":"Feature","properties":{"kind":"exit","ref":"9"},"geometry":{"type":"Point","coordinates":[126.9229218,37.5560397]}},{"type":"Feature","properties":{"kind":"exit","ref":"1"},"geometry":{"type":"Point","coordinates":[126.9226779,37.5562768]}},{"type":"Feature","properties":{"kind":"exit","ref":"1"},"geometry":{"type":"Point","coordinates":[127.0473622,37.5698557]}},{"type":"Feature","properties":{"kind":"exit","ref":"12"},"geometry":{"type":"Point","coordinates":[127.0230188,37.5760269]}},{"type":"Feature","properties":{"kind":"exit","ref":"1"},"geometry":{"type":"Point","coordinates":[127.0377645,37.5742203]}},{"type":"Feature","properties":{"kind":"exit","ref":"2"},"geometry":{"type":"Point","coordinates":[127.0379525,37.5744938]}},{"type":"Feature","properties":{"kind":"exit","ref":"3"},"geometry":{"type":"Point","coordinates":[127.0386457,37.5741544]}},{"type":"Feature","properties":{"kind":"exit","ref":"4"},"geometry":{"type":"Point","coordinates":[127.0382852,37.5736318]}},{"type":"Feature","properties":{"kind":"exit","ref":"5"},"geometry":{"type":"Point","coordinates":[127.037746,37.5738882]}},{"type":"Feature","properties":{"kind":"exit","ref":"1"},"geometry":{"type":"Point","coordinates":[127.0514166,37.5624493]}},{"type":"Feature","properties":{"kind":"exit","ref":"2"},"geometry":{"type":"Point","coordinates":[127.0504369,37.5625858]}},{"type":"Feature","properties":{"kind":"exit","ref":"1"},"geometry":{"type":"Point","coordinates":[126.7926263,37.815391]}},{"type":"Feature","properties":{"kind":"exit","ref":"1"},"geometry":{"type":"Point","coordinates":[126.7873972,37.8544927]}},{"type":"Feature","properties":{"kind":"exit","ref":"1"},"geometry":{"type":"Point","coordinates":[126.792164,37.7962734]}},{"type":"Feature","properties":{"kind":"exit","ref":"1"},"geometry":{"type":"Point","coordinates":[126.773955,37.7657666]}},{"type":"Feature","properties":{"kind":"exit","ref":"1"},"geometry":{"type":"Point","coordinates":[126.7655118,37.7517501]}},{"type":"Feature","properties":{"kind":"exit","ref":"2"},"geometry":{"type":"Point","coordinates":[126.7675681,37.7251995]}},{"type":"Feature","properties":{"kind":"exit","ref":"1"},"geometry":{"type":"Point","coordinates":[126.7692151,37.6818014]}},{"type":"Feature","properties":{"kind":"exit","ref":"1"},"geometry":{"type":"Point","coordinates":[126.7607902,37.6939369]}},{"type":"Feature","properties":{"kind":"exit","ref":"2"},"geometry":{"type":"Point","coordinates":[126.7614051,37.6939704]}},{"type":"Feature","properties":{"kind":"exit","ref":"2"},"geometry":{"type":"Point","coordinates":[126.7866329,37.6726502]}},{"type":"Feature","properties":{"kind":"exit","ref":"1"},"geometry":{"type":"Point","coordinates":[126.7858717,37.6722085]}},{"type":"Feature","properties":{"kind":"exit","ref":"2"},"geometry":{"type":"Point","coordinates":[126.7946685,37.6584346]}},{"type":"Feature","properties":{"kind":"exit","ref":"1"},"geometry":{"type":"Point","coordinates":[126.7940413,37.6581193]}},{"type":"Feature","properties":{"kind":"exit","ref":"2"},"geometry":{"type":"Point","coordinates":[126.802148,37.6458366]}},{"type":"Feature","properties":{"kind":"exit","ref":"1"},"geometry":{"type":"Point","coordinates":[126.8344885,37.6123853]}},{"type":"Feature","properties":{"kind":"exit","ref":"1"},"geometry":{"type":"Point","coordinates":[127.0612761,37.9479839]}},{"type":"Feature","properties":{"kind":"exit","ref":"2"},"geometry":{"type":"Point","coordinates":[127.054161,37.9275595]}},{"type":"Feature","properties":{"kind":"exit","ref":"1"},"geometry":{"type":"Point","coordinates":[127.0553472,37.9276516]}},{"type":"Feature","properties":{"kind":"exit","ref":"2"},"geometry":{"type":"Point","coordinates":[127.057436,37.9140383]}},{"type":"Feature","properties":{"kind":"exit","ref":"1"},"geometry":{"type":"Point","coordinates":[127.0570965,37.9140367]}},{"type":"Feature","properties":{"kind":"exit","ref":"1"},"geometry":{"type":"Point","coordinates":[127.056168,37.9018081]}},{"type":"Feature","properties":{"kind":"exit","ref":"2"},"geometry":{"type":"Point","coordinates":[127.0563948,37.90255]}},{"type":"Feature","properties":{"kind":"exit","ref":"3"},"geometry":{"type":"Point","coordinates":[127.0567072,37.901815]}},{"type":"Feature","properties":{"kind":"exit","ref":"4"},"geometry":{"type":"Point","coordinates":[127.0562941,37.9011759]}},{"type":"Feature","properties":{"kind":"exit","ref":"1"},"geometry":{"type":"Point","coordinates":[127.0618356,37.8435406]}},{"type":"Feature","properties":{"kind":"exit","ref":"1"},"geometry":{"type":"Point","coordinates":[127.0564385,37.818642]}},{"type":"Feature","properties":{"kind":"exit","ref":"1"},"geometry":{"type":"Point","coordinates":[127.0445339,37.7744706]}},{"type":"Feature","properties":{"kind":"exit","ref":"2"},"geometry":{"type":"Point","coordinates":[127.0449738,37.7745149]}},{"type":"Feature","properties":{"kind":"exit","ref":"1"},"geometry":{"type":"Point","coordinates":[127.0420448,37.7594087]}},{"type":"Feature","properties":{"kind":"exit","ref":"2"},"geometry":{"type":"Point","coordinates":[127.0424725,37.7594478]}},{"type":"Feature","properties":{"kind":"exit","ref":"3"},"geometry":{"type":"Point","coordinates":[127.0446859,37.7480624]}},{"type":"Feature","properties":{"kind":"exit","ref":"1"},"geometry":{"type":"Point","coordinates":[127.0441651,37.7482682]}},{"type":"Feature","properties":{"kind":"exit","ref":"2"},"geometry":{"type":"Point","coordinates":[127.044569,37.7483776]}},{"type":"Feature","properties":{"kind":"exit","ref":"1"},"geometry":{"type":"Point","coordinates":[127.0455745,37.7363026]}},{"type":"Feature","properties":{"kind":"exit","ref":"3"},"geometry":{"type":"Point","coordinates":[127.0451902,37.738623]}},{"type":"Feature","properties":{"kind":"exit","ref":"2"},"geometry":{"type":"Point","coordinates":[127.0449639,37.7382486]}},{"type":"Feature","properties":{"kind":"exit","ref":"5"},"geometry":{"type":"Point","coordinates":[127.046529,37.738773]}},{"type":"Feature","properties":{"kind":"exit","ref":"4"},"geometry":{"type":"Point","coordinates":[127.0462878,37.7391516]}},{"type":"Feature","properties":{"kind":"exit","ref":"6"},"geometry":{"type":"Point","coordinates":[127.0466335,37.7381613]}},{"type":"Feature","properties":{"kind":"exit","ref":"7"},"geometry":{"type":"Point","coordinates":[127.0469394,37.7363939]}},{"type":"Feature","properties":{"kind":"exit","ref":"1"},"geometry":{"type":"Point","coordinates":[127.0464727,37.7250849]}},{"type":"Feature","properties":{"kind":"exit","ref":"3"},"geometry":{"type":"Point","coordinates":[127.0470903,37.7243936]}},{"type":"Feature","properties":{"kind":"exit","ref":"1"},"geometry":{"type":"Point","coordinates":[127.0473379,37.7112585]}},{"type":"Feature","properties":{"kind":"exit","ref":"2"},"geometry":{"type":"Point","coordinates":[127.0470919,37.7112022]}},{"type":"Feature","properties":{"kind":"exit","ref":"3"},"geometry":{"type":"Point","coordinates":[127.0475298,37.709036]}},{"type":"Feature","properties":{"kind":"exit","ref":"1"},"geometry":{"type":"Point","coordinates":[127.0455748,37.6800421]}},{"type":"Feature","properties":{"kind":"exit","ref":"2"},"geometry":{"type":"Point","coordinates":[127.0451689,37.677701]}},{"type":"Feature","properties":{"kind":"exit","ref":"3"},"geometry":{"type":"Point","coordinates":[127.0453599,37.6776864]}},{"type":"Feature","properties":{"kind":"exit","ref":"1"},"geometry":{"type":"Point","coordinates":[127.0441148,37.6685499]}},{"type":"Feature","properties":{"kind":"exit","ref":"2"},"geometry":{"type":"Point","coordinates":[127.0443109,37.668561]}},{"type":"Feature","properties":{"kind":"exit","ref":"3"},"geometry":{"type":"Point","coordinates":[127.0445234,37.6662543]}},{"type":"Feature","properties":{"kind":"exit","ref":"1"},"geometry":{"type":"Point","coordinates":[127.0506178,37.6458763]}},{"type":"Feature","properties":{"kind":"exit","ref":"2"},"geometry":{"type":"Point","coordinates":[127.0509288,37.6459735]}},{"type":"Feature","properties":{"kind":"exit","ref":"3"},"geometry":{"type":"Point","coordinates":[127.0520043,37.6433684]}},{"type":"Feature","properties":{"kind":"exit","ref":"4"},"geometry":{"type":"Point","coordinates":[127.0518502,37.643344]}},{"type":"Feature","properties":{"kind":"exit","ref":"1"},"geometry":{"type":"Point","coordinates":[127.0590799,37.6340331]}},{"type":"Feature","properties":{"kind":"exit","ref":"3"},"geometry":{"type":"Point","coordinates":[127.0587542,37.6317091]}},{"type":"Feature","properties":{"kind":"exit","ref":"2"},"geometry":{"type":"Point","coordinates":[127.0613623,37.6235736]}},{"type":"Feature","properties":{"kind":"exit","ref":"1"},"geometry":{"type":"Point","coordinates":[127.0615057,37.6233266]}},{"type":"Feature","properties":{"kind":"exit","ref":"3"},"geometry":{"type":"Point","coordinates":[127.0619723,37.6229609]}},{"type":"Feature","properties":{"kind":"exit","ref":"1"},"geometry":{"type":"Point","coordinates":[127.0675607,37.6027674]}},{"type":"Feature","properties":{"kind":"exit","ref":"2"},"geometry":{"type":"Point","coordinates":[127.0677655,37.6027255]}},{"type":"Feature","properties":{"kind":"exit","ref":"3"},"geometry":{"type":"Point","coordinates":[127.0685473,37.6026537]}},{"type":"Feature","properties":{"kind":"exit","ref":"5"},"geometry":{"type":"Point","coordinates":[127.0670213,37.6007015]}},{"type":"Feature","properties":{"kind":"exit","ref":"4"},"geometry":{"type":"Point","coordinates":[127.0666819,37.6007891]}},{"type":"Feature","properties":{"kind":"exit","ref":"1"},"geometry":{"type":"Point","coordinates":[127.0628955,37.5954655]}},{"type":"Feature","properties":{"kind":"exit","ref":"2"},"geometry":{"type":"Point","coordinates":[127.0632749,37.5954368]}},{"type":"Feature","properties":{"kind":"exit","ref":"1"},"geometry":{"type":"Point","coordinates":[127.057615,37.5899282]}},{"type":"Feature","properties":{"kind":"exit","ref":"2"},"geometry":{"type":"Point","coordinates":[127.0584393,37.5897486]}},{"type":"Feature","properties":{"kind":"exit","ref":"2"},"geometry":{"type":"Point","coordinates":[127.0455927,37.5807099]}},{"type":"Feature","properties":{"kind":"exit","ref":"3"},"geometry":{"type":"Point","coordinates":[127.0459463,37.5808564]}},{"type":"Feature","properties":{"kind":"exit","ref":"4"},"geometry":{"type":"Point","coordinates":[127.04614,37.5804058]}},{"type":"Feature","properties":{"kind":"exit","ref":"5"},"geometry":{"type":"Point","coordinates":[127.0455822,37.5798813]}},{"type":"Feature","properties":{"kind":"exit","ref":"1"},"geometry":{"type":"Point","coordinates":[127.0430114,37.5796093]}},{"type":"Feature","properties":{"kind":"exit","ref":"1"},"geometry":{"type":"Point","coordinates":[127.0334648,37.5782491]}},{"type":"Feature","properties":{"kind":"exit","ref":"6"},"geometry":{"type":"Point","coordinates":[127.0334974,37.5780058]}},{"type":"Feature","properties":{"kind":"exit","ref":"5"},"geometry":{"type":"Point","coordinates":[127.0339547,37.5780026]}},{"type":"Feature","properties":{"kind":"exit","ref":"2"},"geometry":{"type":"Point","coordinates":[127.0360566,37.5782909]}},{"type":"Feature","properties":{"kind":"exit","ref":"4"},"geometry":{"type":"Point","coordinates":[127.0353817,37.5780284]}},{"type":"Feature","properties":{"kind":"exit","ref":"3"},"geometry":{"type":"Point","coordinates":[127.0357374,37.5780332]}},{"type":"Feature","properties":{"kind":"exit","ref":"11"},"geometry":{"type":"Point","coordinates":[127.0227043,37.5757844]}},{"type":"Feature","properties":{"kind":"exit","ref":"1"},"geometry":{"type":"Point","coordinates":[127.0235085,37.5759197]}},{"type":"Feature","properties":{"kind":"exit","ref":"6"},"geometry":{"type":"Point","coordinates":[127.0237519,37.5755445]}},{"type":"Feature","properties":{"kind":"exit","ref":"5"},"geometry":{"type":"Point","coordinates":[127.0246828,37.5758937]}},{"type":"Feature","properties":{"kind":"exit","ref":"4"},"geometry":{"type":"Point","coordinates":[127.025468,37.5761085]}},{"type":"Feature","properties":{"kind":"exit","ref":"10"},"geometry":{"type":"Point","coordinates":[127.0241434,37.5749721]}},{"type":"Feature","properties":{"kind":"exit","ref":"8"},"geometry":{"type":"Point","coordinates":[127.0265742,37.5741578]}},{"type":"Feature","properties":{"kind":"exit","ref":"7"},"geometry":{"type":"Point","coordinates":[127.0262449,37.5742855]}},{"type":"Feature","properties":{"kind":"exit","ref":"9"},"geometry":{"type":"Point","coordinates":[127.0264532,37.5739232]}},{"type":"Feature","properties":{"kind":"exit","ref":"1"},"geometry":{"type":"Point","coordinates":[127.0016294,37.5710846]}},{"type":"Feature","properties":{"kind":"exit","ref":"2"},"geometry":{"type":"Point","coordinates":[127.0017646,37.5711828]}},{"type":"Feature","properties":{"kind":"exit","ref":"3"},"geometry":{"type":"Point","coordinates":[127.0020217,37.5711949]}},{"type":"Feature","properties":{"kind":"exit","ref":"4"},"geometry":{"type":"Point","coordinates":[127.002143,37.5711597]}},{"type":"Feature","properties":{"kind":"exit","ref":"5"},"geometry":{"type":"Point","coordinates":[127.0022138,37.5708236]}},{"type":"Feature","properties":{"kind":"exit","ref":"6"},"geometry":{"type":"Point","coordinates":[127.0020898,37.57071]}},{"type":"Feature","properties":{"kind":"exit","ref":"7"},"geometry":{"type":"Point","coordinates":[127.0017504,37.5707116]}},{"type":"Feature","properties":{"kind":"exit","ref":"8"},"geometry":{"type":"Point","coordinates":[127.001606,37.5708115]}},{"type":"Feature","properties":{"kind":"exit","ref":"1"},"geometry":{"type":"Point","coordinates":[126.9824446,37.5703676]}},{"type":"Feature","properties":{"kind":"exit","ref":"2"},"geometry":{"type":"Point","coordinates":[126.9828605,37.5709039]}},{"type":"Feature","properties":{"kind":"exit","ref":"3-1"},"geometry":{"type":"Point","coordinates":[126.9832021,37.5709068]}},{"type":"Feature","properties":{"kind":"exit","ref":"3"},"geometry":{"type":"Point","coordinates":[126.9838797,37.5703588]}},{"type":"Feature","properties":{"kind":"exit","ref":"4"},"geometry":{"type":"Point","coordinates":[126.9838288,37.5700754]}},{"type":"Feature","properties":{"kind":"exit","ref":"1"},"geometry":{"type":"Point","coordinates":[126.9713245,37.5416588]}},{"type":"Feature","properties":{"kind":"exit","ref":"5"},"geometry":{"type":"Point","coordinates":[126.9267609,37.5130199]}},{"type":"Feature","properties":{"kind":"exit","ref":"4"},"geometry":{"type":"Point","coordinates":[126.9268057,37.5129393]}},{"type":"Feature","properties":{"kind":"exit","ref":"1"},"geometry":{"type":"Point","coordinates":[126.9271777,37.5130199]}},{"type":"Feature","properties":{"kind":"exit","ref":"6"},"geometry":{"type":"Point","coordinates":[126.9268687,37.5136181]}},{"type":"Feature","properties":{"kind":"exit","ref":"3"},"geometry":{"type":"Point","coordinates":[126.9268646,37.5126829]}},{"type":"Feature","properties":{"kind":"exit","ref":"2"},"geometry":{"type":"Point","coordinates":[126.9272447,37.5127748]}},{"type":"Feature","properties":{"kind":"exit","ref":"5"},"geometry":{"type":"Point","coordinates":[126.9072927,37.5164959]}},{"type":"Feature","properties":{"kind":"exit","ref":"6"},"geometry":{"type":"Point","coordinates":[126.9064535,37.5161096]}},{"type":"Feature","properties":{"kind":"exit","ref":"2"},"geometry":{"type":"Point","coordinates":[126.9077227,37.5149565]}},{"type":"Feature","properties":{"kind":"exit","ref":"1"},"geometry":{"type":"Point","coordinates":[126.9079544,37.5150404]}},{"type":"Feature","properties":{"kind":"exit","ref":"4"},"geometry":{"type":"Point","coordinates":[126.9072755,37.514699]}},{"type":"Feature","properties":{"kind":"exit","ref":"2"},"geometry":{"type":"Point","coordinates":[126.8808014,37.5025243]}},{"type":"Feature","properties":{"kind":"exit","ref":"1"},"geometry":{"type":"Point","coordinates":[126.8819062,37.5021188]}},{"type":"Feature","properties":{"kind":"exit","ref":"2"},"geometry":{"type":"Point","coordinates":[126.9021765,37.434283]}},{"type":"Feature","properties":{"kind":"exit","ref":"1"},"geometry":{"type":"Point","coordinates":[126.9027149,37.4343566]}},{"type":"Feature","properties":{"kind":"exit","ref":"2"},"geometry":{"type":"Point","coordinates":[126.8889778,37.466456]}},{"type":"Feature","properties":{"kind":"exit","ref":"1"},"geometry":{"type":"Point","coordinates":[126.8895279,37.4664264]}},{"type":"Feature","properties":{"kind":"exit","ref":"1"},"geometry":{"type":"Point","coordinates":[126.8685844,37.6034108]}},{"type":"Feature","properties":{"kind":"exit","ref":"2"},"geometry":{"type":"Point","coordinates":[126.8670547,37.6019675]}},{"type":"Feature","properties":{"kind":"exit","ref":"1"},"geometry":{"type":"Point","coordinates":[126.8953224,37.5813517]}},{"type":"Feature","properties":{"kind":"exit","ref":"3"},"geometry":{"type":"Point","coordinates":[126.9144538,37.5691977]}},{"type":"Feature","properties":{"kind":"exit","ref":"4"},"geometry":{"type":"Point","coordinates":[126.9152571,37.5688092]}},{"type":"Feature","properties":{"kind":"exit","ref":"2"},"geometry":{"type":"Point","coordinates":[126.9141287,37.5686463]}},{"type":"Feature","properties":{"kind":"exit","ref":"1"},"geometry":{"type":"Point","coordinates":[126.9148235,37.5683756]}},{"type":"Feature","properties":{"kind":"exit","ref":"2"},"geometry":{"type":"Point","coordinates":[126.9092237,37.4188986]}},{"type":"Feature","properties":{"kind":"exit","ref":"1"},"geometry":{"type":"Point","coordinates":[126.9087988,37.4184789]}},{"type":"Feature","properties":{"kind":"exit","ref":"1"},"geometry":{"type":"Point","coordinates":[126.9225719,37.4013261]}},{"type":"Feature","properties":{"kind":"exit","ref":"2"},"geometry":{"type":"Point","coordinates":[126.92325,37.4016463]}},{"type":"Feature","properties":{"kind":"exit","ref":"1"},"geometry":{"type":"Point","coordinates":[126.9350199,37.3854642]}},{"type":"Feature","properties":{"kind":"exit","ref":"2"},"geometry":{"type":"Point","coordinates":[126.9356323,37.3854743]}},{"type":"Feature","properties":{"kind":"exit","ref":"1"},"geometry":{"type":"Point","coordinates":[126.9483476,37.3536153]}},{"type":"Feature","properties":{"kind":"exit","ref":"2"},"geometry":{"type":"Point","coordinates":[126.9485726,37.3536132]}},{"type":"Feature","properties":{"kind":"exit","ref":"1"},"geometry":{"type":"Point","coordinates":[126.9486161,37.3440484]}},{"type":"Feature","properties":{"kind":"exit","ref":"2"},"geometry":{"type":"Point","coordinates":[126.9486146,37.3435423]}},{"type":"Feature","properties":{"kind":"exit","ref":"3"},"geometry":{"type":"Point","coordinates":[126.9480707,37.3439464]}},{"type":"Feature","properties":{"kind":"exit","ref":"2"},"geometry":{"type":"Point","coordinates":[126.9486513,37.3213238]}},{"type":"Feature","properties":{"kind":"exit","ref":"1"},"geometry":{"type":"Point","coordinates":[126.9723693,37.300148]}},{"type":"Feature","properties":{"kind":"exit","ref":"2"},"geometry":{"type":"Point","coordinates":[126.9722096,37.2998781]}},{"type":"Feature","properties":{"kind":"exit","ref":"2"},"geometry":{"type":"Point","coordinates":[126.9893449,37.285123]}},{"type":"Feature","properties":{"kind":"exit","ref":"1"},"geometry":{"type":"Point","coordinates":[126.9892171,37.2852177]}},{"type":"Feature","properties":{"kind":"exit","ref":"1"},"geometry":{"type":"Point","coordinates":[127.0006222,37.2662011]}},{"type":"Feature","properties":{"kind":"exit","ref":"2"},"geometry":{"type":"Point","coordinates":[126.999213,37.2658609]}},{"type":"Feature","properties":{"kind":"exit","ref":"3"},"geometry":{"type":"Point","coordinates":[126.9992811,37.2657317]}},{"type":"Feature","properties":{"kind":"exit","ref":"5"},"geometry":{"type":"Point","coordinates":[127.0005067,37.2667171]}},{"type":"Feature","properties":{"kind":"exit","ref":"6"},"geometry":{"type":"Point","coordinates":[127.0008301,37.2660794]}},{"type":"Feature","properties":{"kind":"exit","ref":"4"},"geometry":{"type":"Point","coordinates":[126.9999245,37.2674776]}},{"type":"Feature","properties":{"kind":"exit","ref":"7"},"geometry":{"type":"Point","coordinates":[127.0014473,37.2671466]}},{"type":"Feature","properties":{"kind":"exit","ref":"8"},"geometry":{"type":"Point","coordinates":[127.0016791,37.2669233]}},{"type":"Feature","properties":{"kind":"exit","ref":"9"},"geometry":{"type":"Point","coordinates":[127.0017271,37.2666718]}},{"type":"Feature","properties":{"kind":"exit","ref":"10"},"geometry":{"type":"Point","coordinates":[127.0013111,37.2661015]}},{"type":"Feature","properties":{"kind":"exit","ref":"1"},"geometry":{"type":"Point","coordinates":[127.0142401,37.2443088]}},{"type":"Feature","properties":{"kind":"exit","ref":"3"},"geometry":{"type":"Point","coordinates":[127.0327322,37.206737]}},{"type":"Feature","properties":{"kind":"exit","ref":"1"},"geometry":{"type":"Point","coordinates":[127.0334444,37.2069926]}},{"type":"Feature","properties":{"kind":"exit","ref":"1"},"geometry":{"type":"Point","coordinates":[127.042968,37.1869419]}},{"type":"Feature","properties":{"kind":"exit","ref":"2"},"geometry":{"type":"Point","coordinates":[126.9344941,37.5527247]}},{"type":"Feature","properties":{"kind":"exit","ref":"1"},"geometry":{"type":"Point","coordinates":[126.9352923,37.5519496]}},{"type":"Feature","properties":{"kind":"exit","ref":"1"},"geometry":{"type":"Point","coordinates":[127.0632718,37.1694607]}},{"type":"Feature","properties":{"kind":"exit","ref":"2"},"geometry":{"type":"Point","coordinates":[127.062704,37.169398]}},{"type":"Feature","properties":{"kind":"exit","ref":"2"},"geometry":{"type":"Point","coordinates":[127.0664804,37.1456866]}},{"type":"Feature","properties":{"kind":"exit","ref":"1"},"geometry":{"type":"Point","coordinates":[127.0675858,37.145636]}},{"type":"Feature","properties":{"kind":"exit","ref":"1"},"geometry":{"type":"Point","coordinates":[127.062748,37.1099111]}},{"type":"Feature","properties":{"kind":"exit","ref":"2"},"geometry":{"type":"Point","coordinates":[127.0619941,37.1099655]}},{"type":"Feature","properties":{"kind":"exit","ref":"1"},"geometry":{"type":"Point","coordinates":[127.0545728,37.0752512]}},{"type":"Feature","properties":{"kind":"exit","ref":"2"},"geometry":{"type":"Point","coordinates":[127.0546042,37.0747696]}},{"type":"Feature","properties":{"kind":"exit","ref":"3"},"geometry":{"type":"Point","coordinates":[127.0545698,37.0746879]}},{"type":"Feature","properties":{"kind":"exit","ref":"4"},"geometry":{"type":"Point","coordinates":[127.0538159,37.0746797]}},{"type":"Feature","properties":{"kind":"exit","ref":"5"},"geometry":{"type":"Point","coordinates":[127.0540951,37.0750835]}},{"type":"Feature","properties":{"kind":"exit","ref":"1"},"geometry":{"type":"Point","coordinates":[127.0534175,37.0571186]}},{"type":"Feature","properties":{"kind":"exit","ref":"2"},"geometry":{"type":"Point","coordinates":[127.0525633,37.0569269]}},{"type":"Feature","properties":{"kind":"exit","ref":"4"},"geometry":{"type":"Point","coordinates":[127.0526246,37.0574304]}},{"type":"Feature","properties":{"kind":"exit","ref":"1"},"geometry":{"type":"Point","coordinates":[127.0708196,37.0189332]}},{"type":"Feature","properties":{"kind":"exit","ref":"2"},"geometry":{"type":"Point","coordinates":[127.0695365,37.0188519]}},{"type":"Feature","properties":{"kind":"exit","ref":"2"},"geometry":{"type":"Point","coordinates":[127.0847852,36.9905405]}},{"type":"Feature","properties":{"kind":"exit","ref":"1"},"geometry":{"type":"Point","coordinates":[127.127378,36.9158621]}},{"type":"Feature","properties":{"kind":"exit","ref":"2"},"geometry":{"type":"Point","coordinates":[127.126401,36.9161134]}},{"type":"Feature","properties":{"kind":"exit","ref":"1"},"geometry":{"type":"Point","coordinates":[126.9894814,37.5199597]}},{"type":"Feature","properties":{"kind":"exit","ref":"2"},"geometry":{"type":"Point","coordinates":[126.9897354,37.5190899]}},{"type":"Feature","properties":{"kind":"exit","ref":"1"},"geometry":{"type":"Point","coordinates":[127.0079375,37.529477]}},{"type":"Feature","properties":{"kind":"exit","ref":"1"},"geometry":{"type":"Point","coordinates":[127.0350658,37.5511202]}},{"type":"Feature","properties":{"kind":"exit","ref":"2"},"geometry":{"type":"Point","coordinates":[127.0353436,37.5511599]}},{"type":"Feature","properties":{"kind":"exit","ref":"1"},"geometry":{"type":"Point","coordinates":[127.14441,36.8705414]}},{"type":"Feature","properties":{"kind":"exit","ref":"2"},"geometry":{"type":"Point","coordinates":[127.1437845,36.8702115]}},{"type":"Feature","properties":{"kind":"exit","ref":"2"},"geometry":{"type":"Point","coordinates":[127.1453561,36.8095314]}},{"type":"Feature","properties":{"kind":"exit","ref":"1"},"geometry":{"type":"Point","coordinates":[127.1473119,36.8092286]}},{"type":"Feature","properties":{"kind":"exit","ref":"2"},"geometry":{"type":"Point","coordinates":[127.0476153,37.5800133]}},{"type":"Feature","properties":{"kind":"exit","ref":"1"},"geometry":{"type":"Point","coordinates":[127.0752763,37.5948722]}},{"type":"Feature","properties":{"kind":"exit","ref":"4"},"geometry":{"type":"Point","coordinates":[127.0753931,37.5946391]}},{"type":"Feature","properties":{"kind":"exit","ref":"2"},"geometry":{"type":"Point","coordinates":[127.0764205,37.5951201]}},{"type":"Feature","properties":{"kind":"exit","ref":"3"},"geometry":{"type":"Point","coordinates":[127.0764952,37.5948833]}},{"type":"Feature","properties":{"kind":"exit","ref":"2"},"geometry":{"type":"Point","coordinates":[127.0914063,37.600048]}},{"type":"Feature","properties":{"kind":"exit","ref":"1"},"geometry":{"type":"Point","coordinates":[127.0927303,37.5992274]}},{"type":"Feature","properties":{"kind":"exit","ref":"1"},"geometry":{"type":"Point","coordinates":[127.1944211,37.6047706]}},{"type":"Feature","properties":{"kind":"exit","ref":"2"},"geometry":{"type":"Point","coordinates":[127.1942009,37.6043641]}},{"type":"Feature","properties":{"kind":"exit","ref":"1"},"geometry":{"type":"Point","coordinates":[127.1075927,37.6067047]}},{"type":"Feature","properties":{"kind":"exit","ref":"2"},"geometry":{"type":"Point","coordinates":[127.1076534,37.6063532]}},{"type":"Feature","properties":{"kind":"exit","ref":"1"},"geometry":{"type":"Point","coordinates":[127.1434162,37.6034822]}},{"type":"Feature","properties":{"kind":"exit","ref":"2"},"geometry":{"type":"Point","coordinates":[127.1435423,37.6030789]}},{"type":"Feature","properties":{"kind":"exit","ref":"3"},"geometry":{"type":"Point","coordinates":[127.1429786,37.603202]}},{"type":"Feature","properties":{"kind":"exit","ref":"1"},"geometry":{"type":"Point","coordinates":[127.2090281,37.5871808]}},{"type":"Feature","properties":{"kind":"exit","ref":"2"},"geometry":{"type":"Point","coordinates":[127.2091181,37.5864108]}},{"type":"Feature","properties":{"kind":"exit","ref":"3"},"geometry":{"type":"Point","coordinates":[127.2084652,37.5867603]}},{"type":"Feature","properties":{"kind":"exit","ref":"1"},"geometry":{"type":"Point","coordinates":[127.2229616,37.579817]}},{"type":"Feature","properties":{"kind":"exit","ref":"2"},"geometry":{"type":"Point","coordinates":[127.2228518,37.5794167]}},{"type":"Feature","properties":{"kind":"exit","ref":"1"},"geometry":{"type":"Point","coordinates":[127.2435818,37.5468189]}},{"type":"Feature","properties":{"kind":"exit","ref":"1"},"geometry":{"type":"Point","coordinates":[127.310363,37.5547991]}},{"type":"Feature","properties":{"kind":"exit","ref":"2"},"geometry":{"type":"Point","coordinates":[127.3292331,37.5460805]}},{"type":"Feature","properties":{"kind":"exit","ref":"1"},"geometry":{"type":"Point","coordinates":[127.328889,37.5458027]}},{"type":"Feature","properties":{"kind":"exit","ref":"1"},"geometry":{"type":"Point","coordinates":[127.37221,37.5259764]}},{"type":"Feature","properties":{"kind":"exit","ref":"1"},"geometry":{"type":"Point","coordinates":[127.3996264,37.5158091]}},{"type":"Feature","properties":{"kind":"exit","ref":"1"},"geometry":{"type":"Point","coordinates":[127.4430123,37.5136215]}},{"type":"Feature","properties":{"kind":"exit","ref":"2"},"geometry":{"type":"Point","coordinates":[127.4922606,37.4931455]}},{"type":"Feature","properties":{"kind":"exit","ref":"1"},"geometry":{"type":"Point","coordinates":[127.547114,37.4683543]}},{"type":"Feature","properties":{"kind":"exit","ref":"1"},"geometry":{"type":"Point","coordinates":[127.594102,37.4825778]}},{"type":"Feature","properties":{"kind":"exit","ref":"2"},"geometry":{"type":"Point","coordinates":[127.5946204,37.4828262]}},{"type":"Feature","properties":{"kind":"exit","ref":"3"},"geometry":{"type":"Point","coordinates":[127.59449,37.4816674]}},{"type":"Feature","properties":{"kind":"exit","ref":"2"},"geometry":{"type":"Point","coordinates":[127.1355046,36.8013416]}},{"type":"Feature","properties":{"kind":"exit","ref":"1"},"geometry":{"type":"Point","coordinates":[127.1362427,36.8012518]}},{"type":"Feature","properties":{"kind":"exit","ref":"1"},"geometry":{"type":"Point","coordinates":[127.1214458,36.793577]}},{"type":"Feature","properties":{"kind":"exit","ref":"2"},"geometry":{"type":"Point","coordinates":[127.1211831,36.7938065]}},{"type":"Feature","properties":{"kind":"exit","ref":"2"},"geometry":{"type":"Point","coordinates":[127.1046121,36.7918328]}},{"type":"Feature","properties":{"kind":"exit","ref":"1"},"geometry":{"type":"Point","coordinates":[127.1045033,36.7922953]}},{"type":"Feature","properties":{"kind":"exit","ref":"2"},"geometry":{"type":"Point","coordinates":[127.0530861,36.7779282]}},{"type":"Feature","properties":{"kind":"exit","ref":"1"},"geometry":{"type":"Point","coordinates":[127.0532267,36.7775914]}},{"type":"Feature","properties":{"kind":"exit","ref":"1"},"geometry":{"type":"Point","coordinates":[127.003409,36.780745]}},{"type":"Feature","properties":{"kind":"exit","ref":"2"},"geometry":{"type":"Point","coordinates":[127.0033158,36.7802634]}},{"type":"Feature","properties":{"kind":"exit","ref":"2"},"geometry":{"type":"Point","coordinates":[126.9502793,36.7697315]}},{"type":"Feature","properties":{"kind":"exit","ref":"1"},"geometry":{"type":"Point","coordinates":[126.9499011,36.7695253]}},{"type":"Feature","properties":{"kind":"exit","ref":"1"},"geometry":{"type":"Point","coordinates":[127.0522925,37.1961102]}},{"type":"Feature","properties":{"kind":"exit","ref":"2"},"geometry":{"type":"Point","coordinates":[127.0519134,37.1961431]}},{"type":"Feature","properties":{"kind":"exit","ref":"6"},"geometry":{"type":"Point","coordinates":[127.0158221,37.2660151]}},{"type":"Feature","properties":{"kind":"exit","ref":"5"},"geometry":{"type":"Point","coordinates":[127.0151753,37.2657067]}},{"type":"Feature","properties":{"kind":"exit","ref":"7"},"geometry":{"type":"Point","coordinates":[127.0160569,37.2658963]}},{"type":"Feature","properties":{"kind":"exit","ref":"8"},"geometry":{"type":"Point","coordinates":[127.016324,37.2654932]}},{"type":"Feature","properties":{"kind":"exit","ref":"1"},"geometry":{"type":"Point","coordinates":[127.0162526,37.265274]}},{"type":"Feature","properties":{"kind":"exit","ref":"2"},"geometry":{"type":"Point","coordinates":[127.0156425,37.2650865]}},{"type":"Feature","properties":{"kind":"exit","ref":"4"},"geometry":{"type":"Point","coordinates":[127.0150883,37.2654868]}},{"type":"Feature","properties":{"kind":"exit","ref":"3"},"geometry":{"type":"Point","coordinates":[127.0154199,37.2651354]}},{"type":"Feature","properties":{"kind":"exit","ref":"5"},"geometry":{"type":"Point","coordinates":[127.0293289,37.262079]}},{"type":"Feature","properties":{"kind":"exit","ref":"3"},"geometry":{"type":"Point","coordinates":[127.040156,37.2530157]}},{"type":"Feature","properties":{"kind":"exit","ref":"4"},"geometry":{"type":"Point","coordinates":[127.0405735,37.2531959]}},{"type":"Feature","properties":{"kind":"exit","ref":"2"},"geometry":{"type":"Point","coordinates":[127.0402095,37.252238]}},{"type":"Feature","properties":{"kind":"exit","ref":"5"},"geometry":{"type":"Point","coordinates":[127.0415641,37.2519887]}},{"type":"Feature","properties":{"kind":"exit","ref":"1"},"geometry":{"type":"Point","coordinates":[127.0411673,37.2517542]}},{"type":"Feature","properties":{"kind":"exit","ref":"8"},"geometry":{"type":"Point","coordinates":[127.0714585,37.2520177]}},{"type":"Feature","properties":{"kind":"exit","ref":"7"},"geometry":{"type":"Point","coordinates":[127.0707209,37.2519067]}},{"type":"Feature","properties":{"kind":"exit","ref":"6"},"geometry":{"type":"Point","coordinates":[127.0705197,37.2516569]}},{"type":"Feature","properties":{"kind":"exit","ref":"5"},"geometry":{"type":"Point","coordinates":[127.070735,37.2511796]}},{"type":"Feature","properties":{"kind":"exit","ref":"1"},"geometry":{"type":"Point","coordinates":[127.0719039,37.251682]}},{"type":"Feature","properties":{"kind":"exit","ref":"2"},"geometry":{"type":"Point","coordinates":[127.0719287,37.2511711]}},{"type":"Feature","properties":{"kind":"exit","ref":"3"},"geometry":{"type":"Point","coordinates":[127.0717251,37.2509491]}},{"type":"Feature","properties":{"kind":"exit","ref":"4"},"geometry":{"type":"Point","coordinates":[127.0711609,37.2509222]}},{"type":"Feature","properties":{"kind":"exit","ref":"6"},"geometry":{"type":"Point","coordinates":[127.0795241,37.2604559]}},{"type":"Feature","properties":{"kind":"exit","ref":"5"},"geometry":{"type":"Point","coordinates":[127.0788346,37.2596877]}},{"type":"Feature","properties":{"kind":"exit","ref":"2"},"geometry":{"type":"Point","coordinates":[127.0793032,37.2594447]}},{"type":"Feature","properties":{"kind":"exit","ref":"1"},"geometry":{"type":"Point","coordinates":[127.0800179,37.2601807]}},{"type":"Feature","properties":{"kind":"exit","ref":"4"},"geometry":{"type":"Point","coordinates":[127.0781084,37.2588989]}},{"type":"Feature","properties":{"kind":"exit","ref":"3"},"geometry":{"type":"Point","coordinates":[127.0785916,37.2586134]}},{"type":"Feature","properties":{"kind":"exit","ref":"3"},"geometry":{"type":"Point","coordinates":[127.1083479,37.2618405]}},{"type":"Feature","properties":{"kind":"exit","ref":"4"},"geometry":{"type":"Point","coordinates":[127.109262,37.2618773]}},{"type":"Feature","properties":{"kind":"exit","ref":"2"},"geometry":{"type":"Point","coordinates":[127.1083284,37.2616173]}},{"type":"Feature","properties":{"kind":"exit","ref":"1"},"geometry":{"type":"Point","coordinates":[127.1092713,37.2616736]}},{"type":"Feature","properties":{"kind":"exit","ref":"5"},"geometry":{"type":"Point","coordinates":[127.115667,37.2746506]}},{"type":"Feature","properties":{"kind":"exit","ref":"4"},"geometry":{"type":"Point","coordinates":[127.1161929,37.2746753]}},{"type":"Feature","properties":{"kind":"exit","ref":"3"},"geometry":{"type":"Point","coordinates":[127.1162304,37.2752676]}},{"type":"Feature","properties":{"kind":"exit","ref":"8"},"geometry":{"type":"Point","coordinates":[127.1169922,37.276024]}},{"type":"Feature","properties":{"kind":"exit","ref":"2"},"geometry":{"type":"Point","coordinates":[127.1164052,37.2763125]}},{"type":"Feature","properties":{"kind":"exit","ref":"6"},"geometry":{"type":"Point","coordinates":[127.1153254,37.2762119]}},{"type":"Feature","properties":{"kind":"exit","ref":"7"},"geometry":{"type":"Point","coordinates":[127.115678,37.2765779]}},{"type":"Feature","properties":{"kind":"exit","ref":"1"},"geometry":{"type":"Point","coordinates":[127.1161317,37.2765762]}},{"type":"Feature","properties":{"kind":"exit","ref":"1"},"geometry":{"type":"Point","coordinates":[126.870884,37.4959794]}},{"type":"Feature","properties":{"kind":"exit","ref":"2"},"geometry":{"type":"Point","coordinates":[126.8587926,37.494872]}},{"type":"Feature","properties":{"kind":"exit","ref":"1"},"geometry":{"type":"Point","coordinates":[126.8586723,37.4943681]}},{"type":"Feature","properties":{"kind":"exit","ref":"3"},"geometry":{"type":"Point","coordinates":[126.8438509,37.4945813]}},{"type":"Feature","properties":{"kind":"exit","ref":"2"},"geometry":{"type":"Point","coordinates":[126.8442249,37.4938845]}},{"type":"Feature","properties":{"kind":"exit","ref":"1"},"geometry":{"type":"Point","coordinates":[126.8448104,37.4940087]}},{"type":"Feature","properties":{"kind":"exit","ref":"2"},"geometry":{"type":"Point","coordinates":[126.8117172,37.485467]}},{"type":"Feature","properties":{"kind":"exit","ref":"1"},"geometry":{"type":"Point","coordinates":[126.8119796,37.4850194]}},{"type":"Feature","properties":{"kind":"exit","ref":"3"},"geometry":{"type":"Point","coordinates":[126.7952537,37.4829185]}},{"type":"Feature","properties":{"kind":"exit","ref":"2"},"geometry":{"type":"Point","coordinates":[126.7952653,37.4825623]}},{"type":"Feature","properties":{"kind":"exit","ref":"1"},"geometry":{"type":"Point","coordinates":[126.7958599,37.4824878]}},{"type":"Feature","properties":{"kind":"exit","ref":"3"},"geometry":{"type":"Point","coordinates":[126.7823249,37.4843267]}},{"type":"Feature","properties":{"kind":"exit","ref":"4"},"geometry":{"type":"Point","coordinates":[126.782938,37.484224]}},{"type":"Feature","properties":{"kind":"exit","ref":"5"},"geometry":{"type":"Point","coordinates":[126.7835358,37.4841556]}},{"type":"Feature","properties":{"kind":"exit","ref":"2"},"geometry":{"type":"Point","coordinates":[126.7824666,37.4837913]}},{"type":"Feature","properties":{"kind":"exit","ref":"1"},"geometry":{"type":"Point","coordinates":[126.783631,37.4836746]}},{"type":"Feature","properties":{"kind":"exit","ref":"2"},"geometry":{"type":"Point","coordinates":[126.7642657,37.486999]}},{"type":"Feature","properties":{"kind":"exit","ref":"1"},"geometry":{"type":"Point","coordinates":[126.76412,37.4864835]}},{"type":"Feature","properties":{"kind":"exit","ref":"2"},"geometry":{"type":"Point","coordinates":[126.7532117,37.4878632]}},{"type":"Feature","properties":{"kind":"exit","ref":"1"},"geometry":{"type":"Point","coordinates":[126.7531834,37.4873827]}},{"type":"Feature","properties":{"kind":"exit","ref":"2"},"geometry":{"type":"Point","coordinates":[126.7401343,37.4887162]}},{"type":"Feature","properties":{"kind":"exit","ref":"1"},"geometry":{"type":"Point","coordinates":[126.7401531,37.4883267]}},{"type":"Feature","properties":{"kind":"exit","ref":"1"},"geometry":{"type":"Point","coordinates":[126.7254501,37.4889647]}},{"type":"Feature","properties":{"kind":"exit","ref":"2"},"geometry":{"type":"Point","coordinates":[126.7234545,37.4890818]}},{"type":"Feature","properties":{"kind":"exit","ref":"3"},"geometry":{"type":"Point","coordinates":[126.7228752,37.4900884]}},{"type":"Feature","properties":{"kind":"exit","ref":"1"},"geometry":{"type":"Point","coordinates":[126.7079286,37.4835657]}},{"type":"Feature","properties":{"kind":"exit","ref":"2"},"geometry":{"type":"Point","coordinates":[126.7073909,37.4837674]}},{"type":"Feature","properties":{"kind":"exit","ref":"3"},"geometry":{"type":"Point","coordinates":[126.7076005,37.4838286]}},{"type":"Feature","properties":{"kind":"exit","ref":"2"},"geometry":{"type":"Point","coordinates":[126.7026137,37.4710155]}},{"type":"Feature","properties":{"kind":"exit","ref":"1"},"geometry":{"type":"Point","coordinates":[126.7031393,37.4709183]}},{"type":"Feature","properties":{"kind":"exit","ref":"1"},"geometry":{"type":"Point","coordinates":[126.6940073,37.4644408]}},{"type":"Feature","properties":{"kind":"exit","ref":"2"},"geometry":{"type":"Point","coordinates":[126.6940657,37.4650771]}},{"type":"Feature","properties":{"kind":"exit","ref":"1"},"geometry":{"type":"Point","coordinates":[126.6808759,37.4647035]}},{"type":"Feature","properties":{"kind":"exit","ref":"2"},"geometry":{"type":"Point","coordinates":[126.6803227,37.4647578]}},{"type":"Feature","properties":{"kind":"exit","ref":"3"},"geometry":{"type":"Point","coordinates":[126.6802715,37.4653517]}},{"type":"Feature","properties":{"kind":"exit","ref":"4"},"geometry":{"type":"Point","coordinates":[126.681105,37.4652742]}},{"type":"Feature","properties":{"kind":"exit","ref":"1"},"geometry":{"type":"Point","coordinates":[126.6685034,37.4659291]}},{"type":"Feature","properties":{"kind":"exit","ref":"2"},"geometry":{"type":"Point","coordinates":[126.6678903,37.4659903]}},{"type":"Feature","properties":{"kind":"exit","ref":"3"},"geometry":{"type":"Point","coordinates":[126.6679349,37.4663314]}},{"type":"Feature","properties":{"kind":"exit","ref":"4"},"geometry":{"type":"Point","coordinates":[126.6686359,37.4662801]}},{"type":"Feature","properties":{"kind":"exit","ref":"1"},"geometry":{"type":"Point","coordinates":[126.657169,37.4666372]}},{"type":"Feature","properties":{"kind":"exit","ref":"2"},"geometry":{"type":"Point","coordinates":[126.6563868,37.4671506]}},{"type":"Feature","properties":{"kind":"exit","ref":"3"},"geometry":{"type":"Point","coordinates":[126.6423893,37.4690207]}},{"type":"Feature","properties":{"kind":"exit","ref":"2"},"geometry":{"type":"Point","coordinates":[126.6420434,37.4688648]}},{"type":"Feature","properties":{"kind":"exit","ref":"1"},"geometry":{"type":"Point","coordinates":[126.6420533,37.4687366]}},{"type":"Feature","properties":{"kind":"exit","ref":"2"},"geometry":{"type":"Point","coordinates":[126.6316476,37.4755789]}},{"type":"Feature","properties":{"kind":"exit","ref":"3"},"geometry":{"type":"Point","coordinates":[126.6314919,37.4757193]}},{"type":"Feature","properties":{"kind":"exit","ref":"1"},"geometry":{"type":"Point","coordinates":[126.6325572,37.4750677]}},{"type":"Feature","properties":{"kind":"exit","ref":"4"},"geometry":{"type":"Point","coordinates":[126.6322103,37.4760929]}},{"type":"Feature","properties":{"kind":"exit","ref":"1"},"geometry":{"type":"Point","coordinates":[126.6171945,37.476202]}},{"type":"Feature","properties":{"kind":"exit","ref":"4"},"geometry":{"type":"Point","coordinates":[127.1087252,37.3393558]}},{"type":"Feature","properties":{"kind":"exit","ref":"5"},"geometry":{"type":"Point","coordinates":[127.1085526,37.3394945]}},{"type":"Feature","properties":{"kind":"exit","ref":"6"},"geometry":{"type":"Point","coordinates":[127.1083825,37.3398269]}},{"type":"Feature","properties":{"kind":"exit","ref":"2"},"geometry":{"type":"Point","coordinates":[127.1093921,37.3399686]}},{"type":"Feature","properties":{"kind":"exit","ref":"3"},"geometry":{"type":"Point","coordinates":[127.1091685,37.3395257]}},{"type":"Feature","properties":{"kind":"exit","ref":"1"},"geometry":{"type":"Point","coordinates":[127.1093837,37.3405883]}},{"type":"Feature","properties":{"kind":"exit","ref":"7"},"geometry":{"type":"Point","coordinates":[127.1087293,37.3406218]}},{"type":"Feature","properties":{"kind":"exit","ref":"1"},"geometry":{"type":"Point","coordinates":[127.1109238,37.2867333]}},{"type":"Feature","properties":{"kind":"exit","ref":"4"},"geometry":{"type":"Point","coordinates":[127.1105855,37.2864903]}},{"type":"Feature","properties":{"kind":"exit","ref":"3"},"geometry":{"type":"Point","coordinates":[127.1115876,37.2855897]}},{"type":"Feature","properties":{"kind":"exit","ref":"1"},"geometry":{"type":"Point","coordinates":[127.1059436,37.2993696]}},{"type":"Feature","properties":{"kind":"exit","ref":"3"},"geometry":{"type":"Point","coordinates":[127.1054923,37.2984156]}},{"type":"Feature","properties":{"kind":"exit","ref":"2"},"geometry":{"type":"Point","coordinates":[127.1059436,37.2985741]}},{"type":"Feature","properties":{"kind":"exit","ref":"3"},"geometry":{"type":"Point","coordinates":[127.1080082,37.3121558]}},{"type":"Feature","properties":{"kind":"exit","ref":"2"},"geometry":{"type":"Point","coordinates":[127.1086156,37.3121664]}},{"type":"Feature","properties":{"kind":"exit","ref":"4"},"geometry":{"type":"Point","coordinates":[127.1081493,37.3138603]}},{"type":"Feature","properties":{"kind":"exit","ref":"1"},"geometry":{"type":"Point","coordinates":[127.1085735,37.3137831]}},{"type":"Feature","properties":{"kind":"exit","ref":"3"},"geometry":{"type":"Point","coordinates":[127.1072079,37.3247653]}},{"type":"Feature","properties":{"kind":"exit","ref":"2"},"geometry":{"type":"Point","coordinates":[127.1076446,37.3249375]}},{"type":"Feature","properties":{"kind":"exit","ref":"1"},"geometry":{"type":"Point","coordinates":[127.1073859,37.325434]}},{"type":"Feature","properties":{"kind":"exit","ref":"2"},"geometry":{"type":"Point","coordinates":[126.6294028,37.3999816]}},{"type":"Feature","properties":{"kind":"exit","ref":"5"},"geometry":{"type":"Point","coordinates":[127.1085991,37.349439]}},{"type":"Feature","properties":{"kind":"exit","ref":"6"},"geometry":{"type":"Point","coordinates":[127.1082055,37.3498124]}},{"type":"Feature","properties":{"kind":"exit","ref":"2"},"geometry":{"type":"Point","coordinates":[127.1095499,37.3501993]}},{"type":"Feature","properties":{"kind":"exit","ref":"1"},"geometry":{"type":"Point","coordinates":[127.1091442,37.3505193]}},{"type":"Feature","properties":{"kind":"exit","ref":"8"},"geometry":{"type":"Point","coordinates":[127.1086683,37.3505183]}},{"type":"Feature","properties":{"kind":"exit","ref":"3"},"geometry":{"type":"Point","coordinates":[127.1095547,37.3498385]}},{"type":"Feature","properties":{"kind":"exit","ref":"4"},"geometry":{"type":"Point","coordinates":[127.1091457,37.3495208]}},{"type":"Feature","properties":{"kind":"exit","ref":"7"},"geometry":{"type":"Point","coordinates":[127.1082156,37.350176]}},{"type":"Feature","properties":{"kind":"exit","ref":"5"},"geometry":{"type":"Point","coordinates":[126.630593,37.4002595]}},{"type":"Feature","properties":{"kind":"exit","ref":"3"},"geometry":{"type":"Point","coordinates":[126.6349712,37.3933971]}},{"type":"Feature","properties":{"kind":"exit","ref":"1"},"geometry":{"type":"Point","coordinates":[126.6341023,37.393054]}},{"type":"Feature","properties":{"kind":"exit","ref":"3"},"geometry":{"type":"Point","coordinates":[126.6370277,37.3864236]}},{"type":"Feature","properties":{"kind":"exit","ref":"1"},"geometry":{"type":"Point","coordinates":[126.6390317,37.3851953]}},{"type":"Feature","properties":{"kind":"exit","ref":"4"},"geometry":{"type":"Point","coordinates":[126.6460301,37.3782155]}},{"type":"Feature","properties":{"kind":"exit","ref":"3"},"geometry":{"type":"Point","coordinates":[126.6455916,37.3784931]}},{"type":"Feature","properties":{"kind":"exit","ref":"2"},"geometry":{"type":"Point","coordinates":[126.6449825,37.3783085]}},{"type":"Feature","properties":{"kind":"exit","ref":"4"},"geometry":{"type":"Point","coordinates":[126.656068,37.3823601]}},{"type":"Feature","properties":{"kind":"exit","ref":"3"},"geometry":{"type":"Point","coordinates":[126.6562126,37.3818917]}},{"type":"Feature","properties":{"kind":"exit","ref":"2"},"geometry":{"type":"Point","coordinates":[126.657197,37.3819784]}},{"type":"Feature","properties":{"kind":"exit","ref":"1"},"geometry":{"type":"Point","coordinates":[127.1084146,37.3662159]}},{"type":"Feature","properties":{"kind":"exit","ref":"2"},"geometry":{"type":"Point","coordinates":[127.1084119,37.3660485]}},{"type":"Feature","properties":{"kind":"exit","ref":"5"},"geometry":{"type":"Point","coordinates":[127.1078861,37.3681909]}},{"type":"Feature","properties":{"kind":"exit","ref":"1"},"geometry":{"type":"Point","coordinates":[127.1147165,37.3785893]}},{"type":"Feature","properties":{"kind":"exit","ref":"4"},"geometry":{"type":"Point","coordinates":[127.1145497,37.378734]}},{"type":"Feature","properties":{"kind":"exit","ref":"3"},"geometry":{"type":"Point","coordinates":[127.1137481,37.3781708]}},{"type":"Feature","properties":{"kind":"exit","ref":"2"},"geometry":{"type":"Point","coordinates":[127.1139359,37.3780088]}},{"type":"Feature","properties":{"kind":"exit","ref":"3"},"geometry":{"type":"Point","coordinates":[127.1231171,37.384552]}},{"type":"Feature","properties":{"kind":"exit","ref":"2"},"geometry":{"type":"Point","coordinates":[127.1241015,37.3842727]}},{"type":"Feature","properties":{"kind":"exit","ref":"4"},"geometry":{"type":"Point","coordinates":[127.1228757,37.3847544]}},{"type":"Feature","properties":{"kind":"exit","ref":"5"},"geometry":{"type":"Point","coordinates":[127.1235288,37.3852038]}},{"type":"Feature","properties":{"kind":"exit","ref":"1"},"geometry":{"type":"Point","coordinates":[127.1237233,37.3849995]}},{"type":"Feature","properties":{"kind":"exit","ref":"3"},"geometry":{"type":"Point","coordinates":[127.1287953,37.3944274]}},{"type":"Feature","properties":{"kind":"exit","ref":"7"},"geometry":{"type":"Point","coordinates":[127.1277251,37.3947939]}},{"type":"Feature","properties":{"kind":"exit","ref":"8"},"geometry":{"type":"Point","coordinates":[127.1279638,37.3950646]}},{"type":"Feature","properties":{"kind":"exit","ref":"9"},"geometry":{"type":"Point","coordinates":[127.1281685,37.3973472]}},{"type":"Feature","properties":{"kind":"exit","ref":"1"},"geometry":{"type":"Point","coordinates":[127.1287712,37.3974895]}},{"type":"Feature","properties":{"kind":"exit","ref":"2"},"geometry":{"type":"Point","coordinates":[127.1286558,37.3971464]}},{"type":"Feature","properties":{"kind":"exit","ref":"4"},"geometry":{"type":"Point","coordinates":[127.1283796,37.4119588]}},{"type":"Feature","properties":{"kind":"exit","ref":"1"},"geometry":{"type":"Point","coordinates":[127.1289777,37.4120439]}},{"type":"Feature","properties":{"kind":"exit","ref":"2"},"geometry":{"type":"Point","coordinates":[127.1291574,37.4113985]}},{"type":"Feature","properties":{"kind":"exit","ref":"3"},"geometry":{"type":"Point","coordinates":[127.128232,37.4113047]}},{"type":"Feature","properties":{"kind":"exit","ref":"12"},"geometry":{"type":"Point","coordinates":[127.1295168,37.4334282]}},{"type":"Feature","properties":{"kind":"exit","ref":"6"},"geometry":{"type":"Point","coordinates":[127.1273773,37.4400859]}},{"type":"Feature","properties":{"kind":"exit","ref":"1"},"geometry":{"type":"Point","coordinates":[127.127962,37.4401817]}},{"type":"Feature","properties":{"kind":"exit","ref":"2"},"geometry":{"type":"Point","coordinates":[127.1281229,37.4399517]}},{"type":"Feature","properties":{"kind":"exit","ref":"3"},"geometry":{"type":"Point","coordinates":[127.1280886,37.4396949]}},{"type":"Feature","properties":{"kind":"exit","ref":"4"},"geometry":{"type":"Point","coordinates":[127.1280852,37.439345]}},{"type":"Feature","properties":{"kind":"exit","ref":"5"},"geometry":{"type":"Point","coordinates":[127.1275007,37.4390913]}},{"type":"Feature","properties":{"kind":"exit","ref":"4"},"geometry":{"type":"Point","coordinates":[127.1263517,37.4483175]}},{"type":"Feature","properties":{"kind":"exit","ref":"5"},"geometry":{"type":"Point","coordinates":[127.1263548,37.4491345]}},{"type":"Feature","properties":{"kind":"exit","ref":"1"},"geometry":{"type":"Point","coordinates":[127.1268578,37.4495735]}},{"type":"Feature","properties":{"kind":"exit","ref":"2"},"geometry":{"type":"Point","coordinates":[127.1269556,37.4484912]}},{"type":"Feature","properties":{"kind":"exit","ref":"3"},"geometry":{"type":"Point","coordinates":[127.1270172,37.4476522]}},{"type":"Feature","properties":{"kind":"exit","ref":"4"},"geometry":{"type":"Point","coordinates":[126.6734597,37.3988419]}},{"type":"Feature","properties":{"kind":"exit","ref":"1"},"geometry":{"type":"Point","coordinates":[126.673878,37.3986736]}},{"type":"Feature","properties":{"kind":"exit","ref":"3"},"geometry":{"type":"Point","coordinates":[126.672805,37.3982727]}},{"type":"Feature","properties":{"kind":"exit","ref":"2"},"geometry":{"type":"Point","coordinates":[126.6731831,37.3980423]}},{"type":"Feature","properties":{"kind":"exit","ref":"2"},"geometry":{"type":"Point","coordinates":[126.680744,37.4049645]}},{"type":"Feature","properties":{"kind":"exit","ref":"3"},"geometry":{"type":"Point","coordinates":[126.6870572,37.4118354]}},{"type":"Feature","properties":{"kind":"exit","ref":"2"},"geometry":{"type":"Point","coordinates":[126.6873876,37.4116252]}},{"type":"Feature","properties":{"kind":"exit","ref":"6"},"geometry":{"type":"Point","coordinates":[126.6882912,37.4130159]}},{"type":"Feature","properties":{"kind":"exit","ref":"1"},"geometry":{"type":"Point","coordinates":[126.6886327,37.4127528]}},{"type":"Feature","properties":{"kind":"exit","ref":"4"},"geometry":{"type":"Point","coordinates":[126.686448,37.4130027]}},{"type":"Feature","properties":{"kind":"exit","ref":"5"},"geometry":{"type":"Point","coordinates":[126.6867262,37.4132634]}},{"type":"Feature","properties":{"kind":"exit","ref":"4"},"geometry":{"type":"Point","coordinates":[126.6940039,37.418385]}},{"type":"Feature","properties":{"kind":"exit","ref":"1"},"geometry":{"type":"Point","coordinates":[126.694441,37.4180758]}},{"type":"Feature","properties":{"kind":"exit","ref":"3"},"geometry":{"type":"Point","coordinates":[126.6934026,37.4178069]}},{"type":"Feature","properties":{"kind":"exit","ref":"2"},"geometry":{"type":"Point","coordinates":[126.6939473,37.4176148]}},{"type":"Feature","properties":{"kind":"exit","ref":"3"},"geometry":{"type":"Point","coordinates":[126.6986862,37.4267978]}},{"type":"Feature","properties":{"kind":"exit","ref":"4"},"geometry":{"type":"Point","coordinates":[126.6987261,37.4272645]}},{"type":"Feature","properties":{"kind":"exit","ref":"1"},"geometry":{"type":"Point","coordinates":[126.6992337,37.4272674]}},{"type":"Feature","properties":{"kind":"exit","ref":"2"},"geometry":{"type":"Point","coordinates":[126.6992025,37.4267787]}},{"type":"Feature","properties":{"kind":"exit","ref":"6"},"geometry":{"type":"Point","coordinates":[126.6995092,37.4421251]}},{"type":"Feature","properties":{"kind":"exit","ref":"1"},"geometry":{"type":"Point","coordinates":[126.699916,37.4421821]}},{"type":"Feature","properties":{"kind":"exit","ref":"4"},"geometry":{"type":"Point","coordinates":[126.6998272,37.4416222]}},{"type":"Feature","properties":{"kind":"exit","ref":"5"},"geometry":{"type":"Point","coordinates":[126.6994606,37.4417483]}},{"type":"Feature","properties":{"kind":"exit","ref":"2"},"geometry":{"type":"Point","coordinates":[126.7002242,37.4420727]}},{"type":"Feature","properties":{"kind":"exit","ref":"3"},"geometry":{"type":"Point","coordinates":[126.7001775,37.4417223]}},{"type":"Feature","properties":{"kind":"exit","ref":"10"},"geometry":{"type":"Point","coordinates":[126.7005184,37.4503148]}},{"type":"Feature","properties":{"kind":"exit","ref":"11"},"geometry":{"type":"Point","coordinates":[126.7010226,37.450575]}},{"type":"Feature","properties":{"kind":"exit","ref":"1"},"geometry":{"type":"Point","coordinates":[126.7013609,37.4505369]}},{"type":"Feature","properties":{"kind":"exit","ref":"2"},"geometry":{"type":"Point","coordinates":[126.7015975,37.450201]}},{"type":"Feature","properties":{"kind":"exit","ref":"8"},"geometry":{"type":"Point","coordinates":[126.7009094,37.449812]}},{"type":"Feature","properties":{"kind":"exit","ref":"9"},"geometry":{"type":"Point","coordinates":[126.7004927,37.4499915]}},{"type":"Feature","properties":{"kind":"exit","ref":"3"},"geometry":{"type":"Point","coordinates":[126.7015653,37.4498774]}},{"type":"Feature","properties":{"kind":"exit","ref":"4"},"geometry":{"type":"Point","coordinates":[126.7011676,37.4495095]}},{"type":"Feature","properties":{"kind":"exit","ref":"5"},"geometry":{"type":"Point","coordinates":[126.7010379,37.4485468]}},{"type":"Feature","properties":{"kind":"exit","ref":"6"},"geometry":{"type":"Point","coordinates":[126.7004686,37.4465991]}},{"type":"Feature","properties":{"kind":"exit","ref":"8"},"geometry":{"type":"Point","coordinates":[126.7008743,37.4570564]}},{"type":"Feature","properties":{"kind":"exit","ref":"7"},"geometry":{"type":"Point","coordinates":[126.7008478,37.4568218]}},{"type":"Feature","properties":{"kind":"exit","ref":"6"},"geometry":{"type":"Point","coordinates":[126.7018717,37.456241]}},{"type":"Feature","properties":{"kind":"exit","ref":"5"},"geometry":{"type":"Point","coordinates":[126.7021346,37.4562261]}},{"type":"Feature","properties":{"kind":"exit","ref":"3"},"geometry":{"type":"Point","coordinates":[126.7028615,37.456884]}},{"type":"Feature","properties":{"kind":"exit","ref":"4"},"geometry":{"type":"Point","coordinates":[126.7029285,37.4566604]}},{"type":"Feature","properties":{"kind":"exit","ref":"2"},"geometry":{"type":"Point","coordinates":[126.7022928,37.4573631]}},{"type":"Feature","properties":{"kind":"exit","ref":"1"},"geometry":{"type":"Point","coordinates":[126.7024961,37.4587603]}},{"type":"Feature","properties":{"kind":"exit","ref":"9"},"geometry":{"type":"Point","coordinates":[126.7019924,37.4587193]}},{"type":"Feature","properties":{"kind":"exit","ref":"1"},"geometry":{"type":"Point","coordinates":[126.7082333,37.4674646]}},{"type":"Feature","properties":{"kind":"exit","ref":"2"},"geometry":{"type":"Point","coordinates":[126.7087879,37.4668814]}},{"type":"Feature","properties":{"kind":"exit","ref":"3"},"geometry":{"type":"Point","coordinates":[126.7086477,37.4666662]}},{"type":"Feature","properties":{"kind":"exit","ref":"4"},"geometry":{"type":"Point","coordinates":[126.7081547,37.4666185]}},{"type":"Feature","properties":{"kind":"exit","ref":"5"},"geometry":{"type":"Point","coordinates":[126.707865,37.4659313]}},{"type":"Feature","properties":{"kind":"exit","ref":"6"},"geometry":{"type":"Point","coordinates":[126.7075416,37.4668802]}},{"type":"Feature","properties":{"kind":"exit","ref":"7"},"geometry":{"type":"Point","coordinates":[126.7071041,37.4671541]}},{"type":"Feature","properties":{"kind":"exit","ref":"8"},"geometry":{"type":"Point","coordinates":[126.7071053,37.4674124]}},{"type":"Feature","properties":{"kind":"exit","ref":"3"},"geometry":{"type":"Point","coordinates":[126.7099033,37.4772183]}},{"type":"Feature","properties":{"kind":"exit","ref":"2"},"geometry":{"type":"Point","coordinates":[126.7102204,37.4771602]}},{"type":"Feature","properties":{"kind":"exit","ref":"4"},"geometry":{"type":"Point","coordinates":[126.7101492,37.47792]}},{"type":"Feature","properties":{"kind":"exit","ref":"1"},"geometry":{"type":"Point","coordinates":[126.7104724,37.4779168]}},{"type":"Feature","properties":{"kind":"exit","ref":"4"},"geometry":{"type":"Point","coordinates":[126.7187162,37.485707]}},{"type":"Feature","properties":{"kind":"exit","ref":"3"},"geometry":{"type":"Point","coordinates":[126.7181535,37.485445]}},{"type":"Feature","properties":{"kind":"exit","ref":"2"},"geometry":{"type":"Point","coordinates":[126.7184046,37.4851479]}},{"type":"Feature","properties":{"kind":"exit","ref":"1"},"geometry":{"type":"Point","coordinates":[126.7189577,37.485478]}},{"type":"Feature","properties":{"kind":"exit","ref":"6"},"geometry":{"type":"Point","coordinates":[126.7234601,37.4911416]}},{"type":"Feature","properties":{"kind":"exit","ref":"7"},"geometry":{"type":"Point","coordinates":[126.7237848,37.491115]}},{"type":"Feature","properties":{"kind":"exit","ref":"5"},"geometry":{"type":"Point","coordinates":[126.7228525,37.4906884]}},{"type":"Feature","properties":{"kind":"exit","ref":"8"},"geometry":{"type":"Point","coordinates":[126.7243581,37.490122]}},{"type":"Feature","properties":{"kind":"exit","ref":"1"},"geometry":{"type":"Point","coordinates":[126.7223778,37.4989401]}},{"type":"Feature","properties":{"kind":"exit","ref":"4"},"geometry":{"type":"Point","coordinates":[126.7220112,37.4989815]}},{"type":"Feature","properties":{"kind":"exit","ref":"3"},"geometry":{"type":"Point","coordinates":[126.722191,37.4977378]}},{"type":"Feature","properties":{"kind":"exit","ref":"2"},"geometry":{"type":"Point","coordinates":[126.7225343,37.4978564]}},{"type":"Feature","properties":{"kind":"exit","ref":"1"},"geometry":{"type":"Point","coordinates":[126.7217301,37.5170212]}},{"type":"Feature","properties":{"kind":"exit","ref":"4"},"geometry":{"type":"Point","coordinates":[126.7213642,37.5170438]}},{"type":"Feature","properties":{"kind":"exit","ref":"2"},"geometry":{"type":"Point","coordinates":[126.7216052,37.5158797]}},{"type":"Feature","properties":{"kind":"exit","ref":"3"},"geometry":{"type":"Point","coordinates":[126.7212362,37.5159232]}},{"type":"Feature","properties":{"kind":"exit","ref":"1"},"geometry":{"type":"Point","coordinates":[126.722806,37.530983]}},{"type":"Feature","properties":{"kind":"exit","ref":"2"},"geometry":{"type":"Point","coordinates":[126.7231618,37.5308253]}},{"type":"Feature","properties":{"kind":"exit","ref":"8"},"geometry":{"type":"Point","coordinates":[126.7222561,37.5309574]}},{"type":"Feature","properties":{"kind":"exit","ref":"7"},"geometry":{"type":"Point","coordinates":[126.7219852,37.5308383]}},{"type":"Feature","properties":{"kind":"exit","ref":"6"},"geometry":{"type":"Point","coordinates":[126.7220147,37.5298514]}},{"type":"Feature","properties":{"kind":"exit","ref":"5"},"geometry":{"type":"Point","coordinates":[126.7223339,37.5296642]}},{"type":"Feature","properties":{"kind":"exit","ref":"3"},"geometry":{"type":"Point","coordinates":[126.7231254,37.5298577]}},{"type":"Feature","properties":{"kind":"exit","ref":"4"},"geometry":{"type":"Point","coordinates":[126.7227318,37.5295759]}},{"type":"Feature","properties":{"kind":"exit","ref":"5"},"geometry":{"type":"Point","coordinates":[126.7224096,37.5378877]}},{"type":"Feature","properties":{"kind":"exit","ref":"2"},"geometry":{"type":"Point","coordinates":[126.7227978,37.537899]}},{"type":"Feature","properties":{"kind":"exit","ref":"4"},"geometry":{"type":"Point","coordinates":[126.7224205,37.5372623]}},{"type":"Feature","properties":{"kind":"exit","ref":"3"},"geometry":{"type":"Point","coordinates":[126.7227857,37.5372639]}},{"type":"Feature","properties":{"kind":"exit","ref":"6"},"geometry":{"type":"Point","coordinates":[126.7224299,37.5390773]}},{"type":"Feature","properties":{"kind":"exit","ref":"1"},"geometry":{"type":"Point","coordinates":[126.7228128,37.5390512]}},{"type":"Feature","properties":{"kind":"exit","ref":"2"},"geometry":{"type":"Point","coordinates":[126.728117,37.5431462]}},{"type":"Feature","properties":{"kind":"exit","ref":"1"},"geometry":{"type":"Point","coordinates":[126.7425924,37.566113]}},{"type":"Feature","properties":{"kind":"exit","ref":"1"},"geometry":{"type":"Point","coordinates":[126.6545168,37.4295467]}},{"type":"Feature","properties":{"kind":"exit","ref":"4"},"geometry":{"type":"Point","coordinates":[127.0730226,37.4916955]}},{"type":"Feature","properties":{"kind":"exit","ref":"3"},"geometry":{"type":"Point","coordinates":[127.07282,37.4918998]}},{"type":"Feature","properties":{"kind":"exit","ref":"2"},"geometry":{"type":"Point","coordinates":[127.0722653,37.4916987]}},{"type":"Feature","properties":{"kind":"exit","ref":"1"},"geometry":{"type":"Point","coordinates":[127.0723885,37.4913934]}},{"type":"Feature","properties":{"kind":"exit","ref":"8"},"geometry":{"type":"Point","coordinates":[127.0726911,37.4910999]}},{"type":"Feature","properties":{"kind":"exit","ref":"7"},"geometry":{"type":"Point","coordinates":[127.0728592,37.490806]}},{"type":"Feature","properties":{"kind":"exit","ref":"5"},"geometry":{"type":"Point","coordinates":[127.0730881,37.4912221]}},{"type":"Feature","properties":{"kind":"exit","ref":"6"},"geometry":{"type":"Point","coordinates":[127.0732182,37.4909752]}},{"type":"Feature","properties":{"kind":"exit","ref":"2"},"geometry":{"type":"Point","coordinates":[127.0656359,37.4893529]}},{"type":"Feature","properties":{"kind":"exit","ref":"1"},"geometry":{"type":"Point","coordinates":[127.0655121,37.4891195]}},{"type":"Feature","properties":{"kind":"exit","ref":"8"},"geometry":{"type":"Point","coordinates":[127.0657877,37.4889175]}},{"type":"Feature","properties":{"kind":"exit","ref":"7"},"geometry":{"type":"Point","coordinates":[127.0660562,37.48866]}},{"type":"Feature","properties":{"kind":"exit","ref":"4"},"geometry":{"type":"Point","coordinates":[127.0664391,37.489364]}},{"type":"Feature","properties":{"kind":"exit","ref":"3"},"geometry":{"type":"Point","coordinates":[127.0661613,37.489466]}},{"type":"Feature","properties":{"kind":"exit","ref":"5"},"geometry":{"type":"Point","coordinates":[127.0664415,37.4890602]}},{"type":"Feature","properties":{"kind":"exit","ref":"6"},"geometry":{"type":"Point","coordinates":[127.0663808,37.4888379]}},{"type":"Feature","properties":{"kind":"exit","ref":"2"},"geometry":{"type":"Point","coordinates":[126.6790892,37.4181115]}},{"type":"Feature","properties":{"kind":"exit","ref":"1"},"geometry":{"type":"Point","coordinates":[126.6785433,37.4175254]}},{"type":"Feature","properties":{"kind":"exit","ref":"2"},"geometry":{"type":"Point","coordinates":[126.6956432,37.407846]}},{"type":"Feature","properties":{"kind":"exit","ref":"1"},"geometry":{"type":"Point","coordinates":[126.6952006,37.4072175]}},{"type":"Feature","properties":{"kind":"exit","ref":"1"},"geometry":{"type":"Point","coordinates":[126.7081648,37.401769]}},{"type":"Feature","properties":{"kind":"exit","ref":"2"},"geometry":{"type":"Point","coordinates":[126.7083151,37.4019774]}},{"type":"Feature","properties":{"kind":"exit","ref":"3"},"geometry":{"type":"Point","coordinates":[126.7220511,37.4008492]}},{"type":"Feature","properties":{"kind":"exit","ref":"4"},"geometry":{"type":"Point","coordinates":[126.7226627,37.4009515]}},{"type":"Feature","properties":{"kind":"exit","ref":"1"},"geometry":{"type":"Point","coordinates":[126.7334828,37.4008074]}},{"type":"Feature","properties":{"kind":"exit","ref":"2"},"geometry":{"type":"Point","coordinates":[126.7336891,37.4011061]}},{"type":"Feature","properties":{"kind":"exit","ref":"1"},"geometry":{"type":"Point","coordinates":[126.7426818,37.3914724]}},{"type":"Feature","properties":{"kind":"exit","ref":"1"},"geometry":{"type":"Point","coordinates":[126.7456477,37.3797048]}},{"type":"Feature","properties":{"kind":"exit","ref":"2"},"geometry":{"type":"Point","coordinates":[126.7458077,37.379926]}},{"type":"Feature","properties":{"kind":"exit","ref":"2"},"geometry":{"type":"Point","coordinates":[127.0594482,37.4866275]}},{"type":"Feature","properties":{"kind":"exit","ref":"3"},"geometry":{"type":"Point","coordinates":[127.0602374,37.4868072]}},{"type":"Feature","properties":{"kind":"exit","ref":"4"},"geometry":{"type":"Point","coordinates":[127.0603962,37.4866368]}},{"type":"Feature","properties":{"kind":"exit","ref":"1"},"geometry":{"type":"Point","coordinates":[127.0590559,37.4863236]}},{"type":"Feature","properties":{"kind":"exit","ref":"5"},"geometry":{"type":"Point","coordinates":[127.0593711,37.4860939]}},{"type":"Feature","properties":{"kind":"exit","ref":"2"},"geometry":{"type":"Point","coordinates":[127.0445508,37.5105604]}},{"type":"Feature","properties":{"kind":"exit","ref":"1"},"geometry":{"type":"Point","coordinates":[127.0432705,37.5102159]}},{"type":"Feature","properties":{"kind":"exit","ref":"3"},"geometry":{"type":"Point","coordinates":[127.0446222,37.510388]}},{"type":"Feature","properties":{"kind":"exit","ref":"4"},"geometry":{"type":"Point","coordinates":[127.0434159,37.510043]}},{"type":"Feature","properties":{"kind":"exit","ref":"4"},"geometry":{"type":"Point","coordinates":[127.0404337,37.5264951]}},{"type":"Feature","properties":{"kind":"exit","ref":"5"},"geometry":{"type":"Point","coordinates":[127.0401021,37.5266062]}},{"type":"Feature","properties":{"kind":"exit","ref":"6"},"geometry":{"type":"Point","coordinates":[127.0403459,37.5277797]}},{"type":"Feature","properties":{"kind":"exit","ref":"3"},"geometry":{"type":"Point","coordinates":[127.0414081,37.5274744]}},{"type":"Feature","properties":{"kind":"exit","ref":"7"},"geometry":{"type":"Point","coordinates":[127.040421,37.5280094]}},{"type":"Feature","properties":{"kind":"exit","ref":"2"},"geometry":{"type":"Point","coordinates":[127.0414886,37.5277244]}},{"type":"Feature","properties":{"kind":"exit","ref":"1"},"geometry":{"type":"Point","coordinates":[127.040936,37.5281243]}},{"type":"Feature","properties":{"kind":"exit","ref":"4"},"geometry":{"type":"Point","coordinates":[127.0446107,37.5445595]}},{"type":"Feature","properties":{"kind":"exit","ref":"1"},"geometry":{"type":"Point","coordinates":[127.0450543,37.5441431]}},{"type":"Feature","properties":{"kind":"exit","ref":"2"},"geometry":{"type":"Point","coordinates":[127.0447881,37.542999]}},{"type":"Feature","properties":{"kind":"exit","ref":"3"},"geometry":{"type":"Point","coordinates":[127.0443258,37.5429175]}},{"type":"Feature","properties":{"kind":"exit","ref":"1"},"geometry":{"type":"Point","coordinates":[127.1029984,37.6126363]}},{"type":"Feature","properties":{"kind":"exit","ref":"4"},"geometry":{"type":"Point","coordinates":[127.1035331,37.6124511]}},{"type":"Feature","properties":{"kind":"exit","ref":"2"},"geometry":{"type":"Point","coordinates":[127.1036053,37.6134479]}},{"type":"Feature","properties":{"kind":"exit","ref":"3"},"geometry":{"type":"Point","coordinates":[127.1036564,37.6131561]}},{"type":"Feature","properties":{"kind":"exit","ref":"1"},"geometry":{"type":"Point","coordinates":[126.4530643,37.4473278]}},{"type":"Feature","properties":{"kind":"exit","ref":"3"},"geometry":{"type":"Point","coordinates":[126.4524619,37.44697]}},{"type":"Feature","properties":{"kind":"exit","ref":"2"},"geometry":{"type":"Point","coordinates":[126.4531811,37.4468198]}},{"type":"Feature","properties":{"kind":"exit","ref":"1"},"geometry":{"type":"Point","coordinates":[126.4770813,37.4588236]}},{"type":"Feature","properties":{"kind":"exit","ref":"2"},"geometry":{"type":"Point","coordinates":[126.477827,37.4592302]}},{"type":"Feature","properties":{"kind":"exit","ref":"1"},"geometry":{"type":"Point","coordinates":[126.4934496,37.4929806]}},{"type":"Feature","properties":{"kind":"exit","ref":"1"},"geometry":{"type":"Point","coordinates":[126.6256487,37.5549885]}},{"type":"Feature","properties":{"kind":"exit","ref":"2"},"geometry":{"type":"Point","coordinates":[126.6259323,37.5552182]}},{"type":"Feature","properties":{"kind":"exit","ref":"1"},"geometry":{"type":"Point","coordinates":[126.6736591,37.5688969]}},{"type":"Feature","properties":{"kind":"exit","ref":"1"},"geometry":{"type":"Point","coordinates":[127.1148249,37.6337855]}},{"type":"Feature","properties":{"kind":"exit","ref":"2"},"geometry":{"type":"Point","coordinates":[127.1145588,37.6338599]}},{"type":"Feature","properties":{"kind":"exit","ref":"2"},"geometry":{"type":"Point","coordinates":[127.1271101,37.6422402]}},{"type":"Feature","properties":{"kind":"exit","ref":"2"},"geometry":{"type":"Point","coordinates":[127.1438196,37.6485401]}},{"type":"Feature","properties":{"kind":"exit","ref":"1"},"geometry":{"type":"Point","coordinates":[127.1440476,37.6480997]}},{"type":"Feature","properties":{"kind":"exit","ref":"1"},"geometry":{"type":"Point","coordinates":[127.1769922,37.651601]}},{"type":"Feature","properties":{"kind":"exit","ref":"1"},"geometry":{"type":"Point","coordinates":[127.208198,37.6372405]}},{"type":"Feature","properties":{"kind":"exit","ref":"2"},"geometry":{"type":"Point","coordinates":[127.2446432,37.6529248]}},{"type":"Feature","properties":{"kind":"exit","ref":"1"},"geometry":{"type":"Point","coordinates":[127.2446292,37.6534572]}},{"type":"Feature","properties":{"kind":"exit","ref":"4"},"geometry":{"type":"Point","coordinates":[127.1103588,37.3948444]}},{"type":"Feature","properties":{"kind":"exit","ref":"1"},"geometry":{"type":"Point","coordinates":[127.1114934,37.3953516]}},{"type":"Feature","properties":{"kind":"exit","ref":"2"},"geometry":{"type":"Point","coordinates":[127.1118099,37.3945674]}},{"type":"Feature","properties":{"kind":"exit","ref":"3"},"geometry":{"type":"Point","coordinates":[127.1109435,37.3941604]}},{"type":"Feature","properties":{"kind":"exit","ref":"1"},"geometry":{"type":"Point","coordinates":[127.0542905,37.4489498]}},{"type":"Feature","properties":{"kind":"exit","ref":"2"},"geometry":{"type":"Point","coordinates":[127.0549909,37.4476886]}},{"type":"Feature","properties":{"kind":"exit","ref":"1"},"geometry":{"type":"Point","coordinates":[127.0385337,37.4703697]}},{"type":"Feature","properties":{"kind":"exit","ref":"2"},"geometry":{"type":"Point","coordinates":[127.0391033,37.4704629]}},{"type":"Feature","properties":{"kind":"exit","ref":"3"},"geometry":{"type":"Point","coordinates":[127.0394466,37.4696901]}},{"type":"Feature","properties":{"kind":"exit","ref":"4"},"geometry":{"type":"Point","coordinates":[127.0390121,37.469275]}},{"type":"Feature","properties":{"kind":"exit","ref":"5"},"geometry":{"type":"Point","coordinates":[127.038591,37.4694559]}},{"type":"Feature","properties":{"kind":"exit","ref":"1"},"geometry":{"type":"Point","coordinates":[127.2855398,37.6592069]}},{"type":"Feature","properties":{"kind":"exit","ref":"2"},"geometry":{"type":"Point","coordinates":[127.2857623,37.659093]}},{"type":"Feature","properties":{"kind":"exit","ref":"2"},"geometry":{"type":"Point","coordinates":[127.3117505,37.6530935]}},{"type":"Feature","properties":{"kind":"exit","ref":"1"},"geometry":{"type":"Point","coordinates":[127.3117458,37.6523022]}},{"type":"Feature","properties":{"kind":"exit","ref":"1"},"geometry":{"type":"Point","coordinates":[127.3788411,37.6839401]}},{"type":"Feature","properties":{"kind":"exit","ref":"2"},"geometry":{"type":"Point","coordinates":[127.3790891,37.6836376]}},{"type":"Feature","properties":{"kind":"exit","ref":"2"},"geometry":{"type":"Point","coordinates":[127.7160473,37.8849793]}},{"type":"Feature","properties":{"kind":"exit","ref":"1"},"geometry":{"type":"Point","coordinates":[127.7236355,37.8639622]}},{"type":"Feature","properties":{"kind":"exit","ref":"3"},"geometry":{"type":"Point","coordinates":[127.7238979,37.863825]}},{"type":"Feature","properties":{"kind":"exit","ref":"2"},"geometry":{"type":"Point","coordinates":[127.7239885,37.8637754]}},{"type":"Feature","properties":{"kind":"exit","ref":"1"},"geometry":{"type":"Point","coordinates":[127.7145644,37.8180716]}},{"type":"Feature","properties":{"kind":"exit","ref":"1"},"geometry":{"type":"Point","coordinates":[127.6341724,37.8059712]}},{"type":"Feature","properties":{"kind":"exit","ref":"1"},"geometry":{"type":"Point","coordinates":[127.588595,37.8304528]}},{"type":"Feature","properties":{"kind":"exit","ref":"1"},"geometry":{"type":"Point","coordinates":[127.5111587,37.8141189]}},{"type":"Feature","properties":{"kind":"exit","ref":"1"},"geometry":{"type":"Point","coordinates":[127.55712,37.8320818]}},{"type":"Feature","properties":{"kind":"exit","ref":"2"},"geometry":{"type":"Point","coordinates":[127.5572176,37.8317124]}},{"type":"Feature","properties":{"kind":"exit","ref":"1"},"geometry":{"type":"Point","coordinates":[127.178511,37.2392791]}},{"type":"Feature","properties":{"kind":"exit","ref":"1"},"geometry":{"type":"Point","coordinates":[127.1258944,37.2704962]}},{"type":"Feature","properties":{"kind":"exit","ref":"2"},"geometry":{"type":"Point","coordinates":[127.1263761,37.2701474]}},{"type":"Feature","properties":{"kind":"exit","ref":"1"},"geometry":{"type":"Point","coordinates":[127.1359412,37.2696721]}},{"type":"Feature","properties":{"kind":"exit","ref":"2"},"geometry":{"type":"Point","coordinates":[127.1367136,37.2699071]}},{"type":"Feature","properties":{"kind":"exit","ref":"4"},"geometry":{"type":"Point","coordinates":[127.1365896,37.2694062]}},{"type":"Feature","properties":{"kind":"exit","ref":"3"},"geometry":{"type":"Point","coordinates":[127.1370999,37.2695173]}},{"type":"Feature","properties":{"kind":"exit","ref":"1"},"geometry":{"type":"Point","coordinates":[127.1437038,37.2751611]}},{"type":"Feature","properties":{"kind":"exit","ref":"3"},"geometry":{"type":"Point","coordinates":[127.1436587,37.2747884]}},{"type":"Feature","properties":{"kind":"exit","ref":"2"},"geometry":{"type":"Point","coordinates":[127.1440558,37.2749337]}},{"type":"Feature","properties":{"kind":"exit","ref":"1"},"geometry":{"type":"Point","coordinates":[127.1529034,37.2692775]}},{"type":"Feature","properties":{"kind":"exit","ref":"2"},"geometry":{"type":"Point","coordinates":[127.152986,37.2691154]}},{"type":"Feature","properties":{"kind":"exit","ref":"3"},"geometry":{"type":"Point","coordinates":[127.1526739,37.2688946]}},{"type":"Feature","properties":{"kind":"exit","ref":"1"},"geometry":{"type":"Point","coordinates":[127.1597104,37.260933]}},{"type":"Feature","properties":{"kind":"exit","ref":"2"},"geometry":{"type":"Point","coordinates":[127.1594293,37.2606112]}},{"type":"Feature","properties":{"kind":"exit","ref":"1"},"geometry":{"type":"Point","coordinates":[127.1680431,37.2424713]}},{"type":"Feature","properties":{"kind":"exit","ref":"2"},"geometry":{"type":"Point","coordinates":[127.1684573,37.2421144]}},{"type":"Feature","properties":{"kind":"exit","ref":"3"},"geometry":{"type":"Point","coordinates":[127.1680463,37.2418319]}},{"type":"Feature","properties":{"kind":"exit","ref":"1"},"geometry":{"type":"Point","coordinates":[127.1901214,37.2382628]}},{"type":"Feature","properties":{"kind":"exit","ref":"2"},"geometry":{"type":"Point","coordinates":[127.1907052,37.238049]}},{"type":"Feature","properties":{"kind":"exit","ref":"1"},"geometry":{"type":"Point","coordinates":[127.1983383,37.2374727]}},{"type":"Feature","properties":{"kind":"exit","ref":"2"},"geometry":{"type":"Point","coordinates":[127.1990014,37.2374114]}},{"type":"Feature","properties":{"kind":"exit","ref":"1"},"geometry":{"type":"Point","coordinates":[127.2087477,37.2380286]}},{"type":"Feature","properties":{"kind":"exit","ref":"2"},"geometry":{"type":"Point","coordinates":[127.2092535,37.2380477]}},{"type":"Feature","properties":{"kind":"exit","ref":"1"},"geometry":{"type":"Point","coordinates":[127.2144171,37.2447255]}},{"type":"Feature","properties":{"kind":"exit","ref":"1"},"geometry":{"type":"Point","coordinates":[127.2170831,37.258931]}},{"type":"Feature","properties":{"kind":"exit","ref":"2"},"geometry":{"type":"Point","coordinates":[127.2186224,37.2587364]}},{"type":"Feature","properties":{"kind":"exit","ref":"1"},"geometry":{"type":"Point","coordinates":[127.2137586,37.2673684]}},{"type":"Feature","properties":{"kind":"exit","ref":"2"},"geometry":{"type":"Point","coordinates":[127.2137166,37.2668797]}},{"type":"Feature","properties":{"kind":"exit","ref":"1"},"geometry":{"type":"Point","coordinates":[127.2196638,37.285092]}},{"type":"Feature","properties":{"kind":"exit","ref":"2"},"geometry":{"type":"Point","coordinates":[127.2192435,37.2853335]}},{"type":"Feature","properties":{"kind":"exit","ref":"4"},"geometry":{"type":"Point","coordinates":[127.2204087,37.285811]}},{"type":"Feature","properties":{"kind":"exit","ref":"3"},"geometry":{"type":"Point","coordinates":[127.219958,37.2861361]}},{"type":"Feature","properties":{"kind":"exit","ref":"1"},"geometry":{"type":"Point","coordinates":[127.0888091,37.7337894]}},{"type":"Feature","properties":{"kind":"exit","ref":"2"},"geometry":{"type":"Point","coordinates":[127.0874214,37.7372415]}},{"type":"Feature","properties":{"kind":"exit","ref":"1"},"geometry":{"type":"Point","coordinates":[127.0871693,37.7371885]}},{"type":"Feature","properties":{"kind":"exit","ref":"1"},"geometry":{"type":"Point","coordinates":[127.084975,37.7428736]}},{"type":"Feature","properties":{"kind":"exit","ref":"2"},"geometry":{"type":"Point","coordinates":[127.0853859,37.7427049]}},{"type":"Feature","properties":{"kind":"exit","ref":"2"},"geometry":{"type":"Point","coordinates":[127.0841068,37.7506934]}},{"type":"Feature","properties":{"kind":"exit","ref":"1"},"geometry":{"type":"Point","coordinates":[127.0769606,37.7538054]}},{"type":"Feature","properties":{"kind":"exit","ref":"1"},"geometry":{"type":"Point","coordinates":[127.0710432,37.7505455]}},{"type":"Feature","properties":{"kind":"exit","ref":"2"},"geometry":{"type":"Point","coordinates":[127.0715392,37.7507515]}},{"type":"Feature","properties":{"kind":"exit","ref":"1"},"geometry":{"type":"Point","coordinates":[127.0640253,37.7488435]}},{"type":"Feature","properties":{"kind":"exit","ref":"2"},"geometry":{"type":"Point","coordinates":[127.0559662,37.7454912]}},{"type":"Feature","properties":{"kind":"exit","ref":"1"},"geometry":{"type":"Point","coordinates":[127.0566654,37.7449735]}},{"type":"Feature","properties":{"kind":"exit","ref":"2"},"geometry":{"type":"Point","coordinates":[127.049184,37.7437735]}},{"type":"Feature","properties":{"kind":"exit","ref":"1"},"geometry":{"type":"Point","coordinates":[127.0492091,37.7435531]}},{"type":"Feature","properties":{"kind":"exit","ref":"2"},"geometry":{"type":"Point","coordinates":[127.0372072,37.7433887]}},{"type":"Feature","properties":{"kind":"exit","ref":"1"},"geometry":{"type":"Point","coordinates":[127.0367487,37.7431146]}},{"type":"Feature","properties":{"kind":"exit","ref":"1"},"geometry":{"type":"Point","coordinates":[127.0350212,37.7388728]}},{"type":"Feature","properties":{"kind":"exit","ref":"2"},"geometry":{"type":"Point","coordinates":[127.0347425,37.7388622]}},{"type":"Feature","properties":{"kind":"exit","ref":"1"},"geometry":{"type":"Point","coordinates":[127.0431437,37.7372479]}},{"type":"Feature","properties":{"kind":"exit","ref":"2"},"geometry":{"type":"Point","coordinates":[127.0435571,37.7286663]}},{"type":"Feature","properties":{"kind":"exit","ref":"1"},"geometry":{"type":"Point","coordinates":[127.0438206,37.7287947]}},{"type":"Feature","properties":{"kind":"exit","ref":"1"},"geometry":{"type":"Point","coordinates":[127.0529465,37.7273011]}},{"type":"Feature","properties":{"kind":"exit","ref":"2"},"geometry":{"type":"Point","coordinates":[127.0531252,37.7269185]}},{"type":"Feature","properties":{"kind":"exit","ref":"5"},"geometry":{"type":"Point","coordinates":[126.8951038,37.5173836]}},{"type":"Feature","properties":{"kind":"exit","ref":"1"},"geometry":{"type":"Point","coordinates":[126.8944174,37.5171523]}},{"type":"Feature","properties":{"kind":"exit","ref":"7"},"geometry":{"type":"Point","coordinates":[126.8948118,37.5170814]}},{"type":"Feature","properties":{"kind":"exit","ref":"6"},"geometry":{"type":"Point","coordinates":[126.8950583,37.5171327]}},{"type":"Feature","properties":{"kind":"exit","ref":"3"},"geometry":{"type":"Point","coordinates":[126.8947594,37.5190315]}},{"type":"Feature","properties":{"kind":"exit","ref":"2"},"geometry":{"type":"Point","coordinates":[126.894818,37.5186943]}},{"type":"Feature","properties":{"kind":"exit","ref":"4"},"geometry":{"type":"Point","coordinates":[126.8951014,37.5187236]}},{"type":"Feature","properties":{"kind":"exit","ref":"9"},"geometry":{"type":"Point","coordinates":[126.9756451,37.504421]}},{"type":"Feature","properties":{"kind":"exit","ref":"1"},"geometry":{"type":"Point","coordinates":[127.0464046,37.547656]}},{"type":"Feature","properties":{"kind":"exit","ref":"8"},"geometry":{"type":"Point","coordinates":[127.0463171,37.5474725]}},{"type":"Feature","properties":{"kind":"exit","ref":"3"},"geometry":{"type":"Point","coordinates":[127.0437197,37.5546083]}},{"type":"Feature","properties":{"kind":"exit","ref":"2"},"geometry":{"type":"Point","coordinates":[127.0439148,37.5559684]}},{"type":"Feature","properties":{"kind":"exit","ref":"8"},"geometry":{"type":"Point","coordinates":[126.8639657,37.5259879]}},{"type":"Feature","properties":{"kind":"exit","ref":"8"},"geometry":{"type":"Point","coordinates":[127.1011786,37.5138205]}},{"type":"Feature","properties":{"kind":"exit","ref":"9"},"geometry":{"type":"Point","coordinates":[127.0239758,37.5041111]}},{"type":"Feature","properties":{"kind":"exit","ref":"1"},"geometry":{"type":"Point","coordinates":[126.9864979,37.501647]}},{"type":"Feature","properties":{"kind":"exit","ref":"2"},"geometry":{"type":"Point","coordinates":[126.9866797,37.5016455]}},{"type":"Feature","properties":{"kind":"exit","ref":"3"},"geometry":{"type":"Point","coordinates":[126.9870217,37.5014719]}},{"type":"Feature","properties":{"kind":"exit","ref":"4"},"geometry":{"type":"Point","coordinates":[127.0153286,37.548337]}},{"type":"Feature","properties":{"kind":"exit","ref":"3"},"geometry":{"type":"Point","coordinates":[127.0154904,37.5480447]}},{"type":"Feature","properties":{"kind":"exit","ref":"1"},"geometry":{"type":"Point","coordinates":[127.0161801,37.5486861]}},{"type":"Feature","properties":{"kind":"exit","ref":"2"},"geometry":{"type":"Point","coordinates":[127.0160374,37.5482071]}},{"type":"Feature","properties":{"kind":"exit","ref":"1"},"geometry":{"type":"Point","coordinates":[126.9650969,37.5289458]}},{"type":"Feature","properties":{"kind":"exit","ref":"2"},"geometry":{"type":"Point","coordinates":[126.9650031,37.5298576]}},{"type":"Feature","properties":{"kind":"exit","ref":"3"},"geometry":{"type":"Point","coordinates":[126.9636583,37.5317477]}},{"type":"Feature","properties":{"kind":"exit","ref":"2"},"geometry":{"type":"Point","coordinates":[126.8337604,37.6123825]}},{"type":"Feature","properties":{"kind":"exit","ref":"1"},"geometry":{"type":"Point","coordinates":[127.4540604,37.770248]}},{"type":"Feature","properties":{"kind":"exit","ref":"4"},"geometry":{"type":"Point","coordinates":[130.3975466,33.591231]}},{"type":"Feature","properties":{"kind":"exit","ref":"7"},"geometry":{"type":"Point","coordinates":[126.936309,37.5550038]}},{"type":"Feature","properties":{"kind":"exit","ref":"7"},"geometry":{"type":"Point","coordinates":[126.9844474,37.5703456]}},{"type":"Feature","properties":{"kind":"exit","ref":"9"},"geometry":{"type":"Point","coordinates":[126.9843537,37.5700753]}},{"type":"Feature","properties":{"kind":"exit","ref":"8"},"geometry":{"type":"Point","coordinates":[126.9847337,37.5703439]}},{"type":"Feature","properties":{"kind":"exit","ref":"10"},"geometry":{"type":"Point","coordinates":[126.9846457,37.5700713]}},{"type":"Feature","properties":{"kind":"exit","ref":"12"},"geometry":{"type":"Point","coordinates":[126.985847,37.5700508]}},{"type":"Feature","properties":{"kind":"exit","ref":"11"},"geometry":{"type":"Point","coordinates":[126.9858402,37.5703302]}},{"type":"Feature","properties":{"kind":"exit","ref":"W21"},"geometry":{"type":"Point","coordinates":[130.4184948,33.5893915]}},{"type":"Feature","properties":{"kind":"exit","ref":"엘리베이터"},"geometry":{"type":"Point","coordinates":[128.5573324,35.8369529]}},{"type":"Feature","properties":{"kind":"exit","ref":"1"},"geometry":{"type":"Point","coordinates":[128.624923,35.8600568]}},{"type":"Feature","properties":{"kind":"exit","ref":"7"},"geometry":{"type":"Point","coordinates":[127.060018,37.5138423]}},{"type":"Feature","properties":{"kind":"exit","ref":"9"},"geometry":{"type":"Point","coordinates":[126.9769417,37.5713027]}},{"type":"Feature","properties":{"kind":"exit","ref":"6"},"geometry":{"type":"Point","coordinates":[129.0172256,35.2670687]}},{"type":"Feature","properties":{"kind":"exit","ref":"6"},"geometry":{"type":"Point","coordinates":[129.0122229,35.2119308]}},{"type":"Feature","properties":{"kind":"exit","ref":"5"},"geometry":{"type":"Point","coordinates":[129.0122756,35.2117479]}},{"type":"Feature","properties":{"kind":"exit","ref":"1"},"geometry":{"type":"Point","coordinates":[129.0144214,35.2122908]}},{"type":"Feature","properties":{"kind":"exit","ref":"2"},"geometry":{"type":"Point","coordinates":[129.014347,35.2124421]}},{"type":"Feature","properties":{"kind":"exit","ref":"3"},"geometry":{"type":"Point","coordinates":[129.0135714,35.2120943]}},{"type":"Feature","properties":{"kind":"exit","ref":"4"},"geometry":{"type":"Point","coordinates":[129.0134804,35.2122374]}},{"type":"Feature","properties":{"kind":"exit","ref":"1"},"geometry":{"type":"Point","coordinates":[128.9486214,35.1716573]}},{"type":"Feature","properties":{"kind":"exit","ref":"3"},"geometry":{"type":"Point","coordinates":[126.6779159,37.4188597]}},{"type":"Feature","properties":{"kind":"exit","ref":"4"},"geometry":{"type":"Point","coordinates":[126.6772704,37.4182675]}},{"type":"Feature","properties":{"kind":"exit","ref":"3"},"geometry":{"type":"Point","coordinates":[127.0945825,37.3235308]}},{"type":"Feature","properties":{"kind":"exit","ref":"2"},"geometry":{"type":"Point","coordinates":[127.0945543,37.3222754]}},{"type":"Feature","properties":{"kind":"exit","ref":"4"},"geometry":{"type":"Point","coordinates":[127.0952583,37.3229911]}},{"type":"Feature","properties":{"kind":"exit","ref":"1"},"geometry":{"type":"Point","coordinates":[127.0954582,37.3227671]}},{"type":"Feature","properties":{"kind":"exit","ref":"7"},"geometry":{"type":"Point","coordinates":[127.3271579,36.6193354]}},{"type":"Feature","properties":{"kind":"exit","ref":"1"},"geometry":{"type":"Point","coordinates":[128.5222029,35.8138389]}},{"type":"Feature","properties":{"kind":"exit","ref":"7"},"geometry":{"type":"Point","coordinates":[126.7007481,37.4488857]}},{"type":"Feature","properties":{"kind":"exit","ref":"2"},"geometry":{"type":"Point","coordinates":[126.9793633,37.566076]}},{"type":"Feature","properties":{"kind":"exit","ref":"1"},"geometry":{"type":"Point","coordinates":[126.9792243,37.5661749]}},{"type":"Feature","properties":{"kind":"exit","ref":"3"},"geometry":{"type":"Point","coordinates":[126.9790805,37.5657553]}},{"type":"Feature","properties":{"kind":"exit","ref":"2"},"geometry":{"type":"Point","coordinates":[126.7695975,37.6825119]}},{"type":"Feature","properties":{"kind":"exit","ref":"4"},"geometry":{"type":"Point","coordinates":[126.917148,37.6117449]}},{"type":"Feature","properties":{"kind":"exit","ref":"6"},"geometry":{"type":"Point","coordinates":[126.8257621,37.559566]}},{"type":"Feature","properties":{"kind":"exit","ref":"7"},"geometry":{"type":"Point","coordinates":[126.8249566,37.559614]}},{"type":"Feature","properties":{"kind":"exit","ref":"1"},"geometry":{"type":"Point","coordinates":[126.8245433,37.5601803]}},{"type":"Feature","properties":{"kind":"exit","ref":"4"},"geometry":{"type":"Point","coordinates":[126.9183176,37.6373161]}},{"type":"Feature","properties":{"kind":"exit","ref":"3-1"},"geometry":{"type":"Point","coordinates":[126.9415413,37.5134264]}},{"type":"Feature","properties":{"kind":"exit","ref":"1"},"geometry":{"type":"Point","coordinates":[126.7196139,37.620447]}},{"type":"Feature","properties":{"kind":"exit","ref":"2"},"geometry":{"type":"Point","coordinates":[126.8383873,37.4864291]}},{"type":"Feature","properties":{"kind":"exit","ref":"9"},"geometry":{"type":"Point","coordinates":[126.8369507,37.5588929]}},{"type":"Feature","properties":{"kind":"exit","ref":"3"},"geometry":{"type":"Point","coordinates":[126.656315,37.6015177]}},{"type":"Feature","properties":{"kind":"exit","ref":"5"},"geometry":{"type":"Point","coordinates":[127.084872,37.5118781]}},{"type":"Feature","properties":{"kind":"exit","ref":"2"},"geometry":{"type":"Point","coordinates":[126.6572761,37.6018864]}},{"type":"Feature","properties":{"kind":"exit","ref":"1"},"geometry":{"type":"Point","coordinates":[126.6572085,37.6020794]}},{"type":"Feature","properties":{"kind":"exit","ref":"3"},"geometry":{"type":"Point","coordinates":[129.0762272,35.1795378]}},{"type":"Feature","properties":{"kind":"exit","ref":"5"},"geometry":{"type":"Point","coordinates":[129.0765848,35.1799502]}},{"type":"Feature","properties":{"kind":"exit","ref":"7"},"geometry":{"type":"Point","coordinates":[129.0769764,35.1804272]}},{"type":"Feature","properties":{"kind":"exit","ref":"8"},"geometry":{"type":"Point","coordinates":[129.0771132,35.1801192]}},{"type":"Feature","properties":{"kind":"exit","ref":"6"},"geometry":{"type":"Point","coordinates":[129.0768906,35.1798375]}},{"type":"Feature","properties":{"kind":"exit","ref":"4"},"geometry":{"type":"Point","coordinates":[129.0765052,35.1793547]}},{"type":"Feature","properties":{"kind":"exit","ref":"1"},"geometry":{"type":"Point","coordinates":[129.0759465,35.1792094]}},{"type":"Feature","properties":{"kind":"exit","ref":"2"},"geometry":{"type":"Point","coordinates":[129.0762227,35.1789902]}},{"type":"Feature","properties":{"kind":"exit","ref":"1"},"geometry":{"type":"Point","coordinates":[128.9969558,35.2069729]}},{"type":"Feature","properties":{"kind":"exit","ref":"3"},"geometry":{"type":"Point","coordinates":[128.9963178,35.2062929]}},{"type":"Feature","properties":{"kind":"exit","ref":"1"},"geometry":{"type":"Point","coordinates":[127.0555201,37.892066]}},{"type":"Feature","properties":{"kind":"exit","ref":"4"},"geometry":{"type":"Point","coordinates":[127.0560748,37.8920395]}},{"type":"Feature","properties":{"kind":"exit","ref":"2"},"geometry":{"type":"Point","coordinates":[127.0556484,37.8930984]}},{"type":"Feature","properties":{"kind":"exit","ref":"3"},"geometry":{"type":"Point","coordinates":[127.05606,37.8930828]}},{"type":"Feature","properties":{"kind":"exit","ref":"1"},"geometry":{"type":"Point","coordinates":[126.94568,37.3213377]}},{"type":"Feature","properties":{"kind":"exit","ref":"1"},"geometry":{"type":"Point","coordinates":[126.9456709,37.3216634]}},{"type":"Feature","properties":{"kind":"exit","ref":"1"},"geometry":{"type":"Point","coordinates":[126.9459693,37.3211354]}},{"type":"Feature","properties":{"kind":"exit","ref":"1"},"geometry":{"type":"Point","coordinates":[127.041225,37.6018879]}},{"type":"Feature","properties":{"kind":"exit","ref":"1"},"geometry":{"type":"Point","coordinates":[126.6387483,37.4604183]}},{"type":"Feature","properties":{"kind":"exit","ref":"5"},"geometry":{"type":"Point","coordinates":[126.9632329,37.5384701]}},{"type":"Feature","properties":{"kind":"exit","ref":"1"},"geometry":{"type":"Point","coordinates":[127.1366797,37.5280719]}},{"type":"Feature","properties":{"kind":"exit","ref":"2"},"geometry":{"type":"Point","coordinates":[127.1439708,37.5517752]}},{"type":"Feature","properties":{"kind":"exit","ref":"1"},"geometry":{"type":"Point","coordinates":[127.7172854,37.8848072]}},{"type":"Feature","properties":{"kind":"exit","ref":"2"},"geometry":{"type":"Point","coordinates":[128.7277004,35.8339945]}},{"type":"Feature","properties":{"kind":"exit","ref":"3"},"geometry":{"type":"Point","coordinates":[128.7285551,35.8338764]}},{"type":"Feature","properties":{"kind":"exit","ref":"1"},"geometry":{"type":"Point","coordinates":[128.7278614,35.834317]}},{"type":"Feature","properties":{"kind":"exit","ref":"4"},"geometry":{"type":"Point","coordinates":[128.7286579,35.8342163]}},{"type":"Feature","properties":{"kind":"exit","ref":"4"},"geometry":{"type":"Point","coordinates":[127.058961,37.6317377]}},{"type":"Feature","properties":{"kind":"exit","ref":"1"},"geometry":{"type":"Point","coordinates":[126.7665858,37.7255267]}},{"type":"Feature","properties":{"kind":"exit","ref":"6"},"geometry":{"type":"Point","coordinates":[129.0915483,35.2573138]}},{"type":"Feature","properties":{"kind":"exit","ref":"4"},"geometry":{"type":"Point","coordinates":[129.0915549,35.2567468]}},{"type":"Feature","properties":{"kind":"exit","ref":"2"},"geometry":{"type":"Point","coordinates":[129.0915613,35.2563314]}},{"type":"Feature","properties":{"kind":"exit","ref":"1"},"geometry":{"type":"Point","coordinates":[129.0912474,35.2563301]}},{"type":"Feature","properties":{"kind":"exit","ref":"3"},"geometry":{"type":"Point","coordinates":[129.0912405,35.2567456]}},{"type":"Feature","properties":{"kind":"exit","ref":"2"},"geometry":{"type":"Point","coordinates":[126.8678752,37.4957317]}},{"type":"Feature","properties":{"kind":"exit","ref":"1"},"geometry":{"type":"Point","coordinates":[126.9629922,37.5593717]}},{"type":"Feature","properties":{"kind":"exit","ref":"1"},"geometry":{"type":"Point","coordinates":[127.1490114,36.8328661]}},{"type":"Feature","properties":{"kind":"exit","ref":"7"},"geometry":{"type":"Point","coordinates":[129.0912271,35.2577296]}},{"type":"Feature","properties":{"kind":"exit","ref":"5"},"geometry":{"type":"Point","coordinates":[129.0912341,35.2573142]}},{"type":"Feature","properties":{"kind":"exit","ref":"8"},"geometry":{"type":"Point","coordinates":[129.0915414,35.2577293]}},{"type":"Feature","properties":{"kind":"exit","ref":"7"},"geometry":{"type":"Point","coordinates":[129.0924677,35.2659599]}},{"type":"Feature","properties":{"kind":"exit","ref":"5"},"geometry":{"type":"Point","coordinates":[129.0923816,35.2655505]}},{"type":"Feature","properties":{"kind":"exit","ref":"3"},"geometry":{"type":"Point","coordinates":[129.0922471,35.2649223]}},{"type":"Feature","properties":{"kind":"exit","ref":"1"},"geometry":{"type":"Point","coordinates":[129.092161,35.2645129]}},{"type":"Feature","properties":{"kind":"exit","ref":"2"},"geometry":{"type":"Point","coordinates":[129.0924699,35.2644656]}},{"type":"Feature","properties":{"kind":"exit","ref":"4"},"geometry":{"type":"Point","coordinates":[129.092556,35.2648751]}},{"type":"Feature","properties":{"kind":"exit","ref":"6"},"geometry":{"type":"Point","coordinates":[129.0926912,35.2655053]}},{"type":"Feature","properties":{"kind":"exit","ref":"8"},"geometry":{"type":"Point","coordinates":[129.0927773,35.2659147]}},{"type":"Feature","properties":{"kind":"exit","ref":"3"},"geometry":{"type":"Point","coordinates":[129.0922414,35.2649713]}},{"type":"Feature","properties":{"kind":"exit","ref":"4"},"geometry":{"type":"Point","coordinates":[129.0925805,35.2649285]}},{"type":"Feature","properties":{"kind":"exit","ref":"7"},"geometry":{"type":"Point","coordinates":[126.650263,37.4478074]}},{"type":"Feature","properties":{"kind":"exit","ref":"1"},"geometry":{"type":"Point","coordinates":[126.6496632,37.4475977]}},{"type":"Feature","properties":{"kind":"exit","ref":"2"},"geometry":{"type":"Point","coordinates":[126.6494097,37.448306]}},{"type":"Feature","properties":{"kind":"exit","ref":"3"},"geometry":{"type":"Point","coordinates":[126.6490718,37.4487299]}},{"type":"Feature","properties":{"kind":"exit","ref":"4"},"geometry":{"type":"Point","coordinates":[126.6500924,37.4490116]}},{"type":"Feature","properties":{"kind":"exit","ref":"5"},"geometry":{"type":"Point","coordinates":[126.6504634,37.4487264]}},{"type":"Feature","properties":{"kind":"exit","ref":"6"},"geometry":{"type":"Point","coordinates":[126.6505383,37.4482704]}},{"type":"Feature","properties":{"kind":"exit","ref":"1"},"geometry":{"type":"Point","coordinates":[126.4595727,37.4376507]}},{"type":"Feature","properties":{"kind":"exit","ref":"2"},"geometry":{"type":"Point","coordinates":[126.4595859,37.4370781]}},{"type":"Feature","properties":{"kind":"exit","ref":"1"},"geometry":{"type":"Point","coordinates":[126.4341868,37.4290634]}},{"type":"Feature","properties":{"kind":"exit","ref":"1"},"geometry":{"type":"Point","coordinates":[127.1030316,37.3377702]}},{"type":"Feature","properties":{"kind":"exit","ref":"2"},"geometry":{"type":"Point","coordinates":[127.1025929,37.3377382]}},{"type":"Feature","properties":{"kind":"exit","ref":"3"},"geometry":{"type":"Point","coordinates":[127.1025832,37.3385801]}},{"type":"Feature","properties":{"kind":"exit","ref":"5"},"geometry":{"type":"Point","coordinates":[130.3791051,33.5898589]}},{"type":"Feature","properties":{"kind":"exit","ref":"2"},"geometry":{"type":"Point","coordinates":[126.6378307,37.4605082]}},{"type":"Feature","properties":{"kind":"exit","ref":"3"},"geometry":{"type":"Point","coordinates":[126.6377442,37.4614796]}},{"type":"Feature","properties":{"kind":"exit","ref":"4"},"geometry":{"type":"Point","coordinates":[126.638412,37.4609802]}},{"type":"Feature","properties":{"kind":"exit","ref":"1"},"geometry":{"type":"Point","coordinates":[126.6252603,37.4677653]}},{"type":"Feature","properties":{"kind":"exit","ref":"2"},"geometry":{"type":"Point","coordinates":[126.6234858,37.4689116]}},{"type":"Feature","properties":{"kind":"exit","ref":"3"},"geometry":{"type":"Point","coordinates":[126.6236964,37.469163]}},{"type":"Feature","properties":{"kind":"exit","ref":"4"},"geometry":{"type":"Point","coordinates":[126.625473,37.4684621]}},{"type":"Feature","properties":{"kind":"exit","ref":"5"},"geometry":{"type":"Point","coordinates":[126.6256863,37.4683441]}},{"type":"Feature","properties":{"kind":"exit","ref":"6"},"geometry":{"type":"Point","coordinates":[126.6256234,37.4679207]}},{"type":"Feature","properties":{"kind":"exit","ref":"2"},"geometry":{"type":"Point","coordinates":[126.8530212,37.3094251]}},{"type":"Feature","properties":{"kind":"exit","ref":"E12c"},"geometry":{"type":"Point","coordinates":[130.4018753,33.5875128]}},{"type":"Feature","properties":{"kind":"exit","ref":"6"},"geometry":{"type":"Point","coordinates":[126.9234332,35.1390021]}},{"type":"Feature","properties":{"kind":"exit","ref":"5"},"geometry":{"type":"Point","coordinates":[126.923259,35.139418]}},{"type":"Feature","properties":{"kind":"exit","ref":"3"},"geometry":{"type":"Point","coordinates":[126.9223324,35.1398661]}},{"type":"Feature","properties":{"kind":"exit","ref":"4"},"geometry":{"type":"Point","coordinates":[126.92252,35.1400433]}},{"type":"Feature","properties":{"kind":"exit","ref":"1"},"geometry":{"type":"Point","coordinates":[126.9231549,35.1388888]}},{"type":"Feature","properties":{"kind":"exit","ref":"2"},"geometry":{"type":"Point","coordinates":[126.9228048,35.1389195]}},{"type":"Feature","properties":{"kind":"exit","ref":"3"},"geometry":{"type":"Point","coordinates":[126.9191749,35.147011]}},{"type":"Feature","properties":{"kind":"exit","ref":"4"},"geometry":{"type":"Point","coordinates":[126.9196241,35.1472016]}},{"type":"Feature","properties":{"kind":"exit","ref":"1"},"geometry":{"type":"Point","coordinates":[126.9201859,35.1458101]}},{"type":"Feature","properties":{"kind":"exit","ref":"2"},"geometry":{"type":"Point","coordinates":[126.9203866,35.1458659]}},{"type":"Feature","properties":{"kind":"exit","ref":"4"},"geometry":{"type":"Point","coordinates":[126.9152364,35.1503924]}},{"type":"Feature","properties":{"kind":"exit","ref":"1"},"geometry":{"type":"Point","coordinates":[126.9150448,35.1502497]}},{"type":"Feature","properties":{"kind":"exit","ref":"3"},"geometry":{"type":"Point","coordinates":[126.9140194,35.1512001]}},{"type":"Feature","properties":{"kind":"exit","ref":"2"},"geometry":{"type":"Point","coordinates":[126.913877,35.1510257]}},{"type":"Feature","properties":{"kind":"exit","ref":"1"},"geometry":{"type":"Point","coordinates":[126.8851987,35.1531293]}},{"type":"Feature","properties":{"kind":"exit","ref":"7"},"geometry":{"type":"Point","coordinates":[126.8846143,35.1538739]}},{"type":"Feature","properties":{"kind":"exit","ref":"5"},"geometry":{"type":"Point","coordinates":[126.8835255,35.1536265]}},{"type":"Feature","properties":{"kind":"exit","ref":"4"},"geometry":{"type":"Point","coordinates":[126.8829888,35.1534864]}},{"type":"Feature","properties":{"kind":"exit","ref":"2"},"geometry":{"type":"Point","coordinates":[126.8836479,35.1530466]}},{"type":"Feature","properties":{"kind":"exit","ref":"3"},"geometry":{"type":"Point","coordinates":[126.8828342,35.1529488]}},{"type":"Feature","properties":{"kind":"exit","ref":"1"},"geometry":{"type":"Point","coordinates":[129.0363233,35.101847]}},{"type":"Feature","properties":{"kind":"exit","ref":"2"},"geometry":{"type":"Point","coordinates":[129.0365865,35.1026628]}},{"type":"Feature","properties":{"kind":"exit","ref":"3"},"geometry":{"type":"Point","coordinates":[129.0363515,35.1026559]}},{"type":"Feature","properties":{"kind":"exit","ref":"4"},"geometry":{"type":"Point","coordinates":[129.036549,35.1031657]}},{"type":"Feature","properties":{"kind":"exit","ref":"5"},"geometry":{"type":"Point","coordinates":[129.0362513,35.102843]}},{"type":"Feature","properties":{"kind":"exit","ref":"7"},"geometry":{"type":"Point","coordinates":[129.036035,35.1029965]}},{"type":"Feature","properties":{"kind":"exit","ref":"9"},"geometry":{"type":"Point","coordinates":[129.0362979,35.1031631]}},{"type":"Feature","properties":{"kind":"exit","ref":"6"},"geometry":{"type":"Point","coordinates":[129.0364944,35.1036986]}},{"type":"Feature","properties":{"kind":"exit","ref":"10"},"geometry":{"type":"Point","coordinates":[129.0364282,35.1048811]}},{"type":"Feature","properties":{"kind":"exit","ref":"8"},"geometry":{"type":"Point","coordinates":[129.0364476,35.10458]}},{"type":"Feature","properties":{"kind":"exit","ref":"13"},"geometry":{"type":"Point","coordinates":[129.0362375,35.1048727]}},{"type":"Feature","properties":{"kind":"exit","ref":"11"},"geometry":{"type":"Point","coordinates":[129.0362419,35.104575]}},{"type":"Feature","properties":{"kind":"exit","ref":"3"},"geometry":{"type":"Point","coordinates":[127.1472781,36.808829]}},{"type":"Feature","properties":{"kind":"exit","ref":"3"},"geometry":{"type":"Point","coordinates":[127.1040089,36.7942206]}},{"type":"Feature","properties":{"kind":"exit","ref":"1"},"geometry":{"type":"Point","coordinates":[127.1039954,36.7942696]}},{"type":"Feature","properties":{"kind":"exit","ref":"2"},"geometry":{"type":"Point","coordinates":[127.1048632,36.7943916]}},{"type":"Feature","properties":{"kind":"exit","ref":"1"},"geometry":{"type":"Point","coordinates":[127.3146708,36.3916633]}},{"type":"Feature","properties":{"kind":"exit","ref":"2"},"geometry":{"type":"Point","coordinates":[127.3141743,36.3918368]}},{"type":"Feature","properties":{"kind":"exit","ref":"3"},"geometry":{"type":"Point","coordinates":[127.3140043,36.3920402]}},{"type":"Feature","properties":{"kind":"exit","ref":"2"},"geometry":{"type":"Point","coordinates":[126.7322978,37.4550628]}},{"type":"Feature","properties":{"kind":"exit","ref":"1"},"geometry":{"type":"Point","coordinates":[126.7314353,37.4551234]}},{"type":"Feature","properties":{"kind":"exit","ref":"4"},"geometry":{"type":"Point","coordinates":[126.7314006,37.4549018]}},{"type":"Feature","properties":{"kind":"exit","ref":"3"},"geometry":{"type":"Point","coordinates":[126.7322897,37.4548409]}},{"type":"Feature","properties":{"kind":"exit","ref":"1"},"geometry":{"type":"Point","coordinates":[126.6770312,37.5441276]}},{"type":"Feature","properties":{"kind":"exit","ref":"2"},"geometry":{"type":"Point","coordinates":[126.6770074,37.5435255]}},{"type":"Feature","properties":{"kind":"exit","ref":"3"},"geometry":{"type":"Point","coordinates":[126.6766629,37.5434457]}},{"type":"Feature","properties":{"kind":"exit","ref":"4"},"geometry":{"type":"Point","coordinates":[126.6766983,37.5441588]}},{"type":"Feature","properties":{"kind":"exit","ref":"1"},"geometry":{"type":"Point","coordinates":[126.8943656,37.4559811]}},{"type":"Feature","properties":{"kind":"exit","ref":"1"},"geometry":{"type":"Point","coordinates":[126.8457286,37.6126479]}},{"type":"Feature","properties":{"kind":"exit","ref":"2"},"geometry":{"type":"Point","coordinates":[126.8453146,37.6123245]}},{"type":"Feature","properties":{"kind":"exit","ref":"2"},"geometry":{"type":"Point","coordinates":[126.6671488,37.5973637]}},{"type":"Feature","properties":{"kind":"exit","ref":"1"},"geometry":{"type":"Point","coordinates":[126.6674726,37.5975848]}},{"type":"Feature","properties":{"kind":"exit","ref":"3"},"geometry":{"type":"Point","coordinates":[126.6665309,37.5980798]}},{"type":"Feature","properties":{"kind":"exit","ref":"1"},"geometry":{"type":"Point","coordinates":[126.6770662,37.517524]}},{"type":"Feature","properties":{"kind":"exit","ref":"2"},"geometry":{"type":"Point","coordinates":[126.6766522,37.5175679]}},{"type":"Feature","properties":{"kind":"exit","ref":"1"},"geometry":{"type":"Point","coordinates":[126.6812119,37.458535]}},{"type":"Feature","properties":{"kind":"exit","ref":"2"},"geometry":{"type":"Point","coordinates":[126.6810172,37.4582857]}},{"type":"Feature","properties":{"kind":"exit","ref":"1"},"geometry":{"type":"Point","coordinates":[126.8212216,37.6193388]}},{"type":"Feature","properties":{"kind":"exit","ref":"1"},"geometry":{"type":"Point","coordinates":[126.6734928,37.5933512]}},{"type":"Feature","properties":{"kind":"exit","ref":"2"},"geometry":{"type":"Point","coordinates":[126.6740405,37.593152]}},{"type":"Feature","properties":{"kind":"exit","ref":"3"},"geometry":{"type":"Point","coordinates":[126.6738229,37.5925456]}},{"type":"Feature","properties":{"kind":"exit","ref":"4"},"geometry":{"type":"Point","coordinates":[126.6732783,37.5928565]}},{"type":"Feature","properties":{"kind":"exit","ref":"1"},"geometry":{"type":"Point","coordinates":[126.6760119,37.585485]}},{"type":"Feature","properties":{"kind":"exit","ref":"2"},"geometry":{"type":"Point","coordinates":[126.6761964,37.5848537]}},{"type":"Feature","properties":{"kind":"exit","ref":"3"},"geometry":{"type":"Point","coordinates":[126.6755699,37.5855094]}},{"type":"Feature","properties":{"kind":"exit","ref":"4"},"geometry":{"type":"Point","coordinates":[127.1430379,37.5454895]}},{"type":"Feature","properties":{"kind":"exit","ref":"1"},"geometry":{"type":"Point","coordinates":[126.6765354,37.5078264]}},{"type":"Feature","properties":{"kind":"exit","ref":"8"},"geometry":{"type":"Point","coordinates":[126.675981,37.5066427]}},{"type":"Feature","properties":{"kind":"exit","ref":"1"},"geometry":{"type":"Point","coordinates":[126.6760536,37.4998461]}},{"type":"Feature","properties":{"kind":"exit","ref":"2"},"geometry":{"type":"Point","coordinates":[126.6756571,37.4998565]}},{"type":"Feature","properties":{"kind":"exit","ref":"1"},"geometry":{"type":"Point","coordinates":[127.4421787,37.2647081]}},{"type":"Feature","properties":{"kind":"exit","ref":"1"},"geometry":{"type":"Point","coordinates":[127.5708226,37.2939369]}},{"type":"Feature","properties":{"kind":"exit","ref":"1"},"geometry":{"type":"Point","coordinates":[127.2034563,37.4085445]}},{"type":"Feature","properties":{"kind":"exit","ref":"2"},"geometry":{"type":"Point","coordinates":[127.2043882,37.4088814]}},{"type":"Feature","properties":{"kind":"exit","ref":"1"},"geometry":{"type":"Point","coordinates":[127.0329281,37.5071358]}},{"type":"Feature","properties":{"kind":"exit","ref":"2"},"geometry":{"type":"Point","coordinates":[127.033577,37.5076299]}},{"type":"Feature","properties":{"kind":"exit","ref":"3"},"geometry":{"type":"Point","coordinates":[127.0337767,37.5078892]}},{"type":"Feature","properties":{"kind":"exit","ref":"4"},"geometry":{"type":"Point","coordinates":[127.0342306,37.5074997]}},{"type":"Feature","properties":{"kind":"exit","ref":"5"},"geometry":{"type":"Point","coordinates":[127.0343072,37.5073279]}},{"type":"Feature","properties":{"kind":"exit","ref":"6"},"geometry":{"type":"Point","coordinates":[127.0343743,37.5066073]}},{"type":"Feature","properties":{"kind":"exit","ref":"7"},"geometry":{"type":"Point","coordinates":[127.0339378,37.5068993]}},{"type":"Feature","properties":{"kind":"exit","ref":"1"},"geometry":{"type":"Point","coordinates":[127.6297174,37.4769577]}},{"type":"Feature","properties":{"kind":"exit","ref":"1"},"geometry":{"type":"Point","coordinates":[126.6923255,37.4578063]}},{"type":"Feature","properties":{"kind":"exit","ref":"2"},"geometry":{"type":"Point","coordinates":[126.6922829,37.4575582]}},{"type":"Feature","properties":{"kind":"exit","ref":"1"},"geometry":{"type":"Point","coordinates":[127.0593156,37.5141404]}},{"type":"Feature","properties":{"kind":"exit","ref":"2"},"geometry":{"type":"Point","coordinates":[127.0598372,37.5145233]}},{"type":"Feature","properties":{"kind":"exit","ref":"3"},"geometry":{"type":"Point","coordinates":[127.060232,37.5147292]}},{"type":"Feature","properties":{"kind":"exit","ref":"4"},"geometry":{"type":"Point","coordinates":[127.061088,37.5144844]}},{"type":"Feature","properties":{"kind":"exit","ref":"5"},"geometry":{"type":"Point","coordinates":[127.0611106,37.5142634]}},{"type":"Feature","properties":{"kind":"exit","ref":"6"},"geometry":{"type":"Point","coordinates":[127.0607708,37.5140306]}},{"type":"Feature","properties":{"kind":"exit","ref":"1"},"geometry":{"type":"Point","coordinates":[127.4049961,37.3155192]}},{"type":"Feature","properties":{"kind":"exit","ref":"2"},"geometry":{"type":"Point","coordinates":[127.4055274,37.3156524]}},{"type":"Feature","properties":{"kind":"exit","ref":"1"},"geometry":{"type":"Point","coordinates":[127.0695966,37.2979652]}},{"type":"Feature","properties":{"kind":"exit","ref":"2"},"geometry":{"type":"Point","coordinates":[127.0693435,37.2970484]}},{"type":"Feature","properties":{"kind":"exit","ref":"3"},"geometry":{"type":"Point","coordinates":[127.0689694,37.2970858]}},{"type":"Feature","properties":{"kind":"exit","ref":"4"},"geometry":{"type":"Point","coordinates":[127.0692385,37.2980273]}},{"type":"Feature","properties":{"kind":"exit","ref":"1"},"geometry":{"type":"Point","coordinates":[126.798346,37.5786095]}},{"type":"Feature","properties":{"kind":"exit","ref":"2"},"geometry":{"type":"Point","coordinates":[126.7976778,37.5784405]}},{"type":"Feature","properties":{"kind":"exit","ref":"1"},"geometry":{"type":"Point","coordinates":[126.9426715,37.5594435]}},{"type":"Feature","properties":{"kind":"exit","ref":"2"},"geometry":{"type":"Point","coordinates":[126.9426465,37.5601361]}},{"type":"Feature","properties":{"kind":"exit","ref":"1"},"geometry":{"type":"Point","coordinates":[127.0520464,37.2879429]}},{"type":"Feature","properties":{"kind":"exit","ref":"2"},"geometry":{"type":"Point","coordinates":[127.0508031,37.2888724]}},{"type":"Feature","properties":{"kind":"exit","ref":"3"},"geometry":{"type":"Point","coordinates":[127.0511097,37.2891705]}},{"type":"Feature","properties":{"kind":"exit","ref":"4"},"geometry":{"type":"Point","coordinates":[127.0523056,37.288244]}},{"type":"Feature","properties":{"kind":"exit","ref":"1"},"geometry":{"type":"Point","coordinates":[126.6814675,37.4741704]}},{"type":"Feature","properties":{"kind":"exit","ref":"2"},"geometry":{"type":"Point","coordinates":[126.6808319,37.4733628]}},{"type":"Feature","properties":{"kind":"exit","ref":"1"},"geometry":{"type":"Point","coordinates":[126.7188809,37.4560397]}},{"type":"Feature","properties":{"kind":"exit","ref":"2"},"geometry":{"type":"Point","coordinates":[126.7198445,37.4559654]}},{"type":"Feature","properties":{"kind":"exit","ref":"3"},"geometry":{"type":"Point","coordinates":[126.7198056,37.4557525]}},{"type":"Feature","properties":{"kind":"exit","ref":"4"},"geometry":{"type":"Point","coordinates":[126.718841,37.4558166]}},{"type":"Feature","properties":{"kind":"exit","ref":"1"},"geometry":{"type":"Point","coordinates":[126.677729,37.5617448]}},{"type":"Feature","properties":{"kind":"exit","ref":"2"},"geometry":{"type":"Point","coordinates":[126.6777199,37.561155]}},{"type":"Feature","properties":{"kind":"exit","ref":"3"},"geometry":{"type":"Point","coordinates":[126.6773305,37.5611605]}},{"type":"Feature","properties":{"kind":"exit","ref":"4"},"geometry":{"type":"Point","coordinates":[126.6773412,37.5617652]}},{"type":"Feature","properties":{"kind":"exit","ref":"2"},"geometry":{"type":"Point","coordinates":[126.6844931,37.4838313]}},{"type":"Feature","properties":{"kind":"exit","ref":"3"},"geometry":{"type":"Point","coordinates":[126.6842899,37.4836126]}},{"type":"Feature","properties":{"kind":"exit","ref":"4"},"geometry":{"type":"Point","coordinates":[126.6835508,37.4841678]}},{"type":"Feature","properties":{"kind":"exit","ref":"1"},"geometry":{"type":"Point","coordinates":[127.6286265,37.2824514]}},{"type":"Feature","properties":{"kind":"exit","ref":"2"},"geometry":{"type":"Point","coordinates":[127.6282287,37.2824425]}},{"type":"Feature","properties":{"kind":"exit","ref":"1"},"geometry":{"type":"Point","coordinates":[126.6418332,37.5949838]}},{"type":"Feature","properties":{"kind":"exit","ref":"2"},"geometry":{"type":"Point","coordinates":[126.6423996,37.595129]}},{"type":"Feature","properties":{"kind":"exit","ref":"1"},"geometry":{"type":"Point","coordinates":[127.29989,37.3731295]}},{"type":"Feature","properties":{"kind":"exit","ref":"2"},"geometry":{"type":"Point","coordinates":[127.2992525,37.3734584]}},{"type":"Feature","properties":{"kind":"exit","ref":"1"},"geometry":{"type":"Point","coordinates":[126.7612503,37.7127722]}},{"type":"Feature","properties":{"kind":"exit","ref":"2"},"geometry":{"type":"Point","coordinates":[126.7614245,37.7132844]}},{"type":"Feature","properties":{"kind":"exit","ref":"3"},"geometry":{"type":"Point","coordinates":[126.7621087,37.712851]}},{"type":"Feature","properties":{"kind":"exit","ref":"2"},"geometry":{"type":"Point","coordinates":[126.6283403,37.5948605]}},{"type":"Feature","properties":{"kind":"exit","ref":"1"},"geometry":{"type":"Point","coordinates":[126.6275858,37.595048]}},{"type":"Feature","properties":{"kind":"exit","ref":"1"},"geometry":{"type":"Point","coordinates":[127.4736593,37.5056003]}},{"type":"Feature","properties":{"kind":"exit","ref":"3"},"geometry":{"type":"Point","coordinates":[127.0805699,37.3126546]}},{"type":"Feature","properties":{"kind":"exit","ref":"2"},"geometry":{"type":"Point","coordinates":[127.0807642,37.3129553]}},{"type":"Feature","properties":{"kind":"exit","ref":"1"},"geometry":{"type":"Point","coordinates":[127.0806471,37.3134863]}},{"type":"Feature","properties":{"kind":"exit","ref":"5"},"geometry":{"type":"Point","coordinates":[127.0802424,37.3136508]}},{"type":"Feature","properties":{"kind":"exit","ref":"1"},"geometry":{"type":"Point","coordinates":[127.0524496,37.5129343]}},{"type":"Feature","properties":{"kind":"exit","ref":"2"},"geometry":{"type":"Point","coordinates":[127.0529196,37.5133829]}},{"type":"Feature","properties":{"kind":"exit","ref":"3"},"geometry":{"type":"Point","coordinates":[127.0531484,37.5137154]}},{"type":"Feature","properties":{"kind":"exit","ref":"4"},"geometry":{"type":"Point","coordinates":[127.0539654,37.5132752]}},{"type":"Feature","properties":{"kind":"exit","ref":"5"},"geometry":{"type":"Point","coordinates":[127.0537651,37.5126086]}},{"type":"Feature","properties":{"kind":"exit","ref":"6"},"geometry":{"type":"Point","coordinates":[127.0533272,37.5126239]}},{"type":"Feature","properties":{"kind":"exit","ref":"1"},"geometry":{"type":"Point","coordinates":[126.7362446,37.4483762]}},{"type":"Feature","properties":{"kind":"exit","ref":"2"},"geometry":{"type":"Point","coordinates":[126.7373002,37.448331]}},{"type":"Feature","properties":{"kind":"exit","ref":"3"},"geometry":{"type":"Point","coordinates":[126.7372924,37.4480373]}},{"type":"Feature","properties":{"kind":"exit","ref":"4"},"geometry":{"type":"Point","coordinates":[126.7362342,37.4480619]}},{"type":"Feature","properties":{"kind":"exit","ref":"1"},"geometry":{"type":"Point","coordinates":[127.013434,37.6030247]}},{"type":"Feature","properties":{"kind":"exit","ref":"2"},"geometry":{"type":"Point","coordinates":[127.0133537,37.6027258]}},{"type":"Feature","properties":{"kind":"exit","ref":"1"},"geometry":{"type":"Point","coordinates":[127.0175765,37.6341039]}},{"type":"Feature","properties":{"kind":"exit","ref":"2"},"geometry":{"type":"Point","coordinates":[127.0173835,37.6340384]}},{"type":"Feature","properties":{"kind":"exit","ref":"1"},"geometry":{"type":"Point","coordinates":[127.0207257,37.620793]}},{"type":"Feature","properties":{"kind":"exit","ref":"2"},"geometry":{"type":"Point","coordinates":[127.0203082,37.6215365]}},{"type":"Feature","properties":{"kind":"exit","ref":"2"},"geometry":{"type":"Point","coordinates":[127.0078796,37.6124457]}},{"type":"Feature","properties":{"kind":"exit","ref":"1"},"geometry":{"type":"Point","coordinates":[127.0085433,37.6117859]}},{"type":"Feature","properties":{"kind":"exit","ref":"3"},"geometry":{"type":"Point","coordinates":[126.971095,37.299909]}},{"type":"Feature","properties":{"kind":"exit","ref":"4"},"geometry":{"type":"Point","coordinates":[126.9712355,37.3004624]}},{"type":"Feature","properties":{"kind":"exit","ref":"2"},"geometry":{"type":"Point","coordinates":[129.0248053,35.0966289]}},{"type":"Feature","properties":{"kind":"exit","ref":"1"},"geometry":{"type":"Point","coordinates":[129.0246403,35.0968433]}},{"type":"Feature","properties":{"kind":"exit","ref":"6"},"geometry":{"type":"Point","coordinates":[129.0265505,35.0971891]}},{"type":"Feature","properties":{"kind":"exit","ref":"4"},"geometry":{"type":"Point","coordinates":[129.0261207,35.0969915]}},{"type":"Feature","properties":{"kind":"exit","ref":"3"},"geometry":{"type":"Point","coordinates":[129.0264474,35.0974459]}},{"type":"Feature","properties":{"kind":"exit","ref":"5"},"geometry":{"type":"Point","coordinates":[129.0271202,35.0976096]}},{"type":"Feature","properties":{"kind":"exit","ref":"7"},"geometry":{"type":"Point","coordinates":[129.0276854,35.0977385]}},{"type":"Feature","properties":{"kind":"exit","ref":"8"},"geometry":{"type":"Point","coordinates":[129.0272221,35.0973746]}},{"type":"Feature","properties":{"kind":"exit","ref":"10"},"geometry":{"type":"Point","coordinates":[129.0278078,35.0975171]}},{"type":"Feature","properties":{"kind":"exit","ref":"8"},"geometry":{"type":"Point","coordinates":[129.0359284,35.0978879]}},{"type":"Feature","properties":{"kind":"exit","ref":"10"},"geometry":{"type":"Point","coordinates":[129.0361391,35.0983324]}},{"type":"Feature","properties":{"kind":"exit","ref":"5"},"geometry":{"type":"Point","coordinates":[129.0352134,35.0981518]}},{"type":"Feature","properties":{"kind":"exit","ref":"6"},"geometry":{"type":"Point","coordinates":[129.0354837,35.0976863]}},{"type":"Feature","properties":{"kind":"exit","ref":"4"},"geometry":{"type":"Point","coordinates":[129.0348683,35.097675]}},{"type":"Feature","properties":{"kind":"exit","ref":"1"},"geometry":{"type":"Point","coordinates":[129.0339261,35.0977768]}},{"type":"Feature","properties":{"kind":"exit","ref":"3"},"geometry":{"type":"Point","coordinates":[129.0343773,35.0979021]}},{"type":"Feature","properties":{"kind":"exit","ref":"2"},"geometry":{"type":"Point","coordinates":[129.0332905,35.0974996]}},{"type":"Feature","properties":{"kind":"exit","ref":"2"},"geometry":{"type":"Point","coordinates":[127.011745,37.5720338]}},{"type":"Feature","properties":{"kind":"exit","ref":"2"},"geometry":{"type":"Point","coordinates":[126.9773857,37.5724998]}},{"type":"Feature","properties":{"kind":"exit","ref":"3"},"geometry":{"type":"Point","coordinates":[127.1923126,37.5641197]}},{"type":"Feature","properties":{"kind":"exit","ref":"2"},"geometry":{"type":"Point","coordinates":[126.6750938,37.4898136]}},{"type":"Feature","properties":{"kind":"exit","ref":"1"},"geometry":{"type":"Point","coordinates":[126.6754524,37.4907972]}},{"type":"Feature","properties":{"kind":"exit","ref":"1"},"geometry":{"type":"Point","coordinates":[126.6773005,37.5518443]}},{"type":"Feature","properties":{"kind":"exit","ref":"2"},"geometry":{"type":"Point","coordinates":[126.6772733,37.5511551]}},{"type":"Feature","properties":{"kind":"exit","ref":"3"},"geometry":{"type":"Point","coordinates":[126.6769169,37.5511636]}},{"type":"Feature","properties":{"kind":"exit","ref":"4"},"geometry":{"type":"Point","coordinates":[126.6769322,37.5518557]}},{"type":"Feature","properties":{"kind":"exit","ref":"3"},"geometry":{"type":"Point","coordinates":[126.7536293,37.4486841]}},{"type":"Feature","properties":{"kind":"exit","ref":"1"},"geometry":{"type":"Point","coordinates":[126.753377,37.4484339]}},{"type":"Feature","properties":{"kind":"exit","ref":"2"},"geometry":{"type":"Point","coordinates":[126.7530539,37.4487994]}},{"type":"Feature","properties":{"kind":"exit","ref":"1"},"geometry":{"type":"Point","coordinates":[126.7103303,37.4570099]}},{"type":"Feature","properties":{"kind":"exit","ref":"2"},"geometry":{"type":"Point","coordinates":[126.7111381,37.4568917]}},{"type":"Feature","properties":{"kind":"exit","ref":"3"},"geometry":{"type":"Point","coordinates":[126.711087,37.4566063]}},{"type":"Feature","properties":{"kind":"exit","ref":"4"},"geometry":{"type":"Point","coordinates":[126.7102852,37.4566879]}},{"type":"Feature","properties":{"kind":"exit","ref":"1"},"geometry":{"type":"Point","coordinates":[126.7597926,37.4395815]}},{"type":"Feature","properties":{"kind":"exit","ref":"3"},"geometry":{"type":"Point","coordinates":[126.6742396,37.5244619]}},{"type":"Feature","properties":{"kind":"exit","ref":"4"},"geometry":{"type":"Point","coordinates":[126.6742787,37.5250224]}},{"type":"Feature","properties":{"kind":"exit","ref":"1"},"geometry":{"type":"Point","coordinates":[127.3464374,37.3502554]}},{"type":"Feature","properties":{"kind":"exit","ref":"2"},"geometry":{"type":"Point","coordinates":[127.3466478,37.3507083]}},{"type":"Feature","properties":{"kind":"exit","ref":"1"},"geometry":{"type":"Point","coordinates":[126.5240883,37.5120944]}},{"type":"Feature","properties":{"kind":"exit","ref":"2"},"geometry":{"type":"Point","coordinates":[126.5251787,37.5113909]}},{"type":"Feature","properties":{"kind":"exit","ref":"2"},"geometry":{"type":"Point","coordinates":[127.024606,37.5762045]}},{"type":"Feature","properties":{"kind":"exit","ref":"3"},"geometry":{"type":"Point","coordinates":[127.0253696,37.5764124]}},{"type":"Feature","properties":{"kind":"exit","ref":"5"},"geometry":{"type":"Point","coordinates":[126.8413198,35.1435935]}},{"type":"Feature","properties":{"kind":"exit","ref":"4"},"geometry":{"type":"Point","coordinates":[126.8409672,35.1434855]}},{"type":"Feature","properties":{"kind":"exit","ref":"3"},"geometry":{"type":"Point","coordinates":[126.8409221,35.143089]}},{"type":"Feature","properties":{"kind":"exit","ref":"6"},"geometry":{"type":"Point","coordinates":[126.8417137,35.1435207]}},{"type":"Feature","properties":{"kind":"exit","ref":"2"},"geometry":{"type":"Point","coordinates":[126.8411962,35.14292]}},{"type":"Feature","properties":{"kind":"exit","ref":"1"},"geometry":{"type":"Point","coordinates":[126.8417879,35.1432115]}},{"type":"Feature","properties":{"kind":"exit","ref":"5"},"geometry":{"type":"Point","coordinates":[126.8487856,35.1472681]}},{"type":"Feature","properties":{"kind":"exit","ref":"4"},"geometry":{"type":"Point","coordinates":[126.8483241,35.1470473]}},{"type":"Feature","properties":{"kind":"exit","ref":"6"},"geometry":{"type":"Point","coordinates":[126.8491031,35.1471138]}},{"type":"Feature","properties":{"kind":"exit","ref":"3"},"geometry":{"type":"Point","coordinates":[126.8481808,35.1466886]}},{"type":"Feature","properties":{"kind":"exit","ref":"2"},"geometry":{"type":"Point","coordinates":[126.8483239,35.1464174]}},{"type":"Feature","properties":{"kind":"exit","ref":"1"},"geometry":{"type":"Point","coordinates":[126.849136,35.1468333]}},{"type":"Feature","properties":{"kind":"exit","ref":"4"},"geometry":{"type":"Point","coordinates":[126.7877182,35.1319539]}},{"type":"Feature","properties":{"kind":"exit","ref":"1"},"geometry":{"type":"Point","coordinates":[126.7880919,35.1316822]}},{"type":"Feature","properties":{"kind":"exit","ref":"4"},"geometry":{"type":"Point","coordinates":[126.7911401,35.1376113]}},{"type":"Feature","properties":{"kind":"exit","ref":"5"},"geometry":{"type":"Point","coordinates":[126.7914712,35.1377746]}},{"type":"Feature","properties":{"kind":"exit","ref":"3"},"geometry":{"type":"Point","coordinates":[126.7911965,35.137267]}},{"type":"Feature","properties":{"kind":"exit","ref":"2"},"geometry":{"type":"Point","coordinates":[126.7915133,35.1371859]}},{"type":"Feature","properties":{"kind":"exit","ref":"1"},"geometry":{"type":"Point","coordinates":[126.7918027,35.1376442]}},{"type":"Feature","properties":{"kind":"exit","ref":"3"},"geometry":{"type":"Point","coordinates":[126.7874021,35.1313393]}},{"type":"Feature","properties":{"kind":"exit","ref":"3"},"geometry":{"type":"Point","coordinates":[126.9327483,37.3583988]}},{"type":"Feature","properties":{"kind":"exit","ref":"7"},"geometry":{"type":"Point","coordinates":[126.9722083,37.5757392]}},{"type":"Feature","properties":{"kind":"exit","ref":"3-1"},"geometry":{"type":"Point","coordinates":[126.9753188,37.5216157]}},{"type":"Feature","properties":{"kind":"exit","ref":"2"},"geometry":{"type":"Point","coordinates":[129.0430715,35.1560606]}},{"type":"Feature","properties":{"kind":"exit","ref":"1"},"geometry":{"type":"Point","coordinates":[129.043178,35.1556987]}},{"type":"Feature","properties":{"kind":"exit","ref":"3"},"geometry":{"type":"Point","coordinates":[129.042589,35.1555956]}},{"type":"Feature","properties":{"kind":"exit","ref":"4"},"geometry":{"type":"Point","coordinates":[129.0425132,35.1559561]}},{"type":"Feature","properties":{"kind":"exit","ref":"5"},"geometry":{"type":"Point","coordinates":[129.0504248,35.1571023]}},{"type":"Feature","properties":{"kind":"exit","ref":"6"},"geometry":{"type":"Point","coordinates":[129.050309,35.1577577]}},{"type":"Feature","properties":{"kind":"exit","ref":"8"},"geometry":{"type":"Point","coordinates":[129.0491428,35.1572861]}},{"type":"Feature","properties":{"kind":"exit","ref":"7"},"geometry":{"type":"Point","coordinates":[129.049276,35.156914]}},{"type":"Feature","properties":{"kind":"exit","ref":"4"},"geometry":{"type":"Point","coordinates":[129.0509317,35.1579008]}},{"type":"Feature","properties":{"kind":"exit","ref":"3"},"geometry":{"type":"Point","coordinates":[129.0510698,35.1571092]}},{"type":"Feature","properties":{"kind":"exit","ref":"1"},"geometry":{"type":"Point","coordinates":[127.0469427,37.5804525]}},{"type":"Feature","properties":{"kind":"exit","ref":"3"},"geometry":{"type":"Point","coordinates":[126.9005246,37.4852244]}},{"type":"Feature","properties":{"kind":"exit","ref":"2"},"geometry":{"type":"Point","coordinates":[126.900929,37.4850525]}},{"type":"Feature","properties":{"kind":"exit","ref":"5"},"geometry":{"type":"Point","coordinates":[126.9013566,37.4857102]}},{"type":"Feature","properties":{"kind":"exit","ref":"4"},"geometry":{"type":"Point","coordinates":[126.9010199,37.4858491]}},{"type":"Feature","properties":{"kind":"exit","ref":"10"},"geometry":{"type":"Point","coordinates":[126.8823271,37.4812387]}},{"type":"Feature","properties":{"kind":"exit","ref":"5"},"geometry":{"type":"Point","coordinates":[126.8905575,37.5091528]}},{"type":"Feature","properties":{"kind":"exit","ref":"6"},"geometry":{"type":"Point","coordinates":[126.8912547,37.5095136]}},{"type":"Feature","properties":{"kind":"exit","ref":"4"},"geometry":{"type":"Point","coordinates":[126.8912615,37.5085291]}},{"type":"Feature","properties":{"kind":"exit","ref":"1"},"geometry":{"type":"Point","coordinates":[126.9716427,37.5564412]}},{"type":"Feature","properties":{"kind":"exit","ref":"3"},"geometry":{"type":"Point","coordinates":[126.6176233,37.4764191]}},{"type":"Feature","properties":{"kind":"exit","ref":"2"},"geometry":{"type":"Point","coordinates":[126.6174909,37.477133]}},{"type":"Feature","properties":{"kind":"exit","ref":"6"},"geometry":{"type":"Point","coordinates":[126.8961056,37.5238985]}},{"type":"Feature","properties":{"kind":"exit","ref":"1"},"geometry":{"type":"Point","coordinates":[127.0830826,37.7504397]}},{"type":"Feature","properties":{"kind":"exit","ref":"2"},"geometry":{"type":"Point","coordinates":[127.0732808,37.6253757]}},{"type":"Feature","properties":{"kind":"exit","ref":"2"},"geometry":{"type":"Point","coordinates":[126.7877975,35.1312867]}},{"type":"Feature","properties":{"kind":"exit","ref":"6"},"geometry":{"type":"Point","coordinates":[126.8839722,35.1537263]}},{"type":"Feature","properties":{"kind":"exit","ref":"10"},"geometry":{"type":"Point","coordinates":[126.8524155,37.5623945]}},{"type":"Feature","properties":{"kind":"exit","ref":"10"},"geometry":{"type":"Point","coordinates":[128.9680494,35.1057379]}},{"type":"Feature","properties":{"kind":"exit","ref":"12"},"geometry":{"type":"Point","coordinates":[128.968343,35.1057045]}},{"type":"Feature","properties":{"kind":"exit","ref":"8"},"geometry":{"type":"Point","coordinates":[128.9675352,35.1060608]}},{"type":"Feature","properties":{"kind":"exit","ref":"7"},"geometry":{"type":"Point","coordinates":[128.9676335,35.1064096]}},{"type":"Feature","properties":{"kind":"exit","ref":"5"},"geometry":{"type":"Point","coordinates":[128.9665113,35.1063966]}},{"type":"Feature","properties":{"kind":"exit","ref":"3"},"geometry":{"type":"Point","coordinates":[128.9660234,35.106396]}},{"type":"Feature","properties":{"kind":"exit","ref":"6"},"geometry":{"type":"Point","coordinates":[128.9665374,35.1060656]}},{"type":"Feature","properties":{"kind":"exit","ref":"4"},"geometry":{"type":"Point","coordinates":[128.9661481,35.1060602]}},{"type":"Feature","properties":{"kind":"exit","ref":"1"},"geometry":{"type":"Point","coordinates":[128.9646656,35.1063831]}},{"type":"Feature","properties":{"kind":"exit","ref":"2"},"geometry":{"type":"Point","coordinates":[128.9646675,35.1060299]}},{"type":"Feature","properties":{"kind":"exit","ref":"11"},"geometry":{"type":"Point","coordinates":[128.9686969,35.1060818]}},{"type":"Feature","properties":{"kind":"exit","ref":"9"},"geometry":{"type":"Point","coordinates":[128.968462,35.1064979]}},{"type":"Feature","properties":{"kind":"exit","ref":"6"},"geometry":{"type":"Point","coordinates":[126.6790893,37.4656866]}},{"type":"Feature","properties":{"kind":"exit","ref":"5"},"geometry":{"type":"Point","coordinates":[126.6794791,37.4648219]}},{"type":"Feature","properties":{"kind":"exit","ref":"P2"},"geometry":{"type":"Point","coordinates":[130.4159483,33.5927256]}},{"type":"Feature","properties":{"kind":"exit","ref":"P4"},"geometry":{"type":"Point","coordinates":[130.4167798,33.5921267]}},{"type":"Feature","properties":{"kind":"exit","ref":"1"},"geometry":{"type":"Point","coordinates":[126.7971711,37.4691581]}},{"type":"Feature","properties":{"kind":"exit","ref":"4"},"geometry":{"type":"Point","coordinates":[126.7965666,37.4693313]}},{"type":"Feature","properties":{"kind":"exit","ref":"2"},"geometry":{"type":"Point","coordinates":[126.7975173,37.4684172]}},{"type":"Feature","properties":{"kind":"exit","ref":"3"},"geometry":{"type":"Point","coordinates":[126.7971928,37.4682208]}},{"type":"Feature","properties":{"kind":"exit","ref":"1"},"geometry":{"type":"Point","coordinates":[126.8095186,37.3701247]}},{"type":"Feature","properties":{"kind":"exit","ref":"2"},"geometry":{"type":"Point","coordinates":[126.8089675,37.3696088]}},{"type":"Feature","properties":{"kind":"exit","ref":"4"},"geometry":{"type":"Point","coordinates":[126.8075852,37.3705218]}},{"type":"Feature","properties":{"kind":"exit","ref":"3"},"geometry":{"type":"Point","coordinates":[126.8076786,37.3701358]}},{"type":"Feature","properties":{"kind":"exit","ref":"1"},"geometry":{"type":"Point","coordinates":[126.8058133,37.3822849]}},{"type":"Feature","properties":{"kind":"exit","ref":"2"},"geometry":{"type":"Point","coordinates":[126.8060009,37.3817281]}},{"type":"Feature","properties":{"kind":"exit","ref":"3"},"geometry":{"type":"Point","coordinates":[126.8054664,37.3823271]}},{"type":"Feature","properties":{"kind":"exit","ref":"1"},"geometry":{"type":"Point","coordinates":[126.8089176,37.3491697]}},{"type":"Feature","properties":{"kind":"exit","ref":"1"},"geometry":{"type":"Point","coordinates":[126.7878261,37.4091604]}},{"type":"Feature","properties":{"kind":"exit","ref":"2"},"geometry":{"type":"Point","coordinates":[126.7880325,37.4091947]}},{"type":"Feature","properties":{"kind":"exit","ref":"1"},"geometry":{"type":"Point","coordinates":[126.683748,37.4843925]}},{"type":"Feature","properties":{"kind":"exit","ref":"4"},"geometry":{"type":"Point","coordinates":[126.93352,37.3574889]}},{"type":"Feature","properties":{"kind":"exit","ref":"3"},"geometry":{"type":"Point","coordinates":[127.0486072,37.5797721]}},{"type":"Feature","properties":{"kind":"exit","ref":"3"},"geometry":{"type":"Point","coordinates":[128.4658897,35.856805]}},{"type":"Feature","properties":{"kind":"exit","ref":"1"},"geometry":{"type":"Point","coordinates":[128.4655177,35.8576551]}},{"type":"Feature","properties":{"kind":"exit","ref":"2"},"geometry":{"type":"Point","coordinates":[128.4651783,35.8573734]}},{"type":"Feature","properties":{"kind":"exit","ref":"4"},"geometry":{"type":"Point","coordinates":[128.4661756,35.8571415]}},{"type":"Feature","properties":{"kind":"exit","ref":"2"},"geometry":{"type":"Point","coordinates":[126.9724088,37.5763866]}},{"type":"Feature","properties":{"kind":"exit","ref":"4"},"geometry":{"type":"Point","coordinates":[126.9731471,37.5759692]}},{"type":"Feature","properties":{"kind":"exit","ref":"4"},"geometry":{"type":"Point","coordinates":[127.0060059,37.4355783]}},{"type":"Feature","properties":{"kind":"exit","ref":"2"},"geometry":{"type":"Point","coordinates":[126.6759113,37.5684028]}},{"type":"Feature","properties":{"kind":"exit","ref":"3"},"geometry":{"type":"Point","coordinates":[126.6761272,37.5685895]}},{"type":"Feature","properties":{"kind":"exit","ref":"3"},"geometry":{"type":"Point","coordinates":[128.9999002,35.2033975]}},{"type":"Feature","properties":{"kind":"exit","ref":"4"},"geometry":{"type":"Point","coordinates":[129.0001162,35.2032763]}},{"type":"Feature","properties":{"kind":"exit","ref":"2"},"geometry":{"type":"Point","coordinates":[128.9992242,35.2022308]}},{"type":"Feature","properties":{"kind":"exit","ref":"1"},"geometry":{"type":"Point","coordinates":[128.9990398,35.2023634]}},{"type":"Feature","properties":{"kind":"exit","ref":"4"},"geometry":{"type":"Point","coordinates":[128.9945877,35.1960611]}},{"type":"Feature","properties":{"kind":"exit","ref":"1"},"geometry":{"type":"Point","coordinates":[128.9949923,35.1971351]}},{"type":"Feature","properties":{"kind":"exit","ref":"2"},"geometry":{"type":"Point","coordinates":[128.9952387,35.1970071]}},{"type":"Feature","properties":{"kind":"exit","ref":"3"},"geometry":{"type":"Point","coordinates":[128.9953121,35.1975754]}},{"type":"Feature","properties":{"kind":"exit","ref":"3"},"geometry":{"type":"Point","coordinates":[128.9888377,35.190324]}},{"type":"Feature","properties":{"kind":"exit","ref":"4"},"geometry":{"type":"Point","coordinates":[128.9890379,35.1902501]}},{"type":"Feature","properties":{"kind":"exit","ref":"2"},"geometry":{"type":"Point","coordinates":[128.9883854,35.1886968]}},{"type":"Feature","properties":{"kind":"exit","ref":"1"},"geometry":{"type":"Point","coordinates":[128.9880775,35.1887882]}},{"type":"Feature","properties":{"kind":"exit","ref":"1"},"geometry":{"type":"Point","coordinates":[127.1132863,37.5177063]}},{"type":"Feature","properties":{"kind":"exit","ref":"6"},"geometry":{"type":"Point","coordinates":[127.1083609,37.3671338]}},{"type":"Feature","properties":{"kind":"exit","ref":"2"},"geometry":{"type":"Point","coordinates":[127.4268855,37.735258]}},{"type":"Feature","properties":{"kind":"exit","ref":"1"},"geometry":{"type":"Point","coordinates":[127.4264251,37.7358649]}},{"type":"Feature","properties":{"kind":"exit","ref":"4"},"geometry":{"type":"Point","coordinates":[127.127968,37.394385]}},{"type":"Feature","properties":{"kind":"exit","ref":"6"},"geometry":{"type":"Point","coordinates":[127.1269058,37.3947302]}},{"type":"Feature","properties":{"kind":"exit","ref":"5"},"geometry":{"type":"Point","coordinates":[127.1269058,37.3945725]}},{"type":"Feature","properties":{"kind":"exit","ref":"1"},"geometry":{"type":"Point","coordinates":[127.0458574,37.6890363]}},{"type":"Feature","properties":{"kind":"exit","ref":"3"},"geometry":{"type":"Point","coordinates":[128.9856773,35.1810463]}},{"type":"Feature","properties":{"kind":"exit","ref":"4"},"geometry":{"type":"Point","coordinates":[128.9859931,35.1810438]}},{"type":"Feature","properties":{"kind":"exit","ref":"2"},"geometry":{"type":"Point","coordinates":[128.9856126,35.179728]}},{"type":"Feature","properties":{"kind":"exit","ref":"1"},"geometry":{"type":"Point","coordinates":[128.9853475,35.1797458]}},{"type":"Feature","properties":{"kind":"exit","ref":"6"},"geometry":{"type":"Point","coordinates":[126.9033633,37.5626631]}},{"type":"Feature","properties":{"kind":"exit","ref":"4"},"geometry":{"type":"Point","coordinates":[127.1280894,37.501536]}},{"type":"Feature","properties":{"kind":"exit","ref":"2"},"geometry":{"type":"Point","coordinates":[127.0125264,37.6629858]}},{"type":"Feature","properties":{"kind":"exit","ref":"1"},"geometry":{"type":"Point","coordinates":[127.0126894,37.6633694]}},{"type":"Feature","properties":{"kind":"exit","ref":"2"},"geometry":{"type":"Point","coordinates":[127.0131165,37.6560958]}},{"type":"Feature","properties":{"kind":"exit","ref":"1"},"geometry":{"type":"Point","coordinates":[127.0133917,37.6558857]}},{"type":"Feature","properties":{"kind":"exit","ref":"2"},"geometry":{"type":"Point","coordinates":[127.0134866,37.6495756]}},{"type":"Feature","properties":{"kind":"exit","ref":"1"},"geometry":{"type":"Point","coordinates":[127.0137334,37.6497072]}},{"type":"Feature","properties":{"kind":"exit","ref":"2"},"geometry":{"type":"Point","coordinates":[127.0167509,37.6410146]}},{"type":"Feature","properties":{"kind":"exit","ref":"1"},"geometry":{"type":"Point","coordinates":[127.0169266,37.6416979]}},{"type":"Feature","properties":{"kind":"exit","ref":"2"},"geometry":{"type":"Point","coordinates":[127.0181617,37.6264355]}},{"type":"Feature","properties":{"kind":"exit","ref":"1"},"geometry":{"type":"Point","coordinates":[127.0182649,37.6267573]}},{"type":"Feature","properties":{"kind":"exit","ref":"2"},"geometry":{"type":"Point","coordinates":[127.0138675,37.6203078]}},{"type":"Feature","properties":{"kind":"exit","ref":"1"},"geometry":{"type":"Point","coordinates":[127.0128979,37.620176]}},{"type":"Feature","properties":{"kind":"exit","ref":"2"},"geometry":{"type":"Point","coordinates":[126.7864213,37.3020912]}},{"type":"Feature","properties":{"kind":"exit","ref":"1"},"geometry":{"type":"Point","coordinates":[126.7866749,37.3019629]}},{"type":"Feature","properties":{"kind":"exit","ref":"4"},"geometry":{"type":"Point","coordinates":[126.7956564,37.3132764]}},{"type":"Feature","properties":{"kind":"exit","ref":"3"},"geometry":{"type":"Point","coordinates":[126.7949321,37.3131038]}},{"type":"Feature","properties":{"kind":"exit","ref":"2"},"geometry":{"type":"Point","coordinates":[126.7950328,37.3128211]}},{"type":"Feature","properties":{"kind":"exit","ref":"1"},"geometry":{"type":"Point","coordinates":[126.7959273,37.3130439]}},{"type":"Feature","properties":{"kind":"exit","ref":"4"},"geometry":{"type":"Point","coordinates":[126.8090969,37.3205377]}},{"type":"Feature","properties":{"kind":"exit","ref":"3"},"geometry":{"type":"Point","coordinates":[126.8085605,37.3209259]}},{"type":"Feature","properties":{"kind":"exit","ref":"2"},"geometry":{"type":"Point","coordinates":[126.8080831,37.3206486]}},{"type":"Feature","properties":{"kind":"exit","ref":"5"},"geometry":{"type":"Point","coordinates":[126.8080991,37.3191682]}},{"type":"Feature","properties":{"kind":"exit","ref":"5"},"geometry":{"type":"Point","coordinates":[126.8092743,37.3345713]}},{"type":"Feature","properties":{"kind":"exit","ref":"4"},"geometry":{"type":"Point","coordinates":[126.8092359,37.334225]}},{"type":"Feature","properties":{"kind":"exit","ref":"3"},"geometry":{"type":"Point","coordinates":[126.8105864,37.334145]}},{"type":"Feature","properties":{"kind":"exit","ref":"2"},"geometry":{"type":"Point","coordinates":[126.8107605,37.3347466]}},{"type":"Feature","properties":{"kind":"exit","ref":"1"},"geometry":{"type":"Point","coordinates":[126.8104182,37.3350722]}},{"type":"Feature","properties":{"kind":"exit","ref":"4"},"geometry":{"type":"Point","coordinates":[126.7863725,37.4385366]}},{"type":"Feature","properties":{"kind":"exit","ref":"3"},"geometry":{"type":"Point","coordinates":[126.7868108,37.4390882]}},{"type":"Feature","properties":{"kind":"exit","ref":"2"},"geometry":{"type":"Point","coordinates":[126.7875431,37.4397102]}},{"type":"Feature","properties":{"kind":"exit","ref":"1"},"geometry":{"type":"Point","coordinates":[126.7872944,37.4399538]}},{"type":"Feature","properties":{"kind":"exit","ref":"2"},"geometry":{"type":"Point","coordinates":[126.7927609,37.449619]}},{"type":"Feature","properties":{"kind":"exit","ref":"1"},"geometry":{"type":"Point","coordinates":[126.7933279,37.450707]}},{"type":"Feature","properties":{"kind":"exit","ref":"6"},"geometry":{"type":"Point","coordinates":[126.7944467,37.4835276]}},{"type":"Feature","properties":{"kind":"exit","ref":"7"},"geometry":{"type":"Point","coordinates":[126.7950005,37.4834701]}},{"type":"Feature","properties":{"kind":"exit","ref":"3-1"},"geometry":{"type":"Point","coordinates":[127.0410959,37.5173453]}},{"type":"Feature","properties":{"kind":"exit","ref":"3"},"geometry":{"type":"Point","coordinates":[127.0559686,37.4909126]}},{"type":"Feature","properties":{"kind":"exit","ref":"2-1"},"geometry":{"type":"Point","coordinates":[127.1177777,37.4927726]}},{"type":"Feature","properties":{"kind":"exit","ref":"4"},"geometry":{"type":"Point","coordinates":[127.0650358,37.4951723]}},{"type":"Feature","properties":{"kind":"exit","ref":"2"},"geometry":{"type":"Point","coordinates":[126.8274915,37.5669125]}},{"type":"Feature","properties":{"kind":"exit","ref":"3"},"geometry":{"type":"Point","coordinates":[126.8280119,37.5657219]}},{"type":"Feature","properties":{"kind":"exit","ref":"4"},"geometry":{"type":"Point","coordinates":[126.8279046,37.5649268]}},{"type":"Feature","properties":{"kind":"exit","ref":"5"},"geometry":{"type":"Point","coordinates":[126.8273896,37.5649735]}},{"type":"Feature","properties":{"kind":"exit","ref":"6"},"geometry":{"type":"Point","coordinates":[126.827454,37.5659855]}},{"type":"Feature","properties":{"kind":"exit","ref":"9"},"geometry":{"type":"Point","coordinates":[127.0775002,37.5110918]}},{"type":"Feature","properties":{"kind":"exit","ref":"9"},"geometry":{"type":"Point","coordinates":[127.1043063,37.5147938]}},{"type":"Feature","properties":{"kind":"exit","ref":"4"},"geometry":{"type":"Point","coordinates":[126.962536,37.5386566]}},{"type":"Feature","properties":{"kind":"exit","ref":"1"},"geometry":{"type":"Point","coordinates":[130.3623708,33.5527507]}},{"type":"Feature","properties":{"kind":"exit","ref":"3"},"geometry":{"type":"Point","coordinates":[127.1488118,37.528931]}},{"type":"Feature","properties":{"kind":"exit","ref":"2"},"geometry":{"type":"Point","coordinates":[127.1487864,37.5298719]}},{"type":"Feature","properties":{"kind":"exit","ref":"1"},"geometry":{"type":"Point","coordinates":[127.147624,37.5278816]}},{"type":"Feature","properties":{"kind":"exit","ref":"2"},"geometry":{"type":"Point","coordinates":[127.1383856,37.5191057]}},{"type":"Feature","properties":{"kind":"exit","ref":"1"},"geometry":{"type":"Point","coordinates":[127.1387892,37.5196824]}},{"type":"Feature","properties":{"kind":"exit","ref":"4"},"geometry":{"type":"Point","coordinates":[127.1159623,37.5160723]}},{"type":"Feature","properties":{"kind":"exit","ref":"3"},"geometry":{"type":"Point","coordinates":[127.1165964,37.5158759]}},{"type":"Feature","properties":{"kind":"exit","ref":"2"},"geometry":{"type":"Point","coordinates":[127.1164457,37.5166755]}},{"type":"Feature","properties":{"kind":"exit","ref":"1"},"geometry":{"type":"Point","coordinates":[127.1150821,37.5163632]}},{"type":"Feature","properties":{"kind":"exit","ref":"1"},"geometry":{"type":"Point","coordinates":[127.1118888,37.5102141]}},{"type":"Feature","properties":{"kind":"exit","ref":"4"},"geometry":{"type":"Point","coordinates":[127.1123944,37.5099992]}},{"type":"Feature","properties":{"kind":"exit","ref":"3"},"geometry":{"type":"Point","coordinates":[127.112605,37.5103801]}},{"type":"Feature","properties":{"kind":"exit","ref":"2"},"geometry":{"type":"Point","coordinates":[127.1121208,37.5106099]}},{"type":"Feature","properties":{"kind":"exit","ref":"4"},"geometry":{"type":"Point","coordinates":[127.0967907,37.5022382]}},{"type":"Feature","properties":{"kind":"exit","ref":"3"},"geometry":{"type":"Point","coordinates":[127.0971581,37.5022255]}},{"type":"Feature","properties":{"kind":"exit","ref":"2"},"geometry":{"type":"Point","coordinates":[127.0972064,37.5026425]}},{"type":"Feature","properties":{"kind":"exit","ref":"1"},"geometry":{"type":"Point","coordinates":[127.0968121,37.502651]}},{"type":"Feature","properties":{"kind":"exit","ref":"4"},"geometry":{"type":"Point","coordinates":[127.0873373,37.5043282]}},{"type":"Feature","properties":{"kind":"exit","ref":"3"},"geometry":{"type":"Point","coordinates":[127.0885397,37.5039762]}},{"type":"Feature","properties":{"kind":"exit","ref":"2"},"geometry":{"type":"Point","coordinates":[127.0886969,37.5042596]}},{"type":"Feature","properties":{"kind":"exit","ref":"1"},"geometry":{"type":"Point","coordinates":[127.0875975,37.5045843]}},{"type":"Feature","properties":{"kind":"exit","ref":"4"},"geometry":{"type":"Point","coordinates":[126.7604575,37.6702805]}},{"type":"Feature","properties":{"kind":"exit","ref":"5"},"geometry":{"type":"Point","coordinates":[126.760675,37.6705665]}},{"type":"Feature","properties":{"kind":"exit","ref":"1"},"geometry":{"type":"Point","coordinates":[126.7479514,37.6656007]}},{"type":"Feature","properties":{"kind":"exit","ref":"5"},"geometry":{"type":"Point","coordinates":[126.7474754,37.6651418]}},{"type":"Feature","properties":{"kind":"exit","ref":"3"},"geometry":{"type":"Point","coordinates":[126.7484376,37.664713]}},{"type":"Feature","properties":{"kind":"exit","ref":"2"},"geometry":{"type":"Point","coordinates":[126.7489378,37.6652283]}},{"type":"Feature","properties":{"kind":"exit","ref":"4"},"geometry":{"type":"Point","coordinates":[126.7474925,37.6647447]}},{"type":"Feature","properties":{"kind":"exit","ref":"5"},"geometry":{"type":"Point","coordinates":[126.6696359,37.6438455]}},{"type":"Feature","properties":{"kind":"exit","ref":"3"},"geometry":{"type":"Point","coordinates":[126.668548,37.6443933]}},{"type":"Feature","properties":{"kind":"exit","ref":"6"},"geometry":{"type":"Point","coordinates":[126.6688845,37.6437492]}},{"type":"Feature","properties":{"kind":"exit","ref":"1"},"geometry":{"type":"Point","coordinates":[126.66858,37.6436869]}},{"type":"Feature","properties":{"kind":"exit","ref":"6"},"geometry":{"type":"Point","coordinates":[129.1127609,35.1570099]}},{"type":"Feature","properties":{"kind":"exit","ref":"5"},"geometry":{"type":"Point","coordinates":[129.1130348,35.1568744]}},{"type":"Feature","properties":{"kind":"exit","ref":"4"},"geometry":{"type":"Point","coordinates":[129.1129362,35.1575112]}},{"type":"Feature","properties":{"kind":"exit","ref":"3"},"geometry":{"type":"Point","coordinates":[129.1131536,35.1575001]}},{"type":"Feature","properties":{"kind":"exit","ref":"1"},"geometry":{"type":"Point","coordinates":[129.1134583,35.1585689]}},{"type":"Feature","properties":{"kind":"exit","ref":"2"},"geometry":{"type":"Point","coordinates":[129.113184,35.1586206]}},{"type":"Feature","properties":{"kind":"exit","ref":"1"},"geometry":{"type":"Point","coordinates":[129.1361574,35.1713999]}},{"type":"Feature","properties":{"kind":"exit","ref":"2"},"geometry":{"type":"Point","coordinates":[127.0452371,37.302195]}},{"type":"Feature","properties":{"kind":"exit","ref":"1"},"geometry":{"type":"Point","coordinates":[127.0446311,37.301461]}},{"type":"Feature","properties":{"kind":"exit","ref":"1"},"geometry":{"type":"Point","coordinates":[126.9424807,37.5139378]}},{"type":"Feature","properties":{"kind":"exit","ref":"4"},"geometry":{"type":"Point","coordinates":[127.0795508,37.3131137]}},{"type":"Feature","properties":{"kind":"exit","ref":"1"},"geometry":{"type":"Point","coordinates":[127.0706153,37.4963837]}},{"type":"Feature","properties":{"kind":"exit","ref":"3"},"geometry":{"type":"Point","coordinates":[127.3288092,36.6199345]}},{"type":"Feature","properties":{"kind":"exit","ref":"6"},"geometry":{"type":"Point","coordinates":[127.327678,36.6192531]}},{"type":"Feature","properties":{"kind":"exit","ref":"1"},"geometry":{"type":"Point","coordinates":[127.3280893,36.6207639]}},{"type":"Feature","properties":{"kind":"exit","ref":"1"},"geometry":{"type":"Point","coordinates":[127.0099106,37.5700617]}},{"type":"Feature","properties":{"kind":"exit","ref":"4"},"geometry":{"type":"Point","coordinates":[127.0096697,37.569493]}},{"type":"Feature","properties":{"kind":"exit","ref":"2"},"geometry":{"type":"Point","coordinates":[127.0094003,37.5700501]}},{"type":"Feature","properties":{"kind":"exit","ref":"3"},"geometry":{"type":"Point","coordinates":[127.0097987,37.5694933]}},{"type":"Feature","properties":{"kind":"exit","ref":"8"},"geometry":{"type":"Point","coordinates":[126.9496707,37.3898449]}},{"type":"Feature","properties":{"kind":"exit","ref":"7"},"geometry":{"type":"Point","coordinates":[126.9494107,37.3896468]}},{"type":"Feature","properties":{"kind":"exit","ref":"W01"},"geometry":{"type":"Point","coordinates":[130.3979068,33.5923117]}},{"type":"Feature","properties":{"kind":"exit","ref":"2"},"geometry":{"type":"Point","coordinates":[127.046603,37.7256225]}},{"type":"Feature","properties":{"kind":"exit","ref":"3"},"geometry":{"type":"Point","coordinates":[126.7771662,37.651956]}},{"type":"Feature","properties":{"kind":"exit","ref":"2"},"geometry":{"type":"Point","coordinates":[126.7773179,37.651672]}},{"type":"Feature","properties":{"kind":"exit","ref":"3"},"geometry":{"type":"Point","coordinates":[127.0463757,37.6883613]}},{"type":"Feature","properties":{"kind":"exit","ref":"12"},"geometry":{"type":"Point","coordinates":[130.4002221,33.5917299]}},{"type":"Feature","properties":{"kind":"exit","ref":"2"},"geometry":{"type":"Point","coordinates":[127.2044029,37.5518523]}},{"type":"Feature","properties":{"kind":"exit","ref":"1"},"geometry":{"type":"Point","coordinates":[127.2042301,37.5521942]}},{"type":"Feature","properties":{"kind":"exit","ref":"7"},"geometry":{"type":"Point","coordinates":[127.1653742,37.5563713]}},{"type":"Feature","properties":{"kind":"exit","ref":"2"},"geometry":{"type":"Point","coordinates":[127.1657862,37.5568237]}},{"type":"Feature","properties":{"kind":"exit","ref":"6"},"geometry":{"type":"Point","coordinates":[127.1678826,37.5568047]}},{"type":"Feature","properties":{"kind":"exit","ref":"3"},"geometry":{"type":"Point","coordinates":[127.1676152,37.5570223]}},{"type":"Feature","properties":{"kind":"exit","ref":"11"},"geometry":{"type":"Point","coordinates":[127.0013613,37.2673816]}},{"type":"Feature","properties":{"kind":"exit","ref":"12"},"geometry":{"type":"Point","coordinates":[127.0009214,37.2675726]}},{"type":"Feature","properties":{"kind":"exit","ref":"13"},"geometry":{"type":"Point","coordinates":[127.0006543,37.265237]}},{"type":"Feature","properties":{"kind":"exit","ref":"2-2"},"geometry":{"type":"Point","coordinates":[127.1023688,37.51101]}},{"type":"Feature","properties":{"kind":"exit","ref":"2-3"},"geometry":{"type":"Point","coordinates":[127.1016706,37.5108118]}},{"type":"Feature","properties":{"kind":"exit","ref":"2"},"geometry":{"type":"Point","coordinates":[126.7320859,37.6123847]}},{"type":"Feature","properties":{"kind":"exit","ref":"1"},"geometry":{"type":"Point","coordinates":[126.7323356,37.6126922]}},{"type":"Feature","properties":{"kind":"exit","ref":"11-1"},"geometry":{"type":"Point","coordinates":[127.0163474,37.5667547]}},{"type":"Feature","properties":{"kind":"exit","ref":"11"},"geometry":{"type":"Point","coordinates":[127.0779039,37.5120482]}},{"type":"Feature","properties":{"kind":"exit","ref":"10"},"geometry":{"type":"Point","coordinates":[127.077637,37.5119567]}},{"type":"Feature","properties":{"kind":"exit","ref":"13"},"geometry":{"type":"Point","coordinates":[127.0787649,37.512095]}},{"type":"Feature","properties":{"kind":"exit","ref":"12"},"geometry":{"type":"Point","coordinates":[127.0785396,37.512162]}},{"type":"Feature","properties":{"kind":"exit","ref":"14"},"geometry":{"type":"Point","coordinates":[127.0788101,37.5116105]}},{"type":"Feature","properties":{"kind":"exit","ref":"15"},"geometry":{"type":"Point","coordinates":[127.0786697,37.5114705]}},{"type":"Feature","properties":{"kind":"exit","ref":"16"},"geometry":{"type":"Point","coordinates":[127.0782308,37.5113735]}},{"type":"Feature","properties":{"kind":"exit","ref":"1"},"geometry":{"type":"Point","coordinates":[127.085935,36.9911666]}},{"type":"Feature","properties":{"kind":"exit","ref":"P5"},"geometry":{"type":"Point","coordinates":[130.4173118,33.5915924]}},{"type":"Feature","properties":{"kind":"exit","ref":"P1"},"geometry":{"type":"Point","coordinates":[130.4162313,33.5929914]}},{"type":"Feature","properties":{"kind":"exit","ref":"P3"},"geometry":{"type":"Point","coordinates":[130.4170623,33.5924918]}},{"type":"Feature","properties":{"kind":"exit","ref":"W11"},"geometry":{"type":"Point","coordinates":[130.418608,33.5901704]}},{"type":"Feature","properties":{"kind":"exit","ref":"W01"},"geometry":{"type":"Point","coordinates":[130.4196688,33.5906842]}},{"type":"Feature","properties":{"kind":"exit","ref":"W05"},"geometry":{"type":"Point","coordinates":[130.4186592,33.5912715]}},{"type":"Feature","properties":{"kind":"exit","ref":"W02"},"geometry":{"type":"Point","coordinates":[130.41965,33.5908825]}},{"type":"Feature","properties":{"kind":"exit","ref":"W03"},"geometry":{"type":"Point","coordinates":[130.4196252,33.5910819]}},{"type":"Feature","properties":{"kind":"exit","ref":"W06"},"geometry":{"type":"Point","coordinates":[130.4184862,33.5913217]}},{"type":"Feature","properties":{"kind":"exit","ref":"W12"},"geometry":{"type":"Point","coordinates":[130.4185586,33.5903479]}},{"type":"Feature","properties":{"kind":"exit","ref":"W13"},"geometry":{"type":"Point","coordinates":[130.419009,33.5899016]}},{"type":"Feature","properties":{"kind":"exit","ref":"W17"},"geometry":{"type":"Point","coordinates":[130.4190178,33.5893791]}},{"type":"Feature","properties":{"kind":"exit","ref":"E05"},"geometry":{"type":"Point","coordinates":[130.4219815,33.5898265]}},{"type":"Feature","properties":{"kind":"exit","ref":"E07"},"geometry":{"type":"Point","coordinates":[130.4227558,33.5898655]}},{"type":"Feature","properties":{"kind":"exit","ref":"E04"},"geometry":{"type":"Point","coordinates":[130.4220216,33.5905723]}},{"type":"Feature","properties":{"kind":"exit","ref":"E01b"},"geometry":{"type":"Point","coordinates":[130.3988173,33.592568]}},{"type":"Feature","properties":{"kind":"exit","ref":"E01a"},"geometry":{"type":"Point","coordinates":[130.3982611,33.5926923]}},{"type":"Feature","properties":{"kind":"exit","ref":"E02"},"geometry":{"type":"Point","coordinates":[130.3988102,33.5921158]}},{"type":"Feature","properties":{"kind":"exit","ref":"W02b"},"geometry":{"type":"Point","coordinates":[130.3984653,33.5918906]}},{"type":"Feature","properties":{"kind":"exit","ref":"W02a"},"geometry":{"type":"Point","coordinates":[130.3983002,33.5921315]}},{"type":"Feature","properties":{"kind":"exit","ref":"W05"},"geometry":{"type":"Point","coordinates":[130.3990045,33.5905912]}},{"type":"Feature","properties":{"kind":"exit","ref":"E05"},"geometry":{"type":"Point","coordinates":[130.3995032,33.590423]}},{"type":"Feature","properties":{"kind":"exit","ref":"E10"},"geometry":{"type":"Point","coordinates":[130.4007405,33.5887449]}},{"type":"Feature","properties":{"kind":"exit","ref":"E09"},"geometry":{"type":"Point","coordinates":[130.4005399,33.5889459]}},{"type":"Feature","properties":{"kind":"exit","ref":"E08"},"geometry":{"type":"Point","coordinates":[130.3979595,33.5891897]}},{"type":"Feature","properties":{"kind":"exit","ref":"E03a"},"geometry":{"type":"Point","coordinates":[130.3990694,33.5915483]}},{"type":"Feature","properties":{"kind":"exit","ref":"E04"},"geometry":{"type":"Point","coordinates":[130.3992847,33.590959]}},{"type":"Feature","properties":{"kind":"exit","ref":"W03a"},"geometry":{"type":"Point","coordinates":[130.3986168,33.5914461]}},{"type":"Feature","properties":{"kind":"exit","ref":"W04"},"geometry":{"type":"Point","coordinates":[130.3988904,33.5908808]}},{"type":"Feature","properties":{"kind":"exit","ref":"W12a"},"geometry":{"type":"Point","coordinates":[130.4008698,33.5880455]}},{"type":"Feature","properties":{"kind":"exit","ref":"W11"},"geometry":{"type":"Point","coordinates":[130.4007813,33.5881326]}},{"type":"Feature","properties":{"kind":"exit","ref":"W08"},"geometry":{"type":"Point","coordinates":[130.3998506,33.5891872]}},{"type":"Feature","properties":{"kind":"exit","ref":"W07"},"geometry":{"type":"Point","coordinates":[130.3995931,33.5894509]}},{"type":"Feature","properties":{"kind":"exit","ref":"W09"},"geometry":{"type":"Point","coordinates":[130.4001158,33.5888988]}},{"type":"Feature","properties":{"kind":"exit","ref":"W10"},"geometry":{"type":"Point","coordinates":[130.4002906,33.5886966]}},{"type":"Feature","properties":{"kind":"exit","ref":"E06"},"geometry":{"type":"Point","coordinates":[130.3996393,33.5900974]}},{"type":"Feature","properties":{"kind":"exit","ref":"W06"},"geometry":{"type":"Point","coordinates":[130.3993995,33.5896862]}},{"type":"Feature","properties":{"kind":"exit","ref":"E07"},"geometry":{"type":"Point","coordinates":[130.3997627,33.5898591]}},{"type":"Feature","properties":{"kind":"exit","ref":"E12a"},"geometry":{"type":"Point","coordinates":[130.4012051,33.5882242]}},{"type":"Feature","properties":{"kind":"exit","ref":"E11"},"geometry":{"type":"Point","coordinates":[130.4008216,33.588651]}},{"type":"Feature","properties":{"kind":"exit","ref":"3"},"geometry":{"type":"Point","coordinates":[130.397214,33.5908429]}},{"type":"Feature","properties":{"kind":"exit","ref":"2"},"geometry":{"type":"Point","coordinates":[130.3964844,33.590673]}},{"type":"Feature","properties":{"kind":"exit","ref":"11"},"geometry":{"type":"Point","coordinates":[130.3991995,33.5915757]}},{"type":"Feature","properties":{"kind":"exit","ref":"7"},"geometry":{"type":"Point","coordinates":[130.398706,33.5911009]}},{"type":"Feature","properties":{"kind":"exit","ref":"6"},"geometry":{"type":"Point","coordinates":[130.3982124,33.5910701]}},{"type":"Feature","properties":{"kind":"exit","ref":"5"},"geometry":{"type":"Point","coordinates":[130.398016,33.5910149]}},{"type":"Feature","properties":{"kind":"exit","ref":"W03b"},"geometry":{"type":"Point","coordinates":[130.398596,33.5911679]}},{"type":"Feature","properties":{"kind":"exit","ref":"14"},"geometry":{"type":"Point","coordinates":[130.4012306,33.5916762]}},{"type":"Feature","properties":{"kind":"exit","ref":"1"},"geometry":{"type":"Point","coordinates":[127.1925191,37.5631741]}},{"type":"Feature","properties":{"kind":"exit","ref":"5"},"geometry":{"type":"Point","coordinates":[127.1932344,37.5633572]}},{"type":"Feature","properties":{"kind":"exit","ref":"4"},"geometry":{"type":"Point","coordinates":[127.1928071,37.5637635]}},{"type":"Feature","properties":{"kind":"exit","ref":"2"},"geometry":{"type":"Point","coordinates":[127.192479,37.5636824]}},{"type":"Feature","properties":{"kind":"exit","ref":"10"},"geometry":{"type":"Point","coordinates":[127.1926246,37.5628614]}},{"type":"Feature","properties":{"kind":"exit","ref":"6"},"geometry":{"type":"Point","coordinates":[127.1933677,37.5630414]}},{"type":"Feature","properties":{"kind":"exit","ref":"9"},"geometry":{"type":"Point","coordinates":[127.1929712,37.5624579]}},{"type":"Feature","properties":{"kind":"exit","ref":"7"},"geometry":{"type":"Point","coordinates":[127.193336,37.5625321]}},{"type":"Feature","properties":{"kind":"exit","ref":"8"},"geometry":{"type":"Point","coordinates":[127.1934192,37.5621991]}},{"type":"Feature","properties":{"kind":"exit","ref":"4"},"geometry":{"type":"Point","coordinates":[126.4548498,37.4444388]}},{"type":"Feature","properties":{"kind":"exit","ref":"1"},"geometry":{"type":"Point","coordinates":[126.4552209,37.4446455]}},{"type":"Feature","properties":{"kind":"exit","ref":"3"},"geometry":{"type":"Point","coordinates":[126.4554382,37.4437263]}},{"type":"Feature","properties":{"kind":"exit","ref":"2"},"geometry":{"type":"Point","coordinates":[126.4557627,37.4439765]}},{"type":"Feature","properties":{"kind":"exit","ref":"3"},"geometry":{"type":"Point","coordinates":[126.8807399,37.5026461]}},{"type":"Feature","properties":{"kind":"exit","ref":"3"},"geometry":{"type":"Point","coordinates":[126.9799661,37.2493117]}},{"type":"Feature","properties":{"kind":"exit","ref":"2"},"geometry":{"type":"Point","coordinates":[126.9808983,37.2496296]}},{"type":"Feature","properties":{"kind":"exit","ref":"3"},"geometry":{"type":"Point","coordinates":[126.9800101,37.2502766]}},{"type":"Feature","properties":{"kind":"exit","ref":"5"},"geometry":{"type":"Point","coordinates":[126.9221567,37.4005513]}},{"type":"Feature","properties":{"kind":"exit","ref":"3"},"geometry":{"type":"Point","coordinates":[126.9228215,37.4021612]}},{"type":"Feature","properties":{"kind":"exit","ref":"3"},"geometry":{"type":"Point","coordinates":[127.2042713,37.551605]}},{"type":"Feature","properties":{"kind":"exit","ref":"4"},"geometry":{"type":"Point","coordinates":[127.2036605,37.5514174]}},{"type":"Feature","properties":{"kind":"exit","ref":"5"},"geometry":{"type":"Point","coordinates":[127.2033253,37.5515456]}},{"type":"Feature","properties":{"kind":"exit","ref":"7"},"geometry":{"type":"Point","coordinates":[127.203088,37.5522622]}},{"type":"Feature","properties":{"kind":"exit","ref":"6"},"geometry":{"type":"Point","coordinates":[127.2028881,37.5520716]}},{"type":"Feature","properties":{"kind":"exit","ref":"8"},"geometry":{"type":"Point","coordinates":[127.2039018,37.5523978]}},{"type":"Feature","properties":{"kind":"exit","ref":"3"},"geometry":{"type":"Point","coordinates":[126.9487434,37.3209443]}},{"type":"Feature","properties":{"kind":"exit","ref":"4"},"geometry":{"type":"Point","coordinates":[129.0233907,35.2134141]}},{"type":"Feature","properties":{"kind":"exit","ref":"3"},"geometry":{"type":"Point","coordinates":[129.0240513,35.2132469]}},{"type":"Feature","properties":{"kind":"exit","ref":"5"},"geometry":{"type":"Point","coordinates":[129.0233376,35.2132343]}},{"type":"Feature","properties":{"kind":"exit","ref":"2"},"geometry":{"type":"Point","coordinates":[129.024859,35.2135293]}},{"type":"Feature","properties":{"kind":"exit","ref":"5"},"geometry":{"type":"Point","coordinates":[126.8270131,37.5590874]}},{"type":"Feature","properties":{"kind":"exit","ref":"4"},"geometry":{"type":"Point","coordinates":[126.827593,37.5594253]}},{"type":"Feature","properties":{"kind":"exit","ref":"3"},"geometry":{"type":"Point","coordinates":[126.8277322,37.5598816]}},{"type":"Feature","properties":{"kind":"exit","ref":"4"},"geometry":{"type":"Point","coordinates":[127.0469383,37.7227201]}},{"type":"Feature","properties":{"kind":"exit","ref":"5"},"geometry":{"type":"Point","coordinates":[127.0473807,37.7228493]}},{"type":"Feature","properties":{"kind":"exit","ref":"1-1"},"geometry":{"type":"Point","coordinates":[127.0463509,37.6904222]}},{"type":"Feature","properties":{"kind":"exit","ref":"9"},"geometry":{"type":"Point","coordinates":[126.9413717,37.5147265]}},{"type":"Feature","properties":{"kind":"exit","ref":"3"},"geometry":{"type":"Point","coordinates":[126.906874,37.5161226]}},{"type":"Feature","properties":{"kind":"exit","ref":"4"},"geometry":{"type":"Point","coordinates":[126.845001,37.4948462]}},{"type":"Feature","properties":{"kind":"exit","ref":"5"},"geometry":{"type":"Point","coordinates":[126.7949726,37.4821757]}},{"type":"Feature","properties":{"kind":"exit","ref":"4"},"geometry":{"type":"Point","coordinates":[126.7953615,37.4821234]}},{"type":"Feature","properties":{"kind":"exit","ref":"3"},"geometry":{"type":"Point","coordinates":[126.7538584,37.487817]}},{"type":"Feature","properties":{"kind":"exit","ref":"3"},"geometry":{"type":"Point","coordinates":[126.8892142,37.4660271]}},{"type":"Feature","properties":{"kind":"exit","ref":"1"},"geometry":{"type":"Point","coordinates":[126.9459683,37.3213448]}},{"type":"Feature","properties":{"kind":"exit","ref":"3"},"geometry":{"type":"Point","coordinates":[126.9895414,37.2848049]}},{"type":"Feature","properties":{"kind":"exit","ref":"4"},"geometry":{"type":"Point","coordinates":[126.9895847,37.284581]}},{"type":"Feature","properties":{"kind":"exit","ref":"6"},"geometry":{"type":"Point","coordinates":[126.9887366,37.2850662]}},{"type":"Feature","properties":{"kind":"exit","ref":"5"},"geometry":{"type":"Point","coordinates":[126.9886572,37.2850461]}},{"type":"Feature","properties":{"kind":"exit","ref":"3"},"geometry":{"type":"Point","coordinates":[127.0543963,37.0750293]}},{"type":"Feature","properties":{"kind":"exit","ref":"2"},"geometry":{"type":"Point","coordinates":[127.043654,37.1872312]}},{"type":"Feature","properties":{"kind":"exit","ref":"1-1"},"geometry":{"type":"Point","coordinates":[126.9811291,37.5661053]}},{"type":"Feature","properties":{"kind":"exit","ref":"1-1"},"geometry":{"type":"Point","coordinates":[127.0299065,37.5644566]}},{"type":"Feature","properties":{"kind":"exit","ref":"4"},"geometry":{"type":"Point","coordinates":[127.0489713,37.5469023]}},{"type":"Feature","properties":{"kind":"exit","ref":"5"},"geometry":{"type":"Point","coordinates":[127.0486982,37.5466738]}},{"type":"Feature","properties":{"kind":"exit","ref":"8"},"geometry":{"type":"Point","coordinates":[127.3265951,36.6216899]}},{"type":"Feature","properties":{"kind":"exit","ref":"12"},"geometry":{"type":"Point","coordinates":[126.90131,37.5340082]}},{"type":"Feature","properties":{"kind":"exit","ref":"13"},"geometry":{"type":"Point","coordinates":[126.9015266,37.5342622]}},{"type":"Feature","properties":{"kind":"exit","ref":"11"},"geometry":{"type":"Point","coordinates":[126.9014379,37.5336403]}},{"type":"Feature","properties":{"kind":"exit","ref":"7"},"geometry":{"type":"Point","coordinates":[126.9024633,37.5338039]}},{"type":"Feature","properties":{"kind":"exit","ref":"10"},"geometry":{"type":"Point","coordinates":[126.9019942,37.5333563]}},{"type":"Feature","properties":{"kind":"exit","ref":"9"},"geometry":{"type":"Point","coordinates":[126.9038328,37.5327045]}},{"type":"Feature","properties":{"kind":"exit","ref":"8"},"geometry":{"type":"Point","coordinates":[126.9040145,37.5329494]}},{"type":"Feature","properties":{"kind":"exit","ref":"3-1"},"geometry":{"type":"Point","coordinates":[126.9584959,37.574193]}},{"type":"Feature","properties":{"kind":"exit","ref":"3-1"},"geometry":{"type":"Point","coordinates":[126.9727733,37.5760187]}},{"type":"Feature","properties":{"kind":"exit","ref":"5"},"geometry":{"type":"Point","coordinates":[127.0159645,37.4848572]}},{"type":"Feature","properties":{"kind":"exit","ref":"5"},"geometry":{"type":"Point","coordinates":[127.079726,37.6710368]}},{"type":"Feature","properties":{"kind":"exit","ref":"5"},"geometry":{"type":"Point","coordinates":[127.0060972,37.4361741]}},{"type":"Feature","properties":{"kind":"exit","ref":"1"},"geometry":{"type":"Point","coordinates":[126.853902,37.3100087]}},{"type":"Feature","properties":{"kind":"exit","ref":"3"},"geometry":{"type":"Point","coordinates":[126.8659409,37.3026497]}},{"type":"Feature","properties":{"kind":"exit","ref":"4"},"geometry":{"type":"Point","coordinates":[126.8659447,37.3030688]}},{"type":"Feature","properties":{"kind":"exit","ref":"4"},"geometry":{"type":"Point","coordinates":[126.8386855,37.5587172]}},{"type":"Feature","properties":{"kind":"exit","ref":"5"},"geometry":{"type":"Point","coordinates":[127.0198135,37.5543782]}},{"type":"Feature","properties":{"kind":"exit","ref":"4"},"geometry":{"type":"Point","coordinates":[127.0202958,37.5544567]}},{"type":"Feature","properties":{"kind":"exit","ref":"2-1"},"geometry":{"type":"Point","coordinates":[127.1328632,37.5358764]}},{"type":"Feature","properties":{"kind":"exit","ref":"4"},"geometry":{"type":"Point","coordinates":[127.1307843,37.5164324]}},{"type":"Feature","properties":{"kind":"exit","ref":"2"},"geometry":{"type":"Point","coordinates":[127.1260511,37.5083225]}},{"type":"Feature","properties":{"kind":"exit","ref":"4"},"geometry":{"type":"Point","coordinates":[127.0887306,37.5804926]}},{"type":"Feature","properties":{"kind":"exit","ref":"1"},"geometry":{"type":"Point","coordinates":[126.8686243,37.476106]}},{"type":"Feature","properties":{"kind":"exit","ref":"8"},"geometry":{"type":"Point","coordinates":[126.8935377,37.5379181]}},{"type":"Feature","properties":{"kind":"exit","ref":"1"},"geometry":{"type":"Point","coordinates":[126.8936638,37.5381065]}},{"type":"Feature","properties":{"kind":"exit","ref":"8"},"geometry":{"type":"Point","coordinates":[127.0334187,37.5070589]}},{"type":"Feature","properties":{"kind":"exit","ref":"7"},"geometry":{"type":"Point","coordinates":[127.0527672,37.5127735]}},{"type":"Feature","properties":{"kind":"exit","ref":"1"},"geometry":{"type":"Point","coordinates":[127.2527571,37.3992769]}},{"type":"Feature","properties":{"kind":"exit","ref":"2"},"geometry":{"type":"Point","coordinates":[127.252855,37.3989292]}},{"type":"Feature","properties":{"kind":"exit","ref":"1"},"geometry":{"type":"Point","coordinates":[127.490613,37.2596487]}},{"type":"Feature","properties":{"kind":"exit","ref":"1"},"geometry":{"type":"Point","coordinates":[127.0351633,37.5512185]}},{"type":"Feature","properties":{"kind":"exit","ref":"3"},"geometry":{"type":"Point","coordinates":[127.0919828,37.6002933]}},{"type":"Feature","properties":{"kind":"exit","ref":"1"},"geometry":{"type":"Point","coordinates":[127.4912026,37.4928144]}},{"type":"Feature","properties":{"kind":"exit","ref":"2"},"geometry":{"type":"Point","coordinates":[127.492474,37.4928464]}},{"type":"Feature","properties":{"kind":"exit","ref":"2"},"geometry":{"type":"Point","coordinates":[126.7748228,37.7665018]}},{"type":"Feature","properties":{"kind":"exit","ref":"1"},"geometry":{"type":"Point","coordinates":[126.7469304,37.8887152]}},{"type":"Feature","properties":{"kind":"exit","ref":"3"},"geometry":{"type":"Point","coordinates":[127.2852187,37.6588984]}},{"type":"Feature","properties":{"kind":"exit","ref":"2"},"geometry":{"type":"Point","coordinates":[126.4946267,37.4924309]}},{"type":"Feature","properties":{"kind":"exit","ref":"1"},"geometry":{"type":"Point","coordinates":[126.5242554,37.512057]}},{"type":"Feature","properties":{"kind":"exit","ref":"2"},"geometry":{"type":"Point","coordinates":[126.525172,37.511307]}},{"type":"Feature","properties":{"kind":"exit","ref":"1"},"geometry":{"type":"Point","coordinates":[126.6145933,37.641683]}},{"type":"Feature","properties":{"kind":"exit","ref":"2"},"geometry":{"type":"Point","coordinates":[126.6151757,37.6418094]}},{"type":"Feature","properties":{"kind":"exit","ref":"2"},"geometry":{"type":"Point","coordinates":[126.6294323,37.6456494]}},{"type":"Feature","properties":{"kind":"exit","ref":"3"},"geometry":{"type":"Point","coordinates":[126.6297431,37.6455118]}},{"type":"Feature","properties":{"kind":"exit","ref":"1"},"geometry":{"type":"Point","coordinates":[126.6281895,37.6453482]}},{"type":"Feature","properties":{"kind":"exit","ref":"4"},"geometry":{"type":"Point","coordinates":[126.6278585,37.6451613]}},{"type":"Feature","properties":{"kind":"exit","ref":"2"},"geometry":{"type":"Point","coordinates":[126.6684538,37.6442785]}},{"type":"Feature","properties":{"kind":"exit","ref":"4"},"geometry":{"type":"Point","coordinates":[126.6693157,37.6445416]}},{"type":"Feature","properties":{"kind":"exit","ref":"1"},"geometry":{"type":"Point","coordinates":[126.6430747,37.6407098]}},{"type":"Feature","properties":{"kind":"exit","ref":"2"},"geometry":{"type":"Point","coordinates":[126.6431607,37.6403427]}},{"type":"Feature","properties":{"kind":"exit","ref":"4"},"geometry":{"type":"Point","coordinates":[126.6437583,37.6408518]}},{"type":"Feature","properties":{"kind":"exit","ref":"3"},"geometry":{"type":"Point","coordinates":[126.6440148,37.6405171]}},{"type":"Feature","properties":{"kind":"exit","ref":"1"},"geometry":{"type":"Point","coordinates":[126.6834289,37.6539775]}},{"type":"Feature","properties":{"kind":"exit","ref":"2"},"geometry":{"type":"Point","coordinates":[126.6841194,37.65403]}},{"type":"Feature","properties":{"kind":"exit","ref":"4"},"geometry":{"type":"Point","coordinates":[126.6833964,37.6536508]}},{"type":"Feature","properties":{"kind":"exit","ref":"3"},"geometry":{"type":"Point","coordinates":[126.684237,37.6537108]}},{"type":"Feature","properties":{"kind":"exit","ref":"1"},"geometry":{"type":"Point","coordinates":[126.7061791,37.6319671]}},{"type":"Feature","properties":{"kind":"exit","ref":"2"},"geometry":{"type":"Point","coordinates":[126.7052056,37.6314164]}},{"type":"Feature","properties":{"kind":"exit","ref":"2"},"geometry":{"type":"Point","coordinates":[126.7199572,37.6202961]}},{"type":"Feature","properties":{"kind":"exit","ref":"3"},"geometry":{"type":"Point","coordinates":[126.7193649,37.619677]}},{"type":"Feature","properties":{"kind":"exit","ref":"1"},"geometry":{"type":"Point","coordinates":[126.7701282,37.6018914]}},{"type":"Feature","properties":{"kind":"exit","ref":"2"},"geometry":{"type":"Point","coordinates":[126.7701499,37.6012065]}},{"type":"Feature","properties":{"kind":"exit","ref":"9"},"geometry":{"type":"Point","coordinates":[127.1166086,37.2751636]}},{"type":"Feature","properties":{"kind":"exit","ref":"2"},"geometry":{"type":"Point","coordinates":[127.0402202,37.2522388]}},{"type":"Feature","properties":{"kind":"exit","ref":"1"},"geometry":{"type":"Point","coordinates":[126.7457232,37.3797622]}},{"type":"Feature","properties":{"kind":"exit","ref":"2"},"geometry":{"type":"Point","coordinates":[126.7457551,37.3800545]}},{"type":"Feature","properties":{"kind":"exit","ref":"2"},"geometry":{"type":"Point","coordinates":[126.7222112,37.4002571]}},{"type":"Feature","properties":{"kind":"exit","ref":"1"},"geometry":{"type":"Point","coordinates":[126.7227823,37.4004248]}},{"type":"Feature","properties":{"kind":"exit","ref":"1"},"geometry":{"type":"Point","coordinates":[126.6258288,37.4066832]}},{"type":"Feature","properties":{"kind":"exit","ref":"2"},"geometry":{"type":"Point","coordinates":[126.6255227,37.4071714]}},{"type":"Feature","properties":{"kind":"exit","ref":"3"},"geometry":{"type":"Point","coordinates":[126.6260568,37.4073687]}},{"type":"Feature","properties":{"kind":"exit","ref":"4"},"geometry":{"type":"Point","coordinates":[126.6263411,37.4069213]}},{"type":"Feature","properties":{"kind":"exit","ref":"2"},"geometry":{"type":"Point","coordinates":[126.6334905,37.3934391]}},{"type":"Feature","properties":{"kind":"exit","ref":"1"},"geometry":{"type":"Point","coordinates":[126.6299913,37.3998964]}},{"type":"Feature","properties":{"kind":"exit","ref":"4"},"geometry":{"type":"Point","coordinates":[126.6398836,37.3868987]}},{"type":"Feature","properties":{"kind":"exit","ref":"9"},"geometry":{"type":"Point","coordinates":[126.7077089,37.467556]}},{"type":"Feature","properties":{"kind":"exit","ref":"2"},"geometry":{"type":"Point","coordinates":[126.7443084,37.5531264]}},{"type":"Feature","properties":{"kind":"exit","ref":"3"},"geometry":{"type":"Point","coordinates":[126.7445057,37.5531868]}},{"type":"Feature","properties":{"kind":"exit","ref":"4"},"geometry":{"type":"Point","coordinates":[126.7452222,37.5544981]}},{"type":"Feature","properties":{"kind":"exit","ref":"1"},"geometry":{"type":"Point","coordinates":[126.7454719,37.5545088]}},{"type":"Feature","properties":{"kind":"exit","ref":"5"},"geometry":{"type":"Point","coordinates":[126.7856591,37.4400742]}},{"type":"Feature","properties":{"kind":"exit","ref":"6"},"geometry":{"type":"Point","coordinates":[126.7863201,37.4403149]}},{"type":"Feature","properties":{"kind":"exit","ref":"3"},"geometry":{"type":"Point","coordinates":[126.7923696,37.4510962]}},{"type":"Feature","properties":{"kind":"exit","ref":"현재 공사중"},"geometry":{"type":"Point","coordinates":[126.7937875,37.4512767]}},{"type":"Feature","properties":{"kind":"exit","ref":"3"},"geometry":{"type":"Point","coordinates":[127.2086588,37.2377541]}},{"type":"Feature","properties":{"kind":"exit","ref":"2"},"geometry":{"type":"Point","coordinates":[127.0560345,37.7454896]}},{"type":"Feature","properties":{"kind":"exit","ref":"1"},"geometry":{"type":"Point","coordinates":[128.5300311,35.8161282]}},{"type":"Feature","properties":{"kind":"exit","ref":"2"},"geometry":{"type":"Point","coordinates":[128.5302544,35.8159252]}},{"type":"Feature","properties":{"kind":"exit","ref":"3"},"geometry":{"type":"Point","coordinates":[128.5305837,35.816077]}},{"type":"Feature","properties":{"kind":"exit","ref":"4"},"geometry":{"type":"Point","coordinates":[128.5304687,35.8163166]}},{"type":"Feature","properties":{"kind":"exit","ref":"4"},"geometry":{"type":"Point","coordinates":[128.5228369,35.8139497]}},{"type":"Feature","properties":{"kind":"exit","ref":"3"},"geometry":{"type":"Point","coordinates":[128.5229474,35.8137063]}},{"type":"Feature","properties":{"kind":"exit","ref":"2"},"geometry":{"type":"Point","coordinates":[128.5224095,35.8136146]}},{"type":"Feature","properties":{"kind":"exit","ref":"1"},"geometry":{"type":"Point","coordinates":[128.5000847,35.8043007]}},{"type":"Feature","properties":{"kind":"exit","ref":"2"},"geometry":{"type":"Point","coordinates":[128.4997453,35.8038439]}},{"type":"Feature","properties":{"kind":"exit","ref":"4"},"geometry":{"type":"Point","coordinates":[128.5006563,35.8045677]}},{"type":"Feature","properties":{"kind":"exit","ref":"3"},"geometry":{"type":"Point","coordinates":[128.5007252,35.8043085]}},{"type":"Feature","properties":{"kind":"exit","ref":"1"},"geometry":{"type":"Point","coordinates":[128.4889008,35.7989547]}},{"type":"Feature","properties":{"kind":"exit","ref":"8"},"geometry":{"type":"Point","coordinates":[128.4890932,35.7990858]}},{"type":"Feature","properties":{"kind":"exit","ref":"2"},"geometry":{"type":"Point","coordinates":[128.48881,35.7985573]}},{"type":"Feature","properties":{"kind":"exit","ref":"3"},"geometry":{"type":"Point","coordinates":[128.4890518,35.7983313]}},{"type":"Feature","properties":{"kind":"exit","ref":"4"},"geometry":{"type":"Point","coordinates":[128.4895231,35.7983187]}},{"type":"Feature","properties":{"kind":"exit","ref":"5"},"geometry":{"type":"Point","coordinates":[128.4900987,35.7987051]}},{"type":"Feature","properties":{"kind":"exit","ref":"6"},"geometry":{"type":"Point","coordinates":[128.490446,35.7992239]}},{"type":"Feature","properties":{"kind":"exit","ref":"7"},"geometry":{"type":"Point","coordinates":[128.4902223,35.7994222]}},{"type":"Feature","properties":{"kind":"exit","ref":"1"},"geometry":{"type":"Point","coordinates":[128.5123486,35.8095001]}},{"type":"Feature","properties":{"kind":"exit","ref":"2"},"geometry":{"type":"Point","coordinates":[128.5123372,35.8092097]}},{"type":"Feature","properties":{"kind":"exit","ref":"4"},"geometry":{"type":"Point","coordinates":[128.51269,35.8096511]}},{"type":"Feature","properties":{"kind":"exit","ref":"3"},"geometry":{"type":"Point","coordinates":[128.5128304,35.8094327]}},{"type":"Feature","properties":{"kind":"exit","ref":"1"},"geometry":{"type":"Point","coordinates":[128.5373769,35.8191789]}},{"type":"Feature","properties":{"kind":"exit","ref":"2"},"geometry":{"type":"Point","coordinates":[128.5374528,35.8190146]}},{"type":"Feature","properties":{"kind":"exit","ref":"4"},"geometry":{"type":"Point","coordinates":[128.537936,35.818664]}},{"type":"Feature","properties":{"kind":"exit","ref":"5"},"geometry":{"type":"Point","coordinates":[128.538354,35.8186744]}},{"type":"Feature","properties":{"kind":"exit","ref":"6"},"geometry":{"type":"Point","coordinates":[128.5384147,35.8189082]}},{"type":"Feature","properties":{"kind":"exit","ref":"7"},"geometry":{"type":"Point","coordinates":[128.5379671,35.8191604]}},{"type":"Feature","properties":{"kind":"exit","ref":"8"},"geometry":{"type":"Point","coordinates":[128.5376493,35.8193259]}},{"type":"Feature","properties":{"kind":"exit","ref":"1"},"geometry":{"type":"Point","coordinates":[128.5451401,35.8237679]}},{"type":"Feature","properties":{"kind":"exit","ref":"8"},"geometry":{"type":"Point","coordinates":[128.5452416,35.8238812]}},{"type":"Feature","properties":{"kind":"exit","ref":"2"},"geometry":{"type":"Point","coordinates":[128.5451299,35.8235165]}},{"type":"Feature","properties":{"kind":"exit","ref":"3"},"geometry":{"type":"Point","coordinates":[128.5454074,35.8233355]}},{"type":"Feature","properties":{"kind":"exit","ref":"4"},"geometry":{"type":"Point","coordinates":[128.5457296,35.8233769]}},{"type":"Feature","properties":{"kind":"exit","ref":"5"},"geometry":{"type":"Point","coordinates":[128.5458436,35.8235328]}},{"type":"Feature","properties":{"kind":"exit","ref":"6"},"geometry":{"type":"Point","coordinates":[128.5458093,35.8238243]}},{"type":"Feature","properties":{"kind":"exit","ref":"7"},"geometry":{"type":"Point","coordinates":[128.5455488,35.8239648]}},{"type":"Feature","properties":{"kind":"exit","ref":"2"},"geometry":{"type":"Point","coordinates":[128.5569782,35.8371141]}},{"type":"Feature","properties":{"kind":"exit","ref":"3"},"geometry":{"type":"Point","coordinates":[128.5573348,35.8371338]}},{"type":"Feature","properties":{"kind":"exit","ref":"1"},"geometry":{"type":"Point","coordinates":[128.5568854,35.8373289]}},{"type":"Feature","properties":{"kind":"exit","ref":"1"},"geometry":{"type":"Point","coordinates":[128.5511791,35.8305568]}},{"type":"Feature","properties":{"kind":"exit","ref":"2"},"geometry":{"type":"Point","coordinates":[128.5514719,35.8305267]}},{"type":"Feature","properties":{"kind":"exit","ref":"4"},"geometry":{"type":"Point","coordinates":[128.5518855,35.8314009]}},{"type":"Feature","properties":{"kind":"exit","ref":"3"},"geometry":{"type":"Point","coordinates":[128.5521247,35.8312787]}},{"type":"Feature","properties":{"kind":"exit","ref":"1"},"geometry":{"type":"Point","coordinates":[128.5739841,35.839345]}},{"type":"Feature","properties":{"kind":"exit","ref":"2"},"geometry":{"type":"Point","coordinates":[128.5738405,35.8390708]}},{"type":"Feature","properties":{"kind":"exit","ref":"4"},"geometry":{"type":"Point","coordinates":[128.5745953,35.839306]}},{"type":"Feature","properties":{"kind":"exit","ref":"3"},"geometry":{"type":"Point","coordinates":[128.5745841,35.8390251]}},{"type":"Feature","properties":{"kind":"exit","ref":"1"},"geometry":{"type":"Point","coordinates":[128.5650357,35.8394136]}},{"type":"Feature","properties":{"kind":"exit","ref":"4"},"geometry":{"type":"Point","coordinates":[128.5654281,35.8394291]}},{"type":"Feature","properties":{"kind":"exit","ref":"3"},"geometry":{"type":"Point","coordinates":[128.565518,35.8391468]}},{"type":"Feature","properties":{"kind":"exit","ref":"2"},"geometry":{"type":"Point","coordinates":[128.5650447,35.8391323]}},{"type":"Feature","properties":{"kind":"exit","ref":"1"},"geometry":{"type":"Point","coordinates":[128.5883617,35.8444263]}},{"type":"Feature","properties":{"kind":"exit","ref":"2"},"geometry":{"type":"Point","coordinates":[128.5887073,35.8442434]}},{"type":"Feature","properties":{"kind":"exit","ref":"1"},"geometry":{"type":"Point","coordinates":[128.5806059,35.8406628]}},{"type":"Feature","properties":{"kind":"exit","ref":"4"},"geometry":{"type":"Point","coordinates":[128.5811111,35.8409167]}},{"type":"Feature","properties":{"kind":"exit","ref":"3"},"geometry":{"type":"Point","coordinates":[128.5812738,35.8406685]}},{"type":"Feature","properties":{"kind":"exit","ref":"2"},"geometry":{"type":"Point","coordinates":[128.5807762,35.8404203]}},{"type":"Feature","properties":{"kind":"exit","ref":"4"},"geometry":{"type":"Point","coordinates":[128.5904261,35.8511454]}},{"type":"Feature","properties":{"kind":"exit","ref":"1"},"geometry":{"type":"Point","coordinates":[128.5903855,35.8507154]}},{"type":"Feature","properties":{"kind":"exit","ref":"3"},"geometry":{"type":"Point","coordinates":[128.590713,35.8511414]}},{"type":"Feature","properties":{"kind":"exit","ref":"2"},"geometry":{"type":"Point","coordinates":[128.5906751,35.8507118]}},{"type":"Feature","properties":{"kind":"exit","ref":"3"},"geometry":{"type":"Point","coordinates":[128.588807,35.844634]}},{"type":"Feature","properties":{"kind":"exit","ref":"4"},"geometry":{"type":"Point","coordinates":[128.590488,35.8566256]}},{"type":"Feature","properties":{"kind":"exit","ref":"3"},"geometry":{"type":"Point","coordinates":[128.5904447,35.8567388]}},{"type":"Feature","properties":{"kind":"exit","ref":"2"},"geometry":{"type":"Point","coordinates":[128.5905165,35.8572408]}},{"type":"Feature","properties":{"kind":"exit","ref":"1"},"geometry":{"type":"Point","coordinates":[128.5905963,35.8573209]}},{"type":"Feature","properties":{"kind":"exit","ref":"7"},"geometry":{"type":"Point","coordinates":[128.590765,35.8575095]}},{"type":"Feature","properties":{"kind":"exit","ref":"6"},"geometry":{"type":"Point","coordinates":[128.5910659,35.8574243]}},{"type":"Feature","properties":{"kind":"exit","ref":"5"},"geometry":{"type":"Point","coordinates":[128.5910708,35.8571655]}},{"type":"Feature","properties":{"kind":"exit","ref":"1"},"geometry":{"type":"Point","coordinates":[128.593088,35.8637239]}},{"type":"Feature","properties":{"kind":"exit","ref":"2"},"geometry":{"type":"Point","coordinates":[128.5934617,35.8637101]}},{"type":"Feature","properties":{"kind":"exit","ref":"23"},"geometry":{"type":"Point","coordinates":[128.5932055,35.8648011]}},{"type":"Feature","properties":{"kind":"exit","ref":"3"},"geometry":{"type":"Point","coordinates":[128.5935652,35.8647772]}},{"type":"Feature","properties":{"kind":"exit","ref":"4"},"geometry":{"type":"Point","coordinates":[128.5938158,35.8650558]}},{"type":"Feature","properties":{"kind":"exit","ref":"5"},"geometry":{"type":"Point","coordinates":[128.5942877,35.8651291]}},{"type":"Feature","properties":{"kind":"exit","ref":"6"},"geometry":{"type":"Point","coordinates":[128.5947616,35.8650503]}},{"type":"Feature","properties":{"kind":"exit","ref":"7"},"geometry":{"type":"Point","coordinates":[128.5950756,35.8649922]}},{"type":"Feature","properties":{"kind":"exit","ref":"8"},"geometry":{"type":"Point","coordinates":[128.5954297,35.8649264]}},{"type":"Feature","properties":{"kind":"exit","ref":"9"},"geometry":{"type":"Point","coordinates":[128.5959718,35.8648231]}},{"type":"Feature","properties":{"kind":"exit","ref":"10"},"geometry":{"type":"Point","coordinates":[128.5961558,35.8651352]}},{"type":"Feature","properties":{"kind":"exit","ref":"11"},"geometry":{"type":"Point","coordinates":[128.5954484,35.8652901]}},{"type":"Feature","properties":{"kind":"exit","ref":"12"},"geometry":{"type":"Point","coordinates":[128.5940825,35.8655291]}},{"type":"Feature","properties":{"kind":"exit","ref":"13"},"geometry":{"type":"Point","coordinates":[128.5937667,35.86589]}},{"type":"Feature","properties":{"kind":"exit","ref":"14"},"geometry":{"type":"Point","coordinates":[128.5929815,35.8659976]}},{"type":"Feature","properties":{"kind":"exit","ref":"16"},"geometry":{"type":"Point","coordinates":[128.5922388,35.8659856]}},{"type":"Feature","properties":{"kind":"exit","ref":"15"},"geometry":{"type":"Point","coordinates":[128.5922376,35.8661256]}},{"type":"Feature","properties":{"kind":"exit","ref":"17"},"geometry":{"type":"Point","coordinates":[128.5915965,35.8659979]}},{"type":"Feature","properties":{"kind":"exit","ref":"18"},"geometry":{"type":"Point","coordinates":[128.5909933,35.8661355]}},{"type":"Feature","properties":{"kind":"exit","ref":"19"},"geometry":{"type":"Point","coordinates":[128.5908334,35.8657443]}},{"type":"Feature","properties":{"kind":"exit","ref":"20"},"geometry":{"type":"Point","coordinates":[128.5915461,35.8656325]}},{"type":"Feature","properties":{"kind":"exit","ref":"21"},"geometry":{"type":"Point","coordinates":[128.5926536,35.8654292]}},{"type":"Feature","properties":{"kind":"exit","ref":"22"},"geometry":{"type":"Point","coordinates":[128.5928726,35.8653183]}},{"type":"Feature","properties":{"kind":"exit","ref":"1"},"geometry":{"type":"Point","coordinates":[128.5936925,35.8698861]}},{"type":"Feature","properties":{"kind":"exit","ref":"2"},"geometry":{"type":"Point","coordinates":[128.5939258,35.8700047]}},{"type":"Feature","properties":{"kind":"exit","ref":"4"},"geometry":{"type":"Point","coordinates":[128.5940604,35.8718717]}},{"type":"Feature","properties":{"kind":"exit","ref":"3"},"geometry":{"type":"Point","coordinates":[128.594283,35.8719184]}},{"type":"Feature","properties":{"kind":"exit","ref":"2"},"geometry":{"type":"Point","coordinates":[128.5968787,35.8761566]}},{"type":"Feature","properties":{"kind":"exit","ref":"1"},"geometry":{"type":"Point","coordinates":[128.597099,35.8764414]}},{"type":"Feature","properties":{"kind":"exit","ref":"4"},"geometry":{"type":"Point","coordinates":[128.5974819,35.8764069]}},{"type":"Feature","properties":{"kind":"exit","ref":"3"},"geometry":{"type":"Point","coordinates":[128.597504,35.8762807]}},{"type":"Feature","properties":{"kind":"exit","ref":"1"},"geometry":{"type":"Point","coordinates":[128.6043221,35.8763507]}},{"type":"Feature","properties":{"kind":"exit","ref":"2"},"geometry":{"type":"Point","coordinates":[128.6044586,35.8759622]}},{"type":"Feature","properties":{"kind":"exit","ref":"4"},"geometry":{"type":"Point","coordinates":[128.6059847,35.8760187]}},{"type":"Feature","properties":{"kind":"exit","ref":"3"},"geometry":{"type":"Point","coordinates":[128.6059051,35.875763]}},{"type":"Feature","properties":{"kind":"exit","ref":"1"},"geometry":{"type":"Point","coordinates":[128.6271428,35.8775222]}},{"type":"Feature","properties":{"kind":"exit","ref":"1"},"geometry":{"type":"Point","coordinates":[128.6173116,35.8748844]}},{"type":"Feature","properties":{"kind":"exit","ref":"8"},"geometry":{"type":"Point","coordinates":[128.6175312,35.874939]}},{"type":"Feature","properties":{"kind":"exit","ref":"2"},"geometry":{"type":"Point","coordinates":[128.6171537,35.8746114]}},{"type":"Feature","properties":{"kind":"exit","ref":"3"},"geometry":{"type":"Point","coordinates":[128.6172474,35.8744449]}},{"type":"Feature","properties":{"kind":"exit","ref":"4"},"geometry":{"type":"Point","coordinates":[128.617668,35.874208]}},{"type":"Feature","properties":{"kind":"exit","ref":"5"},"geometry":{"type":"Point","coordinates":[128.6179119,35.874292]}},{"type":"Feature","properties":{"kind":"exit","ref":"7"},"geometry":{"type":"Point","coordinates":[128.6179382,35.8748302]}},{"type":"Feature","properties":{"kind":"exit","ref":"6"},"geometry":{"type":"Point","coordinates":[128.6180121,35.8746196]}},{"type":"Feature","properties":{"kind":"exit","ref":"1"},"geometry":{"type":"Point","coordinates":[128.639407,35.8871296]}},{"type":"Feature","properties":{"kind":"exit","ref":"2"},"geometry":{"type":"Point","coordinates":[128.6275455,35.8771094]}},{"type":"Feature","properties":{"kind":"exit","ref":"3"},"geometry":{"type":"Point","coordinates":[128.6275811,35.8779841]}},{"type":"Feature","properties":{"kind":"exit","ref":"1"},"geometry":{"type":"Point","coordinates":[128.6319311,35.8842344]}},{"type":"Feature","properties":{"kind":"exit","ref":"4"},"geometry":{"type":"Point","coordinates":[128.6322072,35.8845622]}},{"type":"Feature","properties":{"kind":"exit","ref":"3"},"geometry":{"type":"Point","coordinates":[128.6324367,35.8844463]}},{"type":"Feature","properties":{"kind":"exit","ref":"2"},"geometry":{"type":"Point","coordinates":[128.6321435,35.8841247]}},{"type":"Feature","properties":{"kind":"exit","ref":"2"},"geometry":{"type":"Point","coordinates":[128.6500184,35.8859626]}},{"type":"Feature","properties":{"kind":"exit","ref":"3"},"geometry":{"type":"Point","coordinates":[128.6502642,35.8858625]}},{"type":"Feature","properties":{"kind":"exit","ref":"1"},"geometry":{"type":"Point","coordinates":[128.6504175,35.8862717]}},{"type":"Feature","properties":{"kind":"exit","ref":"4"},"geometry":{"type":"Point","coordinates":[128.6506074,35.8861342]}},{"type":"Feature","properties":{"kind":"exit","ref":"2"},"geometry":{"type":"Point","coordinates":[128.6397416,35.8869795]}},{"type":"Feature","properties":{"kind":"exit","ref":"4"},"geometry":{"type":"Point","coordinates":[128.6400387,35.8873505]}},{"type":"Feature","properties":{"kind":"exit","ref":"3"},"geometry":{"type":"Point","coordinates":[128.6401559,35.887131]}},{"type":"Feature","properties":{"kind":"exit","ref":"4"},"geometry":{"type":"Point","coordinates":[128.6595682,35.883665]}},{"type":"Feature","properties":{"kind":"exit","ref":"3"},"geometry":{"type":"Point","coordinates":[128.6595101,35.8834257]}},{"type":"Feature","properties":{"kind":"exit","ref":"2"},"geometry":{"type":"Point","coordinates":[128.6590436,35.8834773]}},{"type":"Feature","properties":{"kind":"exit","ref":"1"},"geometry":{"type":"Point","coordinates":[128.6590572,35.8837177]}},{"type":"Feature","properties":{"kind":"exit","ref":"1"},"geometry":{"type":"Point","coordinates":[128.6696998,35.879872]}},{"type":"Feature","properties":{"kind":"exit","ref":"2"},"geometry":{"type":"Point","coordinates":[128.6695786,35.8796325]}},{"type":"Feature","properties":{"kind":"exit","ref":"3"},"geometry":{"type":"Point","coordinates":[128.6700678,35.8795073]}},{"type":"Feature","properties":{"kind":"exit","ref":"4"},"geometry":{"type":"Point","coordinates":[128.6701869,35.879735]}},{"type":"Feature","properties":{"kind":"exit","ref":"1"},"geometry":{"type":"Point","coordinates":[128.6812096,35.8764534]}},{"type":"Feature","properties":{"kind":"exit","ref":"2"},"geometry":{"type":"Point","coordinates":[128.6810539,35.8762197]}},{"type":"Feature","properties":{"kind":"exit","ref":"3"},"geometry":{"type":"Point","coordinates":[128.6816018,35.8760608]}},{"type":"Feature","properties":{"kind":"exit","ref":"4"},"geometry":{"type":"Point","coordinates":[128.6816497,35.8763187]}},{"type":"Feature","properties":{"kind":"exit","ref":"1"},"geometry":{"type":"Point","coordinates":[128.6924049,35.8703339]}},{"type":"Feature","properties":{"kind":"exit","ref":"2"},"geometry":{"type":"Point","coordinates":[128.6920594,35.869681]}},{"type":"Feature","properties":{"kind":"exit","ref":"3"},"geometry":{"type":"Point","coordinates":[128.6924022,35.8691547]}},{"type":"Feature","properties":{"kind":"exit","ref":"4"},"geometry":{"type":"Point","coordinates":[128.6929174,35.8693712]}},{"type":"Feature","properties":{"kind":"exit","ref":"5"},"geometry":{"type":"Point","coordinates":[128.692962,35.8697719]}},{"type":"Feature","properties":{"kind":"exit","ref":"1"},"geometry":{"type":"Point","coordinates":[128.7021461,35.866811]}},{"type":"Feature","properties":{"kind":"exit","ref":"2"},"geometry":{"type":"Point","coordinates":[128.7021157,35.8665061]}},{"type":"Feature","properties":{"kind":"exit","ref":"3"},"geometry":{"type":"Point","coordinates":[128.7026498,35.8664567]}},{"type":"Feature","properties":{"kind":"exit","ref":"4"},"geometry":{"type":"Point","coordinates":[128.7026847,35.8667572]}},{"type":"Feature","properties":{"kind":"exit","ref":"1"},"geometry":{"type":"Point","coordinates":[128.7133312,35.8660774]}},{"type":"Feature","properties":{"kind":"exit","ref":"2"},"geometry":{"type":"Point","coordinates":[128.7131923,35.8658214]}},{"type":"Feature","properties":{"kind":"exit","ref":"3"},"geometry":{"type":"Point","coordinates":[128.7138945,35.8658179]}},{"type":"Feature","properties":{"kind":"exit","ref":"4"},"geometry":{"type":"Point","coordinates":[128.7138811,35.8660722]}},{"type":"Feature","properties":{"kind":"exit","ref":"1"},"geometry":{"type":"Point","coordinates":[128.7242054,35.8694497]}},{"type":"Feature","properties":{"kind":"exit","ref":"2"},"geometry":{"type":"Point","coordinates":[128.7242482,35.8678721]}},{"type":"Feature","properties":{"kind":"exit","ref":"3"},"geometry":{"type":"Point","coordinates":[128.7246965,35.8680053]}},{"type":"Feature","properties":{"kind":"exit","ref":"4"},"geometry":{"type":"Point","coordinates":[128.7246129,35.8682501]}},{"type":"Feature","properties":{"kind":"exit","ref":"1"},"geometry":{"type":"Point","coordinates":[128.7333916,35.8713199]}},{"type":"Feature","properties":{"kind":"exit","ref":"2"},"geometry":{"type":"Point","coordinates":[128.7330979,35.8712463]}},{"type":"Feature","properties":{"kind":"exit","ref":"3"},"geometry":{"type":"Point","coordinates":[128.7337921,35.871119]}},{"type":"Feature","properties":{"kind":"exit","ref":"4"},"geometry":{"type":"Point","coordinates":[128.7343311,35.8712544]}},{"type":"Feature","properties":{"kind":"exit","ref":"5"},"geometry":{"type":"Point","coordinates":[128.7342112,35.8714964]}},{"type":"Feature","properties":{"kind":"exit","ref":"1"},"geometry":{"type":"Point","coordinates":[128.4372418,35.8638888]}},{"type":"Feature","properties":{"kind":"exit","ref":"2"},"geometry":{"type":"Point","coordinates":[128.4373253,35.863978]}},{"type":"Feature","properties":{"kind":"exit","ref":"1"},"geometry":{"type":"Point","coordinates":[128.45805,35.8653562]}},{"type":"Feature","properties":{"kind":"exit","ref":"2"},"geometry":{"type":"Point","coordinates":[128.4578168,35.8652304]}},{"type":"Feature","properties":{"kind":"exit","ref":"3"},"geometry":{"type":"Point","coordinates":[128.4582359,35.8647603]}},{"type":"Feature","properties":{"kind":"exit","ref":"4"},"geometry":{"type":"Point","coordinates":[128.4584758,35.8648989]}},{"type":"Feature","properties":{"kind":"exit","ref":"1"},"geometry":{"type":"Point","coordinates":[128.4776035,35.853287]}},{"type":"Feature","properties":{"kind":"exit","ref":"2"},"geometry":{"type":"Point","coordinates":[128.477829,35.8527876]}},{"type":"Feature","properties":{"kind":"exit","ref":"3"},"geometry":{"type":"Point","coordinates":[128.4782675,35.8525558]}},{"type":"Feature","properties":{"kind":"exit","ref":"4"},"geometry":{"type":"Point","coordinates":[128.478577,35.8527861]}},{"type":"Feature","properties":{"kind":"exit","ref":"5"},"geometry":{"type":"Point","coordinates":[128.4796587,35.8527379]}},{"type":"Feature","properties":{"kind":"exit","ref":"6"},"geometry":{"type":"Point","coordinates":[128.4796776,35.8531708]}},{"type":"Feature","properties":{"kind":"exit","ref":"1"},"geometry":{"type":"Point","coordinates":[128.4910871,35.851769]}},{"type":"Feature","properties":{"kind":"exit","ref":"2"},"geometry":{"type":"Point","coordinates":[128.4909315,35.8512513]}},{"type":"Feature","properties":{"kind":"exit","ref":"3"},"geometry":{"type":"Point","coordinates":[128.4915799,35.8510291]}},{"type":"Feature","properties":{"kind":"exit","ref":"4"},"geometry":{"type":"Point","coordinates":[128.4923862,35.8510141]}},{"type":"Feature","properties":{"kind":"exit","ref":"5"},"geometry":{"type":"Point","coordinates":[128.4930855,35.8516351]}},{"type":"Feature","properties":{"kind":"exit","ref":"6"},"geometry":{"type":"Point","coordinates":[128.4924213,35.8518564]}},{"type":"Feature","properties":{"kind":"exit","ref":"7"},"geometry":{"type":"Point","coordinates":[128.4917075,35.8519583]}},{"type":"Feature","properties":{"kind":"exit","ref":"1"},"geometry":{"type":"Point","coordinates":[128.5067124,35.851941]}},{"type":"Feature","properties":{"kind":"exit","ref":"2"},"geometry":{"type":"Point","coordinates":[128.5068183,35.8515367]}},{"type":"Feature","properties":{"kind":"exit","ref":"3"},"geometry":{"type":"Point","coordinates":[128.5071219,35.8512399]}},{"type":"Feature","properties":{"kind":"exit","ref":"4"},"geometry":{"type":"Point","coordinates":[128.5074919,35.8512068]}},{"type":"Feature","properties":{"kind":"exit","ref":"5"},"geometry":{"type":"Point","coordinates":[128.5078619,35.8514281]}},{"type":"Feature","properties":{"kind":"exit","ref":"6"},"geometry":{"type":"Point","coordinates":[128.5076004,35.8518748]}},{"type":"Feature","properties":{"kind":"exit","ref":"7"},"geometry":{"type":"Point","coordinates":[128.5074447,35.8521313]}},{"type":"Feature","properties":{"kind":"exit","ref":"8"},"geometry":{"type":"Point","coordinates":[128.507039,35.8522657]}},{"type":"Feature","properties":{"kind":"exit","ref":"1"},"geometry":{"type":"Point","coordinates":[128.5152128,35.850838]}},{"type":"Feature","properties":{"kind":"exit","ref":"2"},"geometry":{"type":"Point","coordinates":[128.51549,35.8504487]}},{"type":"Feature","properties":{"kind":"exit","ref":"3"},"geometry":{"type":"Point","coordinates":[128.5160809,35.8503598]}},{"type":"Feature","properties":{"kind":"exit","ref":"4"},"geometry":{"type":"Point","coordinates":[128.5162363,35.8507106]}},{"type":"Feature","properties":{"kind":"exit","ref":"5"},"geometry":{"type":"Point","coordinates":[128.5159526,35.8508639]}},{"type":"Feature","properties":{"kind":"exit","ref":"6"},"geometry":{"type":"Point","coordinates":[128.5155642,35.850926]}},{"type":"Feature","properties":{"kind":"exit","ref":"1"},"geometry":{"type":"Point","coordinates":[128.5281994,35.8492049]}},{"type":"Feature","properties":{"kind":"exit","ref":"2"},"geometry":{"type":"Point","coordinates":[128.52832,35.8486947]}},{"type":"Feature","properties":{"kind":"exit","ref":"3"},"geometry":{"type":"Point","coordinates":[128.5288584,35.8484433]}},{"type":"Feature","properties":{"kind":"exit","ref":"4"},"geometry":{"type":"Point","coordinates":[128.5292288,35.8488234]}},{"type":"Feature","properties":{"kind":"exit","ref":"5"},"geometry":{"type":"Point","coordinates":[128.5291407,35.849336]}},{"type":"Feature","properties":{"kind":"exit","ref":"6"},"geometry":{"type":"Point","coordinates":[128.5284765,35.8499014]}},{"type":"Feature","properties":{"kind":"exit","ref":"1"},"geometry":{"type":"Point","coordinates":[128.5375578,35.850743]}},{"type":"Feature","properties":{"kind":"exit","ref":"2"},"geometry":{"type":"Point","coordinates":[128.5375758,35.8497873]}},{"type":"Feature","properties":{"kind":"exit","ref":"3"},"geometry":{"type":"Point","coordinates":[128.5382073,35.8502618]}},{"type":"Feature","properties":{"kind":"exit","ref":"4"},"geometry":{"type":"Point","coordinates":[128.538073,35.8506376]}},{"type":"Feature","properties":{"kind":"exit","ref":"1"},"geometry":{"type":"Point","coordinates":[128.547615,35.854305]}},{"type":"Feature","properties":{"kind":"exit","ref":"2"},"geometry":{"type":"Point","coordinates":[128.5477773,35.8539508]}},{"type":"Feature","properties":{"kind":"exit","ref":"3"},"geometry":{"type":"Point","coordinates":[128.548491,35.8542241]}},{"type":"Feature","properties":{"kind":"exit","ref":"4"},"geometry":{"type":"Point","coordinates":[128.548307,35.8545813]}},{"type":"Feature","properties":{"kind":"exit","ref":"6"},"geometry":{"type":"Point","coordinates":[128.5535601,35.8565881]}},{"type":"Feature","properties":{"kind":"exit","ref":"5"},"geometry":{"type":"Point","coordinates":[128.5537883,35.8566801]}},{"type":"Feature","properties":{"kind":"exit","ref":"4"},"geometry":{"type":"Point","coordinates":[128.5542766,35.8568695]}},{"type":"Feature","properties":{"kind":"exit","ref":"3"},"geometry":{"type":"Point","coordinates":[128.5545645,35.856971]}},{"type":"Feature","properties":{"kind":"exit","ref":"7"},"geometry":{"type":"Point","coordinates":[128.5541781,35.8564057]}},{"type":"Feature","properties":{"kind":"exit","ref":"8"},"geometry":{"type":"Point","coordinates":[128.5544815,35.8565157]}},{"type":"Feature","properties":{"kind":"exit","ref":"9"},"geometry":{"type":"Point","coordinates":[128.5554245,35.8568353]}},{"type":"Feature","properties":{"kind":"exit","ref":"2"},"geometry":{"type":"Point","coordinates":[128.5555876,35.8573562]}},{"type":"Feature","properties":{"kind":"exit","ref":"1"},"geometry":{"type":"Point","coordinates":[128.5559513,35.8575057]}},{"type":"Feature","properties":{"kind":"exit","ref":"10"},"geometry":{"type":"Point","coordinates":[128.555933,35.8570353]}},{"type":"Feature","properties":{"kind":"exit","ref":"11"},"geometry":{"type":"Point","coordinates":[128.5564491,35.8572162]}},{"type":"Feature","properties":{"kind":"exit","ref":"12"},"geometry":{"type":"Point","coordinates":[128.5568643,35.8573952]}},{"type":"Feature","properties":{"kind":"exit","ref":"13"},"geometry":{"type":"Point","coordinates":[128.557098,35.8573798]}},{"type":"Feature","properties":{"kind":"exit","ref":"14"},"geometry":{"type":"Point","coordinates":[128.557418,35.8573108]}},{"type":"Feature","properties":{"kind":"exit","ref":"20"},"geometry":{"type":"Point","coordinates":[128.5567973,35.8579621]}},{"type":"Feature","properties":{"kind":"exit","ref":"19"},"geometry":{"type":"Point","coordinates":[128.5569169,35.8581728]}},{"type":"Feature","properties":{"kind":"exit","ref":"15"},"geometry":{"type":"Point","coordinates":[128.5581193,35.8574719]}},{"type":"Feature","properties":{"kind":"exit","ref":"16"},"geometry":{"type":"Point","coordinates":[128.5582069,35.8577257]}},{"type":"Feature","properties":{"kind":"exit","ref":"17"},"geometry":{"type":"Point","coordinates":[128.5578445,35.858359]}},{"type":"Feature","properties":{"kind":"exit","ref":"18"},"geometry":{"type":"Point","coordinates":[128.5576139,35.8584547]}},{"type":"Feature","properties":{"kind":"exit","ref":"1"},"geometry":{"type":"Point","coordinates":[128.5724199,35.8623535]}},{"type":"Feature","properties":{"kind":"exit","ref":"2"},"geometry":{"type":"Point","coordinates":[128.5725422,35.8619836]}},{"type":"Feature","properties":{"kind":"exit","ref":"3"},"geometry":{"type":"Point","coordinates":[128.5731497,35.862134]}},{"type":"Feature","properties":{"kind":"exit","ref":"4"},"geometry":{"type":"Point","coordinates":[128.5729971,35.8624984]}},{"type":"Feature","properties":{"kind":"exit","ref":"1"},"geometry":{"type":"Point","coordinates":[128.564239,35.8602028]}},{"type":"Feature","properties":{"kind":"exit","ref":"2"},"geometry":{"type":"Point","coordinates":[128.564486,35.8598261]}},{"type":"Feature","properties":{"kind":"exit","ref":"3"},"geometry":{"type":"Point","coordinates":[128.5651952,35.860047]}},{"type":"Feature","properties":{"kind":"exit","ref":"4"},"geometry":{"type":"Point","coordinates":[128.5650194,35.8603983]}},{"type":"Feature","properties":{"kind":"exit","ref":"1"},"geometry":{"type":"Point","coordinates":[128.6138479,35.8599519]}},{"type":"Feature","properties":{"kind":"exit","ref":"2"},"geometry":{"type":"Point","coordinates":[128.6137901,35.8595644]}},{"type":"Feature","properties":{"kind":"exit","ref":"3"},"geometry":{"type":"Point","coordinates":[128.6144061,35.8595436]}},{"type":"Feature","properties":{"kind":"exit","ref":"4"},"geometry":{"type":"Point","coordinates":[128.6144176,35.8599489]}},{"type":"Feature","properties":{"kind":"exit","ref":"1"},"geometry":{"type":"Point","coordinates":[128.5819991,35.8649321]}},{"type":"Feature","properties":{"kind":"exit","ref":"2"},"geometry":{"type":"Point","coordinates":[128.5818543,35.8645003]}},{"type":"Feature","properties":{"kind":"exit","ref":"6"},"geometry":{"type":"Point","coordinates":[128.5825575,35.864171]}},{"type":"Feature","properties":{"kind":"exit","ref":"3"},"geometry":{"type":"Point","coordinates":[128.5822667,35.8641673]}},{"type":"Feature","properties":{"kind":"exit","ref":"4"},"geometry":{"type":"Point","coordinates":[128.5822602,35.8637372]}},{"type":"Feature","properties":{"kind":"exit","ref":"5"},"geometry":{"type":"Point","coordinates":[128.5826088,35.8638405]}},{"type":"Feature","properties":{"kind":"exit","ref":"7"},"geometry":{"type":"Point","coordinates":[128.5825881,35.8643837]}},{"type":"Feature","properties":{"kind":"exit","ref":"8"},"geometry":{"type":"Point","coordinates":[128.5827908,35.8647745]}},{"type":"Feature","properties":{"kind":"exit","ref":"9"},"geometry":{"type":"Point","coordinates":[128.5827563,35.8651815]}},{"type":"Feature","properties":{"kind":"exit","ref":"1"},"geometry":{"type":"Point","coordinates":[128.6022543,35.863448]}},{"type":"Feature","properties":{"kind":"exit","ref":"2"},"geometry":{"type":"Point","coordinates":[128.6021441,35.8630899]}},{"type":"Feature","properties":{"kind":"exit","ref":"3"},"geometry":{"type":"Point","coordinates":[128.6030596,35.8628857]}},{"type":"Feature","properties":{"kind":"exit","ref":"4"},"geometry":{"type":"Point","coordinates":[128.6030869,35.8632931]}},{"type":"Feature","properties":{"kind":"exit","ref":"2"},"geometry":{"type":"Point","coordinates":[128.624505,35.8589774]}},{"type":"Feature","properties":{"kind":"exit","ref":"4"},"geometry":{"type":"Point","coordinates":[128.6250807,35.8594696]}},{"type":"Feature","properties":{"kind":"exit","ref":"3"},"geometry":{"type":"Point","coordinates":[128.6249842,35.8587808]}},{"type":"Feature","properties":{"kind":"exit","ref":"5"},"geometry":{"type":"Point","coordinates":[128.6256481,35.8587898]}},{"type":"Feature","properties":{"kind":"exit","ref":"11"},"geometry":{"type":"Point","coordinates":[128.6268257,35.8592864]}},{"type":"Feature","properties":{"kind":"exit","ref":"6"},"geometry":{"type":"Point","coordinates":[128.6272985,35.8585643]}},{"type":"Feature","properties":{"kind":"exit","ref":"7"},"geometry":{"type":"Point","coordinates":[128.6277888,35.8587027]}},{"type":"Feature","properties":{"kind":"exit","ref":"10"},"geometry":{"type":"Point","coordinates":[128.6280283,35.8591039]}},{"type":"Feature","properties":{"kind":"exit","ref":"9"},"geometry":{"type":"Point","coordinates":[128.6286723,35.8590563]}},{"type":"Feature","properties":{"kind":"exit","ref":"8"},"geometry":{"type":"Point","coordinates":[128.6291474,35.8590337]}},{"type":"Feature","properties":{"kind":"exit","ref":"1"},"geometry":{"type":"Point","coordinates":[128.65377,35.8551572]}},{"type":"Feature","properties":{"kind":"exit","ref":"2"},"geometry":{"type":"Point","coordinates":[128.6535092,35.8547725]}},{"type":"Feature","properties":{"kind":"exit","ref":"3"},"geometry":{"type":"Point","coordinates":[128.654058,35.8545152]}},{"type":"Feature","properties":{"kind":"exit","ref":"4"},"geometry":{"type":"Point","coordinates":[128.65431,35.8548699]}},{"type":"Feature","properties":{"kind":"exit","ref":"1"},"geometry":{"type":"Point","coordinates":[128.6446093,35.8590598]}},{"type":"Feature","properties":{"kind":"exit","ref":"2"},"geometry":{"type":"Point","coordinates":[128.6443919,35.8586222]}},{"type":"Feature","properties":{"kind":"exit","ref":"3"},"geometry":{"type":"Point","coordinates":[128.6453788,35.8586903]}},{"type":"Feature","properties":{"kind":"exit","ref":"4"},"geometry":{"type":"Point","coordinates":[128.6453522,35.8590645]}},{"type":"Feature","properties":{"kind":"exit","ref":"1"},"geometry":{"type":"Point","coordinates":[128.6354151,35.8590079]}},{"type":"Feature","properties":{"kind":"exit","ref":"2"},"geometry":{"type":"Point","coordinates":[128.6354037,35.8585774]}},{"type":"Feature","properties":{"kind":"exit","ref":"3"},"geometry":{"type":"Point","coordinates":[128.6358899,35.858622]}},{"type":"Feature","properties":{"kind":"exit","ref":"4"},"geometry":{"type":"Point","coordinates":[128.6361846,35.8589858]}},{"type":"Feature","properties":{"kind":"exit","ref":"1"},"geometry":{"type":"Point","coordinates":[128.6715631,35.8468279]}},{"type":"Feature","properties":{"kind":"exit","ref":"2"},"geometry":{"type":"Point","coordinates":[128.6713678,35.8464792]}},{"type":"Feature","properties":{"kind":"exit","ref":"3"},"geometry":{"type":"Point","coordinates":[128.6718379,35.8462591]}},{"type":"Feature","properties":{"kind":"exit","ref":"4"},"geometry":{"type":"Point","coordinates":[128.6720389,35.8465761]}},{"type":"Feature","properties":{"kind":"exit","ref":"1"},"geometry":{"type":"Point","coordinates":[128.6800118,35.8429485]}},{"type":"Feature","properties":{"kind":"exit","ref":"2"},"geometry":{"type":"Point","coordinates":[128.6792803,35.842493]}},{"type":"Feature","properties":{"kind":"exit","ref":"3"},"geometry":{"type":"Point","coordinates":[128.6794494,35.8419999]}},{"type":"Feature","properties":{"kind":"exit","ref":"4"},"geometry":{"type":"Point","coordinates":[128.6799851,35.8418583]}},{"type":"Feature","properties":{"kind":"exit","ref":"5"},"geometry":{"type":"Point","coordinates":[128.6805258,35.8421839]}},{"type":"Feature","properties":{"kind":"exit","ref":"1"},"geometry":{"type":"Point","coordinates":[128.7046589,35.8410904]}},{"type":"Feature","properties":{"kind":"exit","ref":"2"},"geometry":{"type":"Point","coordinates":[128.704525,35.8407293]}},{"type":"Feature","properties":{"kind":"exit","ref":"3"},"geometry":{"type":"Point","coordinates":[128.7046754,35.8404789]}},{"type":"Feature","properties":{"kind":"exit","ref":"4"},"geometry":{"type":"Point","coordinates":[128.7049576,35.8404284]}},{"type":"Feature","properties":{"kind":"exit","ref":"5"},"geometry":{"type":"Point","coordinates":[128.7054801,35.8404855]}},{"type":"Feature","properties":{"kind":"exit","ref":"6"},"geometry":{"type":"Point","coordinates":[128.7052864,35.8411448]}},{"type":"Feature","properties":{"kind":"exit","ref":"7"},"geometry":{"type":"Point","coordinates":[128.7049528,35.8411693]}},{"type":"Feature","properties":{"kind":"exit","ref":"1"},"geometry":{"type":"Point","coordinates":[128.6929439,35.8431321]}},{"type":"Feature","properties":{"kind":"exit","ref":"2"},"geometry":{"type":"Point","coordinates":[128.6929655,35.8427567]}},{"type":"Feature","properties":{"kind":"exit","ref":"3"},"geometry":{"type":"Point","coordinates":[128.6937006,35.8427336]}},{"type":"Feature","properties":{"kind":"exit","ref":"4"},"geometry":{"type":"Point","coordinates":[128.6936035,35.8431175]}},{"type":"Feature","properties":{"kind":"exit","ref":"1"},"geometry":{"type":"Point","coordinates":[128.7151324,35.8372554]}},{"type":"Feature","properties":{"kind":"exit","ref":"2"},"geometry":{"type":"Point","coordinates":[128.7151749,35.8368522]}},{"type":"Feature","properties":{"kind":"exit","ref":"3"},"geometry":{"type":"Point","coordinates":[128.7158504,35.836691]}},{"type":"Feature","properties":{"kind":"exit","ref":"4"},"geometry":{"type":"Point","coordinates":[128.7159687,35.8370495]}},{"type":"Feature","properties":{"kind":"exit","ref":"1"},"geometry":{"type":"Point","coordinates":[128.7406099,35.834288]}},{"type":"Feature","properties":{"kind":"exit","ref":"2"},"geometry":{"type":"Point","coordinates":[128.7406236,35.833926]}},{"type":"Feature","properties":{"kind":"exit","ref":"3"},"geometry":{"type":"Point","coordinates":[128.7409249,35.8336956]}},{"type":"Feature","properties":{"kind":"exit","ref":"4"},"geometry":{"type":"Point","coordinates":[128.741237,35.8337256]}},{"type":"Feature","properties":{"kind":"exit","ref":"5"},"geometry":{"type":"Point","coordinates":[128.74157,35.8339348]}},{"type":"Feature","properties":{"kind":"exit","ref":"6"},"geometry":{"type":"Point","coordinates":[128.7414436,35.8343093]}},{"type":"Feature","properties":{"kind":"exit","ref":"7"},"geometry":{"type":"Point","coordinates":[128.7411613,35.834558]}},{"type":"Feature","properties":{"kind":"exit","ref":"8"},"geometry":{"type":"Point","coordinates":[128.7408581,35.8345024]}},{"type":"Feature","properties":{"kind":"exit","ref":"1"},"geometry":{"type":"Point","coordinates":[128.752569,35.8363415]}},{"type":"Feature","properties":{"kind":"exit","ref":"2"},"geometry":{"type":"Point","coordinates":[128.7525253,35.8359033]}},{"type":"Feature","properties":{"kind":"exit","ref":"3"},"geometry":{"type":"Point","coordinates":[128.7534911,35.8359008]}},{"type":"Feature","properties":{"kind":"exit","ref":"4"},"geometry":{"type":"Point","coordinates":[128.7535681,35.8363645]}},{"type":"Feature","properties":{"kind":"exit","ref":"5"},"geometry":{"type":"Point","coordinates":[128.7532996,35.836629]}},{"type":"Feature","properties":{"kind":"exit","ref":"1"},"geometry":{"type":"Point","coordinates":[128.5600334,35.9584675]}},{"type":"Feature","properties":{"kind":"exit","ref":"2"},"geometry":{"type":"Point","coordinates":[128.5597608,35.958484]}},{"type":"Feature","properties":{"kind":"exit","ref":"3"},"geometry":{"type":"Point","coordinates":[128.5597246,35.9578953]}},{"type":"Feature","properties":{"kind":"exit","ref":"4"},"geometry":{"type":"Point","coordinates":[128.5600044,35.9578741]}},{"type":"Feature","properties":{"kind":"exit","ref":"1"},"geometry":{"type":"Point","coordinates":[128.5594115,35.9520022]}},{"type":"Feature","properties":{"kind":"exit","ref":"2"},"geometry":{"type":"Point","coordinates":[128.55914,35.9520129]}},{"type":"Feature","properties":{"kind":"exit","ref":"3"},"geometry":{"type":"Point","coordinates":[128.5590863,35.9515096]}},{"type":"Feature","properties":{"kind":"exit","ref":"4"},"geometry":{"type":"Point","coordinates":[128.5593511,35.9514952]}},{"type":"Feature","properties":{"kind":"exit","ref":"2"},"geometry":{"type":"Point","coordinates":[128.5582856,35.9445568]}},{"type":"Feature","properties":{"kind":"exit","ref":"1"},"geometry":{"type":"Point","coordinates":[128.5586285,35.9445179]}},{"type":"Feature","properties":{"kind":"exit","ref":"3"},"geometry":{"type":"Point","coordinates":[128.5581954,35.9440558]}},{"type":"Feature","properties":{"kind":"exit","ref":"4"},"geometry":{"type":"Point","coordinates":[128.558536,35.9440262]}},{"type":"Feature","properties":{"kind":"exit","ref":"1"},"geometry":{"type":"Point","coordinates":[128.5563974,35.9374367]}},{"type":"Feature","properties":{"kind":"exit","ref":"1"},"geometry":{"type":"Point","coordinates":[128.5432331,35.9130199]}},{"type":"Feature","properties":{"kind":"exit","ref":"1"},"geometry":{"type":"Point","coordinates":[128.5500806,35.92548]}},{"type":"Feature","properties":{"kind":"exit","ref":"1"},"geometry":{"type":"Point","coordinates":[128.5474277,35.9193351]}},{"type":"Feature","properties":{"kind":"exit","ref":"1"},"geometry":{"type":"Point","coordinates":[128.5545898,35.9317029]}},{"type":"Feature","properties":{"kind":"exit","ref":"1"},"geometry":{"type":"Point","coordinates":[128.5471034,35.8975524]}},{"type":"Feature","properties":{"kind":"exit","ref":"1"},"geometry":{"type":"Point","coordinates":[128.5456366,35.9040163]}},{"type":"Feature","properties":{"kind":"exit","ref":"1"},"geometry":{"type":"Point","coordinates":[128.5615304,35.8899135]}},{"type":"Feature","properties":{"kind":"exit","ref":"2"},"geometry":{"type":"Point","coordinates":[128.5613437,35.8896088]}},{"type":"Feature","properties":{"kind":"exit","ref":"1"},"geometry":{"type":"Point","coordinates":[128.5535008,35.8919826]}},{"type":"Feature","properties":{"kind":"exit","ref":"1"},"geometry":{"type":"Point","coordinates":[128.5679877,35.8887899]}},{"type":"Feature","properties":{"kind":"exit","ref":"1"},"geometry":{"type":"Point","coordinates":[128.5824525,35.8697638]}},{"type":"Feature","properties":{"kind":"exit","ref":"2"},"geometry":{"type":"Point","coordinates":[128.582165,35.869749]}},{"type":"Feature","properties":{"kind":"exit","ref":"3"},"geometry":{"type":"Point","coordinates":[128.5821957,35.8694152]}},{"type":"Feature","properties":{"kind":"exit","ref":"4"},"geometry":{"type":"Point","coordinates":[128.5824618,35.8694286]}},{"type":"Feature","properties":{"kind":"exit","ref":"1"},"geometry":{"type":"Point","coordinates":[128.5744566,35.8877957]}},{"type":"Feature","properties":{"kind":"exit","ref":"1"},"geometry":{"type":"Point","coordinates":[128.5834839,35.8567897]}},{"type":"Feature","properties":{"kind":"exit","ref":"2"},"geometry":{"type":"Point","coordinates":[128.5833518,35.8565602]}},{"type":"Feature","properties":{"kind":"exit","ref":"1"},"geometry":{"type":"Point","coordinates":[128.5816912,35.8839161]}},{"type":"Feature","properties":{"kind":"exit","ref":"2"},"geometry":{"type":"Point","coordinates":[128.581409,35.8839834]}},{"type":"Feature","properties":{"kind":"exit","ref":"3"},"geometry":{"type":"Point","coordinates":[128.5812907,35.8836204]}},{"type":"Feature","properties":{"kind":"exit","ref":"4"},"geometry":{"type":"Point","coordinates":[128.5815471,35.8835547]}},{"type":"Feature","properties":{"kind":"exit","ref":"1"},"geometry":{"type":"Point","coordinates":[128.582148,35.875889]}},{"type":"Feature","properties":{"kind":"exit","ref":"2"},"geometry":{"type":"Point","coordinates":[128.5819542,35.8758877]}},{"type":"Feature","properties":{"kind":"exit","ref":"3"},"geometry":{"type":"Point","coordinates":[128.5820174,35.8753202]}},{"type":"Feature","properties":{"kind":"exit","ref":"4"},"geometry":{"type":"Point","coordinates":[128.5821751,35.8755047]}},{"type":"Feature","properties":{"kind":"exit","ref":"1"},"geometry":{"type":"Point","coordinates":[128.6159878,35.8544087]}},{"type":"Feature","properties":{"kind":"exit","ref":"2"},"geometry":{"type":"Point","coordinates":[128.6159919,35.8541858]}},{"type":"Feature","properties":{"kind":"exit","ref":"3"},"geometry":{"type":"Point","coordinates":[128.6165555,35.8541668]}},{"type":"Feature","properties":{"kind":"exit","ref":"4"},"geometry":{"type":"Point","coordinates":[128.6165202,35.8543825]}},{"type":"Feature","properties":{"kind":"exit","ref":"1"},"geometry":{"type":"Point","coordinates":[128.6252587,35.8523665]}},{"type":"Feature","properties":{"kind":"exit","ref":"1"},"geometry":{"type":"Point","coordinates":[128.5992053,35.855537]}},{"type":"Feature","properties":{"kind":"exit","ref":"2"},"geometry":{"type":"Point","coordinates":[128.5991972,35.8553118]}},{"type":"Feature","properties":{"kind":"exit","ref":"3"},"geometry":{"type":"Point","coordinates":[128.5998056,35.855271]}},{"type":"Feature","properties":{"kind":"exit","ref":"4"},"geometry":{"type":"Point","coordinates":[128.599805,35.8554883]}},{"type":"Feature","properties":{"kind":"exit","ref":"1"},"geometry":{"type":"Point","coordinates":[128.6245604,35.8456949]}},{"type":"Feature","properties":{"kind":"exit","ref":"1"},"geometry":{"type":"Point","coordinates":[128.6058126,35.8550991]}},{"type":"Feature","properties":{"kind":"exit","ref":"2"},"geometry":{"type":"Point","coordinates":[128.6058027,35.8548776]}},{"type":"Feature","properties":{"kind":"exit","ref":"3"},"geometry":{"type":"Point","coordinates":[128.6064258,35.8548599]}},{"type":"Feature","properties":{"kind":"exit","ref":"4"},"geometry":{"type":"Point","coordinates":[128.6064618,35.8551166]}},{"type":"Feature","properties":{"kind":"exit","ref":"1"},"geometry":{"type":"Point","coordinates":[128.6398227,35.8210254]}},{"type":"Feature","properties":{"kind":"exit","ref":"2"},"geometry":{"type":"Point","coordinates":[128.6397158,35.8209347]}},{"type":"Feature","properties":{"kind":"exit","ref":"3"},"geometry":{"type":"Point","coordinates":[128.6401101,35.8206589]}},{"type":"Feature","properties":{"kind":"exit","ref":"4"},"geometry":{"type":"Point","coordinates":[128.640207,35.8207745]}},{"type":"Feature","properties":{"kind":"exit","ref":"1"},"geometry":{"type":"Point","coordinates":[128.623983,35.839529]}},{"type":"Feature","properties":{"kind":"exit","ref":"1"},"geometry":{"type":"Point","coordinates":[128.6233662,35.8317743]}},{"type":"Feature","properties":{"kind":"exit","ref":"1"},"geometry":{"type":"Point","coordinates":[128.6314313,35.825379]}},{"type":"Feature","properties":{"kind":"exit","ref":"1"},"geometry":{"type":"Point","coordinates":[128.6465082,35.8184556]}},{"type":"Feature","properties":{"kind":"exit","ref":"2"},"geometry":{"type":"Point","coordinates":[128.6465807,35.8180615]}},{"type":"Feature","properties":{"kind":"exit","ref":"3"},"geometry":{"type":"Point","coordinates":[128.6471127,35.8181388]}},{"type":"Feature","properties":{"kind":"exit","ref":"4"},"geometry":{"type":"Point","coordinates":[128.6470108,35.8184957]}},{"type":"Feature","properties":{"kind":"exit","ref":"1"},"geometry":{"type":"Point","coordinates":[127.442831,36.3292054]}},{"type":"Feature","properties":{"kind":"exit","ref":"2"},"geometry":{"type":"Point","coordinates":[127.4423362,36.3290999]}},{"type":"Feature","properties":{"kind":"exit","ref":"3"},"geometry":{"type":"Point","coordinates":[127.4422746,36.3292439]}},{"type":"Feature","properties":{"kind":"exit","ref":"4"},"geometry":{"type":"Point","coordinates":[127.4425732,36.3294865]}},{"type":"Feature","properties":{"kind":"exit","ref":"5"},"geometry":{"type":"Point","coordinates":[127.4427814,36.3297626]}},{"type":"Feature","properties":{"kind":"exit","ref":"6"},"geometry":{"type":"Point","coordinates":[127.4431934,36.3299665]}},{"type":"Feature","properties":{"kind":"exit","ref":"7"},"geometry":{"type":"Point","coordinates":[127.4434085,36.3299056]}},{"type":"Feature","properties":{"kind":"exit","ref":"8"},"geometry":{"type":"Point","coordinates":[127.4432299,36.3294358]}},{"type":"Feature","properties":{"kind":"exit","ref":"2"},"geometry":{"type":"Point","coordinates":[127.4327405,36.331245]}},{"type":"Feature","properties":{"kind":"exit","ref":"1"},"geometry":{"type":"Point","coordinates":[127.4330153,36.3308707]}},{"type":"Feature","properties":{"kind":"exit","ref":"3"},"geometry":{"type":"Point","coordinates":[127.4326503,36.3316346]}},{"type":"Feature","properties":{"kind":"exit","ref":"4"},"geometry":{"type":"Point","coordinates":[127.4334484,36.3320032]}},{"type":"Feature","properties":{"kind":"exit","ref":"1"},"geometry":{"type":"Point","coordinates":[127.4263023,36.3286167]}},{"type":"Feature","properties":{"kind":"exit","ref":"2"},"geometry":{"type":"Point","coordinates":[127.4261967,36.3283391]}},{"type":"Feature","properties":{"kind":"exit","ref":"3"},"geometry":{"type":"Point","coordinates":[127.4260129,36.3282721]}},{"type":"Feature","properties":{"kind":"exit","ref":"4"},"geometry":{"type":"Point","coordinates":[127.4253243,36.3283227]}},{"type":"Feature","properties":{"kind":"exit","ref":"5"},"geometry":{"type":"Point","coordinates":[127.4256118,36.3284171]}},{"type":"Feature","properties":{"kind":"exit","ref":"6"},"geometry":{"type":"Point","coordinates":[127.4254964,36.3286533]}},{"type":"Feature","properties":{"kind":"exit","ref":"7"},"geometry":{"type":"Point","coordinates":[127.4255,36.3289267]}},{"type":"Feature","properties":{"kind":"exit","ref":"8"},"geometry":{"type":"Point","coordinates":[127.4256304,36.3290072]}},{"type":"Feature","properties":{"kind":"exit","ref":"9"},"geometry":{"type":"Point","coordinates":[127.4261881,36.328858]}},{"type":"Feature","properties":{"kind":"exit","ref":"1"},"geometry":{"type":"Point","coordinates":[127.4127428,36.3219744]}},{"type":"Feature","properties":{"kind":"exit","ref":"2"},"geometry":{"type":"Point","coordinates":[127.4121889,36.3220504]}},{"type":"Feature","properties":{"kind":"exit","ref":"3"},"geometry":{"type":"Point","coordinates":[127.4118936,36.3224483]}},{"type":"Feature","properties":{"kind":"exit","ref":"4"},"geometry":{"type":"Point","coordinates":[127.4119178,36.3227542]}},{"type":"Feature","properties":{"kind":"exit","ref":"5"},"geometry":{"type":"Point","coordinates":[127.4122412,36.3228646]}},{"type":"Feature","properties":{"kind":"exit","ref":"6"},"geometry":{"type":"Point","coordinates":[127.4126123,36.3226721]}},{"type":"Feature","properties":{"kind":"exit","ref":"7"},"geometry":{"type":"Point","coordinates":[127.412959,36.3223196]}},{"type":"Feature","properties":{"kind":"exit","ref":"8"},"geometry":{"type":"Point","coordinates":[127.4131413,36.3221422]}},{"type":"Feature","properties":{"kind":"exit","ref":"1"},"geometry":{"type":"Point","coordinates":[127.4051704,36.3282309]}},{"type":"Feature","properties":{"kind":"exit","ref":"2"},"geometry":{"type":"Point","coordinates":[127.4047652,36.3282101]}},{"type":"Feature","properties":{"kind":"exit","ref":"3"},"geometry":{"type":"Point","coordinates":[127.4044338,36.3284566]}},{"type":"Feature","properties":{"kind":"exit","ref":"4"},"geometry":{"type":"Point","coordinates":[127.4045179,36.3286968]}},{"type":"Feature","properties":{"kind":"exit","ref":"5"},"geometry":{"type":"Point","coordinates":[127.4049144,36.3289222]}},{"type":"Feature","properties":{"kind":"exit","ref":"6"},"geometry":{"type":"Point","coordinates":[127.4051802,36.3288328]}},{"type":"Feature","properties":{"kind":"exit","ref":"7"},"geometry":{"type":"Point","coordinates":[127.4056299,36.3286234]}},{"type":"Feature","properties":{"kind":"exit","ref":"8"},"geometry":{"type":"Point","coordinates":[127.40554,36.3284175]}},{"type":"Feature","properties":{"kind":"exit","ref":"1"},"geometry":{"type":"Point","coordinates":[127.3934691,36.337905]}},{"type":"Feature","properties":{"kind":"exit","ref":"2"},"geometry":{"type":"Point","coordinates":[127.3929491,36.3378158]}},{"type":"Feature","properties":{"kind":"exit","ref":"3"},"geometry":{"type":"Point","coordinates":[127.3927151,36.3380231]}},{"type":"Feature","properties":{"kind":"exit","ref":"4"},"geometry":{"type":"Point","coordinates":[127.3927986,36.338448]}},{"type":"Feature","properties":{"kind":"exit","ref":"5"},"geometry":{"type":"Point","coordinates":[127.3930123,36.3385925]}},{"type":"Feature","properties":{"kind":"exit","ref":"6"},"geometry":{"type":"Point","coordinates":[127.3935583,36.3386803]}},{"type":"Feature","properties":{"kind":"exit","ref":"7"},"geometry":{"type":"Point","coordinates":[127.3938214,36.3385318]}},{"type":"Feature","properties":{"kind":"exit","ref":"8"},"geometry":{"type":"Point","coordinates":[127.3936652,36.3380987]}},{"type":"Feature","properties":{"kind":"exit","ref":"1"},"geometry":{"type":"Point","coordinates":[127.3845118,36.345301]}},{"type":"Feature","properties":{"kind":"exit","ref":"2"},"geometry":{"type":"Point","coordinates":[127.3845208,36.345781]}},{"type":"Feature","properties":{"kind":"exit","ref":"3"},"geometry":{"type":"Point","coordinates":[127.384798,36.3457839]}},{"type":"Feature","properties":{"kind":"exit","ref":"4"},"geometry":{"type":"Point","coordinates":[127.3851449,36.3457828]}},{"type":"Feature","properties":{"kind":"exit","ref":"5"},"geometry":{"type":"Point","coordinates":[127.3851366,36.345285]}},{"type":"Feature","properties":{"kind":"exit","ref":"1"},"geometry":{"type":"Point","coordinates":[127.3864983,36.350796]}},{"type":"Feature","properties":{"kind":"exit","ref":"2"},"geometry":{"type":"Point","coordinates":[127.3861032,36.351096]}},{"type":"Feature","properties":{"kind":"exit","ref":"3"},"geometry":{"type":"Point","coordinates":[127.3862695,36.351365]}},{"type":"Feature","properties":{"kind":"exit","ref":"4"},"geometry":{"type":"Point","coordinates":[127.3865755,36.3516435]}},{"type":"Feature","properties":{"kind":"exit","ref":"5"},"geometry":{"type":"Point","coordinates":[127.3869432,36.3516435]}},{"type":"Feature","properties":{"kind":"exit","ref":"6"},"geometry":{"type":"Point","coordinates":[127.3872946,36.3513642]}},{"type":"Feature","properties":{"kind":"exit","ref":"7"},"geometry":{"type":"Point","coordinates":[127.3872888,36.3511883]}},{"type":"Feature","properties":{"kind":"exit","ref":"8"},"geometry":{"type":"Point","coordinates":[127.3869114,36.3509282]}},{"type":"Feature","properties":{"kind":"exit","ref":"1"},"geometry":{"type":"Point","coordinates":[127.3314862,36.3563774]}},{"type":"Feature","properties":{"kind":"exit","ref":"2"},"geometry":{"type":"Point","coordinates":[127.3312811,36.3560808]}},{"type":"Feature","properties":{"kind":"exit","ref":"3"},"geometry":{"type":"Point","coordinates":[127.330936,36.3565383]}},{"type":"Feature","properties":{"kind":"exit","ref":"1"},"geometry":{"type":"Point","coordinates":[127.3728304,36.3573293]}},{"type":"Feature","properties":{"kind":"exit","ref":"2"},"geometry":{"type":"Point","coordinates":[127.3722494,36.3573261]}},{"type":"Feature","properties":{"kind":"exit","ref":"3"},"geometry":{"type":"Point","coordinates":[127.3722406,36.3579772]}},{"type":"Feature","properties":{"kind":"exit","ref":"4"},"geometry":{"type":"Point","coordinates":[127.3728851,36.3579199]}},{"type":"Feature","properties":{"kind":"exit","ref":"1"},"geometry":{"type":"Point","coordinates":[127.3419471,36.3533414]}},{"type":"Feature","properties":{"kind":"exit","ref":"2"},"geometry":{"type":"Point","coordinates":[127.3415734,36.3532031]}},{"type":"Feature","properties":{"kind":"exit","ref":"3"},"geometry":{"type":"Point","coordinates":[127.3412124,36.3534789]}},{"type":"Feature","properties":{"kind":"exit","ref":"4"},"geometry":{"type":"Point","coordinates":[127.3410657,36.3537357]}},{"type":"Feature","properties":{"kind":"exit","ref":"5"},"geometry":{"type":"Point","coordinates":[127.3411642,36.3540022]}},{"type":"Feature","properties":{"kind":"exit","ref":"6"},"geometry":{"type":"Point","coordinates":[127.3414836,36.3541893]}},{"type":"Feature","properties":{"kind":"exit","ref":"7"},"geometry":{"type":"Point","coordinates":[127.3418663,36.353969]}},{"type":"Feature","properties":{"kind":"exit","ref":"8"},"geometry":{"type":"Point","coordinates":[127.3420312,36.3537247]}},{"type":"Feature","properties":{"kind":"exit","ref":"1"},"geometry":{"type":"Point","coordinates":[127.3815637,36.3571977]}},{"type":"Feature","properties":{"kind":"exit","ref":"2"},"geometry":{"type":"Point","coordinates":[127.3807898,36.3571977]}},{"type":"Feature","properties":{"kind":"exit","ref":"3"},"geometry":{"type":"Point","coordinates":[127.3807627,36.3579733]}},{"type":"Feature","properties":{"kind":"exit","ref":"4"},"geometry":{"type":"Point","coordinates":[127.381654,36.3579705]}},{"type":"Feature","properties":{"kind":"exit","ref":"1"},"geometry":{"type":"Point","coordinates":[127.3644088,36.3580726]}},{"type":"Feature","properties":{"kind":"exit","ref":"2"},"geometry":{"type":"Point","coordinates":[127.3636968,36.3580843]}},{"type":"Feature","properties":{"kind":"exit","ref":"3"},"geometry":{"type":"Point","coordinates":[127.3642165,36.3585495]}},{"type":"Feature","properties":{"kind":"exit","ref":"4"},"geometry":{"type":"Point","coordinates":[127.3645897,36.3584846]}},{"type":"Feature","properties":{"kind":"exit","ref":"1"},"geometry":{"type":"Point","coordinates":[127.354741,36.3544766]}},{"type":"Feature","properties":{"kind":"exit","ref":"2"},"geometry":{"type":"Point","coordinates":[127.3542518,36.3541532]}},{"type":"Feature","properties":{"kind":"exit","ref":"3"},"geometry":{"type":"Point","coordinates":[127.3544043,36.3547184]}},{"type":"Feature","properties":{"kind":"exit","ref":"1"},"geometry":{"type":"Point","coordinates":[127.3216313,36.3592854]}},{"type":"Feature","properties":{"kind":"exit","ref":"2"},"geometry":{"type":"Point","coordinates":[127.3210845,36.3592829]}},{"type":"Feature","properties":{"kind":"exit","ref":"3"},"geometry":{"type":"Point","coordinates":[127.3212048,36.3595706]}},{"type":"Feature","properties":{"kind":"exit","ref":"4"},"geometry":{"type":"Point","coordinates":[127.3217976,36.3595754]}},{"type":"Feature","properties":{"kind":"exit","ref":"1"},"geometry":{"type":"Point","coordinates":[127.3175981,36.366316]}},{"type":"Feature","properties":{"kind":"exit","ref":"2"},"geometry":{"type":"Point","coordinates":[127.3171793,36.3666061]}},{"type":"Feature","properties":{"kind":"exit","ref":"3"},"geometry":{"type":"Point","coordinates":[127.3172658,36.3671705]}},{"type":"Feature","properties":{"kind":"exit","ref":"4"},"geometry":{"type":"Point","coordinates":[127.3175753,36.367375]}},{"type":"Feature","properties":{"kind":"exit","ref":"5"},"geometry":{"type":"Point","coordinates":[127.3181255,36.367374]}},{"type":"Feature","properties":{"kind":"exit","ref":"6"},"geometry":{"type":"Point","coordinates":[127.3184653,36.3671549]}},{"type":"Feature","properties":{"kind":"exit","ref":"7"},"geometry":{"type":"Point","coordinates":[127.3183417,36.3663762]}},{"type":"Feature","properties":{"kind":"exit","ref":"1"},"geometry":{"type":"Point","coordinates":[126.933932,35.1068603]}},{"type":"Feature","properties":{"kind":"exit","ref":"1"},"geometry":{"type":"Point","coordinates":[127.3193127,36.3838437]}},{"type":"Feature","properties":{"kind":"exit","ref":"2"},"geometry":{"type":"Point","coordinates":[127.3196628,36.3838502]}},{"type":"Feature","properties":{"kind":"exit","ref":"1"},"geometry":{"type":"Point","coordinates":[127.3176219,36.3738154]}},{"type":"Feature","properties":{"kind":"exit","ref":"2"},"geometry":{"type":"Point","coordinates":[127.3176281,36.3742559]}},{"type":"Feature","properties":{"kind":"exit","ref":"3"},"geometry":{"type":"Point","coordinates":[127.3181371,36.374273]}},{"type":"Feature","properties":{"kind":"exit","ref":"4"},"geometry":{"type":"Point","coordinates":[127.3181288,36.3738454]}},{"type":"Feature","properties":{"kind":"exit","ref":"1"},"geometry":{"type":"Point","coordinates":[126.9284625,35.1324029]}},{"type":"Feature","properties":{"kind":"exit","ref":"1"},"geometry":{"type":"Point","coordinates":[126.932484,35.1225589]}},{"type":"Feature","properties":{"kind":"exit","ref":"2"},"geometry":{"type":"Point","coordinates":[126.9319467,35.1242663]}},{"type":"Feature","properties":{"kind":"exit","ref":"3"},"geometry":{"type":"Point","coordinates":[126.9322469,35.1243712]}},{"type":"Feature","properties":{"kind":"exit","ref":"4"},"geometry":{"type":"Point","coordinates":[126.9329987,35.1222394]}},{"type":"Feature","properties":{"kind":"exit","ref":"2"},"geometry":{"type":"Point","coordinates":[126.9279794,35.1332613]}},{"type":"Feature","properties":{"kind":"exit","ref":"3"},"geometry":{"type":"Point","coordinates":[126.9282844,35.1333103]}},{"type":"Feature","properties":{"kind":"exit","ref":"4"},"geometry":{"type":"Point","coordinates":[126.928752,35.1324728]}},{"type":"Feature","properties":{"kind":"exit","ref":"5"},"geometry":{"type":"Point","coordinates":[126.9199487,35.1467459]}},{"type":"Feature","properties":{"kind":"exit","ref":"6"},"geometry":{"type":"Point","coordinates":[126.9202689,35.1461242]}},{"type":"Feature","properties":{"kind":"exit","ref":"1"},"geometry":{"type":"Point","coordinates":[126.9102048,35.1534797]}},{"type":"Feature","properties":{"kind":"exit","ref":"2"},"geometry":{"type":"Point","coordinates":[126.9098276,35.153733]}},{"type":"Feature","properties":{"kind":"exit","ref":"3"},"geometry":{"type":"Point","coordinates":[126.9090803,35.1540242]}},{"type":"Feature","properties":{"kind":"exit","ref":"4"},"geometry":{"type":"Point","coordinates":[126.9090959,35.1544817]}},{"type":"Feature","properties":{"kind":"exit","ref":"5"},"geometry":{"type":"Point","coordinates":[126.9099747,35.1538849]}},{"type":"Feature","properties":{"kind":"exit","ref":"6"},"geometry":{"type":"Point","coordinates":[126.9103656,35.1536356]}},{"type":"Feature","properties":{"kind":"exit","ref":"1"},"geometry":{"type":"Point","coordinates":[126.9018551,35.1546098]}},{"type":"Feature","properties":{"kind":"exit","ref":"2"},"geometry":{"type":"Point","coordinates":[126.9014211,35.1542705]}},{"type":"Feature","properties":{"kind":"exit","ref":"3"},"geometry":{"type":"Point","coordinates":[126.9012867,35.1544261]}},{"type":"Feature","properties":{"kind":"exit","ref":"4"},"geometry":{"type":"Point","coordinates":[126.9016999,35.1547499]}},{"type":"Feature","properties":{"kind":"exit","ref":"1"},"geometry":{"type":"Point","coordinates":[126.8957992,35.1516907]}},{"type":"Feature","properties":{"kind":"exit","ref":"2"},"geometry":{"type":"Point","coordinates":[126.8954937,35.1516165]}},{"type":"Feature","properties":{"kind":"exit","ref":"3"},"geometry":{"type":"Point","coordinates":[126.8952328,35.1519099]}},{"type":"Feature","properties":{"kind":"exit","ref":"4"},"geometry":{"type":"Point","coordinates":[126.8957076,35.1521154]}},{"type":"Feature","properties":{"kind":"exit","ref":"1"},"geometry":{"type":"Point","coordinates":[126.8771455,35.1518831]}},{"type":"Feature","properties":{"kind":"exit","ref":"2"},"geometry":{"type":"Point","coordinates":[126.8764028,35.1517968]}},{"type":"Feature","properties":{"kind":"exit","ref":"3"},"geometry":{"type":"Point","coordinates":[126.876427,35.1520958]}},{"type":"Feature","properties":{"kind":"exit","ref":"4"},"geometry":{"type":"Point","coordinates":[126.8769376,35.152143]}},{"type":"Feature","properties":{"kind":"exit","ref":"1"},"geometry":{"type":"Point","coordinates":[126.8699567,35.1514837]}},{"type":"Feature","properties":{"kind":"exit","ref":"2"},"geometry":{"type":"Point","coordinates":[126.8692733,35.1514541]}},{"type":"Feature","properties":{"kind":"exit","ref":"3"},"geometry":{"type":"Point","coordinates":[126.8692582,35.15174]}},{"type":"Feature","properties":{"kind":"exit","ref":"4"},"geometry":{"type":"Point","coordinates":[126.8699457,35.151774]}},{"type":"Feature","properties":{"kind":"exit","ref":"1"},"geometry":{"type":"Point","coordinates":[126.8589476,35.1503612]}},{"type":"Feature","properties":{"kind":"exit","ref":"2"},"geometry":{"type":"Point","coordinates":[126.8584722,35.1502798]}},{"type":"Feature","properties":{"kind":"exit","ref":"3"},"geometry":{"type":"Point","coordinates":[126.8583676,35.1505977]}},{"type":"Feature","properties":{"kind":"exit","ref":"4"},"geometry":{"type":"Point","coordinates":[126.8588894,35.1506876]}},{"type":"Feature","properties":{"kind":"exit","ref":"1"},"geometry":{"type":"Point","coordinates":[126.7999515,35.1434929]}},{"type":"Feature","properties":{"kind":"exit","ref":"2"},"geometry":{"type":"Point","coordinates":[126.799163,35.143419]}},{"type":"Feature","properties":{"kind":"exit","ref":"3"},"geometry":{"type":"Point","coordinates":[126.7991309,35.1437088]}},{"type":"Feature","properties":{"kind":"exit","ref":"4"},"geometry":{"type":"Point","coordinates":[126.7997668,35.143755]}},{"type":"Feature","properties":{"kind":"exit","ref":"1"},"geometry":{"type":"Point","coordinates":[126.7699545,35.1246855]}},{"type":"Feature","properties":{"kind":"exit","ref":"2"},"geometry":{"type":"Point","coordinates":[126.7693344,35.1246241]}},{"type":"Feature","properties":{"kind":"exit","ref":"3"},"geometry":{"type":"Point","coordinates":[126.7692968,35.124868]}},{"type":"Feature","properties":{"kind":"exit","ref":"1"},"geometry":{"type":"Point","coordinates":[126.8120223,35.1438824]}},{"type":"Feature","properties":{"kind":"exit","ref":"2"},"geometry":{"type":"Point","coordinates":[126.8115322,35.1436267]}},{"type":"Feature","properties":{"kind":"exit","ref":"3"},"geometry":{"type":"Point","coordinates":[126.8111727,35.1437227]}},{"type":"Feature","properties":{"kind":"exit","ref":"4"},"geometry":{"type":"Point","coordinates":[126.8109932,35.1439622]}},{"type":"Feature","properties":{"kind":"exit","ref":"5"},"geometry":{"type":"Point","coordinates":[126.811191,35.1443683]}},{"type":"Feature","properties":{"kind":"exit","ref":"6"},"geometry":{"type":"Point","coordinates":[126.8120993,35.1442118]}},{"type":"Feature","properties":{"kind":"exit","ref":"1"},"geometry":{"type":"Point","coordinates":[129.0948315,35.2840474]}},{"type":"Feature","properties":{"kind":"exit","ref":"2"},"geometry":{"type":"Point","coordinates":[129.0948612,35.2836232]}},{"type":"Feature","properties":{"kind":"exit","ref":"3"},"geometry":{"type":"Point","coordinates":[129.0951375,35.2842949]}},{"type":"Feature","properties":{"kind":"exit","ref":"1"},"geometry":{"type":"Point","coordinates":[129.0924579,35.272377]}},{"type":"Feature","properties":{"kind":"exit","ref":"2"},"geometry":{"type":"Point","coordinates":[129.0927559,35.2724106]}},{"type":"Feature","properties":{"kind":"exit","ref":"3"},"geometry":{"type":"Point","coordinates":[129.0924401,35.2727676]}},{"type":"Feature","properties":{"kind":"exit","ref":"4"},"geometry":{"type":"Point","coordinates":[129.0927424,35.272774]}},{"type":"Feature","properties":{"kind":"exit","ref":"5"},"geometry":{"type":"Point","coordinates":[129.0924336,35.2735487]}},{"type":"Feature","properties":{"kind":"exit","ref":"6"},"geometry":{"type":"Point","coordinates":[129.0927996,35.2735596]}},{"type":"Feature","properties":{"kind":"exit","ref":"7"},"geometry":{"type":"Point","coordinates":[129.0924412,35.2738924]}},{"type":"Feature","properties":{"kind":"exit","ref":"8"},"geometry":{"type":"Point","coordinates":[129.0927903,35.2739013]}},{"type":"Feature","properties":{"kind":"exit","ref":"1"},"geometry":{"type":"Point","coordinates":[129.0921427,35.2645807]}},{"type":"Feature","properties":{"kind":"exit","ref":"2"},"geometry":{"type":"Point","coordinates":[129.0924221,35.2645466]}},{"type":"Feature","properties":{"kind":"exit","ref":"3"},"geometry":{"type":"Point","coordinates":[129.0922071,35.2648484]}},{"type":"Feature","properties":{"kind":"exit","ref":"4"},"geometry":{"type":"Point","coordinates":[129.0925051,35.2648107]}},{"type":"Feature","properties":{"kind":"exit","ref":"5"},"geometry":{"type":"Point","coordinates":[129.0923817,35.2656318]}},{"type":"Feature","properties":{"kind":"exit","ref":"6"},"geometry":{"type":"Point","coordinates":[129.0926843,35.2656055]}},{"type":"Feature","properties":{"kind":"exit","ref":"7"},"geometry":{"type":"Point","coordinates":[129.0924418,35.2658955]}},{"type":"Feature","properties":{"kind":"exit","ref":"8"},"geometry":{"type":"Point","coordinates":[129.0927497,35.2658613]}},{"type":"Feature","properties":{"kind":"exit","ref":"1"},"geometry":{"type":"Point","coordinates":[129.0912305,35.2563347]}},{"type":"Feature","properties":{"kind":"exit","ref":"2"},"geometry":{"type":"Point","coordinates":[129.0915521,35.2563353]}},{"type":"Feature","properties":{"kind":"exit","ref":"3"},"geometry":{"type":"Point","coordinates":[129.0912305,35.2566891]}},{"type":"Feature","properties":{"kind":"exit","ref":"4"},"geometry":{"type":"Point","coordinates":[129.0915294,35.2566891]}},{"type":"Feature","properties":{"kind":"exit","ref":"5"},"geometry":{"type":"Point","coordinates":[129.091235,35.2573283]}},{"type":"Feature","properties":{"kind":"exit","ref":"6"},"geometry":{"type":"Point","coordinates":[129.0915363,35.2573273]}},{"type":"Feature","properties":{"kind":"exit","ref":"7"},"geometry":{"type":"Point","coordinates":[129.0912305,35.2576178]}},{"type":"Feature","properties":{"kind":"exit","ref":"8"},"geometry":{"type":"Point","coordinates":[129.0915296,35.2576204]}},{"type":"Feature","properties":{"kind":"exit","ref":"5"},"geometry":{"type":"Point","coordinates":[129.0767783,35.2049925]}},{"type":"Feature","properties":{"kind":"exit","ref":"6"},"geometry":{"type":"Point","coordinates":[129.0767011,35.2048627]}},{"type":"Feature","properties":{"kind":"exit","ref":"7"},"geometry":{"type":"Point","coordinates":[129.0777455,35.2048257]}},{"type":"Feature","properties":{"kind":"exit","ref":"8"},"geometry":{"type":"Point","coordinates":[129.0776064,35.204442]}},{"type":"Feature","properties":{"kind":"exit","ref":"1"},"geometry":{"type":"Point","coordinates":[129.079696,35.194674]}},{"type":"Feature","properties":{"kind":"exit","ref":"2"},"geometry":{"type":"Point","coordinates":[129.0802407,35.1947677]}},{"type":"Feature","properties":{"kind":"exit","ref":"3"},"geometry":{"type":"Point","coordinates":[129.0794349,35.1953492]}},{"type":"Feature","properties":{"kind":"exit","ref":"4"},"geometry":{"type":"Point","coordinates":[129.0804167,35.1950132]}},{"type":"Feature","properties":{"kind":"exit","ref":"5"},"geometry":{"type":"Point","coordinates":[129.0797651,35.1962433]}},{"type":"Feature","properties":{"kind":"exit","ref":"6"},"geometry":{"type":"Point","coordinates":[129.0803993,35.1961503]}},{"type":"Feature","properties":{"kind":"exit","ref":"8"},"geometry":{"type":"Point","coordinates":[129.0800918,35.1963483]}},{"type":"Feature","properties":{"kind":"exit","ref":"9"},"geometry":{"type":"Point","coordinates":[129.0802027,35.1938873]}},{"type":"Feature","properties":{"kind":"exit","ref":"10"},"geometry":{"type":"Point","coordinates":[129.0799782,35.194227]}},{"type":"Feature","properties":{"kind":"exit","ref":"11"},"geometry":{"type":"Point","coordinates":[129.0789009,35.1931915]}},{"type":"Feature","properties":{"kind":"exit","ref":"12"},"geometry":{"type":"Point","coordinates":[129.0782066,35.193185]}},{"type":"Feature","properties":{"kind":"exit","ref":"1"},"geometry":{"type":"Point","coordinates":[129.0808966,35.1852374]}},{"type":"Feature","properties":{"kind":"exit","ref":"2"},"geometry":{"type":"Point","coordinates":[129.0812668,35.1852798]}},{"type":"Feature","properties":{"kind":"exit","ref":"3"},"geometry":{"type":"Point","coordinates":[129.0811402,35.1857953]}},{"type":"Feature","properties":{"kind":"exit","ref":"4"},"geometry":{"type":"Point","coordinates":[129.0819314,35.1854664]}},{"type":"Feature","properties":{"kind":"exit","ref":"5"},"geometry":{"type":"Point","coordinates":[129.0810561,35.1863864]}},{"type":"Feature","properties":{"kind":"exit","ref":"6"},"geometry":{"type":"Point","coordinates":[129.082188,35.1856269]}},{"type":"Feature","properties":{"kind":"exit","ref":"8"},"geometry":{"type":"Point","coordinates":[129.0822926,35.1858108]}},{"type":"Feature","properties":{"kind":"exit","ref":"7"},"geometry":{"type":"Point","coordinates":[129.0813201,35.1866278]}},{"type":"Feature","properties":{"kind":"exit","ref":"10"},"geometry":{"type":"Point","coordinates":[129.082355,35.1860567]}},{"type":"Feature","properties":{"kind":"exit","ref":"12"},"geometry":{"type":"Point","coordinates":[129.0822837,35.1862442]}},{"type":"Feature","properties":{"kind":"exit","ref":"16"},"geometry":{"type":"Point","coordinates":[129.0816098,35.186784]}},{"type":"Feature","properties":{"kind":"exit","ref":"14"},"geometry":{"type":"Point","coordinates":[129.0817672,35.1866608]}},{"type":"Feature","properties":{"kind":"exit","ref":"17"},"geometry":{"type":"Point","coordinates":[129.0808083,35.1861072]}},{"type":"Feature","properties":{"kind":"exit","ref":"1"},"geometry":{"type":"Point","coordinates":[129.0709071,35.1727622]}},{"type":"Feature","properties":{"kind":"exit","ref":"2"},"geometry":{"type":"Point","coordinates":[129.0712626,35.1726154]}},{"type":"Feature","properties":{"kind":"exit","ref":"3"},"geometry":{"type":"Point","coordinates":[129.0707582,35.1729137]}},{"type":"Feature","properties":{"kind":"exit","ref":"4"},"geometry":{"type":"Point","coordinates":[129.0714321,35.1728473]}},{"type":"Feature","properties":{"kind":"exit","ref":"5"},"geometry":{"type":"Point","coordinates":[129.0708899,35.1730806]}},{"type":"Feature","properties":{"kind":"exit","ref":"6"},"geometry":{"type":"Point","coordinates":[129.0717546,35.1732338]}},{"type":"Feature","properties":{"kind":"exit","ref":"7"},"geometry":{"type":"Point","coordinates":[129.0713691,35.1733821]}},{"type":"Feature","properties":{"kind":"exit","ref":"8"},"geometry":{"type":"Point","coordinates":[129.0718032,35.1734408]}},{"type":"Feature","properties":{"kind":"exit","ref":"9"},"geometry":{"type":"Point","coordinates":[129.0715402,35.1735669]}},{"type":"Feature","properties":{"kind":"exit","ref":"1"},"geometry":{"type":"Point","coordinates":[129.0622351,35.1622101]}},{"type":"Feature","properties":{"kind":"exit","ref":"2"},"geometry":{"type":"Point","coordinates":[129.062543,35.1616962]}},{"type":"Feature","properties":{"kind":"exit","ref":"3"},"geometry":{"type":"Point","coordinates":[129.0625742,35.1622935]}},{"type":"Feature","properties":{"kind":"exit","ref":"4"},"geometry":{"type":"Point","coordinates":[129.0628735,35.1621794]}},{"type":"Feature","properties":{"kind":"exit","ref":"5"},"geometry":{"type":"Point","coordinates":[129.0631535,35.1629495]}},{"type":"Feature","properties":{"kind":"exit","ref":"6"},"geometry":{"type":"Point","coordinates":[129.0633981,35.1628504]}},{"type":"Feature","properties":{"kind":"exit","ref":"7"},"geometry":{"type":"Point","coordinates":[129.0634196,35.163353]}},{"type":"Feature","properties":{"kind":"exit","ref":"8"},"geometry":{"type":"Point","coordinates":[129.0636814,35.1632539]}},{"type":"Feature","properties":{"kind":"exit","ref":"1"},"geometry":{"type":"Point","coordinates":[129.0590427,35.1568789]}},{"type":"Feature","properties":{"kind":"exit","ref":"2"},"geometry":{"type":"Point","coordinates":[129.0592599,35.1568633]}},{"type":"Feature","properties":{"kind":"exit","ref":"3"},"geometry":{"type":"Point","coordinates":[129.0587149,35.157226]}},{"type":"Feature","properties":{"kind":"exit","ref":"4"},"geometry":{"type":"Point","coordinates":[129.0594531,35.1572272]}},{"type":"Feature","properties":{"kind":"exit","ref":"5"},"geometry":{"type":"Point","coordinates":[129.0585913,35.1573258]}},{"type":"Feature","properties":{"kind":"exit","ref":"6"},"geometry":{"type":"Point","coordinates":[129.0596966,35.1574139]}},{"type":"Feature","properties":{"kind":"exit","ref":"7"},"geometry":{"type":"Point","coordinates":[129.0579108,35.1572942]}},{"type":"Feature","properties":{"kind":"exit","ref":"8"},"geometry":{"type":"Point","coordinates":[129.0601594,35.1577705]}},{"type":"Feature","properties":{"kind":"exit","ref":"9"},"geometry":{"type":"Point","coordinates":[129.0578949,35.1580683]}},{"type":"Feature","properties":{"kind":"exit","ref":"11"},"geometry":{"type":"Point","coordinates":[129.0585951,35.1580608]}},{"type":"Feature","properties":{"kind":"exit","ref":"13"},"geometry":{"type":"Point","coordinates":[129.0591656,35.1583033]}},{"type":"Feature","properties":{"kind":"exit","ref":"10"},"geometry":{"type":"Point","coordinates":[129.0598309,35.1579461]}},{"type":"Feature","properties":{"kind":"exit","ref":"12"},"geometry":{"type":"Point","coordinates":[129.0601971,35.1588237]}},{"type":"Feature","properties":{"kind":"exit","ref":"15"},"geometry":{"type":"Point","coordinates":[129.0599892,35.1589254]}},{"type":"Feature","properties":{"kind":"exit","ref":"1"},"geometry":{"type":"Point","coordinates":[129.0591424,35.1465944]}},{"type":"Feature","properties":{"kind":"exit","ref":"2"},"geometry":{"type":"Point","coordinates":[129.0593948,35.1466047]}},{"type":"Feature","properties":{"kind":"exit","ref":"3"},"geometry":{"type":"Point","coordinates":[129.0589243,35.1468525]}},{"type":"Feature","properties":{"kind":"exit","ref":"4"},"geometry":{"type":"Point","coordinates":[129.0594999,35.1468594]}},{"type":"Feature","properties":{"kind":"exit","ref":"5"},"geometry":{"type":"Point","coordinates":[129.0589691,35.1477279]}},{"type":"Feature","properties":{"kind":"exit","ref":"6"},"geometry":{"type":"Point","coordinates":[129.0595311,35.1476815]}},{"type":"Feature","properties":{"kind":"exit","ref":"7"},"geometry":{"type":"Point","coordinates":[129.0591141,35.1480227]}},{"type":"Feature","properties":{"kind":"exit","ref":"8"},"geometry":{"type":"Point","coordinates":[129.0593327,35.148024]}},{"type":"Feature","properties":{"kind":"exit","ref":"1"},"geometry":{"type":"Point","coordinates":[129.0592867,35.1396484]}},{"type":"Feature","properties":{"kind":"exit","ref":"2"},"geometry":{"type":"Point","coordinates":[129.0594838,35.1396512]}},{"type":"Feature","properties":{"kind":"exit","ref":"3"},"geometry":{"type":"Point","coordinates":[129.0592828,35.140056]}},{"type":"Feature","properties":{"kind":"exit","ref":"4"},"geometry":{"type":"Point","coordinates":[129.0594777,35.1400594]}},{"type":"Feature","properties":{"kind":"exit","ref":"5"},"geometry":{"type":"Point","coordinates":[129.0592014,35.140814]}},{"type":"Feature","properties":{"kind":"exit","ref":"6"},"geometry":{"type":"Point","coordinates":[129.0595043,35.1408221]}},{"type":"Feature","properties":{"kind":"exit","ref":"7"},"geometry":{"type":"Point","coordinates":[129.0591153,35.1411467]}},{"type":"Feature","properties":{"kind":"exit","ref":"8"},"geometry":{"type":"Point","coordinates":[129.0594982,35.1411497]}},{"type":"Feature","properties":{"kind":"exit","ref":"9"},"geometry":{"type":"Point","coordinates":[129.0591905,35.1416284]}},{"type":"Feature","properties":{"kind":"exit","ref":"10"},"geometry":{"type":"Point","coordinates":[129.0596184,35.1416441]}},{"type":"Feature","properties":{"kind":"exit","ref":"12"},"geometry":{"type":"Point","coordinates":[129.0595053,35.1418978]}},{"type":"Feature","properties":{"kind":"exit","ref":"1"},"geometry":{"type":"Point","coordinates":[129.0468156,35.1272341]}},{"type":"Feature","properties":{"kind":"exit","ref":"2"},"geometry":{"type":"Point","coordinates":[129.0473434,35.1268438]}},{"type":"Feature","properties":{"kind":"exit","ref":"3"},"geometry":{"type":"Point","coordinates":[129.0471913,35.1273846]}},{"type":"Feature","properties":{"kind":"exit","ref":"4"},"geometry":{"type":"Point","coordinates":[129.0475454,35.1271696]}},{"type":"Feature","properties":{"kind":"exit","ref":"5"},"geometry":{"type":"Point","coordinates":[129.0478903,35.1279918]}},{"type":"Feature","properties":{"kind":"exit","ref":"6"},"geometry":{"type":"Point","coordinates":[129.0481419,35.1278297]}},{"type":"Feature","properties":{"kind":"exit","ref":"8"},"geometry":{"type":"Point","coordinates":[129.0485545,35.1282227]}},{"type":"Feature","properties":{"kind":"exit","ref":"7"},"geometry":{"type":"Point","coordinates":[129.0483989,35.1284463]}},{"type":"Feature","properties":{"kind":"exit","ref":"1"},"geometry":{"type":"Point","coordinates":[129.0536524,35.1337735]}},{"type":"Feature","properties":{"kind":"exit","ref":"2"},"geometry":{"type":"Point","coordinates":[129.0538895,35.1335814]}},{"type":"Feature","properties":{"kind":"exit","ref":"4"},"geometry":{"type":"Point","coordinates":[129.054133,35.1336191]}},{"type":"Feature","properties":{"kind":"exit","ref":"3"},"geometry":{"type":"Point","coordinates":[129.0540343,35.1341692]}},{"type":"Feature","properties":{"kind":"exit","ref":"5"},"geometry":{"type":"Point","coordinates":[129.0544796,35.1346404]}},{"type":"Feature","properties":{"kind":"exit","ref":"6"},"geometry":{"type":"Point","coordinates":[129.0547853,35.134443]}},{"type":"Feature","properties":{"kind":"exit","ref":"7"},"geometry":{"type":"Point","coordinates":[129.0548454,35.1350098]}},{"type":"Feature","properties":{"kind":"exit","ref":"8"},"geometry":{"type":"Point","coordinates":[129.0551844,35.1348159]}},{"type":"Feature","properties":{"kind":"exit","ref":"1"},"geometry":{"type":"Point","coordinates":[129.0417272,35.1192203]}},{"type":"Feature","properties":{"kind":"exit","ref":"2"},"geometry":{"type":"Point","coordinates":[129.0421232,35.1191011]}},{"type":"Feature","properties":{"kind":"exit","ref":"3"},"geometry":{"type":"Point","coordinates":[129.041668,35.1196596]}},{"type":"Feature","properties":{"kind":"exit","ref":"4"},"geometry":{"type":"Point","coordinates":[129.0422674,35.1194735]}},{"type":"Feature","properties":{"kind":"exit","ref":"5"},"geometry":{"type":"Point","coordinates":[129.0424159,35.1203949]}},{"type":"Feature","properties":{"kind":"exit","ref":"6"},"geometry":{"type":"Point","coordinates":[129.0427046,35.1203064]}},{"type":"Feature","properties":{"kind":"exit","ref":"8"},"geometry":{"type":"Point","coordinates":[129.0428273,35.120558]}},{"type":"Feature","properties":{"kind":"exit","ref":"7"},"geometry":{"type":"Point","coordinates":[129.043033,35.1215196]}},{"type":"Feature","properties":{"kind":"exit","ref":"10"},"geometry":{"type":"Point","coordinates":[129.0433019,35.121428]}},{"type":"Feature","properties":{"kind":"exit","ref":"9"},"geometry":{"type":"Point","coordinates":[129.0432568,35.1219549]}},{"type":"Feature","properties":{"kind":"exit","ref":"12"},"geometry":{"type":"Point","coordinates":[129.0435256,35.1218531]}},{"type":"Feature","properties":{"kind":"exit","ref":"1"},"geometry":{"type":"Point","coordinates":[129.0388879,35.1138158]}},{"type":"Feature","properties":{"kind":"exit","ref":"2"},"geometry":{"type":"Point","coordinates":[129.0391949,35.1137001]}},{"type":"Feature","properties":{"kind":"exit","ref":"3"},"geometry":{"type":"Point","coordinates":[129.0390237,35.1141023]}},{"type":"Feature","properties":{"kind":"exit","ref":"4"},"geometry":{"type":"Point","coordinates":[129.0393181,35.1139938]}},{"type":"Feature","properties":{"kind":"exit","ref":"5"},"geometry":{"type":"Point","coordinates":[129.0393963,35.1149716]}},{"type":"Feature","properties":{"kind":"exit","ref":"6"},"geometry":{"type":"Point","coordinates":[129.0397587,35.1147648]}},{"type":"Feature","properties":{"kind":"exit","ref":"8"},"geometry":{"type":"Point","coordinates":[129.0400694,35.1148347]}},{"type":"Feature","properties":{"kind":"exit","ref":"10"},"geometry":{"type":"Point","coordinates":[129.039916,35.1151235]}},{"type":"Feature","properties":{"kind":"exit","ref":"7"},"geometry":{"type":"Point","coordinates":[129.0394907,35.1152179]}},{"type":"Feature","properties":{"kind":"exit","ref":"15"},"geometry":{"type":"Point","coordinates":[129.0361766,35.1053647]}},{"type":"Feature","properties":{"kind":"exit","ref":"12"},"geometry":{"type":"Point","coordinates":[129.0364169,35.1055784]}},{"type":"Feature","properties":{"kind":"exit","ref":"14"},"geometry":{"type":"Point","coordinates":[129.0363954,35.1057825]}},{"type":"Feature","properties":{"kind":"exit","ref":"17"},"geometry":{"type":"Point","coordinates":[129.0361444,35.1057733]}},{"type":"Feature","properties":{"kind":"exit","ref":"7"},"geometry":{"type":"Point","coordinates":[129.0354924,35.098637]}},{"type":"Feature","properties":{"kind":"exit","ref":"1"},"geometry":{"type":"Point","coordinates":[129.0199981,35.1016349]}},{"type":"Feature","properties":{"kind":"exit","ref":"2"},"geometry":{"type":"Point","coordinates":[129.0197441,35.1018891]}},{"type":"Feature","properties":{"kind":"exit","ref":"3"},"geometry":{"type":"Point","coordinates":[129.0199869,35.1012928]}},{"type":"Feature","properties":{"kind":"exit","ref":"4"},"geometry":{"type":"Point","coordinates":[129.0196158,35.1004214]}},{"type":"Feature","properties":{"kind":"exit","ref":"6"},"geometry":{"type":"Point","coordinates":[129.0195992,35.1000178]}},{"type":"Feature","properties":{"kind":"exit","ref":"5"},"geometry":{"type":"Point","coordinates":[129.0199263,35.1000135]}},{"type":"Feature","properties":{"kind":"exit","ref":"7"},"geometry":{"type":"Point","coordinates":[129.0199265,35.0996046]}},{"type":"Feature","properties":{"kind":"exit","ref":"8"},"geometry":{"type":"Point","coordinates":[129.0195739,35.0996244]}},{"type":"Feature","properties":{"kind":"exit","ref":"9"},"geometry":{"type":"Point","coordinates":[129.0199188,35.099323]}},{"type":"Feature","properties":{"kind":"exit","ref":"10"},"geometry":{"type":"Point","coordinates":[129.0196156,35.0993178]}},{"type":"Feature","properties":{"kind":"exit","ref":"1"},"geometry":{"type":"Point","coordinates":[129.0174428,35.111233]}},{"type":"Feature","properties":{"kind":"exit","ref":"2"},"geometry":{"type":"Point","coordinates":[129.0170351,35.1113708]}},{"type":"Feature","properties":{"kind":"exit","ref":"4"},"geometry":{"type":"Point","coordinates":[129.0173956,35.1106941]}},{"type":"Feature","properties":{"kind":"exit","ref":"3"},"geometry":{"type":"Point","coordinates":[129.0176788,35.1107942]}},{"type":"Feature","properties":{"kind":"exit","ref":"5"},"geometry":{"type":"Point","coordinates":[129.0178805,35.1104001]}},{"type":"Feature","properties":{"kind":"exit","ref":"6"},"geometry":{"type":"Point","coordinates":[129.017607,35.1103079]}},{"type":"Feature","properties":{"kind":"exit","ref":"8"},"geometry":{"type":"Point","coordinates":[129.0178698,35.1097805]}},{"type":"Feature","properties":{"kind":"exit","ref":"7"},"geometry":{"type":"Point","coordinates":[129.0181488,35.1098744]}},{"type":"Feature","properties":{"kind":"exit","ref":"1"},"geometry":{"type":"Point","coordinates":[129.000085,35.1033251]}},{"type":"Feature","properties":{"kind":"exit","ref":"2"},"geometry":{"type":"Point","coordinates":[129.0001718,35.103037]}},{"type":"Feature","properties":{"kind":"exit","ref":"3"},"geometry":{"type":"Point","coordinates":[129.0004882,35.1035109]}},{"type":"Feature","properties":{"kind":"exit","ref":"4"},"geometry":{"type":"Point","coordinates":[129.0006509,35.1031873]}},{"type":"Feature","properties":{"kind":"exit","ref":"1"},"geometry":{"type":"Point","coordinates":[129.0117161,35.1109578]}},{"type":"Feature","properties":{"kind":"exit","ref":"2"},"geometry":{"type":"Point","coordinates":[129.0122418,35.1105488]}},{"type":"Feature","properties":{"kind":"exit","ref":"3"},"geometry":{"type":"Point","coordinates":[129.0122471,35.1112816]}},{"type":"Feature","properties":{"kind":"exit","ref":"4"},"geometry":{"type":"Point","coordinates":[129.0126811,35.1108919]}},{"type":"Feature","properties":{"kind":"exit","ref":"1"},"geometry":{"type":"Point","coordinates":[128.9918895,35.0998271]}},{"type":"Feature","properties":{"kind":"exit","ref":"1"},"geometry":{"type":"Point","coordinates":[128.9919927,35.09957]}},{"type":"Feature","properties":{"kind":"exit","ref":"3"},"geometry":{"type":"Point","coordinates":[128.9928623,35.1001173]}},{"type":"Feature","properties":{"kind":"exit","ref":"4"},"geometry":{"type":"Point","coordinates":[128.9930559,35.0999015]}},{"type":"Feature","properties":{"kind":"exit","ref":"5"},"geometry":{"type":"Point","coordinates":[128.99341,35.1002901]}},{"type":"Feature","properties":{"kind":"exit","ref":"10"},"geometry":{"type":"Point","coordinates":[128.9935195,35.1000371]}},{"type":"Feature","properties":{"kind":"exit","ref":"6"},"geometry":{"type":"Point","coordinates":[128.9931932,35.099803]}},{"type":"Feature","properties":{"kind":"exit","ref":"8"},"geometry":{"type":"Point","coordinates":[128.9934375,35.0998576]}},{"type":"Feature","properties":{"kind":"exit","ref":"1"},"geometry":{"type":"Point","coordinates":[128.982372,35.1000851]}},{"type":"Feature","properties":{"kind":"exit","ref":"2"},"geometry":{"type":"Point","coordinates":[128.9823107,35.0998404]}},{"type":"Feature","properties":{"kind":"exit","ref":"3"},"geometry":{"type":"Point","coordinates":[128.9839281,35.0997715]}},{"type":"Feature","properties":{"kind":"exit","ref":"6"},"geometry":{"type":"Point","coordinates":[128.9838426,35.09945]}},{"type":"Feature","properties":{"kind":"exit","ref":"4"},"geometry":{"type":"Point","coordinates":[128.9833029,35.0995742]}},{"type":"Feature","properties":{"kind":"exit","ref":"1"},"geometry":{"type":"Point","coordinates":[128.9730573,35.1038939]}},{"type":"Feature","properties":{"kind":"exit","ref":"2"},"geometry":{"type":"Point","coordinates":[128.9729341,35.1036198]}},{"type":"Feature","properties":{"kind":"exit","ref":"3"},"geometry":{"type":"Point","coordinates":[128.9735216,35.1037488]}},{"type":"Feature","properties":{"kind":"exit","ref":"4"},"geometry":{"type":"Point","coordinates":[128.9733921,35.1034841]}},{"type":"Feature","properties":{"kind":"exit","ref":"5"},"geometry":{"type":"Point","coordinates":[128.9747556,35.103322]}},{"type":"Feature","properties":{"kind":"exit","ref":"6"},"geometry":{"type":"Point","coordinates":[128.97467,35.1031274]}},{"type":"Feature","properties":{"kind":"exit","ref":"1"},"geometry":{"type":"Point","coordinates":[128.9604147,35.0944191]}},{"type":"Feature","properties":{"kind":"exit","ref":"2"},"geometry":{"type":"Point","coordinates":[128.9612243,35.0949834]}},{"type":"Feature","properties":{"kind":"exit","ref":"3"},"geometry":{"type":"Point","coordinates":[128.9604005,35.0951374]}},{"type":"Feature","properties":{"kind":"exit","ref":"5"},"geometry":{"type":"Point","coordinates":[128.9603689,35.0952052]}},{"type":"Feature","properties":{"kind":"exit","ref":"7"},"geometry":{"type":"Point","coordinates":[128.9603993,35.095275]}},{"type":"Feature","properties":{"kind":"exit","ref":"9"},"geometry":{"type":"Point","coordinates":[128.9603534,35.0959711]}},{"type":"Feature","properties":{"kind":"exit","ref":"6"},"geometry":{"type":"Point","coordinates":[128.9617273,35.0954288]}},{"type":"Feature","properties":{"kind":"exit","ref":"4"},"geometry":{"type":"Point","coordinates":[128.9618934,35.0950396]}},{"type":"Feature","properties":{"kind":"exit","ref":"1"},"geometry":{"type":"Point","coordinates":[128.974237,35.0895927]}},{"type":"Feature","properties":{"kind":"exit","ref":"2"},"geometry":{"type":"Point","coordinates":[128.9742516,35.0898791]}},{"type":"Feature","properties":{"kind":"exit","ref":"3"},"geometry":{"type":"Point","coordinates":[128.973109,35.0894401]}},{"type":"Feature","properties":{"kind":"exit","ref":"5"},"geometry":{"type":"Point","coordinates":[128.9728763,35.0894425]}},{"type":"Feature","properties":{"kind":"exit","ref":"6"},"geometry":{"type":"Point","coordinates":[128.9727966,35.0899328]}},{"type":"Feature","properties":{"kind":"exit","ref":"4"},"geometry":{"type":"Point","coordinates":[128.973106,35.090178]}},{"type":"Feature","properties":{"kind":"exit","ref":"1"},"geometry":{"type":"Point","coordinates":[128.976625,35.0745941]}},{"type":"Feature","properties":{"kind":"exit","ref":"2"},"geometry":{"type":"Point","coordinates":[128.9769049,35.0743545]}},{"type":"Feature","properties":{"kind":"exit","ref":"3"},"geometry":{"type":"Point","coordinates":[128.9767773,35.0754116]}},{"type":"Feature","properties":{"kind":"exit","ref":"4"},"geometry":{"type":"Point","coordinates":[128.9770594,35.0753818]}},{"type":"Feature","properties":{"kind":"exit","ref":"1"},"geometry":{"type":"Point","coordinates":[128.9772971,35.0809925]}},{"type":"Feature","properties":{"kind":"exit","ref":"2"},"geometry":{"type":"Point","coordinates":[128.9776663,35.0811747]}},{"type":"Feature","properties":{"kind":"exit","ref":"3"},"geometry":{"type":"Point","coordinates":[128.9770291,35.0821519]}},{"type":"Feature","properties":{"kind":"exit","ref":"4"},"geometry":{"type":"Point","coordinates":[128.9776542,35.0819197]}},{"type":"Feature","properties":{"kind":"exit","ref":"5"},"geometry":{"type":"Point","coordinates":[128.9772681,35.0825958]}},{"type":"Feature","properties":{"kind":"exit","ref":"6"},"geometry":{"type":"Point","coordinates":[128.9776246,35.0827442]}},{"type":"Feature","properties":{"kind":"exit","ref":"1"},"geometry":{"type":"Point","coordinates":[128.9793709,35.0642995]}},{"type":"Feature","properties":{"kind":"exit","ref":"2"},"geometry":{"type":"Point","coordinates":[128.9797365,35.064343]}},{"type":"Feature","properties":{"kind":"exit","ref":"4"},"geometry":{"type":"Point","coordinates":[128.9799262,35.0645566]}},{"type":"Feature","properties":{"kind":"exit","ref":"3"},"geometry":{"type":"Point","coordinates":[128.9796091,35.065791]}},{"type":"Feature","properties":{"kind":"exit","ref":"6"},"geometry":{"type":"Point","coordinates":[128.980087,35.0656805]}},{"type":"Feature","properties":{"kind":"exit","ref":"1"},"geometry":{"type":"Point","coordinates":[128.9709735,35.0570341]}},{"type":"Feature","properties":{"kind":"exit","ref":"2"},"geometry":{"type":"Point","coordinates":[128.9711447,35.0568786]}},{"type":"Feature","properties":{"kind":"exit","ref":"3"},"geometry":{"type":"Point","coordinates":[128.9713784,35.058231]}},{"type":"Feature","properties":{"kind":"exit","ref":"4"},"geometry":{"type":"Point","coordinates":[128.9716663,35.0580934]}},{"type":"Feature","properties":{"kind":"exit","ref":"1"},"geometry":{"type":"Point","coordinates":[128.9653723,35.0484656]}},{"type":"Feature","properties":{"kind":"exit","ref":"2"},"geometry":{"type":"Point","coordinates":[128.9652794,35.0481753]}},{"type":"Feature","properties":{"kind":"exit","ref":"3"},"geometry":{"type":"Point","coordinates":[128.9657776,35.0483609]}},{"type":"Feature","properties":{"kind":"exit","ref":"4"},"geometry":{"type":"Point","coordinates":[128.9661275,35.0479182]}},{"type":"Feature","properties":{"kind":"exit","ref":"1"},"geometry":{"type":"Point","coordinates":[129.0262314,35.3382146]}},{"type":"Feature","properties":{"kind":"exit","ref":"2"},"geometry":{"type":"Point","coordinates":[129.0266062,35.338609]}},{"type":"Feature","properties":{"kind":"exit","ref":"4"},"geometry":{"type":"Point","coordinates":[129.0269968,35.338471]}},{"type":"Feature","properties":{"kind":"exit","ref":"3"},"geometry":{"type":"Point","coordinates":[129.0269867,35.3391929]}},{"type":"Feature","properties":{"kind":"exit","ref":"1"},"geometry":{"type":"Point","coordinates":[129.0188114,35.3254904]}},{"type":"Feature","properties":{"kind":"exit","ref":"3"},"geometry":{"type":"Point","coordinates":[129.0192758,35.3261358]}},{"type":"Feature","properties":{"kind":"exit","ref":"2"},"geometry":{"type":"Point","coordinates":[129.0195565,35.3252613]}},{"type":"Feature","properties":{"kind":"exit","ref":"1"},"geometry":{"type":"Point","coordinates":[129.0134094,35.3167168]}},{"type":"Feature","properties":{"kind":"exit","ref":"3"},"geometry":{"type":"Point","coordinates":[129.0130149,35.3171724]}},{"type":"Feature","properties":{"kind":"exit","ref":"5"},"geometry":{"type":"Point","coordinates":[129.0136734,35.3172293]}},{"type":"Feature","properties":{"kind":"exit","ref":"1"},"geometry":{"type":"Point","coordinates":[129.0099964,35.3083842]}},{"type":"Feature","properties":{"kind":"exit","ref":"2"},"geometry":{"type":"Point","coordinates":[129.0172188,35.281717]}},{"type":"Feature","properties":{"kind":"exit","ref":"3"},"geometry":{"type":"Point","coordinates":[129.0170276,35.2813888]}},{"type":"Feature","properties":{"kind":"exit","ref":"2"},"geometry":{"type":"Point","coordinates":[129.0125361,35.2585706]}},{"type":"Feature","properties":{"kind":"exit","ref":"1"},"geometry":{"type":"Point","coordinates":[129.0127219,35.2579488]}},{"type":"Feature","properties":{"kind":"exit","ref":"1"},"geometry":{"type":"Point","coordinates":[129.012736,35.2461232]}},{"type":"Feature","properties":{"kind":"exit","ref":"2"},"geometry":{"type":"Point","coordinates":[129.0130212,35.2461279]}},{"type":"Feature","properties":{"kind":"exit","ref":"3"},"geometry":{"type":"Point","coordinates":[129.0127641,35.2466759]}},{"type":"Feature","properties":{"kind":"exit","ref":"4"},"geometry":{"type":"Point","coordinates":[129.0130397,35.2466749]}},{"type":"Feature","properties":{"kind":"exit","ref":"1"},"geometry":{"type":"Point","coordinates":[129.0136963,35.2352412]}},{"type":"Feature","properties":{"kind":"exit","ref":"2"},"geometry":{"type":"Point","coordinates":[129.0139669,35.2352322]}},{"type":"Feature","properties":{"kind":"exit","ref":"3"},"geometry":{"type":"Point","coordinates":[129.0137348,35.2357279]}},{"type":"Feature","properties":{"kind":"exit","ref":"4"},"geometry":{"type":"Point","coordinates":[129.0139929,35.2357185]}},{"type":"Feature","properties":{"kind":"exit","ref":"5"},"geometry":{"type":"Point","coordinates":[129.013766,35.2364352]}},{"type":"Feature","properties":{"kind":"exit","ref":"6"},"geometry":{"type":"Point","coordinates":[129.0140244,35.2364273]}},{"type":"Feature","properties":{"kind":"exit","ref":"4"},"geometry":{"type":"Point","coordinates":[128.9955786,35.197472]}},{"type":"Feature","properties":{"kind":"exit","ref":"1"},"geometry":{"type":"Point","coordinates":[128.9835586,35.1729005]}},{"type":"Feature","properties":{"kind":"exit","ref":"2"},"geometry":{"type":"Point","coordinates":[128.9838086,35.1728479]}},{"type":"Feature","properties":{"kind":"exit","ref":"3"},"geometry":{"type":"Point","coordinates":[128.9840253,35.1742519]}},{"type":"Feature","properties":{"kind":"exit","ref":"4"},"geometry":{"type":"Point","coordinates":[128.9842903,35.1742089]}},{"type":"Feature","properties":{"kind":"exit","ref":"1"},"geometry":{"type":"Point","coordinates":[128.9911286,35.1555514]}},{"type":"Feature","properties":{"kind":"exit","ref":"2"},"geometry":{"type":"Point","coordinates":[128.9912294,35.1556416]}},{"type":"Feature","properties":{"kind":"exit","ref":"3"},"geometry":{"type":"Point","coordinates":[128.9908052,35.1558017]}},{"type":"Feature","properties":{"kind":"exit","ref":"4"},"geometry":{"type":"Point","coordinates":[128.990839,35.1561105]}},{"type":"Feature","properties":{"kind":"exit","ref":"1"},"geometry":{"type":"Point","coordinates":[128.9846268,35.1617787]}},{"type":"Feature","properties":{"kind":"exit","ref":"2"},"geometry":{"type":"Point","coordinates":[128.985719,35.1617609]}},{"type":"Feature","properties":{"kind":"exit","ref":"3"},"geometry":{"type":"Point","coordinates":[128.984142,35.1624358]}},{"type":"Feature","properties":{"kind":"exit","ref":"4"},"geometry":{"type":"Point","coordinates":[128.9850861,35.1624076]}},{"type":"Feature","properties":{"kind":"exit","ref":"5"},"geometry":{"type":"Point","coordinates":[128.9837337,35.1636499]}},{"type":"Feature","properties":{"kind":"exit","ref":"6"},"geometry":{"type":"Point","coordinates":[128.9840744,35.1637438]}},{"type":"Feature","properties":{"kind":"exit","ref":"2"},"geometry":{"type":"Point","coordinates":[128.9859413,35.1624075]}},{"type":"Feature","properties":{"kind":"exit","ref":"1"},"geometry":{"type":"Point","coordinates":[128.9859769,35.162142]}},{"type":"Feature","properties":{"kind":"exit","ref":"1"},"geometry":{"type":"Point","coordinates":[129.0038909,35.1503739]}},{"type":"Feature","properties":{"kind":"exit","ref":"2"},"geometry":{"type":"Point","coordinates":[129.0038519,35.1507015]}},{"type":"Feature","properties":{"kind":"exit","ref":"4"},"geometry":{"type":"Point","coordinates":[129.003423,35.150667]}},{"type":"Feature","properties":{"kind":"exit","ref":"3"},"geometry":{"type":"Point","coordinates":[129.0034651,35.1503246]}},{"type":"Feature","properties":{"kind":"exit","ref":"5"},"geometry":{"type":"Point","coordinates":[129.002744,35.1502596]}},{"type":"Feature","properties":{"kind":"exit","ref":"6"},"geometry":{"type":"Point","coordinates":[129.0026947,35.1506235]}},{"type":"Feature","properties":{"kind":"exit","ref":"8"},"geometry":{"type":"Point","coordinates":[129.0023515,35.150597]}},{"type":"Feature","properties":{"kind":"exit","ref":"7"},"geometry":{"type":"Point","coordinates":[129.0023917,35.1502255]}},{"type":"Feature","properties":{"kind":"exit","ref":"1"},"geometry":{"type":"Point","coordinates":[129.0131137,35.1511359]}},{"type":"Feature","properties":{"kind":"exit","ref":"2"},"geometry":{"type":"Point","coordinates":[129.0130803,35.1514908]}},{"type":"Feature","properties":{"kind":"exit","ref":"3"},"geometry":{"type":"Point","coordinates":[129.0115041,35.1510029]}},{"type":"Feature","properties":{"kind":"exit","ref":"4"},"geometry":{"type":"Point","coordinates":[129.011448,35.1513534]}},{"type":"Feature","properties":{"kind":"exit","ref":"5"},"geometry":{"type":"Point","coordinates":[129.0111698,35.1509726]}},{"type":"Feature","properties":{"kind":"exit","ref":"6"},"geometry":{"type":"Point","coordinates":[129.0111214,35.1513273]}},{"type":"Feature","properties":{"kind":"exit","ref":"1"},"geometry":{"type":"Point","coordinates":[129.021318,35.1530338]}},{"type":"Feature","properties":{"kind":"exit","ref":"2"},"geometry":{"type":"Point","coordinates":[129.0213014,35.15341]}},{"type":"Feature","properties":{"kind":"exit","ref":"3"},"geometry":{"type":"Point","coordinates":[129.0206981,35.1529398]}},{"type":"Feature","properties":{"kind":"exit","ref":"5"},"geometry":{"type":"Point","coordinates":[129.0202727,35.1527494]}},{"type":"Feature","properties":{"kind":"exit","ref":"7"},"geometry":{"type":"Point","coordinates":[129.0198382,35.1528924]}},{"type":"Feature","properties":{"kind":"exit","ref":"4"},"geometry":{"type":"Point","coordinates":[129.0203146,35.1534398]}},{"type":"Feature","properties":{"kind":"exit","ref":"1"},"geometry":{"type":"Point","coordinates":[129.0332848,35.1539658]}},{"type":"Feature","properties":{"kind":"exit","ref":"2"},"geometry":{"type":"Point","coordinates":[129.0331861,35.1543518]}},{"type":"Feature","properties":{"kind":"exit","ref":"3"},"geometry":{"type":"Point","coordinates":[129.0324667,35.1536811]}},{"type":"Feature","properties":{"kind":"exit","ref":"4"},"geometry":{"type":"Point","coordinates":[129.0325306,35.154386]}},{"type":"Feature","properties":{"kind":"exit","ref":"5"},"geometry":{"type":"Point","coordinates":[129.0320149,35.153574]}},{"type":"Feature","properties":{"kind":"exit","ref":"7"},"geometry":{"type":"Point","coordinates":[129.0316442,35.1536681]}},{"type":"Feature","properties":{"kind":"exit","ref":"8"},"geometry":{"type":"Point","coordinates":[129.0314523,35.1540518]}},{"type":"Feature","properties":{"kind":"exit","ref":"6"},"geometry":{"type":"Point","coordinates":[129.0317806,35.1545175]}},{"type":"Feature","properties":{"kind":"exit","ref":"2"},"geometry":{"type":"Point","coordinates":[129.051115,35.1578016]}},{"type":"Feature","properties":{"kind":"exit","ref":"1"},"geometry":{"type":"Point","coordinates":[129.0512094,35.1572999]}},{"type":"Feature","properties":{"kind":"exit","ref":"1"},"geometry":{"type":"Point","coordinates":[129.0651749,35.1518231]}},{"type":"Feature","properties":{"kind":"exit","ref":"2"},"geometry":{"type":"Point","coordinates":[129.0656368,35.1518367]}},{"type":"Feature","properties":{"kind":"exit","ref":"3"},"geometry":{"type":"Point","coordinates":[129.0651736,35.1524762]}},{"type":"Feature","properties":{"kind":"exit","ref":"4"},"geometry":{"type":"Point","coordinates":[129.0656342,35.1524793]}},{"type":"Feature","properties":{"kind":"exit","ref":"5"},"geometry":{"type":"Point","coordinates":[129.0651647,35.153269]}},{"type":"Feature","properties":{"kind":"exit","ref":"6"},"geometry":{"type":"Point","coordinates":[129.0656291,35.1532711]}},{"type":"Feature","properties":{"kind":"exit","ref":"7"},"geometry":{"type":"Point","coordinates":[129.0651545,35.1543643]}},{"type":"Feature","properties":{"kind":"exit","ref":"8"},"geometry":{"type":"Point","coordinates":[129.0656214,35.154164]}},{"type":"Feature","properties":{"kind":"exit","ref":"1"},"geometry":{"type":"Point","coordinates":[129.0674532,35.1381913]}},{"type":"Feature","properties":{"kind":"exit","ref":"2"},"geometry":{"type":"Point","coordinates":[129.0679302,35.1382864]}},{"type":"Feature","properties":{"kind":"exit","ref":"3"},"geometry":{"type":"Point","coordinates":[129.0669005,35.1395397]}},{"type":"Feature","properties":{"kind":"exit","ref":"4"},"geometry":{"type":"Point","coordinates":[129.0673774,35.1397972]}},{"type":"Feature","properties":{"kind":"exit","ref":"1"},"geometry":{"type":"Point","coordinates":[129.0664434,35.1455393]}},{"type":"Feature","properties":{"kind":"exit","ref":"2"},"geometry":{"type":"Point","coordinates":[129.0670037,35.1446852]}},{"type":"Feature","properties":{"kind":"exit","ref":"3"},"geometry":{"type":"Point","coordinates":[129.0664601,35.1460999]}},{"type":"Feature","properties":{"kind":"exit","ref":"4"},"geometry":{"type":"Point","coordinates":[129.0669568,35.1469291]}},{"type":"Feature","properties":{"kind":"exit","ref":"1"},"geometry":{"type":"Point","coordinates":[129.0750976,35.1349969]}},{"type":"Feature","properties":{"kind":"exit","ref":"2"},"geometry":{"type":"Point","coordinates":[129.0753827,35.1351898]}},{"type":"Feature","properties":{"kind":"exit","ref":"4"},"geometry":{"type":"Point","coordinates":[129.0739807,35.1358859]}},{"type":"Feature","properties":{"kind":"exit","ref":"3"},"geometry":{"type":"Point","coordinates":[129.0736494,35.1358389]}},{"type":"Feature","properties":{"kind":"exit","ref":"1"},"geometry":{"type":"Point","coordinates":[129.0847286,35.1346388]}},{"type":"Feature","properties":{"kind":"exit","ref":"2"},"geometry":{"type":"Point","coordinates":[129.0847247,35.1347912]}},{"type":"Feature","properties":{"kind":"exit","ref":"3"},"geometry":{"type":"Point","coordinates":[129.084123,35.1346116]}},{"type":"Feature","properties":{"kind":"exit","ref":"4"},"geometry":{"type":"Point","coordinates":[129.0841263,35.1347664]}},{"type":"Feature","properties":{"kind":"exit","ref":"1"},"geometry":{"type":"Point","coordinates":[129.0930401,35.1350798]}},{"type":"Feature","properties":{"kind":"exit","ref":"2"},"geometry":{"type":"Point","coordinates":[129.0930365,35.1352554]}},{"type":"Feature","properties":{"kind":"exit","ref":"3"},"geometry":{"type":"Point","coordinates":[129.0922461,35.1350443]}},{"type":"Feature","properties":{"kind":"exit","ref":"4"},"geometry":{"type":"Point","coordinates":[129.0922416,35.1352251]}},{"type":"Feature","properties":{"kind":"exit","ref":"5"},"geometry":{"type":"Point","coordinates":[129.091565,35.1349964]}},{"type":"Feature","properties":{"kind":"exit","ref":"6"},"geometry":{"type":"Point","coordinates":[129.0915605,35.1351963]}},{"type":"Feature","properties":{"kind":"exit","ref":"1"},"geometry":{"type":"Point","coordinates":[129.1086206,35.1426271]}},{"type":"Feature","properties":{"kind":"exit","ref":"2"},"geometry":{"type":"Point","coordinates":[129.1084914,35.1427296]}},{"type":"Feature","properties":{"kind":"exit","ref":"3"},"geometry":{"type":"Point","coordinates":[129.1070544,35.1411186]}},{"type":"Feature","properties":{"kind":"exit","ref":"4"},"geometry":{"type":"Point","coordinates":[129.1069338,35.1412301]}},{"type":"Feature","properties":{"kind":"exit","ref":"1"},"geometry":{"type":"Point","coordinates":[129.1013782,35.137906]}},{"type":"Feature","properties":{"kind":"exit","ref":"2"},"geometry":{"type":"Point","coordinates":[129.1012456,35.1380585]}},{"type":"Feature","properties":{"kind":"exit","ref":"3"},"geometry":{"type":"Point","coordinates":[129.1003528,35.1373566]}},{"type":"Feature","properties":{"kind":"exit","ref":"4"},"geometry":{"type":"Point","coordinates":[129.1001314,35.1375189]}},{"type":"Feature","properties":{"kind":"exit","ref":"5"},"geometry":{"type":"Point","coordinates":[129.0996578,35.1370378]}},{"type":"Feature","properties":{"kind":"exit","ref":"6"},"geometry":{"type":"Point","coordinates":[129.0995823,35.1372719]}},{"type":"Feature","properties":{"kind":"exit","ref":"1"},"geometry":{"type":"Point","coordinates":[129.1113714,35.1505996]}},{"type":"Feature","properties":{"kind":"exit","ref":"2"},"geometry":{"type":"Point","coordinates":[129.1110982,35.1506444]}},{"type":"Feature","properties":{"kind":"exit","ref":"3"},"geometry":{"type":"Point","coordinates":[129.1112114,35.1500527]}},{"type":"Feature","properties":{"kind":"exit","ref":"4"},"geometry":{"type":"Point","coordinates":[129.1109485,35.1500846]}},{"type":"Feature","properties":{"kind":"exit","ref":"5"},"geometry":{"type":"Point","coordinates":[129.1108926,35.148917]}},{"type":"Feature","properties":{"kind":"exit","ref":"6"},"geometry":{"type":"Point","coordinates":[129.1106422,35.1489521]}},{"type":"Feature","properties":{"kind":"exit","ref":"1"},"geometry":{"type":"Point","coordinates":[129.1226628,35.1664665]}},{"type":"Feature","properties":{"kind":"exit","ref":"2"},"geometry":{"type":"Point","coordinates":[129.1227877,35.166574]}},{"type":"Feature","properties":{"kind":"exit","ref":"3"},"geometry":{"type":"Point","coordinates":[129.12141,35.1674111]}},{"type":"Feature","properties":{"kind":"exit","ref":"4"},"geometry":{"type":"Point","coordinates":[129.1215796,35.1675727]}},{"type":"Feature","properties":{"kind":"exit","ref":"1"},"geometry":{"type":"Point","coordinates":[129.1153957,35.1677513]}},{"type":"Feature","properties":{"kind":"exit","ref":"3"},"geometry":{"type":"Point","coordinates":[129.1159053,35.1676943]}},{"type":"Feature","properties":{"kind":"exit","ref":"5"},"geometry":{"type":"Point","coordinates":[129.1159901,35.1675213]}},{"type":"Feature","properties":{"kind":"exit","ref":"7"},"geometry":{"type":"Point","coordinates":[129.1156477,35.1671578]}},{"type":"Feature","properties":{"kind":"exit","ref":"9"},"geometry":{"type":"Point","coordinates":[129.1152315,35.1669025]}},{"type":"Feature","properties":{"kind":"exit","ref":"6"},"geometry":{"type":"Point","coordinates":[129.1149091,35.1669607]}},{"type":"Feature","properties":{"kind":"exit","ref":"4"},"geometry":{"type":"Point","coordinates":[129.114674,35.1674721]}},{"type":"Feature","properties":{"kind":"exit","ref":"2"},"geometry":{"type":"Point","coordinates":[129.1148397,35.1677222]}},{"type":"Feature","properties":{"kind":"exit","ref":"11"},"geometry":{"type":"Point","coordinates":[129.1150185,35.1661288]}},{"type":"Feature","properties":{"kind":"exit","ref":"8"},"geometry":{"type":"Point","coordinates":[129.1147665,35.1661625]}},{"type":"Feature","properties":{"kind":"exit","ref":"13"},"geometry":{"type":"Point","coordinates":[129.114876,35.1654556]}},{"type":"Feature","properties":{"kind":"exit","ref":"10"},"geometry":{"type":"Point","coordinates":[129.1146344,35.1655527]}},{"type":"Feature","properties":{"kind":"exit","ref":"14"},"geometry":{"type":"Point","coordinates":[129.1142401,35.1637034]}},{"type":"Feature","properties":{"kind":"exit","ref":"17"},"geometry":{"type":"Point","coordinates":[129.1145506,35.1636713]}},{"type":"Feature","properties":{"kind":"exit","ref":"12"},"geometry":{"type":"Point","coordinates":[129.1143394,35.1642383]}},{"type":"Feature","properties":{"kind":"exit","ref":"15"},"geometry":{"type":"Point","coordinates":[129.1146472,35.1641995]}},{"type":"Feature","properties":{"kind":"exit","ref":"1"},"geometry":{"type":"Point","coordinates":[129.1327487,35.1689502]}},{"type":"Feature","properties":{"kind":"exit","ref":"2"},"geometry":{"type":"Point","coordinates":[129.1325612,35.1695672]}},{"type":"Feature","properties":{"kind":"exit","ref":"3"},"geometry":{"type":"Point","coordinates":[129.132576,35.1688461]}},{"type":"Feature","properties":{"kind":"exit","ref":"4"},"geometry":{"type":"Point","coordinates":[129.1322245,35.1696155]}},{"type":"Feature","properties":{"kind":"exit","ref":"6"},"geometry":{"type":"Point","coordinates":[129.1320045,35.1695013]}},{"type":"Feature","properties":{"kind":"exit","ref":"8"},"geometry":{"type":"Point","coordinates":[129.1317854,35.1691609]}},{"type":"Feature","properties":{"kind":"exit","ref":"5"},"geometry":{"type":"Point","coordinates":[129.132191,35.1689009]}},{"type":"Feature","properties":{"kind":"exit","ref":"7"},"geometry":{"type":"Point","coordinates":[129.1315396,35.1685905]}},{"type":"Feature","properties":{"kind":"exit","ref":"9"},"geometry":{"type":"Point","coordinates":[129.1315264,35.1684127]}},{"type":"Feature","properties":{"kind":"exit","ref":"11"},"geometry":{"type":"Point","coordinates":[129.1314259,35.1682938]}},{"type":"Feature","properties":{"kind":"exit","ref":"10"},"geometry":{"type":"Point","coordinates":[129.1310455,35.1687527]}},{"type":"Feature","properties":{"kind":"exit","ref":"12"},"geometry":{"type":"Point","coordinates":[129.1306283,35.1685304]}},{"type":"Feature","properties":{"kind":"exit","ref":"13"},"geometry":{"type":"Point","coordinates":[129.1308415,35.1681772]}},{"type":"Feature","properties":{"kind":"exit","ref":"2"},"geometry":{"type":"Point","coordinates":[129.1360342,35.171662]}},{"type":"Feature","properties":{"kind":"exit","ref":"3"},"geometry":{"type":"Point","coordinates":[129.1359268,35.1717211]}},{"type":"Feature","properties":{"kind":"exit","ref":"4"},"geometry":{"type":"Point","coordinates":[129.1355136,35.1719439]}},{"type":"Feature","properties":{"kind":"exit","ref":"2"},"geometry":{"type":"Point","coordinates":[129.1397423,35.1683746]}},{"type":"Feature","properties":{"kind":"exit","ref":"1"},"geometry":{"type":"Point","coordinates":[129.1394842,35.1681657]}},{"type":"Feature","properties":{"kind":"exit","ref":"3"},"geometry":{"type":"Point","coordinates":[129.1392654,35.1679728]}},{"type":"Feature","properties":{"kind":"exit","ref":"5"},"geometry":{"type":"Point","coordinates":[129.1385247,35.1682669]}},{"type":"Feature","properties":{"kind":"exit","ref":"7"},"geometry":{"type":"Point","coordinates":[129.1384502,35.1686327]}},{"type":"Feature","properties":{"kind":"exit","ref":"9"},"geometry":{"type":"Point","coordinates":[129.1382971,35.1688184]}},{"type":"Feature","properties":{"kind":"exit","ref":"11"},"geometry":{"type":"Point","coordinates":[129.1383348,35.169051]}},{"type":"Feature","properties":{"kind":"exit","ref":"8"},"geometry":{"type":"Point","coordinates":[129.1385,35.1692875]}},{"type":"Feature","properties":{"kind":"exit","ref":"6"},"geometry":{"type":"Point","coordinates":[129.138836,35.1691991]}},{"type":"Feature","properties":{"kind":"exit","ref":"4"},"geometry":{"type":"Point","coordinates":[129.1393864,35.1687832]}},{"type":"Feature","properties":{"kind":"exit","ref":"1"},"geometry":{"type":"Point","coordinates":[129.1479411,35.1612032]}},{"type":"Feature","properties":{"kind":"exit","ref":"2"},"geometry":{"type":"Point","coordinates":[129.1481024,35.1615123]}},{"type":"Feature","properties":{"kind":"exit","ref":"4"},"geometry":{"type":"Point","coordinates":[129.1473869,35.1619043]}},{"type":"Feature","properties":{"kind":"exit","ref":"3"},"geometry":{"type":"Point","coordinates":[129.1470358,35.1616778]}},{"type":"Feature","properties":{"kind":"exit","ref":"1"},"geometry":{"type":"Point","coordinates":[129.1695668,35.1665981]}},{"type":"Feature","properties":{"kind":"exit","ref":"2"},"geometry":{"type":"Point","coordinates":[129.1695587,35.1667977]}},{"type":"Feature","properties":{"kind":"exit","ref":"3"},"geometry":{"type":"Point","coordinates":[129.1686857,35.1665736]}},{"type":"Feature","properties":{"kind":"exit","ref":"4"},"geometry":{"type":"Point","coordinates":[129.1685255,35.1669786]}},{"type":"Feature","properties":{"kind":"exit","ref":"5"},"geometry":{"type":"Point","coordinates":[129.1683723,35.1662892]}},{"type":"Feature","properties":{"kind":"exit","ref":"6"},"geometry":{"type":"Point","coordinates":[129.1683008,35.1670778]}},{"type":"Feature","properties":{"kind":"exit","ref":"8"},"geometry":{"type":"Point","coordinates":[129.1677568,35.167138]}},{"type":"Feature","properties":{"kind":"exit","ref":"10"},"geometry":{"type":"Point","coordinates":[129.1675245,35.1670532]}},{"type":"Feature","properties":{"kind":"exit","ref":"12"},"geometry":{"type":"Point","coordinates":[129.167461,35.1668216]}},{"type":"Feature","properties":{"kind":"exit","ref":"9"},"geometry":{"type":"Point","coordinates":[129.1675212,35.1663958]}},{"type":"Feature","properties":{"kind":"exit","ref":"7"},"geometry":{"type":"Point","coordinates":[129.1680691,35.1662425]}},{"type":"Feature","properties":{"kind":"exit","ref":"1"},"geometry":{"type":"Point","coordinates":[129.1592698,35.1637155]}},{"type":"Feature","properties":{"kind":"exit","ref":"2"},"geometry":{"type":"Point","coordinates":[129.1589558,35.1638386]}},{"type":"Feature","properties":{"kind":"exit","ref":"4"},"geometry":{"type":"Point","coordinates":[129.1584317,35.1635355]}},{"type":"Feature","properties":{"kind":"exit","ref":"7"},"geometry":{"type":"Point","coordinates":[129.1584614,35.1632818]}},{"type":"Feature","properties":{"kind":"exit","ref":"5"},"geometry":{"type":"Point","coordinates":[129.1588972,35.1632921]}},{"type":"Feature","properties":{"kind":"exit","ref":"3"},"geometry":{"type":"Point","coordinates":[129.1591651,35.16345]}},{"type":"Feature","properties":{"kind":"exit","ref":"1"},"geometry":{"type":"Point","coordinates":[129.178175,35.1703427]}},{"type":"Feature","properties":{"kind":"exit","ref":"2"},"geometry":{"type":"Point","coordinates":[129.1780741,35.1705296]}},{"type":"Feature","properties":{"kind":"exit","ref":"4"},"geometry":{"type":"Point","coordinates":[129.177377,35.1706309]}},{"type":"Feature","properties":{"kind":"exit","ref":"3"},"geometry":{"type":"Point","coordinates":[129.1779268,35.1698424]}},{"type":"Feature","properties":{"kind":"exit","ref":"5"},"geometry":{"type":"Point","coordinates":[129.1772122,35.1698954]}},{"type":"Feature","properties":{"kind":"exit","ref":"6"},"geometry":{"type":"Point","coordinates":[129.1770907,35.1700887]}},{"type":"Feature","properties":{"kind":"exit","ref":"8"},"geometry":{"type":"Point","coordinates":[129.1765046,35.169833]}},{"type":"Feature","properties":{"kind":"exit","ref":"7"},"geometry":{"type":"Point","coordinates":[129.1766207,35.1696361]}},{"type":"Feature","properties":{"kind":"exit","ref":"10"},"geometry":{"type":"Point","coordinates":[129.1756766,35.1698382]}},{"type":"Feature","properties":{"kind":"exit","ref":"12"},"geometry":{"type":"Point","coordinates":[129.1754365,35.1697253]}},{"type":"Feature","properties":{"kind":"exit","ref":"9"},"geometry":{"type":"Point","coordinates":[129.1762397,35.1691019]}},{"type":"Feature","properties":{"kind":"exit","ref":"11"},"geometry":{"type":"Point","coordinates":[129.1759956,35.168855]}},{"type":"Feature","properties":{"kind":"exit","ref":"13"},"geometry":{"type":"Point","coordinates":[129.1756086,35.1689869]}},{"type":"Feature","properties":{"kind":"exit","ref":"14"},"geometry":{"type":"Point","coordinates":[129.1754555,35.1692553]}},{"type":"Feature","properties":{"kind":"exit","ref":"1"},"geometry":{"type":"Point","coordinates":[128.9826886,35.2111882]}},{"type":"Feature","properties":{"kind":"exit","ref":"2"},"geometry":{"type":"Point","coordinates":[128.9816543,35.2113425]}},{"type":"Feature","properties":{"kind":"exit","ref":"3"},"geometry":{"type":"Point","coordinates":[128.981973,35.2110936]}},{"type":"Feature","properties":{"kind":"exit","ref":"5"},"geometry":{"type":"Point","coordinates":[128.9810556,35.2111926]}},{"type":"Feature","properties":{"kind":"exit","ref":"1"},"geometry":{"type":"Point","coordinates":[128.9610666,35.2132062]}},{"type":"Feature","properties":{"kind":"exit","ref":"2"},"geometry":{"type":"Point","coordinates":[128.9611822,35.2134427]}},{"type":"Feature","properties":{"kind":"exit","ref":"1"},"geometry":{"type":"Point","coordinates":[128.9608074,35.2128777]}},{"type":"Feature","properties":{"kind":"exit","ref":"2"},"geometry":{"type":"Point","coordinates":[128.9608504,35.2132271]}},{"type":"Feature","properties":{"kind":"exit","ref":"1"},"geometry":{"type":"Point","coordinates":[128.9702451,35.2122741]}},{"type":"Feature","properties":{"kind":"exit","ref":"2"},"geometry":{"type":"Point","coordinates":[128.9692779,35.2126294]}},{"type":"Feature","properties":{"kind":"exit","ref":"3"},"geometry":{"type":"Point","coordinates":[128.9694872,35.2123058]}},{"type":"Feature","properties":{"kind":"exit","ref":"1"},"geometry":{"type":"Point","coordinates":[129.0248653,35.2130688]}},{"type":"Feature","properties":{"kind":"exit","ref":"1"},"geometry":{"type":"Point","coordinates":[129.0364567,35.2120866]}},{"type":"Feature","properties":{"kind":"exit","ref":"3"},"geometry":{"type":"Point","coordinates":[129.0362916,35.2125491]}},{"type":"Feature","properties":{"kind":"exit","ref":"2"},"geometry":{"type":"Point","coordinates":[129.0368426,35.213174]}},{"type":"Feature","properties":{"kind":"exit","ref":"4"},"geometry":{"type":"Point","coordinates":[129.0361891,35.2133038]}},{"type":"Feature","properties":{"kind":"exit","ref":"1"},"geometry":{"type":"Point","coordinates":[129.0673661,35.2047279]}},{"type":"Feature","properties":{"kind":"exit","ref":"2"},"geometry":{"type":"Point","coordinates":[129.0676156,35.2046196]}},{"type":"Feature","properties":{"kind":"exit","ref":"4"},"geometry":{"type":"Point","coordinates":[129.0679618,35.2051398]}},{"type":"Feature","properties":{"kind":"exit","ref":"3"},"geometry":{"type":"Point","coordinates":[129.0677124,35.205236]}},{"type":"Feature","properties":{"kind":"exit","ref":"6"},"geometry":{"type":"Point","coordinates":[129.0683908,35.2057827]}},{"type":"Feature","properties":{"kind":"exit","ref":"5"},"geometry":{"type":"Point","coordinates":[129.0681805,35.2058651]}},{"type":"Feature","properties":{"kind":"exit","ref":"7"},"geometry":{"type":"Point","coordinates":[129.0685496,35.2064477]}},{"type":"Feature","properties":{"kind":"exit","ref":"8"},"geometry":{"type":"Point","coordinates":[129.0694654,35.2067571]}},{"type":"Feature","properties":{"kind":"exit","ref":"9"},"geometry":{"type":"Point","coordinates":[129.0690174,35.2075947]}},{"type":"Feature","properties":{"kind":"exit","ref":"10"},"geometry":{"type":"Point","coordinates":[129.0698757,35.2073575]}},{"type":"Feature","properties":{"kind":"exit","ref":"12"},"geometry":{"type":"Point","coordinates":[129.0703918,35.2078577]}},{"type":"Feature","properties":{"kind":"exit","ref":"14"},"geometry":{"type":"Point","coordinates":[129.070204,35.2083047]}},{"type":"Feature","properties":{"kind":"exit","ref":"13"},"geometry":{"type":"Point","coordinates":[129.0695281,35.2085204]}},{"type":"Feature","properties":{"kind":"exit","ref":"11"},"geometry":{"type":"Point","coordinates":[129.0689423,35.2083985]}},{"type":"Feature","properties":{"kind":"exit","ref":"1"},"geometry":{"type":"Point","coordinates":[129.0652308,35.1979868]}},{"type":"Feature","properties":{"kind":"exit","ref":"2"},"geometry":{"type":"Point","coordinates":[129.0655388,35.1980519]}},{"type":"Feature","properties":{"kind":"exit","ref":"3"},"geometry":{"type":"Point","coordinates":[129.0648187,35.1992203]}},{"type":"Feature","properties":{"kind":"exit","ref":"4"},"geometry":{"type":"Point","coordinates":[129.065139,35.1992928]}},{"type":"Feature","properties":{"kind":"exit","ref":"3"},"geometry":{"type":"Point","coordinates":[129.0680852,35.1906893]}},{"type":"Feature","properties":{"kind":"exit","ref":"1"},"geometry":{"type":"Point","coordinates":[129.0684974,35.1907616]}},{"type":"Feature","properties":{"kind":"exit","ref":"2"},"geometry":{"type":"Point","coordinates":[129.0686633,35.19118]}},{"type":"Feature","properties":{"kind":"exit","ref":"4"},"geometry":{"type":"Point","coordinates":[129.0676221,35.1917906]}},{"type":"Feature","properties":{"kind":"exit","ref":"11"},"geometry":{"type":"Point","coordinates":[129.0672173,35.1913364]}},{"type":"Feature","properties":{"kind":"exit","ref":"9"},"geometry":{"type":"Point","coordinates":[129.0667711,35.1910692]}},{"type":"Feature","properties":{"kind":"exit","ref":"7"},"geometry":{"type":"Point","coordinates":[129.0669681,35.1905132]}},{"type":"Feature","properties":{"kind":"exit","ref":"5"},"geometry":{"type":"Point","coordinates":[129.0674894,35.1902906]}},{"type":"Feature","properties":{"kind":"exit","ref":"1"},"geometry":{"type":"Point","coordinates":[129.0746761,35.1880044]}},{"type":"Feature","properties":{"kind":"exit","ref":"2"},"geometry":{"type":"Point","coordinates":[129.0749293,35.188486]}},{"type":"Feature","properties":{"kind":"exit","ref":"4"},"geometry":{"type":"Point","coordinates":[129.0748468,35.1889572]}},{"type":"Feature","properties":{"kind":"exit","ref":"6"},"geometry":{"type":"Point","coordinates":[129.0746078,35.1892302]}},{"type":"Feature","properties":{"kind":"exit","ref":"8"},"geometry":{"type":"Point","coordinates":[129.074132,35.1890018]}},{"type":"Feature","properties":{"kind":"exit","ref":"9"},"geometry":{"type":"Point","coordinates":[129.0746768,35.1894954]}},{"type":"Feature","properties":{"kind":"exit","ref":"10"},"geometry":{"type":"Point","coordinates":[129.0742817,35.1897473]}},{"type":"Feature","properties":{"kind":"exit","ref":"3"},"geometry":{"type":"Point","coordinates":[129.0737221,35.1879826]}},{"type":"Feature","properties":{"kind":"exit","ref":"5"},"geometry":{"type":"Point","coordinates":[129.0730666,35.1880494]}},{"type":"Feature","properties":{"kind":"exit","ref":"7"},"geometry":{"type":"Point","coordinates":[129.0730076,35.1884563]}},{"type":"Feature","properties":{"kind":"exit","ref":"1"},"geometry":{"type":"Point","coordinates":[129.0858002,35.1762369]}},{"type":"Feature","properties":{"kind":"exit","ref":"2"},"geometry":{"type":"Point","coordinates":[129.0860689,35.1762548]}},{"type":"Feature","properties":{"kind":"exit","ref":"4"},"geometry":{"type":"Point","coordinates":[129.0855807,35.1773992]}},{"type":"Feature","properties":{"kind":"exit","ref":"3"},"geometry":{"type":"Point","coordinates":[129.0853179,35.1773633]}},{"type":"Feature","properties":{"kind":"exit","ref":"1"},"geometry":{"type":"Point","coordinates":[129.0963724,35.1732943]}},{"type":"Feature","properties":{"kind":"exit","ref":"2"},"geometry":{"type":"Point","coordinates":[129.096369,35.1734455]}},{"type":"Feature","properties":{"kind":"exit","ref":"3"},"geometry":{"type":"Point","coordinates":[129.0957994,35.1733813]}},{"type":"Feature","properties":{"kind":"exit","ref":"5"},"geometry":{"type":"Point","coordinates":[129.0947452,35.1734972]}},{"type":"Feature","properties":{"kind":"exit","ref":"6"},"geometry":{"type":"Point","coordinates":[129.0947648,35.1736392]}},{"type":"Feature","properties":{"kind":"exit","ref":"4"},"geometry":{"type":"Point","coordinates":[129.0958155,35.1735098]}},{"type":"Feature","properties":{"kind":"exit","ref":"1"},"geometry":{"type":"Point","coordinates":[129.1095625,35.1710384]}},{"type":"Feature","properties":{"kind":"exit","ref":"2"},"geometry":{"type":"Point","coordinates":[129.1096554,35.1713264]}},{"type":"Feature","properties":{"kind":"exit","ref":"3"},"geometry":{"type":"Point","coordinates":[129.1086843,35.1713277]}},{"type":"Feature","properties":{"kind":"exit","ref":"4"},"geometry":{"type":"Point","coordinates":[129.1087829,35.1715221]}},{"type":"Feature","properties":{"kind":"exit","ref":"5"},"geometry":{"type":"Point","coordinates":[129.1079733,35.1714961]}},{"type":"Feature","properties":{"kind":"exit","ref":"6"},"geometry":{"type":"Point","coordinates":[129.1080376,35.1716777]}},{"type":"Feature","properties":{"kind":"exit","ref":"7"},"geometry":{"type":"Point","coordinates":[129.1073357,35.1716496]}},{"type":"Feature","properties":{"kind":"exit","ref":"8"},"geometry":{"type":"Point","coordinates":[129.1074051,35.1718375]}},{"type":"Feature","properties":{"kind":"exit","ref":"1"},"geometry":{"type":"Point","coordinates":[129.1717859,35.2375927]}},{"type":"Feature","properties":{"kind":"exit","ref":"3"},"geometry":{"type":"Point","coordinates":[129.1722243,35.237791]}},{"type":"Feature","properties":{"kind":"exit","ref":"2"},"geometry":{"type":"Point","coordinates":[129.1719898,35.2372869]}},{"type":"Feature","properties":{"kind":"exit","ref":"4"},"geometry":{"type":"Point","coordinates":[129.1724174,35.2374793]}},{"type":"Feature","properties":{"kind":"exit","ref":"4"},"geometry":{"type":"Point","coordinates":[129.1604788,35.2358778]}},{"type":"Feature","properties":{"kind":"exit","ref":"1"},"geometry":{"type":"Point","coordinates":[129.1599263,35.2359563]}},{"type":"Feature","properties":{"kind":"exit","ref":"2"},"geometry":{"type":"Point","coordinates":[129.1599135,35.2357816]}},{"type":"Feature","properties":{"kind":"exit","ref":"3"},"geometry":{"type":"Point","coordinates":[129.1604431,35.2360456]}},{"type":"Feature","properties":{"kind":"exit","ref":"1"},"geometry":{"type":"Point","coordinates":[129.1459663,35.2255175]}},{"type":"Feature","properties":{"kind":"exit","ref":"2"},"geometry":{"type":"Point","coordinates":[129.1463579,35.225552]}},{"type":"Feature","properties":{"kind":"exit","ref":"3"},"geometry":{"type":"Point","coordinates":[129.1460358,35.2258462]}},{"type":"Feature","properties":{"kind":"exit","ref":"3"},"geometry":{"type":"Point","coordinates":[129.1540261,35.2327356]}},{"type":"Feature","properties":{"kind":"exit","ref":"4"},"geometry":{"type":"Point","coordinates":[129.1542605,35.2325333]}},{"type":"Feature","properties":{"kind":"exit","ref":"2"},"geometry":{"type":"Point","coordinates":[129.1538872,35.2323176]}},{"type":"Feature","properties":{"kind":"exit","ref":"1"},"geometry":{"type":"Point","coordinates":[129.1537045,35.2325431]}},{"type":"Feature","properties":{"kind":"exit","ref":"1"},"geometry":{"type":"Point","coordinates":[129.1372569,35.2181387]}},{"type":"Feature","properties":{"kind":"exit","ref":"2"},"geometry":{"type":"Point","coordinates":[129.1370604,35.2180189]}},{"type":"Feature","properties":{"kind":"exit","ref":"1"},"geometry":{"type":"Point","coordinates":[129.12355,35.2178809]}},{"type":"Feature","properties":{"kind":"exit","ref":"2"},"geometry":{"type":"Point","coordinates":[129.1244666,35.2177691]}},{"type":"Feature","properties":{"kind":"exit","ref":"1"},"geometry":{"type":"Point","coordinates":[129.1148715,35.2158091]}},{"type":"Feature","properties":{"kind":"exit","ref":"2"},"geometry":{"type":"Point","coordinates":[129.1150835,35.215616]}},{"type":"Feature","properties":{"kind":"exit","ref":"3"},"geometry":{"type":"Point","coordinates":[129.1155761,35.2160582]}},{"type":"Feature","properties":{"kind":"exit","ref":"4"},"geometry":{"type":"Point","coordinates":[129.1156763,35.2158076]}},{"type":"Feature","properties":{"kind":"exit","ref":"1"},"geometry":{"type":"Point","coordinates":[129.1014394,35.2049628]}},{"type":"Feature","properties":{"kind":"exit","ref":"2"},"geometry":{"type":"Point","coordinates":[129.1016733,35.2048778]}},{"type":"Feature","properties":{"kind":"exit","ref":"3"},"geometry":{"type":"Point","coordinates":[129.1017436,35.2054498]}},{"type":"Feature","properties":{"kind":"exit","ref":"4"},"geometry":{"type":"Point","coordinates":[129.1019989,35.2053556]}},{"type":"Feature","properties":{"kind":"exit","ref":"1"},"geometry":{"type":"Point","coordinates":[129.1072562,35.2129431]}},{"type":"Feature","properties":{"kind":"exit","ref":"2"},"geometry":{"type":"Point","coordinates":[129.1074102,35.2128344]}},{"type":"Feature","properties":{"kind":"exit","ref":"3"},"geometry":{"type":"Point","coordinates":[129.1076575,35.2133625]}},{"type":"Feature","properties":{"kind":"exit","ref":"4"},"geometry":{"type":"Point","coordinates":[129.1078168,35.213263]}},{"type":"Feature","properties":{"kind":"exit","ref":"1"},"geometry":{"type":"Point","coordinates":[129.0972833,35.1994038]}},{"type":"Feature","properties":{"kind":"exit","ref":"2"},"geometry":{"type":"Point","coordinates":[129.0974998,35.1993714]}},{"type":"Feature","properties":{"kind":"exit","ref":"3"},"geometry":{"type":"Point","coordinates":[129.0976261,35.2000253]}},{"type":"Feature","properties":{"kind":"exit","ref":"4"},"geometry":{"type":"Point","coordinates":[129.097894,35.1999434]}},{"type":"Feature","properties":{"kind":"exit","ref":"1"},"geometry":{"type":"Point","coordinates":[129.0904429,35.200408]}},{"type":"Feature","properties":{"kind":"exit","ref":"2"},"geometry":{"type":"Point","coordinates":[129.0903221,35.2002403]}},{"type":"Feature","properties":{"kind":"exit","ref":"3"},"geometry":{"type":"Point","coordinates":[129.091033,35.200218]}},{"type":"Feature","properties":{"kind":"exit","ref":"4"},"geometry":{"type":"Point","coordinates":[129.0909587,35.200037]}},{"type":"Feature","properties":{"kind":"exit","ref":"1"},"geometry":{"type":"Point","coordinates":[129.0833025,35.2020959]}},{"type":"Feature","properties":{"kind":"exit","ref":"3"},"geometry":{"type":"Point","coordinates":[129.0835162,35.2022228]}},{"type":"Feature","properties":{"kind":"exit","ref":"2"},"geometry":{"type":"Point","coordinates":[129.0834045,35.2018241]}},{"type":"Feature","properties":{"kind":"exit","ref":"4"},"geometry":{"type":"Point","coordinates":[129.0838501,35.2014117]}},{"type":"Feature","properties":{"kind":"exit","ref":"6"},"geometry":{"type":"Point","coordinates":[129.0841467,35.2012935]}},{"type":"Feature","properties":{"kind":"exit","ref":"7"},"geometry":{"type":"Point","coordinates":[129.0842324,35.2017804]}},{"type":"Feature","properties":{"kind":"exit","ref":"8"},"geometry":{"type":"Point","coordinates":[129.084335,35.2015232]}},{"type":"Feature","properties":{"kind":"exit","ref":"5"},"geometry":{"type":"Point","coordinates":[129.0839153,35.2021213]}},{"type":"Feature","properties":{"kind":"exit","ref":"1"},"geometry":{"type":"Point","coordinates":[128.8649009,35.2665589]}},{"type":"Feature","properties":{"kind":"exit","ref":"2"},"geometry":{"type":"Point","coordinates":[128.8651117,35.2666586]}},{"type":"Feature","properties":{"kind":"exit","ref":"1"},"geometry":{"type":"Point","coordinates":[128.8691032,35.2493983]}},{"type":"Feature","properties":{"kind":"exit","ref":"2"},"geometry":{"type":"Point","coordinates":[128.8696262,35.2493543]}},{"type":"Feature","properties":{"kind":"exit","ref":"1"},"geometry":{"type":"Point","coordinates":[128.8668483,35.259727]}},{"type":"Feature","properties":{"kind":"exit","ref":"2"},"geometry":{"type":"Point","coordinates":[128.8673748,35.2597108]}},{"type":"Feature","properties":{"kind":"exit","ref":"1"},"geometry":{"type":"Point","coordinates":[128.8714035,35.2397367]}},{"type":"Feature","properties":{"kind":"exit","ref":"2"},"geometry":{"type":"Point","coordinates":[128.8719394,35.2398083]}},{"type":"Feature","properties":{"kind":"exit","ref":"1"},"geometry":{"type":"Point","coordinates":[128.8740515,35.2269957]}},{"type":"Feature","properties":{"kind":"exit","ref":"2"},"geometry":{"type":"Point","coordinates":[128.8742945,35.2269276]}},{"type":"Feature","properties":{"kind":"exit","ref":"3"},"geometry":{"type":"Point","coordinates":[128.8748966,35.2270087]}},{"type":"Feature","properties":{"kind":"exit","ref":"1"},"geometry":{"type":"Point","coordinates":[128.8717988,35.2325115]}},{"type":"Feature","properties":{"kind":"exit","ref":"2"},"geometry":{"type":"Point","coordinates":[128.8722062,35.2325819]}},{"type":"Feature","properties":{"kind":"exit","ref":"1"},"geometry":{"type":"Point","coordinates":[128.9020202,35.2278151]}},{"type":"Feature","properties":{"kind":"exit","ref":"1"},"geometry":{"type":"Point","coordinates":[128.9019551,35.2282874]}},{"type":"Feature","properties":{"kind":"exit","ref":"1"},"geometry":{"type":"Point","coordinates":[128.8837806,35.2265969]}},{"type":"Feature","properties":{"kind":"exit","ref":"2"},"geometry":{"type":"Point","coordinates":[128.8838334,35.2262027]}},{"type":"Feature","properties":{"kind":"exit","ref":"1"},"geometry":{"type":"Point","coordinates":[128.8901517,35.2268955]}},{"type":"Feature","properties":{"kind":"exit","ref":"2"},"geometry":{"type":"Point","coordinates":[128.8900956,35.2272029]}},{"type":"Feature","properties":{"kind":"exit","ref":"1"},"geometry":{"type":"Point","coordinates":[128.9502971,35.2140479]}},{"type":"Feature","properties":{"kind":"exit","ref":"1"},"geometry":{"type":"Point","coordinates":[128.9156748,35.2288031]}},{"type":"Feature","properties":{"kind":"exit","ref":"2"},"geometry":{"type":"Point","coordinates":[128.9155972,35.2291009]}},{"type":"Feature","properties":{"kind":"exit","ref":"1"},"geometry":{"type":"Point","coordinates":[128.9276015,35.2220049]}},{"type":"Feature","properties":{"kind":"exit","ref":"2"},"geometry":{"type":"Point","coordinates":[128.9280758,35.2222854]}},{"type":"Feature","properties":{"kind":"exit","ref":"1"},"geometry":{"type":"Point","coordinates":[128.9234632,35.2276092]}},{"type":"Feature","properties":{"kind":"exit","ref":"2"},"geometry":{"type":"Point","coordinates":[128.9237932,35.2277841]}},{"type":"Feature","properties":{"kind":"exit","ref":"1"},"geometry":{"type":"Point","coordinates":[128.9380901,35.2175435]}},{"type":"Feature","properties":{"kind":"exit","ref":"2"},"geometry":{"type":"Point","coordinates":[128.9382452,35.21787]}},{"type":"Feature","properties":{"kind":"exit","ref":"1"},"geometry":{"type":"Point","coordinates":[128.9772213,35.1634323]}},{"type":"Feature","properties":{"kind":"exit","ref":"1"},"geometry":{"type":"Point","coordinates":[128.9541501,35.1818006]}},{"type":"Feature","properties":{"kind":"exit","ref":"2"},"geometry":{"type":"Point","coordinates":[128.9540333,35.1813001]}},{"type":"Feature","properties":{"kind":"exit","ref":"1"},"geometry":{"type":"Point","coordinates":[128.9633147,35.1957169]}},{"type":"Feature","properties":{"kind":"exit","ref":"2"},"geometry":{"type":"Point","coordinates":[128.9636935,35.1957274]}},{"type":"Feature","properties":{"kind":"exit","ref":"1"},"geometry":{"type":"Point","coordinates":[129.0689849,35.1815197]}},{"type":"Feature","properties":{"kind":"exit","ref":"2"},"geometry":{"type":"Point","coordinates":[129.0691511,35.181041]}},{"type":"Feature","properties":{"kind":"exit","ref":"3"},"geometry":{"type":"Point","coordinates":[129.068929,35.1805708]}},{"type":"Feature","properties":{"kind":"exit","ref":"1"},"geometry":{"type":"Point","coordinates":[128.9547863,35.1664395]}},{"type":"Feature","properties":{"kind":"exit","ref":"2"},"geometry":{"type":"Point","coordinates":[128.9549798,35.1665052]}},{"type":"Feature","properties":{"kind":"exit","ref":"2"},"geometry":{"type":"Point","coordinates":[129.0604724,35.1652223]}},{"type":"Feature","properties":{"kind":"exit","ref":"1"},"geometry":{"type":"Point","coordinates":[129.0607863,35.1639548]}},{"type":"Feature","properties":{"kind":"exit","ref":"1"},"geometry":{"type":"Point","coordinates":[129.1202618,35.1883924]}},{"type":"Feature","properties":{"kind":"exit","ref":"2"},"geometry":{"type":"Point","coordinates":[129.1198069,35.1883749]}},{"type":"Feature","properties":{"kind":"exit","ref":"1"},"geometry":{"type":"Point","coordinates":[129.0913028,35.1974376]}},{"type":"Feature","properties":{"kind":"exit","ref":"2"},"geometry":{"type":"Point","coordinates":[129.0911983,35.1969973]}},{"type":"Feature","properties":{"kind":"exit","ref":"3"},"geometry":{"type":"Point","coordinates":[129.0906208,35.1973775]}},{"type":"Feature","properties":{"kind":"exit","ref":"1"},"geometry":{"type":"Point","coordinates":[129.2089075,35.1965283]}},{"type":"Feature","properties":{"kind":"exit","ref":"2"},"geometry":{"type":"Point","coordinates":[129.208626,35.1967458]}},{"type":"Feature","properties":{"kind":"exit","ref":"1"},"geometry":{"type":"Point","coordinates":[129.2331447,35.267093]}},{"type":"Feature","properties":{"kind":"exit","ref":"2"},"geometry":{"type":"Point","coordinates":[129.2327009,35.2671792]}},{"type":"Feature","properties":{"kind":"exit","ref":"1"},"geometry":{"type":"Point","coordinates":[129.1008745,35.1958703]}},{"type":"Feature","properties":{"kind":"exit","ref":"2"},"geometry":{"type":"Point","coordinates":[129.1008822,35.1961533]}},{"type":"Feature","properties":{"kind":"exit","ref":"3"},"geometry":{"type":"Point","coordinates":[129.0999333,35.1961053]}},{"type":"Feature","properties":{"kind":"exit","ref":"1"},"geometry":{"type":"Point","coordinates":[129.113628,35.1940734]}},{"type":"Feature","properties":{"kind":"exit","ref":"2"},"geometry":{"type":"Point","coordinates":[129.1148107,35.1938878]}},{"type":"Feature","properties":{"kind":"exit","ref":"1"},"geometry":{"type":"Point","coordinates":[129.1773679,35.1815721]}},{"type":"Feature","properties":{"kind":"exit","ref":"2"},"geometry":{"type":"Point","coordinates":[129.1767811,35.1814748]}},{"type":"Feature","properties":{"kind":"exit","ref":"3"},"geometry":{"type":"Point","coordinates":[129.1764802,35.1815478]}},{"type":"Feature","properties":{"kind":"exit","ref":"4"},"geometry":{"type":"Point","coordinates":[129.1769519,35.1818633]}},{"type":"Feature","properties":{"kind":"exit","ref":"1"},"geometry":{"type":"Point","coordinates":[129.2025211,35.1874785]}},{"type":"Feature","properties":{"kind":"exit","ref":"2"},"geometry":{"type":"Point","coordinates":[129.2022919,35.1872463]}},{"type":"Feature","properties":{"kind":"exit","ref":"1"},"geometry":{"type":"Point","coordinates":[129.1245236,35.1800892]}},{"type":"Feature","properties":{"kind":"exit","ref":"2"},"geometry":{"type":"Point","coordinates":[129.1238347,35.1797122]}},{"type":"Feature","properties":{"kind":"exit","ref":"3"},"geometry":{"type":"Point","coordinates":[129.1240282,35.1800682]}},{"type":"Feature","properties":{"kind":"exit","ref":"1"},"geometry":{"type":"Point","coordinates":[129.2185967,35.2434885]}},{"type":"Feature","properties":{"kind":"exit","ref":"2"},"geometry":{"type":"Point","coordinates":[129.2190328,35.2434722]}},{"type":"Feature","properties":{"kind":"exit","ref":"1"},"geometry":{"type":"Point","coordinates":[126.9642544,37.2433594]}},{"type":"Feature","properties":{"kind":"exit","ref":"2"},"geometry":{"type":"Point","coordinates":[126.9634648,37.2428614]}},{"type":"Feature","properties":{"kind":"exit","ref":"3"},"geometry":{"type":"Point","coordinates":[126.9629605,37.2429326]}},{"type":"Feature","properties":{"kind":"exit","ref":"1"},"geometry":{"type":"Point","coordinates":[126.9087582,37.2499501]}},{"type":"Feature","properties":{"kind":"exit","ref":"1"},"geometry":{"type":"Point","coordinates":[126.8838719,37.2616488]}},{"type":"Feature","properties":{"kind":"exit","ref":"1"},"geometry":{"type":"Point","coordinates":[126.8575325,37.2907902]}},{"type":"Feature","properties":{"kind":"exit","ref":"2"},"geometry":{"type":"Point","coordinates":[126.8568721,37.2909374]}},{"type":"Feature","properties":{"kind":"exit","ref":"1"},"geometry":{"type":"Point","coordinates":[127.2035509,37.7207998]}},{"type":"Feature","properties":{"kind":"exit","ref":"2"},"geometry":{"type":"Point","coordinates":[127.2034947,37.7203376]}},{"type":"Feature","properties":{"kind":"exit","ref":"3"},"geometry":{"type":"Point","coordinates":[127.2034972,37.7191337]}},{"type":"Feature","properties":{"kind":"exit","ref":"4"},"geometry":{"type":"Point","coordinates":[127.2031872,37.7191091]}},{"type":"Feature","properties":{"kind":"exit","ref":"5"},"geometry":{"type":"Point","coordinates":[127.202817,37.7202472]}},{"type":"Feature","properties":{"kind":"exit","ref":"6"},"geometry":{"type":"Point","coordinates":[127.2027494,37.7205018]}},{"type":"Feature","properties":{"kind":"exit","ref":"1"},"geometry":{"type":"Point","coordinates":[127.1743486,37.5574416]}},{"type":"Feature","properties":{"kind":"exit","ref":"4"},"geometry":{"type":"Point","coordinates":[127.1744769,37.5569835]}},{"type":"Feature","properties":{"kind":"exit","ref":"2"},"geometry":{"type":"Point","coordinates":[127.1765397,37.557822]}},{"type":"Feature","properties":{"kind":"exit","ref":"3"},"geometry":{"type":"Point","coordinates":[127.1767135,37.5574504]}},{"type":"Feature","properties":{"kind":"exit","ref":"1"},"geometry":{"type":"Point","coordinates":[127.2066008,37.5421485]}},{"type":"Feature","properties":{"kind":"exit","ref":"2"},"geometry":{"type":"Point","coordinates":[127.2068321,37.5422282]}},{"type":"Feature","properties":{"kind":"exit","ref":"6"},"geometry":{"type":"Point","coordinates":[127.2061287,37.5418802]}},{"type":"Feature","properties":{"kind":"exit","ref":"5"},"geometry":{"type":"Point","coordinates":[127.2066365,37.5413102]}},{"type":"Feature","properties":{"kind":"exit","ref":"4"},"geometry":{"type":"Point","coordinates":[127.2072038,37.5414242]}},{"type":"Feature","properties":{"kind":"exit","ref":"3"},"geometry":{"type":"Point","coordinates":[127.2074165,37.5416325]}},{"type":"Feature","properties":{"kind":"exit","ref":"3"},"geometry":{"type":"Point","coordinates":[127.2253214,37.5392327]}},{"type":"Feature","properties":{"kind":"exit","ref":"6"},"geometry":{"type":"Point","coordinates":[126.7034519,37.5090532]}},{"type":"Feature","properties":{"kind":"exit","ref":"5"},"geometry":{"type":"Point","coordinates":[126.7030435,37.5087689]}},{"type":"Feature","properties":{"kind":"exit","ref":"4"},"geometry":{"type":"Point","coordinates":[126.7030463,37.5085102]}},{"type":"Feature","properties":{"kind":"exit","ref":"3"},"geometry":{"type":"Point","coordinates":[126.7033381,37.5080659]}},{"type":"Feature","properties":{"kind":"exit","ref":"2"},"geometry":{"type":"Point","coordinates":[126.703645,37.5081561]}},{"type":"Feature","properties":{"kind":"exit","ref":"7"},"geometry":{"type":"Point","coordinates":[126.7037415,37.5091587]}},{"type":"Feature","properties":{"kind":"exit","ref":"1"},"geometry":{"type":"Point","coordinates":[126.7039626,37.5084693]}},{"type":"Feature","properties":{"kind":"exit","ref":"2"},"geometry":{"type":"Point","coordinates":[126.6766977,37.5063724]}},{"type":"Feature","properties":{"kind":"exit","ref":"7"},"geometry":{"type":"Point","coordinates":[126.6754527,37.5064039]}},{"type":"Feature","properties":{"kind":"exit","ref":"4"},"geometry":{"type":"Point","coordinates":[126.6754707,37.5061635]}},{"type":"Feature","properties":{"kind":"exit","ref":"3"},"geometry":{"type":"Point","coordinates":[126.6764487,37.5058028]}},{"type":"Feature","properties":{"kind":"exit","ref":"2"},"geometry":{"type":"Point","coordinates":[126.6731611,37.5064927]}},{"type":"Feature","properties":{"kind":"exit","ref":"2"},"geometry":{"type":"Point","coordinates":[126.6731235,37.5062316]}},{"type":"Feature","properties":{"kind":"exit","ref":"1"},"geometry":{"type":"Point","coordinates":[127.1917592,37.7053361]}},{"type":"Feature","properties":{"kind":"exit","ref":"2"},"geometry":{"type":"Point","coordinates":[127.1911334,37.705073]}},{"type":"Feature","properties":{"kind":"exit","ref":"3"},"geometry":{"type":"Point","coordinates":[127.1920217,37.7050106]}},{"type":"Feature","properties":{"kind":"exit","ref":"2"},"geometry":{"type":"Point","coordinates":[127.1160818,37.6682248]}},{"type":"Feature","properties":{"kind":"exit","ref":"3"},"geometry":{"type":"Point","coordinates":[127.1164842,37.6676178]}},{"type":"Feature","properties":{"kind":"exit","ref":"4"},"geometry":{"type":"Point","coordinates":[127.1162947,37.6675449]}},{"type":"Feature","properties":{"kind":"exit","ref":"1"},"geometry":{"type":"Point","coordinates":[127.1158076,37.6677835]}},{"type":"Feature","properties":{"kind":"exit","ref":"2"},"geometry":{"type":"Point","coordinates":[127.0850547,36.7884378]}},{"type":"Feature","properties":{"kind":"exit","ref":"1"},"geometry":{"type":"Point","coordinates":[127.0846219,36.7880529]}},{"type":"Feature","properties":{"kind":"exit","ref":"5"},"geometry":{"type":"Point","coordinates":[127.1396406,37.462972]}},{"type":"Feature","properties":{"kind":"exit","ref":"1"},"geometry":{"type":"Point","coordinates":[127.1390928,37.4633439]}},{"type":"Feature","properties":{"kind":"exit","ref":"1"},"geometry":{"type":"Point","coordinates":[129.2448215,35.3119703]}},{"type":"Feature","properties":{"kind":"exit","ref":"1"},"geometry":{"type":"Point","coordinates":[129.2767557,35.3278465]}},{"type":"Feature","properties":{"kind":"exit","ref":"2"},"geometry":{"type":"Point","coordinates":[129.276392,35.3281876]}},{"type":"Feature","properties":{"kind":"exit","ref":"1"},"geometry":{"type":"Point","coordinates":[129.2827143,35.4182733]}},{"type":"Feature","properties":{"kind":"exit","ref":"1"},"geometry":{"type":"Point","coordinates":[129.2883882,35.456176]}},{"type":"Feature","properties":{"kind":"exit","ref":"2"},"geometry":{"type":"Point","coordinates":[127.5359753,37.1973112]}},{"type":"Feature","properties":{"kind":"exit","ref":"1"},"geometry":{"type":"Point","coordinates":[127.5360294,37.1975972]}},{"type":"Feature","properties":{"kind":"exit","ref":"1"},"geometry":{"type":"Point","coordinates":[127.635792,37.1266304]}},{"type":"Feature","properties":{"kind":"exit","ref":"2"},"geometry":{"type":"Point","coordinates":[127.63522,37.1268088]}},{"type":"Feature","properties":{"kind":"exit","ref":"1"},"geometry":{"type":"Point","coordinates":[127.0533678,37.0569232]}},{"type":"Feature","properties":{"kind":"exit","ref":"8"},"geometry":{"type":"Point","coordinates":[127.0244486,37.5040442]}},{"type":"Feature","properties":{"kind":"exit","ref":"6"},"geometry":{"type":"Point","coordinates":[127.0254056,37.5030953]}},{"type":"Feature","properties":{"kind":"exit","ref":"4"},"geometry":{"type":"Point","coordinates":[127.0218024,37.50962]}},{"type":"Feature","properties":{"kind":"exit","ref":"3"},"geometry":{"type":"Point","coordinates":[127.0221741,37.5098471]}},{"type":"Feature","properties":{"kind":"exit","ref":"1"},"geometry":{"type":"Point","coordinates":[126.9456019,37.4686187]}},{"type":"Feature","properties":{"kind":"exit","ref":"6"},"geometry":{"type":"Point","coordinates":[126.9254574,37.5127046]}},{"type":"Feature","properties":{"kind":"exit","ref":"2"},"geometry":{"type":"Point","coordinates":[126.934127,37.4719507]}},{"type":"Feature","properties":{"kind":"exit","ref":"1"},"geometry":{"type":"Point","coordinates":[126.9338877,37.4722]}},{"type":"Feature","properties":{"kind":"exit","ref":"2"},"geometry":{"type":"Point","coordinates":[126.9332832,37.4782861]}},{"type":"Feature","properties":{"kind":"exit","ref":"1"},"geometry":{"type":"Point","coordinates":[126.933003,37.4783618]}},{"type":"Feature","properties":{"kind":"exit","ref":"2"},"geometry":{"type":"Point","coordinates":[126.9275257,37.4898901]}},{"type":"Feature","properties":{"kind":"exit","ref":"1"},"geometry":{"type":"Point","coordinates":[126.9278121,37.4899811]}},{"type":"Feature","properties":{"kind":"exit","ref":"2"},"geometry":{"type":"Point","coordinates":[126.9246197,37.4926905]}},{"type":"Feature","properties":{"kind":"exit","ref":"1"},"geometry":{"type":"Point","coordinates":[126.9237805,37.4931658]}},{"type":"Feature","properties":{"kind":"exit","ref":"2"},"geometry":{"type":"Point","coordinates":[126.9180256,37.4953567]}},{"type":"Feature","properties":{"kind":"exit","ref":"1"},"geometry":{"type":"Point","coordinates":[126.9182807,37.4953911]}},{"type":"Feature","properties":{"kind":"exit","ref":"2"},"geometry":{"type":"Point","coordinates":[126.9225018,37.5056706]}},{"type":"Feature","properties":{"kind":"exit","ref":"1"},"geometry":{"type":"Point","coordinates":[126.9228538,37.5059836]}},{"type":"Feature","properties":{"kind":"exit","ref":"8"},"geometry":{"type":"Point","coordinates":[127.0460102,37.7378454]}},{"type":"Feature","properties":{"kind":"exit","ref":"2"},"geometry":{"type":"Point","coordinates":[127.0328687,37.2065201]}},{"type":"Feature","properties":{"kind":"exit","ref":"3"},"geometry":{"type":"Point","coordinates":[128.5376665,35.8188041]}},{"type":"Feature","properties":{"kind":"exit","ref":"11"},"geometry":{"type":"Point","coordinates":[126.9993912,37.5706959]}},{"type":"Feature","properties":{"kind":"exit","ref":"13"},"geometry":{"type":"Point","coordinates":[127.0001068,37.571045]}},{"type":"Feature","properties":{"kind":"exit","ref":"1"},"geometry":{"type":"Point","coordinates":[126.7698261,37.8801445]}},{"type":"Feature","properties":{"kind":"exit","ref":"6"},"geometry":{"type":"Point","coordinates":[130.3709706,33.5902256]}},{"type":"Feature","properties":{"kind":"exit","ref":"4"},"geometry":{"type":"Point","coordinates":[130.3709271,33.5904097]}},{"type":"Feature","properties":{"kind":"exit","ref":"6"},"geometry":{"type":"Point","coordinates":[126.7978707,37.5062757]}},{"type":"Feature","properties":{"kind":"exit","ref":"5"},"geometry":{"type":"Point","coordinates":[126.7973812,37.5063856]}},{"type":"Feature","properties":{"kind":"exit","ref":"1"},"geometry":{"type":"Point","coordinates":[126.805114,37.524409]}},{"type":"Feature","properties":{"kind":"exit","ref":"4"},"geometry":{"type":"Point","coordinates":[126.8047223,37.5243424]}},{"type":"Feature","properties":{"kind":"exit","ref":"3"},"geometry":{"type":"Point","coordinates":[126.804728,37.5230518]}},{"type":"Feature","properties":{"kind":"exit","ref":"2"},"geometry":{"type":"Point","coordinates":[126.8049909,37.5232374]}},{"type":"Feature","properties":{"kind":"exit","ref":"3"},"geometry":{"type":"Point","coordinates":[127.0525067,37.0572166]}},{"type":"Feature","properties":{"kind":"exit","ref":"3"},"geometry":{"type":"Point","coordinates":[127.094347,37.3224704]}},{"type":"Feature","properties":{"kind":"exit","ref":"4"},"geometry":{"type":"Point","coordinates":[127.0710264,37.5400273]}},{"type":"Feature","properties":{"kind":"exit","ref":"2"},"geometry":{"type":"Point","coordinates":[127.0433944,37.7378809]}},{"type":"Feature","properties":{"kind":"exit","ref":"7"},"geometry":{"type":"Point","coordinates":[127.1011492,37.4870797]}},{"type":"Feature","properties":{"kind":"exit","ref":"5-2"},"geometry":{"type":"Point","coordinates":[127.1032335,37.4854685]}},{"type":"Feature","properties":{"kind":"exit","ref":"5-1"},"geometry":{"type":"Point","coordinates":[127.1035811,37.4857081]}},{"type":"Feature","properties":{"kind":"exit","ref":"1"},"geometry":{"type":"Point","coordinates":[127.0959486,37.2004195]}},{"type":"Feature","properties":{"kind":"exit","ref":"2"},"geometry":{"type":"Point","coordinates":[127.0959578,37.1996636]}},{"type":"Feature","properties":{"kind":"exit","ref":"1"},"geometry":{"type":"Point","coordinates":[127.1202399,37.3937392]}},{"type":"Feature","properties":{"kind":"exit","ref":"5"},"geometry":{"type":"Point","coordinates":[127.1213681,37.3946182]}},{"type":"Feature","properties":{"kind":"exit","ref":"4"},"geometry":{"type":"Point","coordinates":[127.1200142,37.3948976]}},{"type":"Feature","properties":{"kind":"exit","ref":"3"},"geometry":{"type":"Point","coordinates":[127.1194174,37.3948315]}},{"type":"Feature","properties":{"kind":"exit","ref":"2"},"geometry":{"type":"Point","coordinates":[127.1186903,37.3948055]}},{"type":"Feature","properties":{"kind":"exit","ref":"1"},"geometry":{"type":"Point","coordinates":[129.3531151,35.5387905]}},{"type":"Feature","properties":{"kind":"exit","ref":"4"},"geometry":{"type":"Point","coordinates":[127.105527,37.2992777]}},{"type":"Feature","properties":{"kind":"exit","ref":"3"},"geometry":{"type":"Point","coordinates":[127.1264101,37.2698836]}},{"type":"Feature","properties":{"kind":"exit","ref":"3"},"geometry":{"type":"Point","coordinates":[127.1372042,37.5571365]}},{"type":"Feature","properties":{"kind":"exit","ref":"2"},"geometry":{"type":"Point","coordinates":[127.1372757,37.5569509]}},{"type":"Feature","properties":{"kind":"exit","ref":"1"},"geometry":{"type":"Point","coordinates":[127.138336,37.5572371]}},{"type":"Feature","properties":{"kind":"exit","ref":"6"},"geometry":{"type":"Point","coordinates":[127.1385688,37.5875201]}},{"type":"Feature","properties":{"kind":"exit","ref":"4"},"geometry":{"type":"Point","coordinates":[127.1380239,37.5880574]}},{"type":"Feature","properties":{"kind":"exit","ref":"3"},"geometry":{"type":"Point","coordinates":[127.1378064,37.5880547]}},{"type":"Feature","properties":{"kind":"exit","ref":"2"},"geometry":{"type":"Point","coordinates":[127.1374787,37.5877445]}},{"type":"Feature","properties":{"kind":"exit","ref":"1"},"geometry":{"type":"Point","coordinates":[127.1375088,37.5874894]}},{"type":"Feature","properties":{"kind":"exit","ref":"5"},"geometry":{"type":"Point","coordinates":[127.1386031,37.5877581]}},{"type":"Feature","properties":{"kind":"exit","ref":"4"},"geometry":{"type":"Point","coordinates":[127.1418344,37.6024392]}},{"type":"Feature","properties":{"kind":"exit","ref":"5"},"geometry":{"type":"Point","coordinates":[127.1417162,37.6023626]}},{"type":"Feature","properties":{"kind":"exit","ref":"6"},"geometry":{"type":"Point","coordinates":[127.1412807,37.602258]}},{"type":"Feature","properties":{"kind":"exit","ref":"7"},"geometry":{"type":"Point","coordinates":[127.1411151,37.602296]}},{"type":"Feature","properties":{"kind":"exit","ref":"5"},"geometry":{"type":"Point","coordinates":[127.1387568,37.6106216]}},{"type":"Feature","properties":{"kind":"exit","ref":"1"},"geometry":{"type":"Point","coordinates":[127.1380174,37.6101452]}},{"type":"Feature","properties":{"kind":"exit","ref":"3"},"geometry":{"type":"Point","coordinates":[127.1374948,37.6113519]}},{"type":"Feature","properties":{"kind":"exit","ref":"2"},"geometry":{"type":"Point","coordinates":[127.137273,37.6106685]}},{"type":"Feature","properties":{"kind":"exit","ref":"4"},"geometry":{"type":"Point","coordinates":[127.1381899,37.6113675]}},{"type":"Feature","properties":{"kind":"exit","ref":"1"},"geometry":{"type":"Point","coordinates":[127.1501184,37.6237364]}},{"type":"Feature","properties":{"kind":"exit","ref":"2"},"geometry":{"type":"Point","coordinates":[127.1492558,37.623575]}},{"type":"Feature","properties":{"kind":"exit","ref":"3"},"geometry":{"type":"Point","coordinates":[127.1496754,37.6246224]}},{"type":"Feature","properties":{"kind":"exit","ref":"4"},"geometry":{"type":"Point","coordinates":[127.1497888,37.6251151]}},{"type":"Feature","properties":{"kind":"exit","ref":"6"},"geometry":{"type":"Point","coordinates":[127.1503285,37.6256085]}},{"type":"Feature","properties":{"kind":"exit","ref":"5"},"geometry":{"type":"Point","coordinates":[127.1500189,37.626071]}},{"type":"Feature","properties":{"kind":"exit","ref":"4"},"geometry":{"type":"Point","coordinates":[127.1265154,37.6430818]}},{"type":"Feature","properties":{"kind":"exit","ref":"3"},"geometry":{"type":"Point","coordinates":[127.1271286,37.6423595]}},{"type":"Feature","properties":{"kind":"exit","ref":"5"},"geometry":{"type":"Point","coordinates":[127.1276479,37.6426139]}},{"type":"Feature","properties":{"kind":"exit","ref":"6"},"geometry":{"type":"Point","coordinates":[127.1281747,37.6417165]}},{"type":"Feature","properties":{"kind":"exit","ref":"7"},"geometry":{"type":"Point","coordinates":[127.1277031,37.6416006]}},{"type":"Feature","properties":{"kind":"exit","ref":"5-2"},"geometry":{"type":"Point","coordinates":[127.0473292,37.7395782]}},{"type":"Feature","properties":{"kind":"exit","ref":"E12c"},"geometry":{"type":"Point","coordinates":[130.4016311,33.5877718]}},{"type":"Feature","properties":{"kind":"exit","ref":"7"},"geometry":{"type":"Point","coordinates":[130.4315798,33.590666]}},{"type":"Feature","properties":{"kind":"exit","ref":"6"},"geometry":{"type":"Point","coordinates":[130.4317317,33.5902722]}},{"type":"Feature","properties":{"kind":"exit","ref":"2"},"geometry":{"type":"Point","coordinates":[130.4307506,33.5886968]}},{"type":"Feature","properties":{"kind":"exit","ref":"1"},"geometry":{"type":"Point","coordinates":[130.4305401,33.5889282]}},{"type":"Feature","properties":{"kind":"exit","ref":"3"},"geometry":{"type":"Point","coordinates":[130.4310081,33.5888761]}},{"type":"Feature","properties":{"kind":"exit","ref":"5"},"geometry":{"type":"Point","coordinates":[130.431183,33.589354]}},{"type":"Feature","properties":{"kind":"exit","ref":"4"},"geometry":{"type":"Point","coordinates":[130.4308178,33.5892924]}},{"type":"Feature","properties":{"kind":"exit","ref":"2"},"geometry":{"type":"Point","coordinates":[128.3563161,36.0988453]}},{"type":"Feature","properties":{"kind":"exit","ref":"5"},"geometry":{"type":"Point","coordinates":[130.4125811,33.5908043]}},{"type":"Feature","properties":{"kind":"exit","ref":"6"},"geometry":{"type":"Point","coordinates":[130.4126031,33.5908938]}},{"type":"Feature","properties":{"kind":"exit","ref":"1"},"geometry":{"type":"Point","coordinates":[127.0715588,38.0242534]}},{"type":"Feature","properties":{"kind":"exit","ref":"2"},"geometry":{"type":"Point","coordinates":[127.0718896,38.0248783]}},{"type":"Feature","properties":{"kind":"exit","ref":"3"},"geometry":{"type":"Point","coordinates":[127.0721773,38.0243707]}},{"type":"Feature","properties":{"kind":"exit","ref":"6"},"geometry":{"type":"Point","coordinates":[126.8108576,37.6320797]}},{"type":"Feature","properties":{"kind":"exit","ref":"7"},"geometry":{"type":"Point","coordinates":[126.8105704,37.632123]}},{"type":"Feature","properties":{"kind":"exit","ref":"8"},"geometry":{"type":"Point","coordinates":[126.8104097,37.6323879]}},{"type":"Feature","properties":{"kind":"exit","ref":"16"},"geometry":{"type":"Point","coordinates":[130.401791,33.5918305]}},{"type":"Feature","properties":{"kind":"exit","ref":"1"},"geometry":{"type":"Point","coordinates":[126.7134425,37.5927403]}},{"type":"Feature","properties":{"kind":"exit","ref":"2"},"geometry":{"type":"Point","coordinates":[126.7139627,37.5925496]}},{"type":"Feature","properties":{"kind":"exit","ref":"3"},"geometry":{"type":"Point","coordinates":[126.7140866,37.5921794]}},{"type":"Feature","properties":{"kind":"exit","ref":"4"},"geometry":{"type":"Point","coordinates":[126.7136009,37.5917699]}},{"type":"Feature","properties":{"kind":"exit","ref":"5"},"geometry":{"type":"Point","coordinates":[126.713218,37.5916996]}},{"type":"Feature","properties":{"kind":"exit","ref":"6"},"geometry":{"type":"Point","coordinates":[126.7127043,37.5919734]}},{"type":"Feature","properties":{"kind":"exit","ref":"7"},"geometry":{"type":"Point","coordinates":[126.7126622,37.592325]}},{"type":"Feature","properties":{"kind":"exit","ref":"8"},"geometry":{"type":"Point","coordinates":[126.7130405,37.5927357]}},{"type":"Feature","properties":{"kind":"exit","ref":"1"},"geometry":{"type":"Point","coordinates":[126.6978959,37.6028357]}},{"type":"Feature","properties":{"kind":"exit","ref":"2"},"geometry":{"type":"Point","coordinates":[126.698588,37.6032231]}},{"type":"Feature","properties":{"kind":"exit","ref":"3"},"geometry":{"type":"Point","coordinates":[126.698652,37.6022695]}},{"type":"Feature","properties":{"kind":"exit","ref":"4"},"geometry":{"type":"Point","coordinates":[126.6979674,37.6025109]}},{"type":"Feature","properties":{"kind":"exit","ref":"1"},"geometry":{"type":"Point","coordinates":[126.6879075,37.6025081]}},{"type":"Feature","properties":{"kind":"exit","ref":"2"},"geometry":{"type":"Point","coordinates":[126.6889757,37.6026452]}},{"type":"Feature","properties":{"kind":"exit","ref":"3"},"geometry":{"type":"Point","coordinates":[126.6891675,37.6023472]}},{"type":"Feature","properties":{"kind":"exit","ref":"4"},"geometry":{"type":"Point","coordinates":[126.6879526,37.6021923]}},{"type":"Feature","properties":{"kind":"exit","ref":"3"},"geometry":{"type":"Point","coordinates":[126.8832721,37.4805064]}},{"type":"Feature","properties":{"kind":"exit","ref":"8"},"geometry":{"type":"Point","coordinates":[126.8811358,37.4798256]}},{"type":"Feature","properties":{"kind":"exit","ref":"7"},"geometry":{"type":"Point","coordinates":[130.4125227,33.5905872]}},{"type":"Feature","properties":{"kind":"exit","ref":"5"},"geometry":{"type":"Point","coordinates":[126.6402481,37.385545]}},{"type":"Feature","properties":{"kind":"exit","ref":"2"},"geometry":{"type":"Point","coordinates":[126.7282646,37.7157963]}},{"type":"Feature","properties":{"kind":"exit","ref":"1"},"geometry":{"type":"Point","coordinates":[126.7282829,37.716478]}},{"type":"Feature","properties":{"kind":"exit","ref":"2"},"geometry":{"type":"Point","coordinates":[128.7271894,35.8194076]}},{"type":"Feature","properties":{"kind":"exit","ref":"1"},"geometry":{"type":"Point","coordinates":[128.7280508,35.8193968]}},{"type":"Feature","properties":{"kind":"exit","ref":"5"},"geometry":{"type":"Point","coordinates":[127.1032342,37.2994608]}},{"type":"Feature","properties":{"kind":"exit","ref":"1"},"geometry":{"type":"Point","coordinates":[128.3998653,35.992238]}},{"type":"Feature","properties":{"kind":"exit","ref":"1"},"geometry":{"type":"Point","coordinates":[128.3570008,36.0985134]}},{"type":"Feature","properties":{"kind":"exit","ref":"2"},"geometry":{"type":"Point","coordinates":[128.3306198,36.1280728]}},{"type":"Feature","properties":{"kind":"exit","ref":"1"},"geometry":{"type":"Point","coordinates":[128.3309974,36.12886]}},{"type":"Feature","properties":{"kind":"exit","ref":"1"},"geometry":{"type":"Point","coordinates":[128.539543,35.8809438]}},{"type":"Feature","properties":{"kind":"exit","ref":"2"},"geometry":{"type":"Point","coordinates":[128.5396318,35.8820132]}},{"type":"Feature","properties":{"kind":"exit","ref":"1"},"geometry":{"type":"Point","coordinates":[128.5959692,35.8753376]}},{"type":"Feature","properties":{"kind":"exit","ref":"2"},"geometry":{"type":"Point","coordinates":[128.5959938,35.8764052]}},{"type":"Feature","properties":{"kind":"exit","ref":"1"},"geometry":{"type":"Point","coordinates":[129.2933799,35.3461242]}},{"type":"Feature","properties":{"kind":"exit","ref":"1"},"geometry":{"type":"Point","coordinates":[129.3037659,35.4935254]}},{"type":"Feature","properties":{"kind":"exit","ref":"1"},"geometry":{"type":"Point","coordinates":[129.3212249,35.5076747]}},{"type":"Feature","properties":{"kind":"exit","ref":"2"},"geometry":{"type":"Point","coordinates":[129.3211744,35.5080536]}},{"type":"Feature","properties":{"kind":"exit","ref":"1"},"geometry":{"type":"Point","coordinates":[127.0741467,37.9951462]}},{"type":"Feature","properties":{"kind":"exit","ref":"2"},"geometry":{"type":"Point","coordinates":[127.0743694,37.9949632]}},{"type":"Feature","properties":{"kind":"exit","ref":"3"},"geometry":{"type":"Point","coordinates":[130.3405071,33.5808354]}},{"type":"Feature","properties":{"kind":"exit","ref":"4"},"geometry":{"type":"Point","coordinates":[130.3404804,33.5806129]}},{"type":"Feature","properties":{"kind":"exit","ref":"5"},"geometry":{"type":"Point","coordinates":[130.339921,33.5809023]}},{"type":"Feature","properties":{"kind":"exit","ref":"4"},"geometry":{"type":"Point","coordinates":[126.9795705,37.2506741]}},{"type":"Feature","properties":{"kind":"exit","ref":"3"},"geometry":{"type":"Point","coordinates":[127.095052,37.2002484]}},{"type":"Feature","properties":{"kind":"exit","ref":"4"},"geometry":{"type":"Point","coordinates":[127.0950561,37.199683]}}]}