{"type":"FeatureCollection","features":[{"type":"Feature","properties":{"color":"#ED6C00","ref":"3"},"geometry":{"type":"LineString","coordinates":[[126.747458,37.676149],[126.748349,37.675755],[126.748598,37.675645],[126.748673,37.675613],[126.749348,37.675322],[126.756054,37.672399],[126.758185,37.67147],[126.758493,37.671333],[126.759161,37.671036],[126.759738,37.670787],[126.759787,37.670766],[126.760397,37.6705],[126.761234,37.670111],[126.761956,37.669817],[126.762791,37.669444],[126.763201,37.669261],[126.763211,37.669256],[126.763575,37.669072],[126.763678,37.66902],[126.76411,37.668766],[126.764737,37.668382],[126.76548,37.667899],[126.765783,37.667677],[126.765844,37.667631],[126.766214,37.667333],[126.767464,37.666169],[126.767993,37.665613],[126.768862,37.664747],[126.770668,37.662938],[126.771001,37.662589],[126.771384,37.662188],[126.77177,37.661779],[126.771976,37.661547],[126.772322,37.661151],[126.772771,37.660468],[126.772922,37.660238],[126.773218,37.659711],[126.773799,37.658719],[126.775936,37.655065],[126.777718,37.652001],[126.777945,37.651636],[126.778095,37.651391],[126.778246,37.651142],[126.778502,37.65072],[126.778765,37.650334],[126.778999,37.650047],[126.779136,37.649878],[126.779579,37.649427],[126.779837,37.649213],[126.780091,37.649002],[126.782011,37.647554],[126.783404,37.646503],[126.785421,37.644958],[126.786351,37.644246],[126.787037,37.643721],[126.787408,37.643461],[126.787953,37.643057]]}},{"type":"Feature","properties":{"color":"#ED6C00","ref":"3"},"geometry":{"type":"LineString","coordinates":[[126.787953,37.643057],[126.788911,37.642334],[126.78913,37.642163],[126.789274,37.642065],[126.792469,37.639693],[126.794012,37.638546],[126.794552,37.638137],[126.797875,37.635612],[126.798377,37.635238],[126.799009,37.63476],[126.799449,37.634509],[126.799918,37.634278],[126.800953,37.633794]]}},{"type":"Feature","properties":{"color":"#ED6C00","ref":"3"},"geometry":{"type":"LineString","coordinates":[[126.800953,37.633794],[126.802083,37.633343],[126.802829,37.633088],[126.803558,37.632852],[126.80447,37.632627],[126.805387,37.632433],[126.806361,37.632283],[126.808884,37.63195]]}},{"type":"Feature","properties":{"color":"#ED6C00","ref":"3"},"geometry":{"type":"LineString","coordinates":[[126.808884,37.63195],[126.809678,37.631836],[126.813079,37.631389]]}},{"type":"Feature","properties":{"color":"#ED6C00","ref":"3"},"geometry":{"type":"LineString","coordinates":[[126.813079,37.631389],[126.814899,37.631138],[126.815378,37.631089],[126.815781,37.631083],[126.816199,37.631092],[126.81706,37.631183],[126.817838,37.63136],[126.818462,37.631578],[126.819039,37.631841],[126.819533,37.632149],[126.820397,37.632814],[126.820843,37.633209]]}},{"type":"Feature","properties":{"color":"#ED6C00","ref":"3"},"geometry":{"type":"LineString","coordinates":[[126.820843,37.633209],[126.820972,37.633323]]}},{"type":"Feature","properties":{"color":"#ED6C00","ref":"3"},"geometry":{"type":"LineString","coordinates":[[126.820972,37.633323],[126.82118,37.633506],[126.821588,37.633879],[126.822033,37.634239],[126.822516,37.634549],[126.822908,37.634759],[126.823272,37.634908],[126.824232,37.635223]]}},{"type":"Feature","properties":{"color":"#ED6C00","ref":"3"},"geometry":{"type":"LineString","coordinates":[[126.824232,37.635223],[126.824693,37.635346],[126.82516,37.635427],[126.825552,37.635447],[126.825643,37.635452],[126.832623,37.634596],[126.835328,37.634268],[126.836039,37.634292],[126.83671,37.634424],[126.837348,37.634798],[126.837809,37.635248],[126.838295,37.636036],[126.838353,37.636176],[126.838385,37.636253],[126.83868,37.636965],[126.839856,37.639803],[126.840398,37.641983],[126.840449,37.64261]]}},{"type":"Feature","properties":{"color":"#ED6C00","ref":"3"},"geometry":{"type":"LineString","coordinates":[[126.840449,37.64261],[126.840497,37.643047],[126.840618,37.645445]]}},{"type":"Feature","properties":{"color":"#ED6C00","ref":"3"},"geometry":{"type":"LineString","coordinates":[[126.840618,37.645445],[126.840652,37.645915],[126.840671,37.64618]]}},{"type":"Feature","properties":{"color":"#ED6C00","ref":"3"},"geometry":{"type":"LineString","coordinates":[[126.840671,37.64618],[126.840841,37.648989],[126.840924,37.649544],[126.841103,37.650085],[126.841449,37.65075],[126.842163,37.651869]]}},{"type":"Feature","properties":{"color":"#ED6C00","ref":"3"},"geometry":{"type":"LineString","coordinates":[[126.842163,37.651869],[126.843397,37.653826],[126.843917,37.654642],[126.844339,37.655249],[126.84454,37.655471],[126.84477,37.655669],[126.844985,37.65583],[126.845191,37.655962]]}},{"type":"Feature","properties":{"color":"#ED6C00","ref":"3"},"geometry":{"type":"LineString","coordinates":[[126.845191,37.655962],[126.845457,37.656097],[126.845684,37.656176],[126.84628,37.65634],[126.846789,37.656418],[126.84754,37.656408],[126.84816,37.656306],[126.849042,37.65611],[126.849211,37.656072]]}},{"type":"Feature","properties":{"color":"#ED6C00","ref":"3"},"geometry":{"type":"LineString","coordinates":[[126.849211,37.656072],[126.850679,37.655811],[126.857952,37.654099],[126.861825,37.65337],[126.86535,37.652447],[126.871562,37.650999],[126.872859,37.650697],[126.873738,37.650495],[126.877359,37.64961],[126.877768,37.649555],[126.878055,37.649548],[126.878362,37.649567],[126.878687,37.649605],[126.878958,37.649675],[126.881511,37.650322],[126.883587,37.650915],[126.886979,37.651851],[126.888339,37.652178],[126.894049,37.65343],[126.894244,37.653437],[126.8946,37.653343],[126.895379,37.653136],[126.895469,37.653103],[126.896654,37.652725],[126.89709,37.652571],[126.898173,37.652188],[126.900734,37.651294]]}},{"type":"Feature","properties":{"color":"#ED6C00","ref":"3"},"geometry":{"type":"LineString","coordinates":[[126.900734,37.651294],[126.901475,37.651024],[126.903322,37.65048],[126.903697,37.650366]]}},{"type":"Feature","properties":{"color":"#ED6C00","ref":"3"},"geometry":{"type":"LineString","coordinates":[[126.903697,37.650366],[126.904779,37.650061],[126.906461,37.649588],[126.90862,37.648979],[126.909707,37.648699],[126.910733,37.648512],[126.913422,37.648134]]}},{"type":"Feature","properties":{"color":"#ED6C00","ref":"3"},"geometry":{"type":"LineString","coordinates":[[126.913422,37.648134],[126.914906,37.647934],[126.915621,37.647841]]}},{"type":"Feature","properties":{"color":"#ED6C00","ref":"3"},"geometry":{"type":"LineString","coordinates":[[126.915621,37.647841],[126.916755,37.647696],[126.916826,37.647684]]}},{"type":"Feature","properties":{"color":"#ED6C00","ref":"3"},"geometry":{"type":"LineString","coordinates":[[126.916826,37.647684],[126.91736,37.647568],[126.91778,37.647385],[126.918163,37.647135],[126.918452,37.646847],[126.918686,37.64649],[126.918763,37.646247],[126.918814,37.645939],[126.918794,37.64549],[126.918716,37.644941],[126.918641,37.644414],[126.918534,37.643717],[126.918423,37.643036],[126.918401,37.642675]]}},{"type":"Feature","properties":{"color":"#ED6C00","ref":"3"},"geometry":{"type":"LineString","coordinates":[[126.918401,37.642675],[126.91842,37.641954],[126.91845,37.641491],[126.91855,37.640156],[126.918555,37.639877]]}},{"type":"Feature","properties":{"color":"#ED6C00","ref":"3"},"geometry":{"type":"LineString","coordinates":[[126.918555,37.639877],[126.918674,37.638078],[126.918714,37.637496],[126.918772,37.636854]]}},{"type":"Feature","properties":{"color":"#ED6C00","ref":"3"},"geometry":{"type":"LineString","coordinates":[[126.918772,37.636854],[126.918808,37.63613],[126.918827,37.6358],[126.918848,37.635425],[126.918925,37.634046],[126.919242,37.63037],[126.919282,37.629555],[126.919339,37.628739],[126.91947,37.628122],[126.919825,37.626856],[126.920052,37.625975],[126.920052,37.625791],[126.919787,37.622799],[126.919765,37.622188],[126.919937,37.621142],[126.920126,37.620464],[126.920518,37.61985],[126.920858,37.619449],[126.921318,37.618882],[126.921916,37.618156],[126.922939,37.617116],[126.924176,37.616083],[126.924416,37.615906],[126.926079,37.614805],[126.926362,37.614544],[126.926673,37.61421],[126.927009,37.613813],[126.929439,37.610975],[126.930398,37.609881],[126.931355,37.608785],[126.932445,37.607631],[126.933744,37.606157],[126.934056,37.605749],[126.93464,37.604886],[126.934892,37.603579],[126.935109,37.602206],[126.935233,37.601795],[126.935716,37.600943],[126.936328,37.599766],[126.936582,37.599418],[126.937942,37.597753]]}},{"type":"Feature","properties":{"color":"#ED6C00","ref":"3"},"geometry":{"type":"LineString","coordinates":[[126.937942,37.597753],[126.939047,37.5964],[126.939367,37.596012],[126.940294,37.595008],[126.940715,37.594495],[126.940779,37.594339],[126.940865,37.594129],[126.940958,37.593735],[126.941106,37.592079],[126.941247,37.59173],[126.941454,37.591351],[126.941503,37.591287],[126.941982,37.590663],[126.94265,37.589949],[126.944199,37.588674],[126.945772,37.587334],[126.948056,37.585165],[126.948228,37.584937],[126.949438,37.583755],[126.94972,37.583379],[126.950308,37.582315],[126.950684,37.581409],[126.950853,37.581227],[126.951052,37.581062],[126.952349,37.579997],[126.954653,37.577715],[126.955239,37.577085],[126.956258,37.57588],[126.95699,37.575239],[126.95782,37.574513]]}},{"type":"Feature","properties":{"color":"#ED6C00","ref":"3"},"geometry":{"type":"LineString","coordinates":[[126.95782,37.574513],[126.95825,37.574134],[126.959465,37.573028],[126.959874,37.57269],[126.960205,37.572557],[126.960456,37.572503],[126.960788,37.572489],[126.961826,37.572459],[126.962335,37.5725],[126.962932,37.572637],[126.964335,37.573289],[126.965478,37.573867],[126.965742,37.573973],[126.965908,37.574021],[126.966688,37.574226],[126.967059,37.574355],[126.967444,37.574564],[126.968659,37.57552],[126.969431,37.575952],[126.969764,37.57603],[126.97042,37.576049],[126.971983,37.575966],[126.973567,37.575759],[126.974503,37.575693],[126.975514,37.575612],[126.976032,37.575571],[126.976461,37.575536],[126.97733,37.575514],[126.978794,37.575556],[126.979457,37.575592],[126.980136,37.575639],[126.980773,37.575653],[126.981395,37.575641],[126.981951,37.575639],[126.982443,37.575612],[126.982896,37.575606],[126.983332,37.575652],[126.983819,37.575812],[126.985468,37.576455],[126.986227,37.576829],[126.986419,37.576917],[126.986866,37.577123],[126.987463,37.577331],[126.987838,37.577397],[126.988324,37.577425],[126.988749,37.577436],[126.98913,37.577386],[126.989422,37.577311],[126.98968,37.577203],[126.989918,37.577058],[126.990099,37.576813],[126.990267,37.576548],[126.990398,37.57627],[126.990916,37.574507],[126.991428,37.57278],[126.991692,37.572019],[126.992196,37.570407],[126.992249,37.569309],[126.992361,37.568335],[126.992588,37.566363],[126.992613,37.56616],[126.992853,37.56404],[126.992864,37.563955],[126.993037,37.562594],[126.99317,37.562283],[126.993277,37.562083],[126.993342,37.561941],[126.993494,37.561779],[126.993717,37.561521],[126.993871,37.561369],[126.994008,37.561233],[126.99417,37.561089],[126.994314,37.560986],[126.994806,37.560649],[126.994989,37.560536],[126.995517,37.560335],[126.996153,37.56018],[126.997,37.560058],[126.997426,37.559974],[127.001037,37.559248],[127.002202,37.559059],[127.003201,37.558942],[127.003749,37.558935],[127.005178,37.55902],[127.005766,37.55902],[127.006184,37.558949],[127.006832,37.558786],[127.008022,37.558077],[127.008256,37.557889],[127.008698,37.557465],[127.008892,37.557224],[127.009506,37.55628],[127.01055,37.55483]]}},{"type":"Feature","properties":{"color":"#ED6C00","ref":"3"},"geometry":{"type":"LineString","coordinates":[[127.01055,37.55483],[127.011792,37.553304],[127.012034,37.553013],[127.013112,37.551719],[127.014152,37.550375],[127.014886,37.54942],[127.015471,37.548753],[127.01586,37.548015],[127.016313,37.547029],[127.016474,37.546516],[127.01657,37.545972],[127.016669,37.544628]]}},{"type":"Feature","properties":{"color":"#ED6C00","ref":"3"},"geometry":{"type":"LineString","coordinates":[[127.016669,37.544628],[127.01679,37.543421]]}},{"type":"Feature","properties":{"color":"#ED6C00","ref":"3"},"geometry":{"type":"LineString","coordinates":[[127.01679,37.543421],[127.016853,37.54302],[127.016963,37.542558],[127.017162,37.542054],[127.017395,37.541565],[127.017848,37.540876],[127.017908,37.540795]]}},{"type":"Feature","properties":{"color":"#ED6C00","ref":"3"},"geometry":{"type":"LineString","coordinates":[[127.017908,37.540795],[127.024189,37.531773],[127.02487,37.530744]]}},{"type":"Feature","properties":{"color":"#ED6C00","ref":"3"},"geometry":{"type":"LineString","coordinates":[[127.02487,37.530744],[127.025004,37.530618],[127.025332,37.53015],[127.025466,37.529971],[127.025611,37.529827],[127.026156,37.52933]]}},{"type":"Feature","properties":{"color":"#ED6C00","ref":"3"},"geometry":{"type":"LineString","coordinates":[[127.026156,37.52933],[127.028045,37.527661],[127.028259,37.527379],[127.02832,37.527286],[127.028424,37.527051],[127.028496,37.526809],[127.02851,37.526575],[127.028471,37.526136],[127.028442,37.525896],[127.028049,37.520095],[127.02801,37.519921],[127.027935,37.519753],[127.02781,37.519607],[127.027587,37.51948],[127.026215,37.518887],[127.025261,37.518476],[127.019631,37.516171],[127.016096,37.514993],[127.016055,37.514979],[127.013299,37.513814],[127.011089,37.512749],[127.007135,37.510821],[127.005628,37.510087],[127.005051,37.509733],[127.00469,37.509419],[127.004389,37.509039],[127.004124,37.508537],[127.004014,37.507993],[127.003978,37.507538],[127.003993,37.507135],[127.004056,37.506696],[127.004208,37.506385],[127.004902,37.505038],[127.006092,37.502399],[127.006429,37.501795],[127.006995,37.501222],[127.007671,37.500758],[127.007953,37.500607],[127.010574,37.499673],[127.01072,37.499621],[127.010914,37.499553],[127.01142,37.499313],[127.011682,37.499136],[127.012054,37.49885],[127.012346,37.498542],[127.012536,37.49828],[127.012653,37.498052],[127.012746,37.497852],[127.012802,37.497485],[127.013453,37.494634],[127.013806,37.492881],[127.014603,37.488354],[127.01467,37.487938],[127.014746,37.487631],[127.014884,37.487287],[127.015206,37.486719],[127.01629,37.484972],[127.01728,37.483411],[127.017708,37.482906],[127.017999,37.482746],[127.018731,37.482521],[127.019087,37.482487],[127.019407,37.482488],[127.034317,37.484543],[127.035057,37.484655],[127.043468,37.485823],[127.044339,37.485961],[127.044662,37.48603],[127.044812,37.486072],[127.045081,37.486156],[127.045404,37.486279],[127.045596,37.48637],[127.045912,37.486526],[127.046991,37.487044],[127.049848,37.488375],[127.055487,37.490884],[127.063219,37.49445],[127.069913,37.49648],[127.073046,37.497191],[127.073884,37.49725],[127.074674,37.497201],[127.075479,37.497055],[127.076813,37.496709],[127.077411,37.496478],[127.077896,37.496179],[127.078459,37.49564],[127.078719,37.495295],[127.078874,37.494991],[127.079506,37.493654],[127.081062,37.4902],[127.082382,37.487372],[127.082702,37.48666],[127.082795,37.486368],[127.083017,37.485357],[127.083125,37.48506],[127.083236,37.484826],[127.083429,37.484503],[127.083561,37.484324],[127.08366,37.484191],[127.083736,37.484094],[127.083824,37.484017],[127.083994,37.483896],[127.084181,37.483768],[127.084395,37.483649],[127.08462,37.483563],[127.084956,37.483459],[127.085285,37.483382],[127.085923,37.483225],[127.086975,37.483035],[127.088137,37.482947],[127.088834,37.48294],[127.089807,37.482991],[127.091399,37.483177],[127.09358,37.483425],[127.094908,37.483584],[127.095212,37.483624],[127.095733,37.483799],[127.095971,37.483946],[127.096303,37.484206],[127.096679,37.484647],[127.097133,37.485143],[127.098039,37.48589],[127.098663,37.486317],[127.099294,37.486631],[127.099839,37.486808],[127.101736,37.487368]]}},{"type":"Feature","properties":{"color":"#ED6C00","ref":"3"},"geometry":{"type":"LineString","coordinates":[[127.101736,37.487368],[127.101971,37.487427],[127.102561,37.487608],[127.10292,37.487718],[127.103147,37.487788],[127.105233,37.488428],[127.105521,37.488517],[127.115019,37.491415],[127.115334,37.491511],[127.117704,37.492248],[127.118618,37.492508],[127.118974,37.492618],[127.122686,37.494562],[127.123369,37.494943],[127.123832,37.495309],[127.124458,37.495912],[127.124761,37.496318],[127.126573,37.500076],[127.127012,37.500707],[127.12746,37.501197],[127.128354,37.502142]]}},{"type":"Feature","properties":{"color":"#008000","ref":"N"},"geometry":{"type":"LineString","coordinates":[[130.32061,33.555636],[130.321144,33.555145],[130.321556,33.554752],[130.321666,33.554648],[130.321793,33.554527],[130.321871,33.554483],[130.321986,33.554397],[130.322292,33.55419],[130.322893,33.55383],[130.323215,33.553664],[130.323538,33.553519],[130.323878,33.553384],[130.324058,33.553322],[130.324413,33.553207],[130.324603,33.55316],[130.324945,33.553083],[130.32549,33.552976],[130.325877,33.552926],[130.326425,33.552889],[130.327183,33.552873],[130.328124,33.55287],[130.328315,33.552864],[130.328507,33.55285],[130.328685,33.55284],[130.328871,33.552813],[130.329036,33.552788],[130.330023,33.552525],[130.331918,33.552025],[130.332899,33.551764],[130.333872,33.551519],[130.337863,33.550522],[130.340158,33.549945],[130.346549,33.548334],[130.347153,33.548183],[130.347546,33.548072],[130.348606,33.547775],[130.349124,33.547619],[130.34983,33.54741],[130.351438,33.546928],[130.352853,33.546507],[130.35391,33.546188],[130.354593,33.545985],[130.355155,33.545819],[130.355675,33.545673],[130.356562,33.545451],[130.356943,33.545358],[130.357131,33.545324],[130.35767,33.545235],[130.358244,33.54519],[130.358745,33.545185],[130.359896,33.545169],[130.360497,33.545173],[130.361089,33.545206],[130.361523,33.545298],[130.361814,33.545438],[130.361983,33.545584],[130.362137,33.545733],[130.362243,33.545882],[130.362332,33.546032],[130.362442,33.54633],[130.362453,33.546461],[130.362453,33.546623],[130.362431,33.546779],[130.36233,33.547306],[130.362188,33.548021],[130.362036,33.548567],[130.361988,33.548931],[130.361854,33.551019],[130.361781,33.551962],[130.361683,33.552904],[130.361612,33.553565],[130.361538,33.55445],[130.361451,33.555387],[130.361345,33.556332],[130.361239,33.557212],[130.361181,33.557672],[130.361156,33.557839],[130.361145,33.557986],[130.361146,33.558274],[130.36117,33.558449],[130.36119,33.55854],[130.361294,33.558841],[130.361443,33.559117],[130.361723,33.559663],[130.362006,33.560205],[130.362679,33.561491],[130.362963,33.562055],[130.363119,33.562371],[130.363392,33.562839],[130.363713,33.5634],[130.364045,33.563951],[130.364704,33.565032],[130.365297,33.565989],[130.365478,33.56628],[130.365768,33.566715],[130.36617,33.567341],[130.366426,33.567602],[130.36665,33.567876],[130.366865,33.568136],[130.367058,33.568395],[130.367235,33.568663],[130.36738,33.568953],[130.36749,33.569189],[130.3677,33.569847],[130.367862,33.570313],[130.367903,33.570458],[130.367926,33.570639],[130.367959,33.570957],[130.367974,33.57128],[130.367974,33.571567],[130.367962,33.572178],[130.367963,33.572498],[130.367965,33.572648],[130.367973,33.572808],[130.367994,33.572962],[130.368053,33.573117],[130.368104,33.573261],[130.36822,33.573439],[130.368308,33.573526],[130.368457,33.57364],[130.368598,33.573715],[130.36883,33.573815],[130.369572,33.574144],[130.371828,33.575176],[130.373484,33.575906],[130.374125,33.576176],[130.3759,33.576949],[130.376577,33.577228],[130.377085,33.577451],[130.377901,33.577815],[130.378552,33.578128],[130.378897,33.578262],[130.378995,33.578287],[130.379085,33.578305],[130.379264,33.578298],[130.379454,33.578265],[130.379613,33.578229],[130.379993,33.578125],[130.380349,33.578039],[130.380454,33.578022],[130.380536,33.578016],[130.380718,33.578008],[130.380917,33.578],[130.381098,33.577999],[130.381294,33.577994],[130.381469,33.577992],[130.381663,33.57798],[130.381845,33.57797],[130.382041,33.577946],[130.382215,33.577928],[130.3824,33.577889],[130.382762,33.577819],[130.383138,33.577743],[130.383684,33.577656],[130.386114,33.577378],[130.386652,33.577316],[130.386873,33.577294],[130.388152,33.577158],[130.388524,33.577134],[130.388909,33.577134],[130.389281,33.577151],[130.389468,33.577168],[130.38965,33.577189],[130.390018,33.57724],[130.390754,33.577355],[130.39112,33.577421],[130.391311,33.577474],[130.391477,33.577539],[130.391646,33.577622],[130.391787,33.577704],[130.39193,33.577808],[130.392055,33.577935],[130.392174,33.578065],[130.39238,33.578319],[130.392696,33.578694],[130.392814,33.578828],[130.392933,33.578944],[130.39307,33.579058],[130.393204,33.57916],[130.393351,33.579255],[130.393507,33.579343],[130.393825,33.579491],[130.394005,33.579559],[130.394689,33.579798],[130.39555,33.580123],[130.396234,33.580373],[130.396775,33.580569],[130.399344,33.581502],[130.399692,33.581611],[130.399875,33.581658],[130.400053,33.581705],[130.400156,33.581724],[130.400248,33.58173],[130.400433,33.581741],[130.400803,33.581768],[130.400988,33.581774],[130.401828,33.581728],[130.402865,33.581661],[130.403236,33.581647],[130.403418,33.581646],[130.403632,33.581658],[130.4038,33.581677],[130.40416,33.581754],[130.404713,33.581894],[130.404872,33.58193],[130.405056,33.581988],[130.40523,33.582058],[130.405389,33.58215],[130.405506,33.58225],[130.405613,33.582378],[130.405689,33.582516],[130.405742,33.582677],[130.405755,33.582753],[130.405753,33.582854],[130.405743,33.582988],[130.405735,33.583071],[130.405713,33.58316],[130.405634,33.5833],[130.405569,33.583393],[130.40514,33.583864],[130.404738,33.584299],[130.404282,33.584786],[130.404012,33.585057],[130.403728,33.585319],[130.402932,33.585984],[130.402412,33.586415],[130.401917,33.586889],[130.401677,33.587139],[130.401581,33.587259],[130.401507,33.587411],[130.401466,33.587555],[130.40145,33.587713],[130.401488,33.587866],[130.401543,33.588023],[130.401627,33.588156],[130.401743,33.58828],[130.40188,33.588382],[130.402026,33.588461],[130.402458,33.588649]]}},{"type":"Feature","properties":{"color":"#008000","ref":"N"},"geometry":{"type":"LineString","coordinates":[[130.402458,33.588649],[130.402859,33.588817]]}},{"type":"Feature","properties":{"color":"#008000","ref":"N"},"geometry":{"type":"LineString","coordinates":[[130.402859,33.588817],[130.404197,33.589388],[130.404496,33.589505],[130.404796,33.589629],[130.405539,33.589944],[130.405789,33.590059],[130.406184,33.590247],[130.406441,33.590363],[130.407125,33.590652],[130.407499,33.590808],[130.407848,33.59095],[130.408131,33.591069],[130.408415,33.591192],[130.409855,33.591824],[130.410044,33.591882],[130.410222,33.59191],[130.410415,33.591917],[130.410587,33.591899],[130.410763,33.591842],[130.410937,33.591762],[130.411594,33.591362],[130.413355,33.590289],[130.413681,33.590133],[130.413836,33.590072],[130.414184,33.589966],[130.414381,33.589918],[130.414741,33.589858],[130.415686,33.589817],[130.416712,33.58975],[130.416919,33.589743],[130.417076,33.589737],[130.417272,33.589733],[130.417802,33.589748],[130.417902,33.589745],[130.418534,33.589724],[130.419118,33.589705]]}},{"type":"Feature","properties":{"color":"#FF4500","ref":"K"},"geometry":{"type":"LineString","coordinates":[[130.448546,33.597204],[130.448174,33.5973],[130.447741,33.597416],[130.447642,33.597442],[130.447296,33.597534],[130.446429,33.597769],[130.445588,33.598],[130.444733,33.598218],[130.443873,33.598396],[130.443444,33.598467],[130.442995,33.598527],[130.442551,33.598576],[130.44223,33.598612],[130.442096,33.598622],[130.44163,33.598631],[130.441223,33.59862],[130.440872,33.598609],[130.440655,33.5986],[130.440209,33.598569],[130.439966,33.598556],[130.439759,33.598532],[130.439527,33.598506],[130.439311,33.598478],[130.439085,33.598441],[130.438855,33.598406],[130.43864,33.598359],[130.438609,33.598353],[130.438427,33.598317],[130.438209,33.598265],[130.437996,33.598196],[130.437784,33.598126],[130.437581,33.598051],[130.437381,33.597979],[130.437184,33.597885],[130.436986,33.597793],[130.436601,33.597573],[130.436461,33.597492],[130.436257,33.597325],[130.435779,33.596947],[130.435504,33.59673],[130.43518,33.596382],[130.43498,33.596131],[130.434682,33.595753],[130.43452,33.595524],[130.434317,33.59518],[130.434108,33.594833],[130.433516,33.593809],[130.432762,33.592434],[130.432379,33.591712],[130.432197,33.591352],[130.432004,33.590994],[130.431629,33.590336],[130.431432,33.590004],[130.431317,33.58982],[130.431026,33.589351],[130.430835,33.589038],[130.430771,33.58894],[130.430676,33.588792],[130.430599,33.588719],[130.430503,33.588633],[130.430367,33.588536],[130.430265,33.588472],[130.429988,33.588321],[130.429885,33.588267],[130.429785,33.588221],[130.42948,33.588109],[130.429366,33.588069],[130.429171,33.588025],[130.429064,33.588006],[130.428631,33.587957],[130.428505,33.587946],[130.428304,33.587945],[130.428186,33.587944],[130.42805,33.587947],[130.427855,33.587975],[130.427754,33.587995],[130.427632,33.588036],[130.427548,33.588068],[130.427464,33.588104],[130.427371,33.588146],[130.427244,33.5882],[130.427098,33.588273],[130.426967,33.588358],[130.42665,33.588583],[130.425993,33.589125],[130.42538,33.589597],[130.425277,33.589676],[130.425106,33.589768],[130.424988,33.589818],[130.424891,33.589842],[130.424675,33.589884],[130.424565,33.589898],[130.424127,33.589927],[130.42323,33.589956],[130.422343,33.589985],[130.421506,33.590014],[130.421315,33.590023],[130.420611,33.590057],[130.420175,33.590075],[130.41998,33.590099],[130.419818,33.590139],[130.419648,33.590206],[130.419312,33.590388],[130.419175,33.590462],[130.419021,33.590565],[130.418641,33.590854],[130.41833,33.591118],[130.418044,33.591378],[130.41773,33.591665],[130.417394,33.591948],[130.416677,33.592513],[130.415003,33.593784],[130.414669,33.594042],[130.41435,33.594277],[130.413692,33.594775],[130.413044,33.595286],[130.412724,33.595542],[130.412391,33.595798],[130.412045,33.596055],[130.411701,33.596295],[130.411304,33.596493],[130.410897,33.596628],[130.410453,33.596714],[130.410014,33.596733],[130.409617,33.596679],[130.409576,33.596673],[130.40914,33.596567],[130.408782,33.596443],[130.408586,33.596369],[130.408395,33.596282],[130.408259,33.596217],[130.408126,33.596138],[130.407899,33.59599],[130.40748,33.59571],[130.407167,33.595396],[130.406832,33.595053],[130.406469,33.594705],[130.40602,33.594256],[130.405729,33.593969],[130.405142,33.593381],[130.404834,33.593112],[130.404491,33.592833],[130.40414,33.592607],[130.403772,33.592387],[130.403718,33.592364],[130.403665,33.592349],[130.403488,33.592285],[130.403358,33.59225],[130.402917,33.592154],[130.402033,33.59196],[130.40117,33.591767],[130.400005,33.591506],[130.399527,33.5914],[130.399278,33.591343],[130.398631,33.591241],[130.39829,33.591188],[130.397846,33.591122],[130.397405,33.591031],[130.396546,33.590857],[130.396432,33.590832],[130.396258,33.59078],[130.396143,33.590744],[130.396045,33.590705],[130.395956,33.590661],[130.395878,33.590613],[130.39577,33.590543],[130.395456,33.590296],[130.395366,33.590241],[130.395312,33.590207],[130.395252,33.590185],[130.395161,33.590157],[130.395069,33.590131],[130.394631,33.590011],[130.393806,33.589827],[130.392939,33.589626],[130.392094,33.589429],[130.391245,33.589238],[130.39037,33.589056],[130.389508,33.588889],[130.38863,33.588726],[130.38774,33.588586],[130.386855,33.588483],[130.386409,33.588467],[130.385965,33.588529],[130.385534,33.588595],[130.384655,33.588723],[130.383329,33.588913],[130.382883,33.588977],[130.38245,33.589066],[130.382011,33.589173],[130.381573,33.589276],[130.381166,33.589394],[130.380722,33.58954],[130.380162,33.589726],[130.379886,33.589812],[130.379461,33.589927],[130.379029,33.590027],[130.378754,33.590082],[130.378573,33.590113],[130.37815,33.590177],[130.377705,33.590216],[130.376811,33.590285],[130.376345,33.590314],[130.375637,33.590352],[130.375433,33.590363],[130.374573,33.590406],[130.373627,33.590435],[130.373308,33.590424],[130.371502,33.590303],[130.370906,33.590266],[130.370581,33.590241],[130.370247,33.590198],[130.370043,33.590149],[130.369865,33.590104],[130.369689,33.590029],[130.369494,33.58993],[130.369255,33.589794],[130.368999,33.589639],[130.368496,33.589337],[130.367492,33.588748],[130.366402,33.588108],[130.365956,33.587844],[130.365525,33.587581],[130.365195,33.587362],[130.364846,33.587115],[130.363976,33.586508],[130.363546,33.586219],[130.363134,33.585935],[130.362538,33.585549],[130.362092,33.585274],[130.361436,33.584864],[130.360849,33.584503],[130.360307,33.584176],[130.360032,33.584028],[130.359725,33.58386],[130.359473,33.583715],[130.359172,33.583556],[130.359096,33.583523],[130.359015,33.583494],[130.358595,33.583357],[130.358207,33.583236],[130.357798,33.583126],[130.357488,33.583039],[130.357368,33.583011],[130.356933,33.582929],[130.356043,33.582778],[130.355606,33.582706],[130.355162,33.582631],[130.354275,33.582479],[130.35219,33.582132],[130.351334,33.581989],[130.350608,33.581865],[130.350391,33.581811],[130.349821,33.581649],[130.349259,33.581493],[130.349045,33.581429],[130.348893,33.581396],[130.348728,33.581372],[130.348337,33.581338],[130.34804,33.58132],[130.347631,33.581288],[130.347208,33.581255],[130.34693,33.581228],[130.346602,33.581186],[130.346248,33.581135],[130.345539,33.581042],[130.345159,33.580999],[130.344767,33.580966],[130.344002,33.580904],[130.343139,33.580834],[130.342468,33.580801],[130.341322,33.580766],[130.340383,33.58084],[130.340027,33.580891],[130.339783,33.580935],[130.339554,33.58099],[130.339305,33.581067],[130.339082,33.581173],[130.338778,33.581339],[130.33824,33.581672],[130.337889,33.581862],[130.337572,33.582017],[130.337109,33.582233],[130.336724,33.582371],[130.336447,33.58248],[130.335816,33.582691],[130.335432,33.582809],[130.334972,33.582911],[130.334771,33.58296],[130.334564,33.582992],[130.334202,33.583039],[130.333798,33.583087],[130.332892,33.583192],[130.331996,33.583275],[130.331897,33.583287]]}},{"type":"Feature","properties":{"color":"#FF4500","ref":"K"},"geometry":{"type":"LineString","coordinates":[[130.331897,33.583287],[130.331677,33.583291],[130.327318,33.583564],[130.327116,33.583577],[130.326348,33.583556],[130.325595,33.583558],[130.32474,33.583603],[130.324279,33.583653]]}},{"type":"Feature","properties":{"color":"#0077CC","ref":"H"},"geometry":{"type":"LineString","coordinates":[[130.403342,33.592293],[130.403475,33.592313],[130.403647,33.592374],[130.403752,33.592414],[130.404119,33.59263],[130.404464,33.592856],[130.404808,33.593133],[130.405114,33.593405],[130.405522,33.593807],[130.405702,33.593987],[130.405994,33.594275],[130.406448,33.594724],[130.406803,33.595075],[130.407139,33.595416],[130.407613,33.595924],[130.407728,33.596036],[130.408334,33.596635],[130.409476,33.597754],[130.409704,33.597977],[130.414061,33.60225],[130.41575,33.60402],[130.415977,33.604492],[130.416098,33.604855],[130.416268,33.605209],[130.419844,33.609932],[130.42075,33.611185],[130.421024,33.611573],[130.421182,33.611823],[130.421263,33.611963],[130.421314,33.612137],[130.421336,33.612303],[130.421336,33.612514],[130.42129,33.612687],[130.421212,33.612879],[130.421137,33.613047],[130.420917,33.613441],[130.420707,33.613773],[130.42066,33.61385],[130.420593,33.613961],[130.419835,33.615182],[130.41872,33.617339],[130.418673,33.617648],[130.418694,33.618025],[130.418722,33.61831],[130.418858,33.618637],[130.419424,33.619556],[130.420011,33.620442],[130.420697,33.621514],[130.421419,33.622652],[130.422083,33.623631],[130.422341,33.624031],[130.422509,33.624309],[130.422673,33.624583],[130.422847,33.624869],[130.423183,33.625408],[130.423328,33.625682],[130.423489,33.625984],[130.423641,33.626278],[130.423781,33.626562],[130.423902,33.62687],[130.424005,33.627127],[130.42422,33.627674]]}},{"type":"Feature","properties":{"color":"#0077CC","ref":"H"},"geometry":{"type":"LineString","coordinates":[[130.42422,33.627674],[130.424347,33.627978],[130.424476,33.628279],[130.424684,33.628886],[130.424868,33.629428],[130.424911,33.629634],[130.424983,33.629843],[130.425138,33.630349],[130.425217,33.630559],[130.425266,33.630778],[130.425408,33.631482],[130.425453,33.631779],[130.425469,33.631934],[130.42548,33.632062],[130.425501,33.63222],[130.42554,33.632732]]}},{"type":"Feature","properties":{"color":"#81BF48","ref":"2"},"geometry":{"type":"LineString","coordinates":[[129.180529,35.171519],[129.17763,35.170216],[129.176177,35.169593],[129.175921,35.169451]]}},{"type":"Feature","properties":{"color":"#81BF48","ref":"2"},"geometry":{"type":"LineString","coordinates":[[129.175921,35.169451],[129.175447,35.169188],[129.174365,35.168403],[129.173353,35.167669],[129.172829,35.167298],[129.172541,35.167139],[129.172225,35.167007],[129.171955,35.166923],[129.171626,35.166854],[129.170744,35.166807],[129.168728,35.1667],[129.16781,35.166652],[129.164368,35.166387],[129.163592,35.166267],[129.163002,35.166033],[129.160005,35.164354],[129.158809,35.163685],[129.156209,35.16223],[129.154772,35.161442],[129.154056,35.161059],[129.151843,35.16027],[129.151294,35.160149],[129.150636,35.160155],[129.150279,35.160269],[129.149691,35.160573],[129.148929,35.160898],[129.14809,35.161277],[129.147548,35.161564],[129.14583,35.162477],[129.143439,35.163726],[129.138475,35.168842],[129.136991,35.17037],[129.136187,35.170747],[129.135778,35.170788],[129.135339,35.170765],[129.134357,35.170359],[129.133618,35.169976]]}},{"type":"Feature","properties":{"color":"#81BF48","ref":"2"},"geometry":{"type":"LineString","coordinates":[[129.133618,35.169976],[129.132608,35.16938],[129.131199,35.168625],[129.129215,35.167563],[129.12789,35.16686],[129.127358,35.166578],[129.127328,35.166562],[129.126833,35.1663],[129.125728,35.165857],[129.125479,35.165774],[129.12476,35.165687],[129.123999,35.165897],[129.123207,35.166274],[129.122081,35.167018],[129.122001,35.167071],[129.121681,35.167283],[129.120587,35.168239],[129.119364,35.168406],[129.118559,35.168502],[129.117113,35.168019],[129.115694,35.167591],[129.115444,35.167467],[129.115206,35.167281],[129.115021,35.16699],[129.114946,35.166695],[129.114671,35.165418],[129.114589,35.165035],[129.114526,35.164744],[129.114203,35.16324],[129.113911,35.161811],[129.113444,35.159529],[129.11317,35.157916],[129.113057,35.157678],[129.11097,35.149756],[129.109419,35.144547],[129.109215,35.143731],[129.109002,35.143274],[129.108734,35.143006],[129.107842,35.142134],[129.106222,35.14059],[129.105513,35.140038],[129.103176,35.138904],[129.103069,35.13885],[129.102969,35.138799],[129.100531,35.137558],[129.099838,35.13726],[129.099333,35.137062],[129.098187,35.136597],[129.096544,35.135861],[129.094432,35.135386],[129.092424,35.135173],[129.092172,35.135148],[129.090699,35.135105],[129.090559,35.135102],[129.087802,35.134956],[129.085751,35.13487],[129.084783,35.134758],[129.082648,35.134653],[129.082027,35.134584],[129.081043,35.134482],[129.079895,35.134061],[129.079163,35.133771],[129.07872,35.133721],[129.078241,35.133799],[129.077758,35.133957],[129.075912,35.134887],[129.074224,35.135668],[129.073467,35.13606],[129.072936,35.136351],[129.072497,35.136535],[129.071956,35.136687],[129.071269,35.136825],[129.070872,35.136881],[129.070361,35.136926],[129.069693,35.13696],[129.069246,35.136987],[129.068997,35.137035],[129.06876,35.137125],[129.06841,35.137335],[129.068148,35.137541],[129.067912,35.137862],[129.067681,35.138352],[129.067482,35.138803],[129.067331,35.139139],[129.067133,35.139639],[129.067038,35.139907],[129.066938,35.14028],[129.066878,35.14059],[129.066842,35.14089],[129.066807,35.141307],[129.066785,35.141638],[129.066765,35.143377],[129.066737,35.144589],[129.066737,35.145093],[129.066713,35.145728],[129.066693,35.14689],[129.066686,35.147145],[129.066651,35.147467],[129.06659,35.147681],[129.066517,35.147874],[129.066431,35.148064],[129.066034,35.148754],[129.065764,35.149223],[129.065543,35.149828],[129.065473,35.150143],[129.065428,35.150545],[129.065389,35.150969],[129.065364,35.152819],[129.065368,35.154442],[129.065379,35.154967],[129.065394,35.155365],[129.065451,35.155921],[129.06548,35.156325],[129.065487,35.156645],[129.065468,35.15687],[129.065429,35.157066],[129.065346,35.157285],[129.065269,35.157417],[129.065156,35.15755],[129.065037,35.157642],[129.064895,35.157709],[129.064724,35.157752],[129.064393,35.157767],[129.063848,35.157758]]}},{"type":"Feature","properties":{"color":"#81BF48","ref":"2"},"geometry":{"type":"LineString","coordinates":[[129.015175,35.264372],[129.014361,35.26269],[129.01428,35.262517],[129.012833,35.259593],[129.012772,35.259424],[129.01199,35.257892],[129.011882,35.257723],[129.011703,35.257333],[129.011443,35.256637],[129.011276,35.256025],[129.010998,35.255502],[129.010783,35.254981],[129.010584,35.254469],[129.010509,35.254134],[129.010488,35.253943],[129.010478,35.25389],[129.010462,35.253692],[129.010451,35.253568],[129.010525,35.253085],[129.010549,35.253027],[129.010729,35.252576],[129.010992,35.252167],[129.011493,35.251467],[129.011609,35.251306],[129.011811,35.251031],[129.01206,35.250692],[129.012601,35.249911],[129.012842,35.249491],[129.012902,35.249295],[129.012977,35.24901],[129.013004,35.248541],[129.012987,35.248121],[129.012956,35.247828],[129.01295,35.247742],[129.012902,35.247021],[129.012901,35.246753],[129.01287,35.246184],[129.01287,35.245479],[129.012886,35.245142],[129.013009,35.244625],[129.013267,35.24367],[129.013819,35.241773],[129.013987,35.241201],[129.014065,35.240891],[129.014077,35.240844],[129.014114,35.240603],[129.014135,35.240304],[129.014158,35.240122],[129.014117,35.239595],[129.014026,35.238284],[129.013942,35.23666],[129.013727,35.234539],[129.013349,35.23229],[129.013338,35.232222],[129.013056,35.230886],[129.013046,35.230839],[129.012451,35.228922],[129.012285,35.228409],[129.012185,35.228277],[129.01143,35.22728],[129.011257,35.227051],[129.011073,35.226811],[129.010946,35.226646],[129.010865,35.226539],[129.010607,35.226203],[129.010161,35.225609],[129.010072,35.225492],[129.009696,35.224539],[129.009508,35.224053],[129.009059,35.222924],[129.008208,35.220888],[129.008057,35.220647],[129.007958,35.220532],[129.006762,35.219315],[129.006672,35.219224],[129.005541,35.218195],[129.00538,35.217919],[129.005235,35.217639],[129.005107,35.217194],[129.005102,35.217164],[129.004526,35.214821],[129.00443,35.214424],[129.004234,35.213666],[129.004172,35.213405],[129.004192,35.213182],[129.004833,35.211221],[129.005061,35.21078],[129.00537,35.209843],[129.005413,35.209582],[129.005407,35.20938],[129.005342,35.209118],[129.004806,35.207105],[129.004591,35.206223],[129.004561,35.206124],[129.004481,35.205864],[129.004332,35.205506],[129.004229,35.205362],[129.004033,35.205189],[129.003761,35.205034],[129.003435,35.204927],[129.002531,35.204682],[129.002497,35.204675],[129.002163,35.204615],[129.001302,35.204459],[129.001238,35.204439],[129.001213,35.204431],[129.000971,35.20437],[129.000789,35.204255],[129.000527,35.203953],[129.000039,35.203374],[128.999726,35.203002],[128.999622,35.202883],[128.998002,35.20093],[128.997192,35.199789],[128.996587,35.199016],[128.995732,35.197955],[128.995017,35.196946],[128.994659,35.196434],[128.994588,35.196327],[128.993718,35.194791],[128.992943,35.193293],[128.99271,35.19299],[128.992463,35.192754],[128.992007,35.192507],[128.989964,35.191772],[128.989811,35.191691],[128.989664,35.191585],[128.989544,35.191444],[128.98943,35.191267],[128.989194,35.190844],[128.988716,35.189867],[128.987891,35.188153],[128.987693,35.187752],[128.987433,35.187224],[128.987094,35.186508],[128.987003,35.186262],[128.986883,35.185786],[128.986556,35.184387],[128.986313,35.183394],[128.986119,35.182596],[128.985852,35.181519],[128.985798,35.181234],[128.985463,35.179883],[128.985144,35.17859],[128.984947,35.17776],[128.984682,35.176716],[128.982922,35.171115],[128.982739,35.170545],[128.982528,35.16983],[128.98226,35.168949],[128.982173,35.168583],[128.982136,35.168331],[128.982116,35.168121],[128.982081,35.167857],[128.982098,35.167578],[128.982163,35.167249],[128.982286,35.166868],[128.98353,35.164436],[128.984509,35.162508],[128.984666,35.162217],[128.984791,35.162038],[128.984938,35.161846],[128.986585,35.16014],[128.987222,35.15949],[128.987621,35.159081],[128.989091,35.157542],[128.989268,35.157355],[128.990435,35.156128],[128.99088,35.155705],[128.99132,35.155386],[128.991585,35.155189],[128.992907,35.154285],[128.994312,35.153284],[128.99469,35.153014],[128.995988,35.15211],[128.996084,35.152052],[128.996214,35.151972],[128.996497,35.1518],[128.997773,35.151217],[128.998371,35.150955],[128.998977,35.150673],[128.999548,35.150484],[128.999956,35.150402],[129.000492,35.150363],[129.000987,35.15035],[129.0014,35.150347],[129.002238,35.15041],[129.00315,35.150504],[129.003919,35.150573],[129.004305,35.150607],[129.005297,35.150699],[129.0059,35.150751],[129.007901,35.15093],[129.009613,35.151063],[129.010757,35.151164],[129.012426,35.151285],[129.012822,35.151315],[129.014247,35.151439],[129.014935,35.151493],[129.015489,35.151561],[129.016002,35.151661],[129.016537,35.151806],[129.017001,35.151987],[129.017431,35.152217],[129.017809,35.152414],[129.018158,35.152623],[129.018465,35.152788],[129.018702,35.152885],[129.018972,35.152971],[129.019405,35.153086],[129.019795,35.153175],[129.020137,35.15324],[129.020475,35.153267],[129.02304,35.153245],[129.024327,35.153209],[129.025516,35.153193],[129.026325,35.1532],[129.02736,35.15323],[129.028141,35.153316],[129.029527,35.153531],[129.030331,35.153678],[129.03126,35.153821],[129.032139,35.15398],[129.033476,35.154229],[129.035411,35.15457],[129.036823,35.154804],[129.037629,35.15493],[129.038233,35.155012],[129.038735,35.155095],[129.039502,35.155224],[129.040338,35.155365],[129.041417,35.155575],[129.042687,35.155828],[129.04531,35.156295],[129.045931,35.156405],[129.046599,35.156541],[129.047925,35.156824],[129.04916,35.157127],[129.05012,35.157349],[129.050506,35.157439],[129.05095,35.157538],[129.051119,35.157567],[129.05137,35.157587],[129.052377,35.157603],[129.053138,35.157606],[129.053652,35.157605],[129.054768,35.1576],[129.055949,35.157613],[129.058247,35.157699],[129.059103,35.157708],[129.059164,35.157709],[129.059882,35.157717],[129.062377,35.157752],[129.063848,35.157758]]}},{"type":"Feature","properties":{"color":"#81BF48","ref":"2"},"geometry":{"type":"LineString","coordinates":[[129.017448,35.289711],[129.017244,35.288777],[129.017136,35.288313],[129.017104,35.288137],[129.017072,35.287925],[129.017055,35.287741],[129.017053,35.287628],[129.017064,35.287438],[129.017106,35.287133],[129.017191,35.286561],[129.017244,35.286048],[129.017336,35.284109],[129.017349,35.283424],[129.017358,35.282956],[129.01742,35.282469],[129.017454,35.28184],[129.017466,35.281148],[129.01747,35.28108],[129.017502,35.280411],[129.017524,35.279802],[129.017593,35.279315],[129.017615,35.278663],[129.017661,35.27784],[129.017663,35.277463],[129.017651,35.277286],[129.017634,35.277061],[129.017625,35.276985],[129.017529,35.276567],[129.017272,35.275589],[129.017248,35.275473],[129.017228,35.275322],[129.017223,35.275154],[129.017242,35.274988],[129.017263,35.274855],[129.017301,35.27468],[129.017351,35.274529],[129.017453,35.274252],[129.017697,35.273498],[129.017957,35.272716],[129.018048,35.272425],[129.018136,35.27208],[129.018162,35.271902],[129.018185,35.271747],[129.018221,35.271438],[129.01824,35.271131],[129.018239,35.270981],[129.018231,35.270804],[129.0182,35.270517],[129.018138,35.270179],[129.018061,35.269884],[129.01797,35.269586],[129.017837,35.269277],[129.017613,35.268829],[129.017489,35.26859],[129.017351,35.268324],[129.017315,35.268258],[129.016487,35.266737],[129.016457,35.2667],[129.016371,35.266552],[129.015454,35.264883],[129.015175,35.264372]]}},{"type":"Feature","properties":{"color":"#81BF48","ref":"2"},"geometry":{"type":"LineString","coordinates":[[129.017448,35.289711],[129.01756,35.290265],[129.017609,35.290576],[129.017635,35.290752],[129.017654,35.290972],[129.017672,35.291233],[129.017685,35.291507],[129.017677,35.291744],[129.017671,35.291907],[129.017655,35.29203],[129.017635,35.292173],[129.017602,35.292355],[129.017576,35.29247],[129.017547,35.292569],[129.017415,35.29302],[129.017289,35.293325],[129.017186,35.293538],[129.016915,35.294022],[129.016716,35.294297],[129.016527,35.294526],[129.016356,35.294718],[129.016152,35.294918],[129.015996,35.295067],[129.0158,35.295243],[129.015547,35.295442],[129.015269,35.295638],[129.014994,35.295815],[129.014571,35.296051],[129.014129,35.296247],[129.01379,35.296385],[129.012662,35.29684],[129.011363,35.297357],[129.010667,35.297639],[129.010038,35.29791],[129.009788,35.298038],[129.00963,35.298133],[129.009441,35.298267],[129.009263,35.29841],[129.009111,35.298547],[129.009001,35.298657],[129.008886,35.298784],[129.008757,35.298968],[129.008663,35.299118],[129.00859,35.299261],[129.008533,35.29938],[129.008469,35.299539],[129.008453,35.299574],[129.008428,35.299668],[129.008399,35.299777],[129.008374,35.299886],[129.008356,35.300011],[129.008344,35.300163],[129.008346,35.300496],[129.008396,35.30074],[129.008469,35.301012],[129.008671,35.301524],[129.008901,35.302051],[129.009075,35.302476],[129.009145,35.302696],[129.009208,35.302912],[129.009281,35.303203],[129.009335,35.303603],[129.009353,35.303868],[129.009353,35.305501],[129.009354,35.305705],[129.009395,35.306031],[129.00947,35.306422],[129.00953,35.306645],[129.009585,35.306823],[129.009648,35.306988],[129.009863,35.307498],[129.009877,35.307523],[129.01058,35.309132],[129.010638,35.309288],[129.010767,35.309607],[129.011095,35.310365],[129.011514,35.311347],[129.011707,35.311778],[129.01177,35.31191],[129.012056,35.312551],[129.012643,35.313919],[129.012849,35.314387],[129.013279,35.315391],[129.013322,35.315493],[129.01349,35.315817],[129.0136,35.316045],[129.01398,35.316877],[129.014021,35.316968],[129.014407,35.317609],[129.014517,35.317791],[129.014589,35.317895],[129.014898,35.318267],[129.015084,35.318465],[129.015399,35.318775],[129.015747,35.319111],[129.015979,35.319288],[129.016821,35.319936],[129.017147,35.32019],[129.017548,35.32054],[129.017739,35.320738],[129.017942,35.320955],[129.018096,35.321139],[129.018266,35.321373],[129.018464,35.321674],[129.018623,35.321966],[129.018711,35.322144],[129.018859,35.322503],[129.019018,35.323023],[129.019082,35.323333],[129.019096,35.323436],[129.019118,35.323621],[129.019293,35.324633],[129.019521,35.326355],[129.019563,35.326637],[129.01961,35.326998],[129.019654,35.327362],[129.019703,35.327764],[129.019746,35.328124],[129.019785,35.328443],[129.019834,35.328846],[129.019883,35.329208],[129.019964,35.329613],[129.020071,35.330005],[129.020209,35.330393],[129.020375,35.330774],[129.020566,35.331151],[129.020755,35.331477],[129.02096,35.331786],[129.021225,35.33214],[129.021494,35.332474],[129.021763,35.332808],[129.022007,35.33311],[129.022311,35.333483],[129.022616,35.333856],[129.022921,35.334229],[129.02323,35.334606],[129.023535,35.334975],[129.023838,35.335354],[129.024138,35.335732],[129.024438,35.336109],[129.02474,35.336489],[129.025012,35.336827],[129.025308,35.337205],[129.025537,35.337513],[129.025765,35.337821],[129.025918,35.338028],[129.0264,35.338695]]}},{"type":"Feature","properties":{"color":"#BB8C00","ref":"3"},"geometry":{"type":"LineString","coordinates":[[129.070571,35.190174],[129.071255,35.189846],[129.072635,35.189174],[129.073057,35.188942],[129.073257,35.188854],[129.073463,35.188762],[129.073998,35.188544],[129.074233,35.188448],[129.074644,35.188288],[129.075156,35.188159],[129.076103,35.18794],[129.07615,35.187929],[129.076787,35.187781],[129.077296,35.187628],[129.078053,35.187356],[129.079628,35.186767],[129.080377,35.186482],[129.080412,35.186469],[129.080751,35.186344],[129.081017,35.186235],[129.081298,35.186089],[129.081501,35.185992],[129.081709,35.185851],[129.081839,35.185743],[129.081963,35.18562],[129.08216,35.185399],[129.082484,35.184656],[129.082562,35.184457],[129.083068,35.183164],[129.083213,35.182806],[129.083283,35.182583],[129.083307,35.18253],[129.083766,35.181512],[129.083988,35.180984],[129.084444,35.179881],[129.084467,35.179828],[129.084499,35.179751],[129.08487,35.178868],[129.084984,35.178619],[129.085228,35.178034],[129.085314,35.177841],[129.085473,35.177477],[129.08549,35.177436],[129.085833,35.176639],[129.085913,35.176454],[129.085927,35.176421],[129.085951,35.176356],[129.086174,35.175773],[129.086357,35.175387],[129.086614,35.174988],[129.086764,35.174821],[129.086952,35.174703],[129.0871,35.174637],[129.08722,35.174584],[129.087537,35.17451],[129.090621,35.174106],[129.092312,35.173907],[129.093266,35.173795],[129.094064,35.173688],[129.095492,35.173497],[129.095749,35.173463],[129.096595,35.17335],[129.098113,35.173192],[129.100299,35.17315],[129.100912,35.173136],[129.101143,35.17313],[129.101267,35.173141],[129.101919,35.173111],[129.102718,35.172936],[129.104424,35.172519],[129.107516,35.171733],[129.107857,35.171646],[129.108442,35.171504],[129.109005,35.171357],[129.109445,35.171225],[129.10974,35.171076],[129.111427,35.169904],[129.113998,35.168144],[129.114016,35.168131],[129.114194,35.16801],[129.114289,35.167944],[129.114308,35.167931],[129.114659,35.167691],[129.114853,35.167507],[129.11493,35.167408],[129.114983,35.167313],[129.115056,35.166985],[129.115035,35.166801],[129.114671,35.165418]]}},{"type":"Feature","properties":{"color":"#BB8C00","ref":"3"},"geometry":{"type":"LineString","coordinates":[[129.068685,35.190979],[129.068814,35.190942],[129.069082,35.190859],[129.069342,35.190729],[129.070571,35.190174]]}},{"type":"Feature","properties":{"color":"#BB8C00","ref":"3"},"geometry":{"type":"LineString","coordinates":[[129.067487,35.191465],[129.06754,35.191279],[129.067627,35.191137],[129.067758,35.191036],[129.068089,35.190991],[129.068511,35.190993],[129.068685,35.190979]]}},{"type":"Feature","properties":{"color":"#BB8C00","ref":"3"},"geometry":{"type":"LineString","coordinates":[[129.005276,35.210083],[129.005795,35.210227],[129.006276,35.210354],[129.008181,35.210825],[129.012754,35.211977],[129.016813,35.212969],[129.017333,35.21307],[129.017912,35.213145],[129.018519,35.213153],[129.020283,35.213219],[129.023491,35.213329],[129.023926,35.213325],[129.024352,35.213322],[129.024897,35.213272],[129.025787,35.213241],[129.026785,35.213127],[129.027375,35.213017],[129.027972,35.212848],[129.028116,35.212807],[129.028655,35.212757],[129.029424,35.212768],[129.030401,35.212877],[129.031318,35.213013],[129.032568,35.213215],[129.033056,35.213245],[129.033512,35.213232],[129.034918,35.213158],[129.035947,35.213044],[129.036461,35.212988],[129.037239,35.212898],[129.03818,35.212827],[129.038683,35.212776],[129.040274,35.213006],[129.042453,35.213203],[129.043687,35.213115],[129.044414,35.213003],[129.046449,35.212652],[129.061691,35.210142],[129.063697,35.209629],[129.065918,35.209028],[129.066688,35.208822],[129.067606,35.208542],[129.067862,35.208488],[129.068294,35.208339],[129.068482,35.208264],[129.068731,35.208143],[129.068876,35.20804],[129.068984,35.207931],[129.069124,35.20776],[129.069184,35.207664],[129.069207,35.207606],[129.069218,35.20755],[129.069224,35.207474],[129.069217,35.207374],[129.069191,35.207294],[129.069144,35.207189],[129.068937,35.206881],[129.068705,35.206544],[129.068318,35.205918],[129.067168,35.204216],[129.066792,35.203666],[129.066153,35.20273],[129.065467,35.201745],[129.06506,35.201069],[129.064883,35.200767],[129.064824,35.200556],[129.064786,35.200333],[129.064808,35.200061],[129.064899,35.199627],[129.065067,35.19909],[129.065258,35.198478],[129.066014,35.196233],[129.06624,35.195559],[129.067385,35.191875],[129.067487,35.191465]]}},{"type":"Feature","properties":{"color":"#BB8C00","ref":"3"},"geometry":{"type":"LineString","coordinates":[[129.005276,35.210083],[129.004354,35.209899],[129.003986,35.209796],[129.003493,35.209748],[129.002935,35.209757],[129.002468,35.209849],[129.001905,35.21002],[129.001545,35.210085],[129.001191,35.210085],[129.000778,35.210072],[129.000316,35.209983],[128.99988,35.209847]]}},{"type":"Feature","properties":{"color":"#BB8C00","ref":"3"},"geometry":{"type":"LineString","coordinates":[[128.99988,35.209847],[128.999654,35.209744],[128.999441,35.209629],[128.99925,35.209501],[128.999078,35.209361],[128.998897,35.209204],[128.998045,35.208372],[128.998004,35.208333]]}},{"type":"Feature","properties":{"color":"#BB8C00","ref":"3"},"geometry":{"type":"LineString","coordinates":[[128.998004,35.208333],[128.996878,35.207241]]}},{"type":"Feature","properties":{"color":"#BB8C00","ref":"3"},"geometry":{"type":"LineString","coordinates":[[128.996878,35.207241],[128.99633,35.206711],[128.995794,35.206191]]}},{"type":"Feature","properties":{"color":"#BB8C00","ref":"3"},"geometry":{"type":"LineString","coordinates":[[128.995794,35.206191],[128.995741,35.20614],[128.995564,35.205996],[128.995358,35.205864],[128.99507,35.20572],[128.994869,35.205654],[128.994596,35.205592],[128.994314,35.205559],[128.994047,35.205555],[128.99383,35.205575],[128.993628,35.205612],[128.993422,35.205658],[128.99324,35.20572],[128.993034,35.205806],[128.992894,35.205874],[128.992708,35.205985],[128.992566,35.206076],[128.990343,35.207575],[128.986607,35.210108],[128.986209,35.21036],[128.985755,35.210575],[128.985241,35.21075],[128.984875,35.210856],[128.984458,35.210947],[128.984044,35.211011],[128.982651,35.211168],[128.98196,35.211237],[128.981031,35.21133],[128.979982,35.211444],[128.979345,35.211496],[128.97806,35.211634],[128.970123,35.212433],[128.969385,35.212509],[128.968503,35.212599],[128.967831,35.212663],[128.965677,35.212886],[128.964762,35.212978],[128.963795,35.213076],[128.963341,35.213121],[128.962739,35.213182],[128.962474,35.213217],[128.961862,35.21331],[128.961839,35.213311],[128.960798,35.213416],[128.960197,35.213476]]}},{"type":"Feature","properties":{"color":"#F06A00","ref":"1"},"geometry":{"type":"LineString","coordinates":[[129.095159,35.284198],[129.094618,35.282661]]}},{"type":"Feature","properties":{"color":"#F06A00","ref":"1"},"geometry":{"type":"LineString","coordinates":[[129.094618,35.282661],[129.094363,35.281813],[129.094191,35.281283],[129.094052,35.280837],[129.093939,35.280422],[129.093855,35.279972],[129.093362,35.277856]]}},{"type":"Feature","properties":{"color":"#F06A00","ref":"1"},"geometry":{"type":"LineString","coordinates":[[129.093362,35.277856],[129.093167,35.277183],[129.092935,35.276387],[129.092824,35.275911],[129.092704,35.275334],[129.092649,35.274951],[129.092628,35.274652],[129.092651,35.273156],[129.09269,35.270879],[129.092762,35.267159],[129.092767,35.266757],[129.092715,35.266434],[129.09265,35.265997],[129.09246,35.265244],[129.092089,35.263515],[129.091442,35.260581],[129.091418,35.260381],[129.09141,35.260004],[129.091378,35.257066],[129.091377,35.256991],[129.091377,35.256958],[129.091377,35.256923]]}},{"type":"Feature","properties":{"color":"#F06A00","ref":"1"},"geometry":{"type":"LineString","coordinates":[[129.091377,35.256923],[129.091379,35.256863],[129.091398,35.256396],[129.091399,35.256353],[129.091446,35.255914],[129.091529,35.25529],[129.09158,35.254849],[129.091666,35.254312]]}},{"type":"Feature","properties":{"color":"#F06A00","ref":"1"},"geometry":{"type":"LineString","coordinates":[[129.091666,35.254312],[129.091731,35.253877],[129.091752,35.25361],[129.091752,35.253373],[129.091734,35.253016],[129.091727,35.252855],[129.091692,35.252568],[129.091661,35.252132],[129.091563,35.251039],[129.091498,35.250284],[129.091343,35.248042],[129.091249,35.246878],[129.091226,35.246602]]}},{"type":"Feature","properties":{"color":"#F06A00","ref":"1"},"geometry":{"type":"LineString","coordinates":[[129.091226,35.246602],[129.091134,35.245872],[129.091027,35.244575],[129.090991,35.244279],[129.090962,35.244121],[129.090933,35.24402],[129.090901,35.243904],[129.090874,35.243817],[129.090831,35.243707],[129.090789,35.2436],[129.090721,35.243447],[129.090619,35.243257],[129.090469,35.243026],[129.090358,35.242888],[129.0902,35.242721],[129.09003,35.24254],[129.0899,35.242416],[129.089707,35.242241],[129.089544,35.242081],[129.089335,35.241893],[129.089144,35.241714],[129.088965,35.241518],[129.088812,35.241341],[129.088672,35.241154],[129.088551,35.24096],[129.088457,35.240778],[129.088403,35.240666],[129.088341,35.240505],[129.088298,35.240359],[129.088259,35.240206],[129.08821,35.240025],[129.088183,35.239841],[129.088076,35.23891],[129.088069,35.238851],[129.088067,35.238838],[129.088062,35.238782],[129.088054,35.238706],[129.088054,35.23859],[129.088045,35.238456],[129.088079,35.238123],[129.088101,35.238043],[129.088131,35.237935],[129.088165,35.237751],[129.088303,35.237332]]}},{"type":"Feature","properties":{"color":"#F06A00","ref":"1"},"geometry":{"type":"LineString","coordinates":[[129.088303,35.237332],[129.088327,35.237276],[129.088458,35.236956],[129.0885,35.236858],[129.088501,35.236854],[129.088517,35.236817],[129.08859,35.236649],[129.08883,35.23609],[129.089268,35.235033],[129.089324,35.234879],[129.089398,35.234575],[129.089431,35.234371],[129.08945,35.234156],[129.089453,35.234006],[129.089451,35.233822],[129.089425,35.233601],[129.08938,35.233341],[129.089311,35.232949],[129.089249,35.232597],[129.089166,35.232119],[129.089126,35.231786],[129.089107,35.231571],[129.089103,35.231435],[129.089121,35.231181],[129.089166,35.230793],[129.0892,35.230589],[129.089203,35.230578],[129.08923,35.230416],[129.089264,35.230166],[129.089281,35.229973],[129.08932,35.229694],[129.089333,35.22957],[129.089341,35.229215],[129.089343,35.228719]]}},{"type":"Feature","properties":{"color":"#F06A00","ref":"1"},"geometry":{"type":"LineString","coordinates":[[129.089343,35.228719],[129.089323,35.228501],[129.089182,35.227509],[129.089111,35.226959],[129.089024,35.226324],[129.088982,35.226005],[129.088963,35.225835],[129.088933,35.225651],[129.088897,35.225504],[129.08881,35.225168],[129.088712,35.224864],[129.088632,35.224639],[129.08854,35.224431],[129.088039,35.223391],[129.087357,35.222136],[129.086801,35.221114],[129.086769,35.22106],[129.086188,35.220038],[129.085914,35.219555],[129.085789,35.219357],[129.0856,35.219095],[129.085113,35.218466],[129.084819,35.21811],[129.084382,35.217593],[129.083909,35.217007],[129.08375,35.216803],[129.08356,35.216582],[129.083392,35.216414],[129.083202,35.216253],[129.083091,35.216163],[129.082926,35.216045],[129.082395,35.215726],[129.08229,35.215653],[129.08195,35.215429],[129.081735,35.215275],[129.081555,35.215135],[129.08141,35.215005],[129.081268,35.214867],[129.081082,35.214667],[129.08096,35.214533],[129.08078,35.214296],[129.080154,35.21337],[129.080166,35.213361],[129.079539,35.212437],[129.079196,35.211882],[129.079159,35.211837],[129.078971,35.21154],[129.078872,35.21133],[129.078762,35.211099],[129.078696,35.210929],[129.078653,35.210791],[129.078608,35.210646],[129.078534,35.210402],[129.078495,35.210209],[129.078462,35.210007],[129.078419,35.209557],[129.078412,35.20924],[129.078433,35.207712],[129.078437,35.206547],[129.07844,35.206495],[129.078454,35.205308],[129.078461,35.204724],[129.078467,35.204023],[129.07846,35.202755],[129.078464,35.202558],[129.078488,35.202337],[129.078524,35.202115],[129.078544,35.201979],[129.078602,35.201713],[129.078953,35.200292],[129.079671,35.197389]]}},{"type":"Feature","properties":{"color":"#F06A00","ref":"1"},"geometry":{"type":"LineString","coordinates":[[129.079671,35.197389],[129.079819,35.196761],[129.079914,35.196106],[129.079927,35.195715],[129.079929,35.195369],[129.079931,35.19502],[129.079877,35.19455],[129.079814,35.194234],[129.07981,35.193217],[129.080002,35.192173],[129.080637,35.189678],[129.081188,35.187447],[129.081417,35.18638],[129.081385,35.186018],[129.081359,35.185894],[129.081129,35.185563],[129.077436,35.180958],[129.076475,35.179772],[129.075781,35.178917],[129.074813,35.177667],[129.071932,35.174043],[129.071257,35.173193],[129.069649,35.171168],[129.068371,35.169574],[129.067543,35.168571],[129.066398,35.166983],[129.065282,35.165648],[129.064285,35.164482],[129.06289,35.162633],[129.062135,35.161631],[129.059451,35.158195],[129.059342,35.158055],[129.059032,35.157155],[129.059047,35.154769],[129.059091,35.150764],[129.059143,35.147931],[129.05915,35.14724],[129.05918,35.144427],[129.05933,35.140964],[129.0594,35.139345],[129.059246,35.138838],[129.059032,35.138403],[129.058313,35.137741],[129.056821,35.136856],[129.054998,35.135062],[129.054301,35.134368],[129.052297,35.132368],[129.050096,35.130122],[129.049001,35.129046],[129.044919,35.125034],[129.044367,35.123979],[129.042901,35.121226],[129.040429,35.116586],[129.039864,35.115625],[129.039368,35.114781],[129.038715,35.113253],[129.037102,35.109324],[129.036313,35.107636],[129.036127,35.106797],[129.036216,35.105195],[129.036287,35.103843],[129.036408,35.101538],[129.036526,35.099471],[129.036253,35.099017],[129.035463,35.098135],[129.034502,35.097899],[129.033771,35.097736],[129.032876,35.09785],[129.030719,35.098382],[129.030209,35.098304],[129.026678,35.097384],[129.026146,35.097246],[129.023885,35.096605],[129.022806,35.096648],[129.022186,35.096907],[129.020604,35.098201],[129.019984,35.099023],[129.019792,35.099616],[129.019888,35.100762],[129.019999,35.10207],[129.020235,35.105231],[129.020346,35.107534],[129.020213,35.107842],[129.018536,35.109232],[129.018299,35.109462],[129.017826,35.110346],[129.017486,35.110979],[129.016811,35.11157],[129.01624,35.111881],[129.015198,35.112019],[129.013642,35.111597],[129.011223,35.110663],[129.010181,35.109811],[129.008613,35.108354],[129.004145,35.105807],[129.000866,35.103752],[128.999973,35.103231],[128.999256,35.10287],[128.99677,35.101568],[128.995047,35.100736],[128.994244,35.100417],[128.993447,35.100255],[128.991521,35.099694],[128.989944,35.099325],[128.986913,35.099146],[128.98326,35.099875],[128.981707,35.100191],[128.98057,35.100435],[128.980009,35.10062],[128.979092,35.101222],[128.977552,35.10219],[128.976668,35.102677],[128.975049,35.103256],[128.973879,35.103632],[128.972772,35.103988],[128.970298,35.104826],[128.969457,35.105197],[128.968706,35.105955],[128.968504,35.106189],[128.968179,35.106314],[128.967115,35.106349],[128.965385,35.106285],[128.963528,35.10629],[128.96305,35.106249],[128.962572,35.106144],[128.962181,35.105889],[128.961706,35.105434],[128.961332,35.104851],[128.961101,35.104401],[128.961088,35.104332],[128.960893,35.103289],[128.960766,35.102435],[128.960727,35.10185],[128.960679,35.100288],[128.96068,35.099015],[128.960662,35.098315]]}},{"type":"Feature","properties":{"color":"#F06A00","ref":"1"},"geometry":{"type":"LineString","coordinates":[[128.960662,35.098315],[128.960661,35.098282],[128.960647,35.0976],[128.960631,35.096753],[128.960655,35.095965],[128.960669,35.094938],[128.960675,35.094477],[128.960683,35.094127],[128.960686,35.09397],[128.960692,35.093801],[128.960694,35.093665],[128.960698,35.093527],[128.960695,35.093036],[128.960716,35.092583],[128.960725,35.092512]]}},{"type":"Feature","properties":{"color":"#F06A00","ref":"1"},"geometry":{"type":"LineString","coordinates":[[128.960725,35.092512],[128.960732,35.092267],[128.96077,35.091655],[128.96084,35.091241],[128.96113,35.090751],[128.961709,35.090332],[128.962442,35.090074],[128.965134,35.090044],[128.966065,35.090054],[128.972226,35.089846],[128.973442,35.089786],[128.974734,35.089721],[128.977466,35.089566],[128.977681,35.089493],[128.977776,35.089366],[128.977792,35.089232],[128.97753,35.085123],[128.977402,35.08253],[128.977387,35.081935],[128.97737,35.08064],[128.977357,35.080562],[128.977469,35.079094],[128.97748,35.078503],[128.977441,35.077993],[128.976851,35.074627],[128.976718,35.073872],[128.976634,35.073489],[128.976596,35.073114],[128.976641,35.072755],[128.977818,35.069416],[128.978049,35.068981],[128.978416,35.068486],[128.978812,35.068073],[128.979328,35.067561],[128.979611,35.067274],[128.979843,35.066917],[128.979952,35.06655],[128.979959,35.066187],[128.979789,35.065455],[128.979785,35.06544],[128.979671,35.064949],[128.979589,35.064566],[128.979572,35.064285],[128.97958,35.06376],[128.979557,35.063481],[128.979429,35.063239],[128.979172,35.063076],[128.978338,35.062842],[128.977202,35.062004],[128.975861,35.061372],[128.975365,35.061112],[128.974942,35.060836],[128.97462,35.060508],[128.974268,35.060079],[128.973902,35.059794],[128.973373,35.059621],[128.972851,35.059428],[128.972464,35.059235],[128.972043,35.058942],[128.971793,35.058534],[128.971436,35.057888],[128.970926,35.056965],[128.970618,35.056443],[128.970515,35.056103],[128.970484,35.055755],[128.9705,35.055437],[128.970791,35.053917],[128.970994,35.052871],[128.971033,35.052566],[128.971023,35.052274],[128.970984,35.05201],[128.970702,35.051263],[128.969765,35.048602],[128.969681,35.048414],[128.969625,35.0483],[128.96959,35.048229],[128.969439,35.048058],[128.969257,35.0479],[128.968924,35.047751],[128.968559,35.047665],[128.96811,35.047628],[128.967763,35.047653],[128.967396,35.047733],[128.966232,35.048086]]}},{"type":"Feature","properties":{"color":"#8652A1","ref":"BGL"},"geometry":{"type":"LineString","coordinates":[[128.988176,35.16254],[128.987753,35.162503],[128.987372,35.162464],[128.986363,35.162347],[128.985936,35.162297],[128.985614,35.16226],[128.985165,35.162249],[128.98475,35.162266],[128.984324,35.162314],[128.983801,35.16239],[128.977725,35.163278],[128.976429,35.163462],[128.974098,35.163809],[128.972327,35.164078],[128.968761,35.164633],[128.965852,35.165076],[128.964464,35.165274],[128.964078,35.165314],[128.963575,35.165351],[128.963168,35.165362],[128.962717,35.165359],[128.96233,35.165342],[128.961794,35.165285],[128.960961,35.165135],[128.960603,35.165056],[128.960321,35.164987],[128.960059,35.164907],[128.959702,35.164785],[128.9592,35.164601],[128.958711,35.16442],[128.958153,35.164182],[128.957776,35.164052],[128.957592,35.164005],[128.957417,35.163988],[128.957074,35.164035],[128.956653,35.164152],[128.956477,35.16422],[128.956318,35.164319],[128.955837,35.164833],[128.954956,35.166397],[128.954914,35.166473],[128.953702,35.16865],[128.953281,35.169392],[128.953085,35.169747],[128.952822,35.170107],[128.952518,35.170353],[128.952294,35.170487],[128.952109,35.170555],[128.951927,35.170611],[128.951711,35.170656],[128.950839,35.170782],[128.950624,35.170815],[128.950307,35.170896],[128.949275,35.171276],[128.949103,35.171361],[128.948959,35.17147],[128.948836,35.171606],[128.948756,35.171702]]}},{"type":"Feature","properties":{"color":"#8652A1","ref":"BGL"},"geometry":{"type":"LineString","coordinates":[[128.948756,35.171702],[128.948561,35.171934],[128.948523,35.17198],[128.948389,35.172139]]}},{"type":"Feature","properties":{"color":"#8652A1","ref":"BGL"},"geometry":{"type":"LineString","coordinates":[[128.948389,35.172139],[128.948289,35.172257],[128.948201,35.172391],[128.948137,35.172514],[128.948089,35.172627],[128.948058,35.172766],[128.947829,35.174644],[128.947807,35.174847],[128.947814,35.17499],[128.947847,35.175138],[128.94788,35.175225],[128.947931,35.175335],[128.947991,35.175426],[128.948073,35.175518],[128.948393,35.175884],[128.952785,35.180705],[128.953013,35.180953],[128.95326,35.181221],[128.953464,35.181411],[128.953671,35.181612],[128.954137,35.181968],[128.958802,35.185375],[128.959046,35.185563],[128.959219,35.185749],[128.959417,35.185987],[128.959563,35.18629],[128.959721,35.186761],[128.960321,35.188868],[128.960639,35.189717],[128.961282,35.191099],[128.961905,35.192345],[128.962303,35.19316],[128.962626,35.193759],[128.963387,35.1949],[128.963441,35.195019],[128.963512,35.195249],[128.963545,35.195488],[128.963528,35.196228],[128.963522,35.196755],[128.963464,35.199876],[128.963401,35.203538],[128.963261,35.211457],[128.963248,35.211787],[128.963245,35.211959],[128.96322,35.21213],[128.963171,35.212298],[128.963101,35.212461],[128.963007,35.212586],[128.962895,35.212688],[128.962668,35.212803],[128.962497,35.212866],[128.962219,35.212918],[128.960517,35.213068],[128.955143,35.213587],[128.953941,35.213713],[128.952927,35.213822],[128.951406,35.213969],[128.950618,35.214043],[128.949626,35.214141],[128.949054,35.214207],[128.94878,35.214256],[128.948474,35.214322],[128.948055,35.214431],[128.947458,35.214627],[128.945234,35.215386],[128.941499,35.216637],[128.941031,35.216793],[128.938635,35.217597],[128.938297,35.217713],[128.93749,35.217974],[128.935649,35.218598],[128.932965,35.219542],[128.932673,35.219658],[128.930845,35.220467],[128.929113,35.221319],[128.928499,35.221676],[128.928228,35.221874],[128.927822,35.22224],[128.927335,35.222775],[128.927128,35.223064],[128.925874,35.224999],[128.925435,35.225648],[128.92488,35.226368],[128.923713,35.227636],[128.92321,35.228104],[128.922856,35.228345],[128.922531,35.228531],[128.922239,35.228673],[128.921872,35.228827],[128.921336,35.228985],[128.920955,35.229076],[128.920597,35.229135],[128.920205,35.229149],[128.919728,35.229135],[128.917538,35.229062],[128.915582,35.228987],[128.910659,35.228804],[128.908023,35.228637],[128.901736,35.228102],[128.896791,35.227681],[128.894067,35.227455],[128.890319,35.227099],[128.883801,35.226473],[128.877038,35.225826],[128.876584,35.225792],[128.87639,35.225795],[128.876217,35.225812],[128.875982,35.225849],[128.875607,35.225931],[128.87525,35.226033],[128.87494,35.226153],[128.874668,35.226322],[128.874535,35.226418],[128.874464,35.22652],[128.874404,35.226629],[128.874369,35.226706],[128.874328,35.226837],[128.874255,35.22735],[128.874163,35.227871],[128.874046,35.228311],[128.873952,35.228579],[128.873811,35.228883],[128.873497,35.229413],[128.872873,35.230421],[128.872771,35.230593],[128.872641,35.230878],[128.872537,35.231192],[128.872409,35.231633],[128.872311,35.231976],[128.872192,35.232437],[128.872066,35.232925],[128.871889,35.233607],[128.871774,35.234112],[128.871749,35.234482],[128.871756,35.236341],[128.871774,35.237003],[128.871897,35.238113],[128.871937,35.238628],[128.87191,35.23902],[128.871879,35.239541],[128.87184,35.24013],[128.871752,35.241148],[128.871523,35.243333],[128.87144,35.244199],[128.871396,35.244705],[128.871321,35.245127],[128.871119,35.245724],[128.87096,35.246062],[128.870757,35.246412],[128.8705,35.246751],[128.869841,35.247497],[128.869455,35.24797],[128.869241,35.248353],[128.869133,35.2487],[128.869145,35.249049],[128.869179,35.249275],[128.869223,35.249657],[128.869338,35.250217],[128.869576,35.25123],[128.869643,35.251493],[128.869742,35.251827],[128.869876,35.25227],[128.869956,35.252645],[128.870005,35.252866],[128.870061,35.253253],[128.870089,35.253784],[128.87012,35.254359],[128.870094,35.254584],[128.870043,35.254837],[128.869952,35.255104],[128.869571,35.256101],[128.869402,35.256342],[128.869281,35.256483],[128.869093,35.256665],[128.868766,35.25687],[128.868118,35.2573],[128.867977,35.257439],[128.867826,35.257632],[128.867758,35.257755],[128.867663,35.25802],[128.867469,35.258677],[128.86719,35.259556],[128.867071,35.259961],[128.86704,35.260087],[128.867006,35.260221],[128.866992,35.260348],[128.866988,35.260553],[128.866993,35.260619],[128.867018,35.26073],[128.867046,35.260941],[128.867178,35.261728],[128.867192,35.261872],[128.867204,35.262052],[128.867206,35.262203],[128.867197,35.262381],[128.86717,35.262557],[128.867135,35.262729],[128.86708,35.262938],[128.866859,35.263596],[128.866768,35.263839],[128.866699,35.26402],[128.866597,35.264232],[128.866502,35.264382],[128.866353,35.264608],[128.866243,35.264734],[128.866084,35.264889],[128.865353,35.265546],[128.865229,35.26565],[128.865143,35.265779],[128.865069,35.265929],[128.865032,35.266086],[128.865016,35.266256],[128.864975,35.266832],[128.864916,35.267854],[128.864905,35.268074],[128.864814,35.269585],[128.864789,35.269865],[128.864746,35.270139],[128.864669,35.27046],[128.864577,35.270957],[128.864523,35.271266],[128.864453,35.271724],[128.864364,35.27217],[128.864332,35.272329],[128.86429,35.272444],[128.864214,35.272575],[128.864123,35.272694],[128.863992,35.272865]]}},{"type":"Feature","properties":{"color":"#00A23F","ref":"2"},"geometry":{"type":"LineString","coordinates":[[126.973964,37.563091],[126.973604,37.562976],[126.972752,37.56276],[126.968088,37.561682],[126.967399,37.561512],[126.966838,37.561287],[126.963666,37.559359],[126.961267,37.557908],[126.960872,37.55771],[126.959872,37.557398],[126.959765,37.557383],[126.959252,37.557313],[126.958606,37.557303],[126.956134,37.557449],[126.949196,37.557006],[126.945842,37.556792],[126.941957,37.556599],[126.941399,37.556541],[126.940986,37.556446],[126.937437,37.555291],[126.936909,37.555179],[126.936465,37.55527],[126.935494,37.555621],[126.932514,37.556702],[126.927287,37.558597],[126.927067,37.558662],[126.926867,37.558709],[126.926711,37.558724],[126.926531,37.558718],[126.926335,37.55869],[126.926175,37.558644],[126.926021,37.558572],[126.925878,37.558481],[126.925729,37.558368],[126.925237,37.558],[126.923465,37.556676],[126.914638,37.550078],[126.913857,37.549481],[126.91351,37.549224],[126.913437,37.549158],[126.913264,37.548972],[126.912857,37.548412]]}},{"type":"Feature","properties":{"color":"#00A23F","ref":"2"},"geometry":{"type":"LineString","coordinates":[[126.912857,37.548412],[126.912559,37.547944],[126.912334,37.547506],[126.912136,37.546914]]}},{"type":"Feature","properties":{"color":"#00A23F","ref":"2"},"geometry":{"type":"LineString","coordinates":[[126.912136,37.546914],[126.911729,37.545767],[126.91154,37.545337],[126.911093,37.544692],[126.910648,37.544144],[126.910236,37.543658],[126.904978,37.537602],[126.903413,37.535836],[126.903303,37.535687]]}},{"type":"Feature","properties":{"color":"#00A23F","ref":"2"},"geometry":{"type":"LineString","coordinates":[[126.903303,37.535687],[126.902071,37.534127],[126.901903,37.53391],[126.898336,37.529407]]}},{"type":"Feature","properties":{"color":"#00A23F","ref":"2"},"geometry":{"type":"LineString","coordinates":[[126.898336,37.529407],[126.898198,37.529241],[126.898046,37.529037],[126.897697,37.52861],[126.897249,37.527984],[126.897125,37.527792],[126.896993,37.527123],[126.896833,37.526485],[126.896639,37.525736],[126.896537,37.525315],[126.896449,37.524928],[126.89629,37.524229],[126.89618,37.523806],[126.896125,37.523612],[126.896063,37.523315],[126.896027,37.523167],[126.895953,37.522836],[126.895339,37.5202],[126.894963,37.518982],[126.894839,37.518408],[126.894617,37.517288],[126.894518,37.516874],[126.894428,37.516517],[126.894353,37.516308],[126.894229,37.516071],[126.894079,37.515804],[126.893935,37.515595],[126.893731,37.51536],[126.893176,37.514888],[126.892475,37.514352],[126.892073,37.514038],[126.891723,37.513781],[126.891298,37.513444],[126.890969,37.51322],[126.890493,37.512837],[126.890261,37.512667],[126.890101,37.512516],[126.889894,37.512267],[126.88983,37.512159],[126.889768,37.512022],[126.889724,37.511897],[126.889681,37.511732],[126.889665,37.511575],[126.889666,37.511443],[126.889687,37.511296],[126.889734,37.511089],[126.889812,37.510892],[126.88994,37.510706],[126.89006,37.510561],[126.890373,37.510167],[126.890592,37.509815],[126.890882,37.509416],[126.891191,37.508951],[126.891491,37.50848],[126.891711,37.508135],[126.891735,37.508096],[126.89191,37.507737],[126.892566,37.506791],[126.892685,37.506535],[126.892786,37.506278],[126.89286,37.506029],[126.892907,37.505765],[126.89292,37.505486],[126.892905,37.50522],[126.892798,37.504326]]}},{"type":"Feature","properties":{"color":"#00A23F","ref":"2"},"geometry":{"type":"LineString","coordinates":[[126.892798,37.504326],[126.892541,37.502592],[126.892486,37.502196],[126.892464,37.501935],[126.892448,37.501682],[126.892445,37.501506],[126.892452,37.501323],[126.892466,37.501133],[126.892496,37.500901],[126.892544,37.500656]]}},{"type":"Feature","properties":{"color":"#00A23F","ref":"2"},"geometry":{"type":"LineString","coordinates":[[126.892544,37.500656],[126.892559,37.500579],[126.892585,37.50045],[126.892663,37.500183],[126.892711,37.500029],[126.892759,37.499886],[126.892817,37.499736],[126.892875,37.499595],[126.893371,37.498488],[126.893478,37.498152],[126.893544,37.497808],[126.893619,37.497242],[126.893729,37.496699],[126.893833,37.496329],[126.894029,37.495757],[126.894339,37.494945],[126.894958,37.49328],[126.895439,37.49199],[126.896526,37.489127],[126.89665,37.488844],[126.896808,37.488523],[126.89703,37.488199],[126.897237,37.487923],[126.897621,37.487533],[126.898149,37.487108],[126.89853,37.486842],[126.898999,37.486546],[126.899485,37.48628],[126.900441,37.485724],[126.900954,37.485468],[126.901344,37.485328],[126.901573,37.485257],[126.901803,37.485185],[126.902165,37.485107],[126.90259,37.485033],[126.902718,37.485011],[126.903187,37.484996],[126.905081,37.484923],[126.905569,37.48493],[126.906016,37.484986],[126.906533,37.485079],[126.907046,37.485207],[126.910762,37.486328],[126.91125,37.486509],[126.912303,37.48695],[126.912925,37.487276],[126.91343,37.487597],[126.915547,37.488942],[126.915953,37.489189],[126.916353,37.489351],[126.916774,37.489493],[126.917289,37.489617],[126.917561,37.489653],[126.917836,37.489689],[126.91826,37.489727],[126.91862,37.489726],[126.91908,37.489696],[126.919386,37.489653],[126.91968,37.489593],[126.919932,37.489524],[126.920309,37.489403],[126.920671,37.489259],[126.921162,37.489017],[126.921856,37.488478],[126.922083,37.488276],[126.923166,37.487166],[126.923684,37.486631],[126.924624,37.485625]]}},{"type":"Feature","properties":{"color":"#00A23F","ref":"2"},"geometry":{"type":"LineString","coordinates":[[126.924624,37.485625],[126.925048,37.48517]]}},{"type":"Feature","properties":{"color":"#00A23F","ref":"2"},"geometry":{"type":"LineString","coordinates":[[126.92667,37.484225],[126.926355,37.484313],[126.926018,37.484447],[126.925672,37.484623],[126.925408,37.484831],[126.92513,37.48508],[126.925048,37.48517]]}},{"type":"Feature","properties":{"color":"#00A23F","ref":"2"},"geometry":{"type":"LineString","coordinates":[[126.929699,37.484223],[126.929505,37.484195],[126.92864,37.484081],[126.928093,37.484066],[126.927747,37.484059],[126.927594,37.484055],[126.927373,37.484055],[126.927159,37.484086],[126.92667,37.484225]]}},{"type":"Feature","properties":{"color":"#00A23F","ref":"2"},"geometry":{"type":"LineString","coordinates":[[126.952747,37.481191],[126.952251,37.481298],[126.95148,37.481375],[126.948944,37.481627],[126.946277,37.481893],[126.945718,37.481948],[126.94467,37.482047],[126.94303,37.48221],[126.942528,37.482266],[126.941985,37.482354],[126.941651,37.482416],[126.941156,37.482548],[126.940857,37.482655],[126.940522,37.482797],[126.939171,37.483407],[126.937815,37.48402],[126.936527,37.484581],[126.936374,37.484633],[126.936192,37.484684],[126.935939,37.484747],[126.935667,37.484797],[126.935412,37.484817],[126.935051,37.484834],[126.93473,37.484833],[126.934194,37.484807],[126.93115,37.484405],[126.931051,37.484393],[126.930607,37.484337],[126.929803,37.484234],[126.929699,37.484223]]}},{"type":"Feature","properties":{"color":"#00A23F","ref":"2"},"geometry":{"type":"LineString","coordinates":[[126.978723,37.476636],[126.977897,37.47662],[126.97774,37.476609],[126.97715,37.476577],[126.976859,37.47656],[126.976651,37.476544],[126.976137,37.476486],[126.975512,37.476401],[126.974989,37.476334],[126.974742,37.476294],[126.974363,37.476227],[126.973893,37.47613],[126.97342,37.476031],[126.970872,37.475413],[126.970536,37.47534],[126.970275,37.47529],[126.969993,37.475261],[126.96969,37.475246],[126.969597,37.475243],[126.969223,37.47524],[126.968864,37.475266],[126.968299,37.47534],[126.96787,37.475417],[126.967451,37.475518],[126.966713,37.475797],[126.963545,37.477029],[126.962313,37.477504],[126.961861,37.477677],[126.959863,37.478448],[126.959494,37.478589],[126.958678,37.478924],[126.957037,37.479574],[126.955774,37.480074],[126.955417,37.480215],[126.954268,37.480659],[126.953348,37.480985],[126.952747,37.481191]]}},{"type":"Feature","properties":{"color":"#00A23F","ref":"2"},"geometry":{"type":"LineString","coordinates":[[127.003841,37.484346],[127.003741,37.484054],[127.003629,37.483738],[127.003466,37.483389],[127.003262,37.483019],[127.002978,37.482703],[127.002575,37.48244],[127.002491,37.482394],[127.002359,37.482338],[127.002181,37.482265],[126.999797,37.481669],[126.998652,37.481577],[126.998048,37.481517],[126.997881,37.481495],[126.997682,37.481443],[126.99727,37.48131],[126.996896,37.481192],[126.996321,37.481014],[126.995663,37.480796],[126.994908,37.480558],[126.994386,37.480396],[126.993657,37.480156],[126.99292,37.479912],[126.992379,37.479743],[126.991723,37.479535],[126.991141,37.479349],[126.990941,37.479282],[126.990419,37.479087],[126.990018,37.478931],[126.989614,37.478739],[126.989346,37.478596],[126.988812,37.478332],[126.988457,37.478151],[126.98808,37.477957],[126.98757,37.477701],[126.98741,37.47762],[126.987159,37.477498],[126.986764,37.477303],[126.98585,37.476853],[126.985515,37.476688],[126.985285,37.476625],[126.985052,37.476568],[126.984797,37.47653],[126.984514,37.4765],[126.983591,37.476467],[126.983076,37.476466],[126.982546,37.476478],[126.980407,37.476617],[126.979983,37.476632],[126.97934,37.476641],[126.978723,37.476636]]}},{"type":"Feature","properties":{"color":"#00A23F","ref":"2"},"geometry":{"type":"LineString","coordinates":[[127.0146,37.493938],[127.013234,37.493526],[127.011115,37.492848],[127.00977,37.492447],[127.007642,37.491807],[127.006949,37.491583],[127.006316,37.49138],[127.005998,37.491281],[127.005706,37.491172],[127.00551,37.491054],[127.005224,37.49081],[127.00507,37.490655],[127.004989,37.49056],[127.004914,37.490439],[127.00486,37.490324],[127.004813,37.490162],[127.004666,37.489453],[127.003841,37.484346]]}},{"type":"Feature","properties":{"color":"#00A23F","ref":"2"},"geometry":{"type":"LineString","coordinates":[[127.07532,37.511284],[127.073721,37.511037],[127.07249,37.510837],[127.071921,37.510742],[127.071638,37.510696],[127.067034,37.509941],[127.06643,37.509791],[127.065422,37.509499],[127.064514,37.509191],[127.064248,37.509107],[127.063166,37.508784],[127.06211,37.508449],[127.061871,37.508376],[127.060813,37.508053],[127.059374,37.507644],[127.058198,37.507267],[127.057563,37.507056],[127.056641,37.506786],[127.05645,37.506727],[127.048909,37.50444],[127.044246,37.503024],[127.03836,37.501207],[127.036916,37.50079],[127.027608,37.4979],[127.023823,37.49675],[127.022255,37.49628],[127.020687,37.495795],[127.019434,37.495409],[127.017848,37.494916],[127.016974,37.494659],[127.015759,37.494272],[127.0146,37.493938]]}},{"type":"Feature","properties":{"color":"#00A23F","ref":"2"},"geometry":{"type":"LineString","coordinates":[[127.103736,37.514878],[127.103381,37.514532],[127.103071,37.514258],[127.102956,37.514185],[127.102782,37.514095],[127.102407,37.513942],[127.101891,37.51376],[127.101667,37.513691],[127.101242,37.51355],[127.1001,37.513189],[127.099728,37.513088],[127.098915,37.512877],[127.097463,37.512493],[127.095591,37.51213],[127.092935,37.511908],[127.08878,37.511493],[127.086433,37.511548],[127.085792,37.511566],[127.085281,37.511578],[127.084538,37.511598],[127.078467,37.511769],[127.076284,37.511445],[127.07532,37.511284]]}},{"type":"Feature","properties":{"color":"#00A23F","ref":"2"},"geometry":{"type":"LineString","coordinates":[[127.103736,37.514878],[127.104098,37.515233],[127.104407,37.515584]]}},{"type":"Feature","properties":{"color":"#00A23F","ref":"2"},"geometry":{"type":"LineString","coordinates":[[127.104407,37.515584],[127.104444,37.515632],[127.104661,37.515981],[127.104849,37.516382],[127.104994,37.516823],[127.10508,37.517236],[127.1051,37.517599],[127.105089,37.517908],[127.105047,37.518214],[127.104985,37.518465],[127.104908,37.518718],[127.104781,37.51902],[127.104359,37.51979],[127.104305,37.519884],[127.103871,37.520654],[127.103411,37.521467],[127.102885,37.522408],[127.102079,37.523681]]}},{"type":"Feature","properties":{"color":"#00A23F","ref":"2"},"geometry":{"type":"LineString","coordinates":[[127.102079,37.523681],[127.10146,37.524685],[127.095645,37.533744]]}},{"type":"Feature","properties":{"color":"#00A23F","ref":"2"},"geometry":{"type":"LineString","coordinates":[[127.095645,37.533744],[127.095311,37.53425],[127.095259,37.534329],[127.094748,37.535129],[127.09422,37.535967],[127.094024,37.536278],[127.093697,37.53672],[127.093509,37.536913],[127.093322,37.53707],[127.092974,37.537322],[127.092514,37.537583],[127.092079,37.537778],[127.091612,37.537929],[127.091036,37.538036],[127.090414,37.53807],[127.08972,37.538022],[127.089283,37.537935],[127.087455,37.537488],[127.087239,37.537434],[127.086173,37.537166],[127.085103,37.536898],[127.084529,37.536753],[127.084101,37.536671],[127.08364,37.536641],[127.083267,37.536652],[127.082759,37.536732],[127.078689,37.537735],[127.077091,37.538134],[127.074378,37.538812],[127.073054,37.539158],[127.07074,37.539929],[127.069702,37.540277],[127.068171,37.540788],[127.06808,37.540819],[127.066549,37.54134],[127.063907,37.542238],[127.063501,37.54236],[127.061492,37.542969],[127.061403,37.542996],[127.058832,37.543774],[127.058229,37.543956],[127.057957,37.544039],[127.057377,37.544214]]}},{"type":"Feature","properties":{"color":"#00A23F","ref":"2"},"geometry":{"type":"LineString","coordinates":[[127.057377,37.544214],[127.057185,37.544269],[127.055055,37.544898]]}},{"type":"Feature","properties":{"color":"#00A23F","ref":"2"},"geometry":{"type":"LineString","coordinates":[[127.055055,37.544898],[127.05497,37.544924],[127.054599,37.545036],[127.050442,37.546297],[127.048646,37.546829],[127.047419,37.54725],[127.046397,37.547587],[127.046281,37.547632],[127.045837,37.547807],[127.045651,37.547902],[127.045523,37.547972],[127.045399,37.548053],[127.045254,37.548167],[127.045127,37.548285],[127.044946,37.548501],[127.044822,37.548661],[127.044767,37.548756],[127.044687,37.548908],[127.044623,37.549036],[127.044562,37.549197],[127.044507,37.549328],[127.044412,37.549923],[127.044325,37.550583],[127.044291,37.551869],[127.044257,37.55222],[127.043936,37.554206],[127.043853,37.554661],[127.043684,37.555727],[127.043628,37.556079]]}},{"type":"Feature","properties":{"color":"#00A23F","ref":"2"},"geometry":{"type":"LineString","coordinates":[[127.043628,37.556079],[127.043525,37.556682]]}},{"type":"Feature","properties":{"color":"#00A23F","ref":"2"},"geometry":{"type":"LineString","coordinates":[[127.043525,37.556682],[127.043249,37.559081],[127.043142,37.559762],[127.042825,37.560305],[127.042203,37.560791],[127.041548,37.561091],[127.041049,37.561194],[127.040971,37.561211],[127.040933,37.561218],[127.04076,37.561254],[127.039874,37.561283],[127.038515,37.561257],[127.037915,37.561246],[127.037136,37.561222],[127.036082,37.561199],[127.035631,37.561254],[127.035191,37.561436],[127.034393,37.561952],[127.033233,37.562677],[127.029212,37.564425],[127.027432,37.564892],[127.026791,37.564984],[127.024533,37.565059],[127.024339,37.565067],[127.023439,37.565213],[127.021989,37.56545],[127.020991,37.565616],[127.019814,37.565653],[127.018653,37.5656],[127.017189,37.565481],[127.016306,37.56541],[127.014656,37.56521],[127.012682,37.564971],[127.012033,37.564914],[127.011314,37.564961],[127.01059,37.565101],[127.008176,37.565905]]}},{"type":"Feature","properties":{"color":"#00A23F","ref":"2"},"geometry":{"type":"LineString","coordinates":[[127.008176,37.565905],[127.007715,37.566025],[127.005467,37.566455],[127.004516,37.566636],[127.004201,37.566701],[127.003385,37.566793],[127.002753,37.566829],[127.002007,37.566825],[126.998,37.566666],[126.997671,37.566648],[126.9971,37.566618],[126.991197,37.566307],[126.982607,37.565978]]}},{"type":"Feature","properties":{"color":"#00A23F","ref":"2"},"geometry":{"type":"LineString","coordinates":[[126.982607,37.565978],[126.979139,37.565979],[126.978494,37.565947],[126.978212,37.56589],[126.977953,37.565787],[126.97771,37.565619],[126.977492,37.565404],[126.977423,37.565315],[126.977301,37.565159],[126.97704,37.56474],[126.97666,37.564231],[126.976585,37.564136],[126.976434,37.564017],[126.976246,37.563935],[126.974866,37.563402],[126.973964,37.563091]]}},{"type":"Feature","properties":{"color":"#009BCE","ref":"4"},"geometry":{"type":"LineString","coordinates":[[127.07844,37.669575],[127.078382,37.669504],[127.078253,37.66935],[127.077913,37.668942],[127.076331,37.667048],[127.076104,37.666702],[127.076012,37.666494],[127.075931,37.666222],[127.075919,37.66599],[127.075918,37.66487],[127.07579,37.66392]]}},{"type":"Feature","properties":{"color":"#009BCE","ref":"4"},"geometry":{"type":"LineString","coordinates":[[127.07579,37.66392],[127.075621,37.663049],[127.075611,37.663002],[127.075546,37.662833],[127.075457,37.662668],[127.075366,37.662544],[127.075188,37.662336],[127.074818,37.662006],[127.073706,37.661044],[127.073522,37.660864],[127.073266,37.660615],[127.072674,37.659991],[127.072643,37.659959],[127.071894,37.659181],[127.071633,37.658989],[127.071473,37.658893],[127.07134,37.658815],[127.071146,37.658726],[127.070825,37.658616],[127.070269,37.658485],[127.069622,37.658355],[127.069344,37.658284],[127.069112,37.658225],[127.069088,37.658219],[127.068628,37.658097],[127.068547,37.658066],[127.068318,37.657977],[127.067862,37.657734],[127.067553,37.657588],[127.066636,37.657143],[127.066178,37.656983],[127.065584,37.65685],[127.06458,37.656629],[127.063441,37.656371],[127.063415,37.656365],[127.062363,37.656124]]}},{"type":"Feature","properties":{"color":"#009BCE","ref":"4"},"geometry":{"type":"LineString","coordinates":[[127.062363,37.656124],[127.062197,37.656088],[127.061627,37.655963],[127.061318,37.655895],[127.056238,37.654756],[127.055691,37.654646],[127.055338,37.654583],[127.05484,37.654531],[127.053325,37.654441],[127.052862,37.654399],[127.052152,37.654264],[127.049772,37.653698],[127.04885,37.65348]]}},{"type":"Feature","properties":{"color":"#009BCE","ref":"4"},"geometry":{"type":"LineString","coordinates":[[127.04885,37.65348],[127.048831,37.653475],[127.047822,37.653239],[127.047701,37.65321],[127.046659,37.652964]]}},{"type":"Feature","properties":{"color":"#009BCE","ref":"4"},"geometry":{"type":"LineString","coordinates":[[127.046659,37.652964],[127.046618,37.652955]]}},{"type":"Feature","properties":{"color":"#009BCE","ref":"4"},"geometry":{"type":"LineString","coordinates":[[127.046618,37.652955],[127.042107,37.651892]]}},{"type":"Feature","properties":{"color":"#009BCE","ref":"4"},"geometry":{"type":"LineString","coordinates":[[127.042107,37.651892],[127.041219,37.651722],[127.037664,37.651465],[127.037354,37.651426],[127.036827,37.651256],[127.036602,37.651131],[127.036318,37.650968],[127.036128,37.650845],[127.035957,37.65069],[127.03584,37.650551],[127.035738,37.650389],[127.035621,37.650213],[127.034549,37.64842],[127.034508,37.648352],[127.033663,37.646928],[127.033092,37.645966],[127.032491,37.644895],[127.031918,37.644028],[127.031387,37.643407],[127.030143,37.642242],[127.025691,37.637989],[127.023731,37.636225],[127.023393,37.635766],[127.023251,37.635531],[127.023181,37.635252],[127.023309,37.634031],[127.023429,37.633399],[127.023594,37.632843],[127.024073,37.631617],[127.025296,37.628486],[127.02551,37.627941],[127.026089,37.626457],[127.026491,37.62543],[127.029792,37.617182],[127.029838,37.616752],[127.030074,37.613164],[127.030311,37.611145],[127.03031,37.610495],[127.030231,37.60972],[127.030087,37.609198],[127.029785,37.60862],[127.028371,37.607044],[127.027704,37.606377],[127.025869,37.604831],[127.025676,37.604653],[127.025496,37.604471],[127.025396,37.604346],[127.025347,37.60426],[127.024876,37.603351],[127.024782,37.603166],[127.024414,37.602421],[127.021877,37.597729],[127.021299,37.596671],[127.021011,37.596279],[127.019836,37.595219],[127.018703,37.594229],[127.018303,37.593868],[127.01782,37.593452],[127.017411,37.593151],[127.016937,37.592896],[127.016752,37.592796],[127.016411,37.592665],[127.01573,37.592497],[127.014819,37.592394],[127.014158,37.592254],[127.013964,37.5922],[127.013763,37.592122],[127.012474,37.591482],[127.010292,37.590348],[127.008327,37.589494],[127.008293,37.589479],[127.007437,37.589138],[127.007297,37.589079],[127.005316,37.588201]]}},{"type":"Feature","properties":{"color":"#009BCE","ref":"4"},"geometry":{"type":"LineString","coordinates":[[127.005316,37.588201],[127.005081,37.588113],[127.0045,37.58789],[127.003961,37.587686],[127.002962,37.587251],[127.002655,37.587075],[127.002265,37.586796],[127.001927,37.586459],[127.00166,37.586126],[127.001525,37.58594],[127.001375,37.585695],[127.001325,37.585531],[127.001302,37.585385],[127.001294,37.585273],[127.001307,37.585144],[127.001365,37.584804],[127.001567,37.583793],[127.001898,37.582491],[127.001931,37.582143],[127.002051,37.580891],[127.002193,37.577712],[127.002212,37.577544],[127.002252,37.577313],[127.002318,37.577099],[127.002423,37.576851],[127.002534,37.576663],[127.002612,37.576556],[127.002723,37.576457],[127.00283,37.576382],[127.002931,37.576332],[127.003595,37.576135],[127.004457,37.575878],[127.004987,37.575599],[127.005402,37.575212],[127.006095,37.574489],[127.008169,37.57225]]}},{"type":"Feature","properties":{"color":"#009BCE","ref":"4"},"geometry":{"type":"LineString","coordinates":[[127.009824,37.569806],[127.009688,37.570194],[127.00961,37.570393],[127.009551,37.570483],[127.009375,37.570756],[127.009136,37.571093],[127.008925,37.571378],[127.008169,37.57225]]}},{"type":"Feature","properties":{"color":"#009BCE","ref":"4"},"geometry":{"type":"LineString","coordinates":[[127.001896,37.563054],[127.003931,37.563538],[127.005482,37.563839],[127.005918,37.563895],[127.006389,37.56392],[127.00654,37.563945],[127.006655,37.563988],[127.006953,37.564127],[127.007096,37.564193],[127.007166,37.564237],[127.007227,37.564279],[127.007316,37.56435],[127.007397,37.564429],[127.007477,37.564527],[127.007681,37.564764],[127.008048,37.565203],[127.008324,37.565521],[127.008601,37.565858],[127.008868,37.566251],[127.009137,37.566736],[127.009346,37.56711],[127.009472,37.567369],[127.009572,37.567554],[127.009677,37.567875],[127.009734,37.568141],[127.009793,37.568552],[127.009847,37.568837],[127.009878,37.569103],[127.009891,37.569444],[127.009866,37.569617],[127.009824,37.569806]]}},{"type":"Feature","properties":{"color":"#009BCE","ref":"4"},"geometry":{"type":"LineString","coordinates":[[126.996311,37.56176],[126.996698,37.561851],[126.998056,37.562167],[127.000854,37.562806],[127.001588,37.562978],[127.001896,37.563054]]}},{"type":"Feature","properties":{"color":"#009BCE","ref":"4"},"geometry":{"type":"LineString","coordinates":[[126.992391,37.561067],[126.992603,37.561066],[126.992826,37.561055],[126.993074,37.561053],[126.99325,37.561064],[126.993442,37.561086],[126.993646,37.56111],[126.994151,37.561229],[126.994473,37.561311],[126.995755,37.561629],[126.996311,37.56176]]}},{"type":"Feature","properties":{"color":"#009BCE","ref":"4"},"geometry":{"type":"LineString","coordinates":[[126.979859,37.55945],[126.980948,37.559807],[126.982029,37.560385],[126.982513,37.560555],[126.983053,37.560635],[126.98629,37.560917],[126.988771,37.561174],[126.989043,37.561203],[126.989346,37.561221],[126.989848,37.561208],[126.990266,37.561163],[126.991117,37.561071],[126.991268,37.561067],[126.992391,37.561067]]}},{"type":"Feature","properties":{"color":"#009BCE","ref":"4"},"geometry":{"type":"LineString","coordinates":[[126.972449,37.552576],[126.972636,37.553328],[126.972685,37.553584],[126.972711,37.553865],[126.97269,37.554261],[126.972629,37.554629],[126.972604,37.554871],[126.972615,37.555069],[126.97266,37.555314],[126.972714,37.555501],[126.972802,37.555679],[126.972891,37.555867],[126.972992,37.556027],[126.973132,37.556172],[126.973279,37.556289],[126.973438,37.556369],[126.973728,37.556468],[126.974474,37.556775],[126.975344,37.557069],[126.977296,37.557826],[126.977364,37.557852],[126.977579,37.557973],[126.977706,37.558058],[126.977823,37.558149],[126.978034,37.558342],[126.978228,37.558551],[126.978436,37.558761],[126.978628,37.558932],[126.978897,37.559108],[126.979238,37.559274],[126.979673,37.5594],[126.979784,37.55943],[126.979859,37.55945]]}},{"type":"Feature","properties":{"color":"#009BCE","ref":"4"},"geometry":{"type":"LineString","coordinates":[[126.983259,37.518392],[126.983198,37.518809],[126.98318,37.518875],[126.983162,37.518922],[126.983054,37.519171],[126.982923,37.5194],[126.982795,37.519562],[126.98277,37.519586],[126.982731,37.519613],[126.982464,37.519774],[126.982422,37.519797],[126.982376,37.519819],[126.981775,37.520059],[126.973612,37.522618],[126.972077,37.523063],[126.971355,37.523191],[126.970629,37.5233],[126.97029,37.523373],[126.969844,37.523584],[126.967219,37.525025],[126.967099,37.525104],[126.966985,37.525198],[126.966787,37.525391],[126.966616,37.525609],[126.966489,37.525826],[126.966365,37.526084],[126.966282,37.52631],[126.966229,37.526522],[126.966218,37.526727],[126.966226,37.526962],[126.966252,37.527168],[126.966276,37.527302],[126.966314,37.527423],[126.966359,37.527541],[126.966414,37.527643],[126.966478,37.527766],[126.966518,37.527839],[126.96661,37.527976],[126.966732,37.528114],[126.967807,37.529157],[126.968164,37.529516],[126.968575,37.529935],[126.969664,37.531065],[126.970133,37.531553],[126.970155,37.531576],[126.972383,37.533891],[126.972903,37.534458],[126.974051,37.535731],[126.974123,37.535887],[126.974175,37.536023],[126.974213,37.53623],[126.974229,37.536418],[126.97419,37.536663],[126.972264,37.543855],[126.972154,37.544263],[126.971921,37.545138],[126.971774,37.547252],[126.971739,37.549298],[126.97207,37.550994],[126.972363,37.552259],[126.972391,37.552366],[126.972449,37.552576]]}},{"type":"Feature","properties":{"color":"#009BCE","ref":"4"},"geometry":{"type":"LineString","coordinates":[[126.983246,37.516942],[126.983259,37.518392]]}},{"type":"Feature","properties":{"color":"#009BCE","ref":"4"},"geometry":{"type":"LineString","coordinates":[[126.983208,37.516014],[126.98323,37.516215],[126.983243,37.516504],[126.983246,37.516942]]}},{"type":"Feature","properties":{"color":"#009BCE","ref":"4"},"geometry":{"type":"LineString","coordinates":[[126.980175,37.50451],[126.980302,37.505144],[126.980758,37.506621],[126.983059,37.515248],[126.983186,37.515814],[126.983208,37.516014]]}},{"type":"Feature","properties":{"color":"#009BCE","ref":"4"},"geometry":{"type":"LineString","coordinates":[[126.98146,37.501392],[126.981142,37.501716],[126.980952,37.501942],[126.980829,37.502119],[126.980602,37.502501],[126.980377,37.502957],[126.980265,37.503322],[126.980207,37.50362],[126.980185,37.503827],[126.980163,37.504044],[126.980153,37.504234],[126.980175,37.50451]]}},{"type":"Feature","properties":{"color":"#009BCE","ref":"4"},"geometry":{"type":"LineString","coordinates":[[126.983228,37.498741],[126.983254,37.499058],[126.983239,37.499179],[126.983145,37.499495],[126.983024,37.49979],[126.982885,37.500016],[126.982583,37.500427],[126.982387,37.500654],[126.982106,37.50088],[126.981733,37.50119],[126.98146,37.501392]]}},{"type":"Feature","properties":{"color":"#009BCE","ref":"4"},"geometry":{"type":"LineString","coordinates":[[126.982582,37.49661],[126.98309,37.498069],[126.983158,37.498283],[126.98321,37.498538],[126.983228,37.498741]]}},{"type":"Feature","properties":{"color":"#009BCE","ref":"4"},"geometry":{"type":"LineString","coordinates":[[126.981585,37.476264],[126.981612,37.476917],[126.981663,37.478396],[126.981693,37.478843],[126.981712,37.479169],[126.981738,37.479623],[126.981838,37.481295],[126.981858,37.48183],[126.981913,37.482735],[126.98198,37.483909],[126.982068,37.48514],[126.982158,37.48637],[126.982205,37.487026],[126.982233,37.487425],[126.982239,37.487508],[126.982285,37.488155],[126.982352,37.48849],[126.98244,37.488934],[126.982517,37.489323],[126.982546,37.48954],[126.982589,37.489877],[126.982598,37.490124],[126.982623,37.490866],[126.982507,37.496201],[126.982539,37.496405],[126.982582,37.49661]]}},{"type":"Feature","properties":{"color":"#009BCE","ref":"4"},"geometry":{"type":"LineString","coordinates":[[126.988918,37.463972],[126.988234,37.465498],[126.987951,37.466133],[126.987799,37.466446],[126.987654,37.466695],[126.987395,37.46702],[126.987025,37.467489],[126.986795,37.467743],[126.986754,37.467789],[126.986624,37.467932],[126.986573,37.467988],[126.985975,37.468547],[126.985259,37.469085],[126.984727,37.469538],[126.984278,37.469977],[126.983866,37.470526],[126.983492,37.471074],[126.983063,37.47181],[126.98284,37.472252],[126.982747,37.472436],[126.982591,37.472738],[126.982528,37.472859],[126.982461,37.472988],[126.982315,37.473269],[126.981971,37.474],[126.98173,37.474871],[126.981641,37.475263],[126.981585,37.475622],[126.981581,37.475758],[126.981579,37.476042],[126.981585,37.476264]]}},{"type":"Feature","properties":{"color":"#009BCE","ref":"4"},"geometry":{"type":"LineString","coordinates":[[126.990746,37.460031],[126.990412,37.460493],[126.990376,37.46057],[126.990122,37.461099],[126.989895,37.461506],[126.989014,37.463721],[126.988918,37.463972]]}},{"type":"Feature","properties":{"color":"#009BCE","ref":"4"},"geometry":{"type":"LineString","coordinates":[[126.990746,37.460031],[126.991639,37.458854],[126.991765,37.458716],[126.99245,37.457962],[126.992788,37.457676],[126.993054,37.457477],[126.993364,37.457245],[126.994296,37.456708]]}},{"type":"Feature","properties":{"color":"#009BCE","ref":"4"},"geometry":{"type":"LineString","coordinates":[[126.994296,37.456708],[126.995002,37.456292],[126.995252,37.456145],[126.995451,37.456028],[126.996283,37.455571],[126.997503,37.454894],[126.998369,37.454351]]}},{"type":"Feature","properties":{"color":"#009BCE","ref":"4"},"geometry":{"type":"LineString","coordinates":[[126.998369,37.454351],[126.998933,37.45396],[126.999407,37.453678],[126.999998,37.45325],[127.000364,37.453006],[127.000647,37.452821],[127.00082,37.452721],[127.001065,37.45258],[127.001267,37.452449],[127.001722,37.452149],[127.002142,37.451834],[127.002473,37.451535],[127.00277,37.451159],[127.003056,37.450745],[127.003422,37.450256],[127.003848,37.449691],[127.004432,37.448849],[127.007564,37.444517],[127.007913,37.443829],[127.008044,37.442783],[127.008529,37.439154],[127.008513,37.438679],[127.008248,37.437943],[127.00724,37.436767],[127.007034,37.436443],[127.006974,37.436347],[127.006598,37.435765],[127.006177,37.435088],[127.00578,37.434475],[127.005627,37.434278],[127.005414,37.43408],[127.005228,37.433932],[127.004973,37.433759],[127.004684,37.433593],[127.004384,37.433458],[127.003928,37.433314],[127.003554,37.43324],[127.003288,37.433213],[127.002879,37.433201],[127.002352,37.433199],[126.998883,37.433172],[126.998007,37.433178],[126.99761,37.433153],[126.997163,37.433107],[126.996843,37.433028],[126.996486,37.432924],[126.99607,37.43278],[126.995682,37.432625],[126.99544,37.432474],[126.995236,37.432299],[126.995132,37.432206],[126.994913,37.431953],[126.993309,37.430154],[126.992461,37.429203],[126.990616,37.427157],[126.989747,37.426429],[126.987166,37.424053],[126.985686,37.422771],[126.984631,37.421761],[126.983076,37.419936],[126.981402,37.417277],[126.981118,37.416749],[126.980313,37.414883],[126.979911,37.413858],[126.979818,37.413378],[126.979449,37.411734],[126.978953,37.409597],[126.977811,37.405728],[126.977247,37.403175],[126.977112,37.40252],[126.976987,37.401361],[126.976903,37.40053],[126.976833,37.400204],[126.976791,37.400047],[126.976704,37.399862],[126.976578,37.399633],[126.976409,37.399392],[126.976066,37.398927],[126.975691,37.398582],[126.974828,37.397982],[126.974375,37.397758],[126.973668,37.397553],[126.968817,37.395941],[126.963893,37.394271],[126.951995,37.390251],[126.951416,37.390055],[126.950919,37.389887],[126.948212,37.388973],[126.947874,37.38879],[126.94356,37.385452],[126.942512,37.384661],[126.941629,37.384139],[126.941184,37.383911],[126.940781,37.383694],[126.940345,37.383403],[126.939991,37.383138],[126.939794,37.38292],[126.939611,37.382607],[126.939411,37.382208],[126.939257,37.381756],[126.939116,37.381168],[126.93906,37.380816],[126.939072,37.380555],[126.939109,37.380053],[126.939223,37.379711],[126.939459,37.379198],[126.939842,37.37871],[126.940501,37.377944],[126.940974,37.377288],[126.941506,37.376553]]}},{"type":"Feature","properties":{"color":"#009BCE","ref":"4"},"geometry":{"type":"LineString","coordinates":[[126.941506,37.376553],[126.941841,37.376002],[126.942207,37.375387],[126.942502,37.374845],[126.942792,37.374149]]}},{"type":"Feature","properties":{"color":"#009BCE","ref":"4"},"geometry":{"type":"LineString","coordinates":[[126.942792,37.374149],[126.942964,37.373687],[126.943035,37.373537],[126.943571,37.372391]]}},{"type":"Feature","properties":{"color":"#009BCE","ref":"4"},"geometry":{"type":"LineString","coordinates":[[126.943571,37.372391],[126.943911,37.371661],[126.943946,37.371585]]}},{"type":"Feature","properties":{"color":"#009BCE","ref":"4"},"geometry":{"type":"LineString","coordinates":[[126.943946,37.371585],[126.94405,37.371365],[126.944304,37.370824]]}},{"type":"Feature","properties":{"color":"#009BCE","ref":"4"},"geometry":{"type":"LineString","coordinates":[[126.944304,37.370824],[126.944423,37.370574],[126.944519,37.37037],[126.944859,37.369654],[126.944969,37.369405],[126.9451,37.36917],[126.94525,37.368966],[126.945445,37.36876],[126.945871,37.368314],[126.946164,37.367982]]}},{"type":"Feature","properties":{"color":"#009BCE","ref":"4"},"geometry":{"type":"LineString","coordinates":[[126.946164,37.367982],[126.946292,37.367813],[126.946391,37.367633],[126.946485,37.367428],[126.946563,37.367209],[126.946611,37.367009],[126.946638,37.366792],[126.946644,37.366608],[126.946633,37.366399],[126.946595,37.36618],[126.946521,37.365946],[126.946422,37.365714],[126.946323,37.365527],[126.946206,37.365361],[126.946083,37.365208],[126.945898,37.365019],[126.94562,37.364784],[126.945305,37.364588],[126.944654,37.364235],[126.944148,37.363964],[126.941667,37.362634]]}},{"type":"Feature","properties":{"color":"#009BCE","ref":"4"},"geometry":{"type":"LineString","coordinates":[[126.941667,37.362634],[126.93533,37.359236]]}},{"type":"Feature","properties":{"color":"#009BCE","ref":"4"},"geometry":{"type":"LineString","coordinates":[[126.93533,37.359236],[126.935031,37.359076],[126.934264,37.358664],[126.932164,37.357543],[126.931292,37.357071],[126.930886,37.356853],[126.930003,37.356379],[126.929818,37.356285]]}},{"type":"Feature","properties":{"color":"#009BCE","ref":"4"},"geometry":{"type":"LineString","coordinates":[[126.929818,37.356285],[126.928817,37.355718],[126.928364,37.355424],[126.927804,37.354985],[126.927371,37.35455],[126.927096,37.354224]]}},{"type":"Feature","properties":{"color":"#009BCE","ref":"4"},"geometry":{"type":"LineString","coordinates":[[126.927096,37.354224],[126.926858,37.353898],[126.926647,37.353533],[126.926529,37.353308],[126.926401,37.353018],[126.925924,37.351498]]}},{"type":"Feature","properties":{"color":"#009BCE","ref":"4"},"geometry":{"type":"LineString","coordinates":[[126.925924,37.351498],[126.925396,37.349815],[126.925301,37.349517],[126.924183,37.34596],[126.924034,37.345406],[126.923695,37.343987],[126.923609,37.343441]]}},{"type":"Feature","properties":{"color":"#009BCE","ref":"4"},"geometry":{"type":"LineString","coordinates":[[126.922695,37.33813],[126.923609,37.343441]]}},{"type":"Feature","properties":{"color":"#009BCE","ref":"4"},"geometry":{"type":"LineString","coordinates":[[126.902162,37.310394],[126.903233,37.311665],[126.904887,37.313649],[126.916286,37.327217],[126.917618,37.328796],[126.920971,37.332824],[126.921257,37.333196],[126.9215,37.333588],[126.921778,37.334087],[126.921963,37.334529],[126.922118,37.334963],[126.922236,37.335423],[126.922389,37.33616],[126.922695,37.33813]]}},{"type":"Feature","properties":{"color":"#009BCE","ref":"4"},"geometry":{"type":"LineString","coordinates":[[126.900739,37.308828],[126.90094,37.309049],[126.902162,37.310394]]}},{"type":"Feature","properties":{"color":"#009BCE","ref":"4"},"geometry":{"type":"LineString","coordinates":[[126.899183,37.307633],[126.899801,37.308014],[126.900123,37.308255],[126.900256,37.308354],[126.900739,37.308828]]}},{"type":"Feature","properties":{"color":"#009BCE","ref":"4"},"geometry":{"type":"LineString","coordinates":[[126.892753,37.305533],[126.896988,37.30669],[126.898004,37.307053],[126.898718,37.307391],[126.899183,37.307633]]}},{"type":"Feature","properties":{"color":"#009BCE","ref":"4"},"geometry":{"type":"LineString","coordinates":[[126.890799,37.304998],[126.892753,37.305533]]}},{"type":"Feature","properties":{"color":"#009BCE","ref":"4"},"geometry":{"type":"LineString","coordinates":[[126.890799,37.304998],[126.888635,37.304407]]}},{"type":"Feature","properties":{"color":"#009BCE","ref":"4"},"geometry":{"type":"LineString","coordinates":[[126.888635,37.304407],[126.885653,37.303591]]}},{"type":"Feature","properties":{"color":"#009BCE","ref":"4"},"geometry":{"type":"LineString","coordinates":[[126.885653,37.303591],[126.885331,37.303511],[126.8837,37.303107],[126.881876,37.302881],[126.873697,37.30242]]}},{"type":"Feature","properties":{"color":"#009BCE","ref":"4"},"geometry":{"type":"LineString","coordinates":[[126.867182,37.302752],[126.868246,37.302668],[126.869212,37.302598],[126.869675,37.302565],[126.870249,37.302523],[126.871919,37.302403],[126.872657,37.302388],[126.873697,37.30242]]}},{"type":"Feature","properties":{"color":"#009BCE","ref":"4"},"geometry":{"type":"LineString","coordinates":[[126.85704,37.306251],[126.858383,37.304917],[126.858766,37.304619],[126.859184,37.304333],[126.859572,37.304096],[126.859968,37.303869],[126.860535,37.303628],[126.860962,37.303475],[126.86148,37.303328],[126.862122,37.303198],[126.863139,37.303063],[126.863658,37.303031],[126.865667,37.302872],[126.867182,37.302752]]}},{"type":"Feature","properties":{"color":"#009BCE","ref":"4"},"geometry":{"type":"LineString","coordinates":[[126.851008,37.312361],[126.851387,37.311983],[126.852888,37.310452],[126.854393,37.308902],[126.85704,37.306251]]}},{"type":"Feature","properties":{"color":"#009BCE","ref":"4"},"geometry":{"type":"LineString","coordinates":[[126.849799,37.313564],[126.849877,37.313487],[126.850854,37.312505],[126.851008,37.312361]]}},{"type":"Feature","properties":{"color":"#009BCE","ref":"4"},"geometry":{"type":"LineString","coordinates":[[126.849554,37.313778],[126.849799,37.313564]]}},{"type":"Feature","properties":{"color":"#009BCE","ref":"4"},"geometry":{"type":"LineString","coordinates":[[126.847752,37.314976],[126.848157,37.314773],[126.848531,37.314551],[126.84895,37.314283],[126.849271,37.314035],[126.849444,37.313878],[126.849554,37.313778]]}},{"type":"Feature","properties":{"color":"#009BCE","ref":"4"},"geometry":{"type":"LineString","coordinates":[[126.847668,37.315009],[126.847752,37.314976]]}},{"type":"Feature","properties":{"color":"#009BCE","ref":"4"},"geometry":{"type":"LineString","coordinates":[[126.845297,37.315632],[126.845764,37.315557],[126.846263,37.315459],[126.84677,37.315324],[126.847228,37.31518],[126.847668,37.315009]]}},{"type":"Feature","properties":{"color":"#009BCE","ref":"4"},"geometry":{"type":"LineString","coordinates":[[126.844799,37.315679],[126.845297,37.315632]]}},{"type":"Feature","properties":{"color":"#009BCE","ref":"4"},"geometry":{"type":"LineString","coordinates":[[126.844799,37.315679],[126.841277,37.315867],[126.837465,37.316063],[126.835703,37.316165],[126.822093,37.316901],[126.821876,37.316909]]}},{"type":"Feature","properties":{"color":"#009BCE","ref":"4"},"geometry":{"type":"LineString","coordinates":[[126.821876,37.316909],[126.821459,37.316937],[126.820467,37.317002]]}},{"type":"Feature","properties":{"color":"#009BCE","ref":"4"},"geometry":{"type":"LineString","coordinates":[[126.820467,37.317002],[126.815362,37.317249],[126.814801,37.317292],[126.814182,37.317371],[126.813577,37.317482],[126.812913,37.317638],[126.812391,37.317807],[126.811615,37.318079],[126.804902,37.321162],[126.804618,37.321291]]}},{"type":"Feature","properties":{"color":"#009BCE","ref":"4"},"geometry":{"type":"LineString","coordinates":[[126.804618,37.321291],[126.80244,37.3223],[126.801905,37.322531],[126.801234,37.322782],[126.800552,37.323009],[126.800543,37.323011]]}},{"type":"Feature","properties":{"color":"#009BCE","ref":"4"},"geometry":{"type":"LineString","coordinates":[[126.800543,37.323011],[126.80041,37.323042]]}},{"type":"Feature","properties":{"color":"#009BCE","ref":"4"},"geometry":{"type":"LineString","coordinates":[[126.80041,37.323042],[126.80031,37.323065],[126.799755,37.323194],[126.799268,37.323285],[126.796656,37.323769],[126.79578,37.323981],[126.794655,37.324387],[126.793329,37.324983],[126.792889,37.325181]]}},{"type":"Feature","properties":{"color":"#009BCE","ref":"4"},"geometry":{"type":"LineString","coordinates":[[126.792889,37.325181],[126.791936,37.32561]]}},{"type":"Feature","properties":{"color":"#009BCE","ref":"4"},"geometry":{"type":"LineString","coordinates":[[126.791936,37.32561],[126.787961,37.327409],[126.787789,37.327487],[126.786155,37.328208]]}},{"type":"Feature","properties":{"color":"#009BCE","ref":"4"},"geometry":{"type":"LineString","coordinates":[[126.786155,37.328208],[126.785768,37.328388]]}},{"type":"Feature","properties":{"color":"#009BCE","ref":"4"},"geometry":{"type":"LineString","coordinates":[[126.785768,37.328388],[126.785355,37.328579],[126.78491,37.328779],[126.781315,37.330392],[126.776598,37.33253],[126.771123,37.335436],[126.770326,37.335859],[126.768199,37.337028],[126.767596,37.33736]]}},{"type":"Feature","properties":{"color":"#009BCE","ref":"4"},"geometry":{"type":"LineString","coordinates":[[126.767596,37.33736],[126.767018,37.337669]]}},{"type":"Feature","properties":{"color":"#009BCE","ref":"4"},"geometry":{"type":"LineString","coordinates":[[126.767018,37.337669],[126.766187,37.338098]]}},{"type":"Feature","properties":{"color":"#009BCE","ref":"4"},"geometry":{"type":"LineString","coordinates":[[126.766187,37.338098],[126.765545,37.338431],[126.765434,37.338489]]}},{"type":"Feature","properties":{"color":"#009BCE","ref":"4"},"geometry":{"type":"LineString","coordinates":[[126.765434,37.338489],[126.765343,37.338536]]}},{"type":"Feature","properties":{"color":"#009BCE","ref":"4"},"geometry":{"type":"LineString","coordinates":[[126.765343,37.338536],[126.764922,37.338754]]}},{"type":"Feature","properties":{"color":"#009BCE","ref":"4"},"geometry":{"type":"LineString","coordinates":[[126.759327,37.342678],[126.759637,37.342252],[126.75981,37.342017],[126.76004,37.34175],[126.760261,37.341521],[126.760554,37.341245],[126.761152,37.340779],[126.761621,37.340492],[126.76185,37.340352],[126.762465,37.340023],[126.763417,37.339532],[126.763724,37.339373],[126.764147,37.339154],[126.764794,37.33882],[126.764922,37.338754]]}},{"type":"Feature","properties":{"color":"#009BCE","ref":"4"},"geometry":{"type":"LineString","coordinates":[[126.759327,37.342678],[126.759253,37.342795],[126.759034,37.343139]]}},{"type":"Feature","properties":{"color":"#009BCE","ref":"4"},"geometry":{"type":"LineString","coordinates":[[126.759034,37.343139],[126.758946,37.343273],[126.757388,37.345654],[126.75736,37.345697],[126.756941,37.346304],[126.7567,37.346621],[126.756594,37.346791]]}},{"type":"Feature","properties":{"color":"#009BCE","ref":"4"},"geometry":{"type":"LineString","coordinates":[[126.756594,37.346791],[126.756455,37.346948],[126.756167,37.347234],[126.75589,37.347472],[126.755661,37.347658],[126.755477,37.347791],[126.755224,37.347943],[126.755051,37.348048],[126.754824,37.348177],[126.754509,37.348331],[126.754108,37.34851],[126.753761,37.348637],[126.75335,37.348771],[126.749701,37.349799],[126.747659,37.350425],[126.74199,37.352054],[126.741139,37.352299],[126.740493,37.352484],[126.740041,37.352622],[126.739589,37.352799],[126.739265,37.352945],[126.738977,37.35308],[126.738685,37.353264],[126.738375,37.353483],[126.738045,37.353751]]}},{"type":"Feature","properties":{"color":"#009BCE","ref":"4"},"geometry":{"type":"LineString","coordinates":[[126.738045,37.353751],[126.73776,37.35403],[126.737516,37.3543],[126.737354,37.354507],[126.73725,37.354666],[126.737142,37.354826],[126.73703,37.355023],[126.736927,37.355227],[126.736838,37.355452],[126.736715,37.355817],[126.736649,37.356155],[126.736606,37.356395],[126.736593,37.356682],[126.736598,37.356885],[126.736609,37.357119],[126.736648,37.357421],[126.736694,37.357659],[126.736744,37.357848],[126.736848,37.358144],[126.737144,37.358896]]}},{"type":"Feature","properties":{"color":"#009BCE","ref":"4"},"geometry":{"type":"LineString","coordinates":[[126.737144,37.358896],[126.737305,37.359261],[126.737446,37.359581]]}},{"type":"Feature","properties":{"color":"#009BCE","ref":"4"},"geometry":{"type":"LineString","coordinates":[[126.737446,37.359581],[126.73764,37.360169],[126.737774,37.360608],[126.738718,37.362802]]}},{"type":"Feature","properties":{"color":"#A49D87","ref":"9"},"geometry":{"type":"LineString","coordinates":[[126.795022,37.577886],[126.795541,37.578066],[126.796824,37.578434]]}},{"type":"Feature","properties":{"color":"#A49D87","ref":"9"},"geometry":{"type":"LineString","coordinates":[[126.794141,37.57764],[126.795022,37.577886]]}},{"type":"Feature","properties":{"color":"#A49D87","ref":"9"},"geometry":{"type":"LineString","coordinates":[[126.794141,37.57764],[126.793288,37.577398],[126.791998,37.577034],[126.791604,37.57694],[126.791056,37.576847],[126.790362,37.576753],[126.786143,37.576256],[126.785813,37.57621],[126.785561,37.576161],[126.785161,37.576047],[126.784711,37.575862],[126.784392,37.575701]]}},{"type":"Feature","properties":{"color":"#A49D87","ref":"9"},"geometry":{"type":"LineString","coordinates":[[126.801536,37.561972],[126.801408,37.561979],[126.80059,37.562023],[126.799675,37.562085],[126.799256,37.562131],[126.798571,37.562206],[126.797435,37.562347],[126.796284,37.562568],[126.794996,37.563173],[126.784403,37.572182],[126.784317,37.572263],[126.784157,37.572414],[126.783748,37.572857],[126.783597,37.573117],[126.78355,37.573304],[126.78347,37.573828],[126.783502,37.574331],[126.783604,37.574876],[126.783802,37.575187],[126.784091,37.575499],[126.784392,37.575701]]}},{"type":"Feature","properties":{"color":"#A49D87","ref":"9"},"geometry":{"type":"LineString","coordinates":[[126.801536,37.561972],[126.803192,37.561885],[126.806274,37.561739],[126.807076,37.561742],[126.807806,37.561816],[126.808366,37.562011],[126.809027,37.562351],[126.809756,37.562886],[126.81017,37.563193],[126.810422,37.563416],[126.810882,37.563815],[126.811103,37.564079],[126.812199,37.565429],[126.81284,37.566255],[126.813269,37.566663],[126.813728,37.567012],[126.814243,37.567293],[126.814728,37.567454],[126.815214,37.567491],[126.816409,37.567485],[126.816738,37.567482],[126.817829,37.567406],[126.819086,37.567322],[126.820843,37.567219],[126.8227,37.56706],[126.823958,37.566966],[126.825227,37.566866],[126.826219,37.566805],[126.827714,37.566667],[126.829054,37.566561],[126.830898,37.566466],[126.831678,37.566464],[126.832453,37.566456],[126.833233,37.566531],[126.834041,37.566862],[126.83441,37.567087],[126.835033,37.567537],[126.835532,37.567939],[126.836401,37.568504],[126.83685,37.568722],[126.837441,37.568922],[126.838065,37.569054],[126.838689,37.569094],[126.839449,37.569058],[126.840021,37.568964],[126.840474,37.568834],[126.841012,37.568573],[126.841202,37.568478],[126.842629,37.567641],[126.843637,37.567112],[126.845183,37.566285],[126.846482,37.565631],[126.847543,37.565058],[126.849218,37.564151]]}},{"type":"Feature","properties":{"color":"#A49D87","ref":"9"},"geometry":{"type":"LineString","coordinates":[[126.849218,37.564151],[126.850281,37.563595],[126.851536,37.562926],[126.851812,37.562794],[126.852926,37.562214],[126.855062,37.561126],[126.858121,37.55946],[126.859739,37.55857],[126.86193,37.557422],[126.862439,37.557151],[126.862693,37.556993],[126.862902,37.556798],[126.863036,37.55657],[126.863073,37.556366],[126.863116,37.556165],[126.863239,37.55523],[126.863258,37.554961],[126.863374,37.55432],[126.863429,37.554031],[126.863486,37.553729],[126.863632,37.552967],[126.863728,37.552574],[126.863779,37.552252],[126.863819,37.551927],[126.863903,37.551687],[126.864089,37.551449],[126.864316,37.551324],[126.864571,37.55119],[126.865449,37.550774],[126.866382,37.550324],[126.869718,37.548233],[126.870414,37.547834],[126.871096,37.54755],[126.871534,37.547398],[126.872514,37.547121],[126.873097,37.547023],[126.873681,37.546968],[126.874214,37.546971],[126.875443,37.547005],[126.878195,37.547194],[126.87832,37.547203],[126.879175,37.547138],[126.879801,37.546986],[126.880145,37.546851],[126.880686,37.54666],[126.881173,37.546428],[126.881659,37.546087],[126.882085,37.545715],[126.882259,37.545554],[126.882552,37.545204],[126.882913,37.544744],[126.883185,37.544227],[126.88367,37.543386],[126.883893,37.543019],[126.884183,37.542658],[126.884642,37.542301],[126.885127,37.542003],[126.885844,37.541655],[126.889487,37.540133],[126.890448,37.539653],[126.89146,37.539065],[126.892579,37.53849],[126.893864,37.537856],[126.895174,37.53719],[126.896349,37.536616],[126.897712,37.535923],[126.898728,37.53538],[126.900026,37.534752],[126.900846,37.534383],[126.901197,37.534228],[126.903776,37.53291],[126.90433,37.532641]]}},{"type":"Feature","properties":{"color":"#A49D87","ref":"9"},"geometry":{"type":"LineString","coordinates":[[126.90433,37.532641],[126.904893,37.532388],[126.905187,37.532264],[126.905692,37.532118],[126.906272,37.531973],[126.914436,37.530425],[126.914994,37.530246],[126.915436,37.530075],[126.915926,37.529854],[126.916345,37.529593],[126.918425,37.527437],[126.918834,37.527053],[126.924105,37.521707],[126.927608,37.518108],[126.928199,37.517496],[126.928396,37.517282],[126.928497,37.517177],[126.929096,37.516557],[126.929534,37.516069],[126.930175,37.515636],[126.931045,37.515091],[126.931956,37.514606],[126.932843,37.514224],[126.932946,37.51418],[126.934029,37.513831],[126.935368,37.513483],[126.936321,37.513369],[126.937252,37.513331],[126.938049,37.513365]]}},{"type":"Feature","properties":{"color":"#A49D87","ref":"9"},"geometry":{"type":"LineString","coordinates":[[126.938049,37.513365],[126.940327,37.513513],[126.940613,37.513531],[126.94187,37.513607],[126.943809,37.513716],[126.9441,37.513732]]}},{"type":"Feature","properties":{"color":"#A49D87","ref":"9"},"geometry":{"type":"LineString","coordinates":[[126.9441,37.513732],[126.944558,37.513753],[126.944979,37.513747],[126.945338,37.51369],[126.947729,37.513185],[126.949541,37.512762],[126.950015,37.512701],[126.950524,37.512697],[126.951033,37.512728],[126.953579,37.512949],[126.955258,37.513099],[126.955942,37.513107],[126.956176,37.513097],[126.956399,37.513065],[126.956779,37.512954],[126.957992,37.51242],[126.958983,37.512131],[126.959993,37.511897],[126.960678,37.511628],[126.961164,37.511355],[126.961708,37.510897],[126.963277,37.509006],[126.96393,37.508366],[126.964827,37.507746],[126.965078,37.507607],[126.965185,37.507548],[126.965399,37.50743],[126.967331,37.506669],[126.968965,37.505984],[126.969103,37.505939],[126.969821,37.505705],[126.970273,37.505598],[126.970744,37.505544],[126.971501,37.505553],[126.97209,37.505562],[126.972542,37.505486],[126.972957,37.505364],[126.973366,37.505205],[126.974656,37.504703],[126.97644,37.503791]]}},{"type":"Feature","properties":{"color":"#A49D87","ref":"9"},"geometry":{"type":"LineString","coordinates":[[126.97644,37.503791],[126.978868,37.502603],[126.979878,37.502072]]}},{"type":"Feature","properties":{"color":"#A49D87","ref":"9"},"geometry":{"type":"LineString","coordinates":[[126.979878,37.502072],[126.980006,37.502005],[126.980793,37.501592],[126.981809,37.501131],[126.982286,37.500975],[126.982859,37.50085],[126.983144,37.500799],[126.983419,37.500768],[126.983742,37.500755],[126.983906,37.50076],[126.984076,37.500769],[126.984473,37.500816],[126.984885,37.500898],[126.986789,37.50127],[126.988853,37.501713],[126.989381,37.501826],[126.991661,37.502314],[126.996426,37.50358],[127.001307,37.505049],[127.002999,37.505552]]}},{"type":"Feature","properties":{"color":"#A49D87","ref":"9"},"geometry":{"type":"LineString","coordinates":[[127.002999,37.505552],[127.004742,37.506075],[127.005416,37.506282]]}},{"type":"Feature","properties":{"color":"#A49D87","ref":"9"},"geometry":{"type":"LineString","coordinates":[[127.005416,37.506282],[127.006656,37.506663],[127.006858,37.506709],[127.007102,37.506741],[127.007314,37.506749],[127.007599,37.506747],[127.007889,37.506725],[127.00817,37.506698],[127.008433,37.506664],[127.008721,37.506613],[127.00902,37.506548],[127.009301,37.50646],[127.009968,37.506197],[127.013623,37.504866],[127.013951,37.504746]]}},{"type":"Feature","properties":{"color":"#A49D87","ref":"9"},"geometry":{"type":"LineString","coordinates":[[127.013951,37.504746],[127.014209,37.504622],[127.014391,37.504536],[127.014585,37.504467],[127.014817,37.504367],[127.015377,37.504105],[127.015512,37.504042],[127.015722,37.503958],[127.015986,37.503839]]}},{"type":"Feature","properties":{"color":"#A49D87","ref":"9"},"geometry":{"type":"LineString","coordinates":[[127.015986,37.503839],[127.016852,37.503368],[127.017199,37.503233],[127.017661,37.503092],[127.018088,37.50302],[127.018997,37.503007],[127.019541,37.503038],[127.019804,37.503082],[127.020121,37.503153],[127.021138,37.503427],[127.021452,37.503521],[127.021829,37.503634],[127.022494,37.503841],[127.022737,37.503911],[127.023585,37.504158],[127.024557,37.50445],[127.024874,37.504547],[127.02539,37.504702],[127.027698,37.50541],[127.028902,37.505778],[127.02939,37.505923]]}},{"type":"Feature","properties":{"color":"#A49D87","ref":"9"},"geometry":{"type":"LineString","coordinates":[[127.02939,37.505923],[127.029823,37.506039],[127.031252,37.506476],[127.031464,37.506548],[127.032172,37.506779],[127.033118,37.507067],[127.033654,37.50723],[127.034115,37.50737]]}},{"type":"Feature","properties":{"color":"#A49D87","ref":"9"},"geometry":{"type":"LineString","coordinates":[[127.034115,37.50737],[127.038542,37.508678],[127.043437,37.510114],[127.044254,37.510354],[127.050376,37.512155],[127.05183,37.512606]]}},{"type":"Feature","properties":{"color":"#A49D87","ref":"9"},"geometry":{"type":"LineString","coordinates":[[127.05183,37.512606],[127.052096,37.512658],[127.052398,37.512724],[127.05319,37.512963],[127.053452,37.513027],[127.053712,37.513074],[127.054066,37.513131],[127.054287,37.513172],[127.054514,37.513219],[127.054689,37.513263]]}},{"type":"Feature","properties":{"color":"#A49D87","ref":"9"},"geometry":{"type":"LineString","coordinates":[[127.054689,37.513263],[127.054918,37.513296],[127.055235,37.513347],[127.060177,37.514155],[127.061045,37.514309],[127.066152,37.515233],[127.068378,37.515472],[127.068588,37.515464],[127.068806,37.515427],[127.069017,37.515367],[127.069293,37.515231],[127.069725,37.514984],[127.072734,37.51326],[127.074791,37.512081]]}},{"type":"Feature","properties":{"color":"#A49D87","ref":"9"},"geometry":{"type":"LineString","coordinates":[[127.074791,37.512081],[127.075234,37.511855]]}},{"type":"Feature","properties":{"color":"#A49D87","ref":"9"},"geometry":{"type":"LineString","coordinates":[[127.075234,37.511855],[127.075844,37.511546],[127.07675,37.511123]]}},{"type":"Feature","properties":{"color":"#A49D87","ref":"9"},"geometry":{"type":"LineString","coordinates":[[127.07675,37.511123],[127.07717,37.510927],[127.077648,37.510663],[127.078142,37.510367],[127.078476,37.510067],[127.07874,37.509757],[127.078904,37.509385],[127.079152,37.508497],[127.079584,37.506901],[127.079727,37.506702],[127.079879,37.506596],[127.080062,37.506533],[127.085365,37.505033]]}},{"type":"Feature","properties":{"color":"#A49D87","ref":"9"},"geometry":{"type":"LineString","coordinates":[[127.085365,37.505033],[127.085947,37.504827],[127.087186,37.504478],[127.088075,37.504228],[127.090182,37.503632],[127.090787,37.503494]]}},{"type":"Feature","properties":{"color":"#A49D87","ref":"9"},"geometry":{"type":"LineString","coordinates":[[127.090787,37.503494],[127.092431,37.503026],[127.092982,37.502879],[127.093534,37.502738],[127.094167,37.502609],[127.094956,37.50249],[127.095238,37.502462],[127.095823,37.502421],[127.096565,37.502417],[127.097649,37.502415],[127.098246,37.502471],[127.098782,37.50253],[127.100156,37.502765],[127.100558,37.502864],[127.103306,37.503748],[127.105284,37.504393],[127.105708,37.504547],[127.106857,37.505045],[127.10712,37.50516],[127.107905,37.505611],[127.109004,37.506336],[127.109397,37.506628],[127.110383,37.507626],[127.111107,37.508531],[127.112192,37.509971]]}},{"type":"Feature","properties":{"color":"#A49D87","ref":"9"},"geometry":{"type":"LineString","coordinates":[[127.113764,37.512477],[127.113388,37.512051],[127.112883,37.51123],[127.112434,37.5105],[127.112385,37.510422],[127.112192,37.509971]]}},{"type":"Feature","properties":{"color":"#A49D87","ref":"9"},"geometry":{"type":"LineString","coordinates":[[127.113764,37.512477],[127.11448,37.513893],[127.115785,37.51615],[127.115992,37.516384],[127.116281,37.516711],[127.116727,37.516984],[127.117647,37.517425],[127.118378,37.517558],[127.119206,37.5176],[127.120098,37.51749],[127.120827,37.517297],[127.121663,37.516844],[127.122162,37.516364],[127.123185,37.515297],[127.124193,37.514703],[127.125341,37.5143],[127.126178,37.514188],[127.127412,37.51417],[127.128424,37.514395],[127.129178,37.514776],[127.129905,37.515491],[127.130302,37.51608],[127.13083,37.516864],[127.132888,37.519992],[127.133399,37.520486],[127.134071,37.520814],[127.134742,37.520914],[127.135603,37.520885],[127.136266,37.520686],[127.136381,37.520662],[127.136587,37.520595],[127.138329,37.519853],[127.138835,37.519643],[127.140883,37.518785],[127.141272,37.518679],[127.14171,37.518604],[127.142152,37.518573],[127.142594,37.518596],[127.143017,37.518678],[127.143293,37.518749],[127.143533,37.518829],[127.143712,37.518899],[127.143866,37.518988],[127.144222,37.519245],[127.144625,37.519617],[127.144829,37.51983],[127.144971,37.520038],[127.145178,37.520495],[127.145575,37.52144],[127.146707,37.524206],[127.147033,37.525061],[127.148021,37.527652],[127.148286,37.52827]]}},{"type":"Feature","properties":{"color":"#D11D70","ref":"8"},"geometry":{"type":"LineString","coordinates":[[127.128024,37.641803],[127.128665,37.64124],[127.130862,37.639201],[127.131686,37.638659],[127.132468,37.638215],[127.133377,37.637764],[127.135505,37.636841],[127.137779,37.636001],[127.144234,37.633248],[127.145024,37.632878],[127.146041,37.632268],[127.147366,37.6312],[127.148599,37.630212],[127.149366,37.629588],[127.149707,37.629256],[127.150002,37.628829],[127.150127,37.628553],[127.150195,37.628151],[127.150226,37.627621],[127.150175,37.626968],[127.149958,37.62547],[127.149826,37.624909],[127.149619,37.623748],[127.149529,37.623011],[127.149421,37.621845],[127.149301,37.620999],[127.149184,37.620585],[127.14906,37.620388],[127.148898,37.62019],[127.148672,37.619939],[127.148367,37.619635],[127.148061,37.619408],[127.147817,37.619254],[127.145836,37.618329],[127.143953,37.617401],[127.142279,37.616701],[127.141232,37.616262],[127.140195,37.615806],[127.139492,37.615419],[127.138953,37.615137],[127.138469,37.614697],[127.138234,37.614344],[127.138114,37.613846],[127.137961,37.612851],[127.13791,37.611787],[127.1379,37.611516],[127.137941,37.611106],[127.138011,37.610653],[127.138135,37.610174],[127.138274,37.609773],[127.138439,37.609271],[127.138826,37.608091],[127.139009,37.607559],[127.140469,37.603096],[127.141019,37.601637],[127.141266,37.60105],[127.141321,37.600932],[127.142134,37.599722],[127.142461,37.59923],[127.142636,37.598973],[127.142752,37.598652],[127.142789,37.598392],[127.142769,37.598104],[127.142671,37.597854],[127.142498,37.597525],[127.142187,37.597163],[127.14084,37.595938],[127.14024,37.595386],[127.139386,37.594616],[127.139038,37.594207],[127.138618,37.59375],[127.138325,37.593323],[127.13808,37.592865],[127.137893,37.592386],[127.137855,37.592114],[127.137864,37.587952],[127.137848,37.586491],[127.137939,37.579645],[127.138111,37.577776],[127.13826,37.576748],[127.139661,37.566739],[127.139788,37.566158],[127.140348,37.562681],[127.140459,37.561983],[127.140539,37.561316],[127.140643,37.560586],[127.140746,37.559963],[127.140757,37.559591],[127.140702,37.559257],[127.140618,37.558925],[127.14048,37.558679],[127.140308,37.558399],[127.14009,37.558176],[127.139758,37.557927],[127.139537,37.557812],[127.139315,37.557703],[127.138704,37.55746],[127.138068,37.557272],[127.137583,37.557154],[127.137085,37.557013],[127.136513,37.556897],[127.136229,37.556865],[127.135757,37.556821],[127.135164,37.55682],[127.134877,37.556823],[127.134645,37.556845],[127.134399,37.556867],[127.133997,37.556922],[127.133453,37.556987],[127.132877,37.557104],[127.132508,37.55714],[127.132152,37.557145],[127.131827,37.55713],[127.131506,37.557087],[127.131247,37.557039],[127.130989,37.556958],[127.130761,37.556862],[127.130524,37.55673],[127.130321,37.556613],[127.130007,37.556364],[127.129765,37.556132],[127.129625,37.555906],[127.129504,37.555619],[127.129274,37.555008],[127.129021,37.554396],[127.128774,37.553757]]}},{"type":"Feature","properties":{"color":"#D11D70","ref":"8"},"geometry":{"type":"LineString","coordinates":[[127.128774,37.553757],[127.12799,37.551547],[127.127775,37.550943],[127.127075,37.549003]]}},{"type":"Feature","properties":{"color":"#D11D70","ref":"8"},"geometry":{"type":"LineString","coordinates":[[127.127075,37.549003],[127.125843,37.545481],[127.12481,37.542644],[127.124058,37.540577],[127.123447,37.53876],[127.123204,37.538074],[127.122541,37.536257],[127.121366,37.533045],[127.120721,37.531061],[127.120598,37.530682],[127.120445,37.53027],[127.120319,37.530021],[127.119045,37.52778],[127.118553,37.52695],[127.118051,37.526258],[127.11767,37.525777],[127.117453,37.525491],[127.116378,37.524057],[127.115837,37.523197],[127.115533,37.522587],[127.115252,37.522068],[127.115006,37.521552],[127.114729,37.520751],[127.114576,37.520203],[127.114447,37.519862],[127.114143,37.519189],[127.113883,37.518755],[127.113513,37.518345],[127.113286,37.518088],[127.113097,37.5179],[127.112913,37.517737],[127.11265,37.51755],[127.112439,37.517456],[127.10585,37.515214],[127.103496,37.51432]]}},{"type":"Feature","properties":{"color":"#D11D70","ref":"8"},"geometry":{"type":"LineString","coordinates":[[127.103496,37.51432],[127.102967,37.514131],[127.102489,37.513927],[127.102182,37.513775],[127.101952,37.513625],[127.101794,37.513515],[127.101689,37.513401],[127.101599,37.513233],[127.101511,37.513009],[127.10145,37.512839],[127.101419,37.512688],[127.101394,37.512335],[127.101401,37.512029],[127.101437,37.511654],[127.101486,37.511351],[127.101535,37.5112],[127.101604,37.511034],[127.101968,37.510513],[127.102159,37.51025],[127.10238,37.509951],[127.102584,37.509729],[127.102795,37.509509],[127.103163,37.509186],[127.103399,37.509042],[127.103743,37.508778],[127.104251,37.508369],[127.104797,37.507809],[127.107093,37.505304],[127.112251,37.499621],[127.114814,37.496774],[127.115692,37.495794],[127.116034,37.495431],[127.118148,37.493186],[127.118679,37.492499],[127.119244,37.491808],[127.119392,37.491603],[127.120035,37.490623],[127.120654,37.489564],[127.121467,37.487938],[127.121856,37.487157],[127.122484,37.48585],[127.124206,37.482529],[127.126037,37.478893],[127.126735,37.477608],[127.126821,37.477389],[127.126886,37.477183],[127.126969,37.476859],[127.127049,37.476361],[127.127062,37.476],[127.127043,37.475684],[127.126975,37.474822],[127.126724,37.472072],[127.126696,37.471696],[127.12661,37.470157],[127.126579,37.469748],[127.126501,37.468765],[127.126522,37.468445],[127.126566,37.468185],[127.126602,37.468049],[127.126665,37.467923],[127.126745,37.467833],[127.126842,37.46774],[127.126922,37.467674],[127.127034,37.467624],[127.127394,37.46754],[127.127761,37.467491],[127.128119,37.467364],[127.128496,37.467191],[127.129021,37.466955],[127.130474,37.466315],[127.133742,37.465029]]}},{"type":"Feature","properties":{"color":"#D11D70","ref":"8"},"geometry":{"type":"LineString","coordinates":[[127.136825,37.46378],[127.133742,37.465029]]}},{"type":"Feature","properties":{"color":"#D11D70","ref":"8"},"geometry":{"type":"LineString","coordinates":[[127.137093,37.463674],[127.13699,37.463715],[127.136825,37.46378]]}},{"type":"Feature","properties":{"color":"#D11D70","ref":"8"},"geometry":{"type":"LineString","coordinates":[[127.139862,37.462433],[127.139797,37.462472],[127.138943,37.462891],[127.138373,37.463157],[127.137093,37.463674]]}},{"type":"Feature","properties":{"color":"#D11D70","ref":"8"},"geometry":{"type":"LineString","coordinates":[[127.140086,37.462305],[127.139862,37.462433]]}},{"type":"Feature","properties":{"color":"#D11D70","ref":"8"},"geometry":{"type":"LineString","coordinates":[[127.141308,37.46161],[127.140896,37.461853],[127.14084,37.461886],[127.140086,37.462305]]}},{"type":"Feature","properties":{"color":"#D11D70","ref":"8"},"geometry":{"type":"LineString","coordinates":[[127.141442,37.461531],[127.141392,37.46156],[127.141308,37.46161]]}},{"type":"Feature","properties":{"color":"#D11D70","ref":"8"},"geometry":{"type":"LineString","coordinates":[[127.144435,37.459859],[127.143442,37.460424],[127.142646,37.46085],[127.141442,37.461531]]}},{"type":"Feature","properties":{"color":"#D11D70","ref":"8"},"geometry":{"type":"LineString","coordinates":[[127.130316,37.434034],[127.134361,37.434702],[127.135178,37.434854],[127.135756,37.435001],[127.136599,37.435287],[127.13703,37.435479],[127.137674,37.43577],[127.138381,37.436164],[127.140665,37.437457],[127.143956,37.439322],[127.145816,37.44031],[127.146212,37.440489],[127.147406,37.440936],[127.147625,37.441014],[127.14836,37.441281],[127.149627,37.441678],[127.15048,37.441958],[127.15132,37.442267],[127.152238,37.442658],[127.155468,37.444249],[127.155847,37.444452],[127.156378,37.444795],[127.156755,37.445093],[127.156924,37.445364],[127.157356,37.446143],[127.157762,37.446918],[127.157827,37.447047],[127.159804,37.451584],[127.160613,37.4534],[127.160639,37.453671],[127.160603,37.453836],[127.160532,37.453997],[127.160454,37.454106],[127.160037,37.454602],[127.159376,37.455112],[127.158992,37.455353],[127.158496,37.455648],[127.157916,37.455915],[127.157456,37.456051],[127.15671,37.456215],[127.156124,37.456304],[127.150674,37.456825],[127.150358,37.45684],[127.150065,37.456845],[127.149908,37.456848],[127.149692,37.456865],[127.149486,37.456903],[127.149163,37.457027],[127.14876,37.457209],[127.148482,37.45733],[127.148219,37.457482],[127.147851,37.457726],[127.14719,37.458208],[127.146256,37.458781],[127.14475,37.459673],[127.144435,37.459859]]}},{"type":"Feature","properties":{"color":"#44A436","ref":"E"},"geometry":{"type":"LineString","coordinates":[[127.219671,37.28524],[127.219757,37.285184]]}},{"type":"Feature","properties":{"color":"#44A436","ref":"E"},"geometry":{"type":"LineString","coordinates":[[127.219757,37.285184],[127.219892,37.285096],[127.220949,37.284392],[127.222719,37.28321],[127.223753,37.282516],[127.223996,37.282345],[127.224172,37.282194],[127.22428,37.282081],[127.224383,37.281945],[127.224457,37.281802],[127.224513,37.281658],[127.224542,37.281502],[127.224551,37.281363],[127.224544,37.281204],[127.224519,37.281075],[127.224487,37.280969],[127.224429,37.280829],[127.224259,37.280537],[127.223266,37.278915],[127.222865,37.278283],[127.222728,37.278102],[127.222614,37.277963],[127.22248,37.277847],[127.222318,37.277729],[127.2221,37.277599],[127.221876,37.277501],[127.221571,37.27738],[127.220623,37.277048]]}},{"type":"Feature","properties":{"color":"#44A436","ref":"E"},"geometry":{"type":"LineString","coordinates":[[127.220623,37.277048],[127.219706,37.276701],[127.219357,37.276574],[127.218885,37.276386],[127.218576,37.276236],[127.218337,37.276112],[127.21793,37.275886],[127.217485,37.275609],[127.216433,37.27478],[127.215997,37.27442],[127.215672,37.274158],[127.215419,37.27393],[127.215141,37.273677],[127.214894,37.2734],[127.214691,37.273133],[127.214532,37.272895],[127.214423,37.27271],[127.214319,37.272478],[127.214188,37.272024],[127.214117,37.271577],[127.213998,37.270488],[127.213944,37.269803],[127.213869,37.269182],[127.213784,37.268448],[127.213717,37.267778],[127.213645,37.267063],[127.213599,37.266533],[127.213596,37.266419],[127.21361,37.266249],[127.213653,37.26609],[127.213761,37.265877],[127.213899,37.265717],[127.21454,37.265146],[127.215295,37.264345],[127.215624,37.263907],[127.215853,37.263522],[127.21616,37.263011],[127.216581,37.262327],[127.217138,37.261412],[127.217622,37.260582],[127.218076,37.259859],[127.218381,37.259181],[127.218547,37.258738],[127.218638,37.258359],[127.21889,37.257208],[127.219183,37.256006],[127.219441,37.254889],[127.219584,37.254285],[127.21963,37.253956],[127.219645,37.253638],[127.219601,37.253314],[127.2195,37.253021],[127.219337,37.252661],[127.219185,37.252439],[127.218896,37.252094],[127.218226,37.2515],[127.217081,37.250654],[127.216283,37.250017],[127.215846,37.24956],[127.215433,37.24895],[127.215302,37.248685],[127.215173,37.24819],[127.214893,37.246964],[127.214575,37.245633],[127.214385,37.244998],[127.214115,37.244415],[127.214009,37.244226],[127.213356,37.243222],[127.212798,37.242269],[127.212444,37.241375],[127.212184,37.240606],[127.212023,37.240183],[127.211779,37.239721],[127.211126,37.238808],[127.210638,37.238228],[127.210426,37.238044],[127.210231,37.237956],[127.21003,37.23788],[127.209791,37.237843],[127.209459,37.23783],[127.208837,37.237821],[127.208289,37.237827],[127.207717,37.237828],[127.207084,37.237795],[127.206506,37.237698],[127.205333,37.237469],[127.203435,37.236941],[127.202983,37.236839],[127.202662,37.236792],[127.202327,37.236778],[127.201872,37.236808],[127.199548,37.237176],[127.198824,37.237264],[127.198446,37.237293],[127.197646,37.237314],[127.195207,37.237216],[127.194257,37.2372],[127.193681,37.237241],[127.192832,37.237371],[127.191288,37.237703],[127.190823,37.237831],[127.190079,37.23808],[127.189733,37.238188],[127.189158,37.238378],[127.188957,37.238417],[127.188502,37.23847],[127.187667,37.23854],[127.18614,37.238637],[127.185475,37.238705],[127.184377,37.238895],[127.182677,37.239267],[127.182089,37.239394],[127.181585,37.239449],[127.18115,37.239473],[127.180309,37.239412],[127.178667,37.239341],[127.176445,37.239202],[127.175641,37.239148],[127.17521,37.239145],[127.174768,37.239216],[127.174313,37.239343],[127.173731,37.239563],[127.16971,37.241287],[127.169357,37.241453],[127.168853,37.241754],[127.168544,37.241967],[127.168153,37.242274],[127.167693,37.242654],[127.167474,37.24285],[127.166962,37.243309],[127.166441,37.243761],[127.165691,37.24447],[127.165363,37.244739],[127.165187,37.244884],[127.164714,37.245315],[127.164551,37.24554],[127.164522,37.245673],[127.164481,37.245884],[127.164481,37.246128],[127.164568,37.246406],[127.164756,37.246651],[127.166637,37.248474],[127.166777,37.248615],[127.167733,37.249574],[127.168002,37.249921],[127.168267,37.250369],[127.168404,37.251081],[127.168389,37.251565],[127.168199,37.252172],[127.16794,37.252563],[127.167672,37.252875],[127.166952,37.2536],[127.165916,37.254672],[127.165125,37.255563],[127.16432,37.256622],[127.163538,37.257532],[127.163129,37.257922],[127.162494,37.258462],[127.160797,37.259711],[127.1604,37.260023],[127.160177,37.260215],[127.159767,37.260601],[127.159457,37.260915],[127.159276,37.261097],[127.159015,37.261412],[127.158738,37.261749],[127.15819,37.262419],[127.157677,37.262952],[127.157533,37.263097],[127.156731,37.263863],[127.156439,37.264133],[127.156176,37.264357],[127.155653,37.26495],[127.155426,37.265228],[127.155155,37.265631],[127.154995,37.265863],[127.154729,37.266244],[127.154494,37.266625],[127.154259,37.26699],[127.154077,37.267263],[127.153792,37.267656],[127.153439,37.26816],[127.152949,37.268828],[127.152691,37.269153],[127.152436,37.269529],[127.152206,37.269848],[127.152088,37.270003],[127.151785,37.270377],[127.151235,37.27097],[127.150805,37.271381],[127.150604,37.271579],[127.150354,37.271874],[127.150156,37.272139],[127.150055,37.272303],[127.149943,37.272509],[127.149363,37.273653],[127.149131,37.274067],[127.14886,37.274388],[127.148587,37.274634],[127.148152,37.274942],[127.147879,37.275088],[127.14757,37.27522],[127.14729,37.275315],[127.147015,37.275386],[127.146648,37.275453],[127.146307,37.275491],[127.146036,37.275491],[127.145752,37.275483],[127.145496,37.275468],[127.145192,37.275422],[127.144941,37.27537],[127.144495,37.275237],[127.143538,37.274898],[127.139681,37.273486],[127.139159,37.27327],[127.138966,37.273157],[127.138719,37.272977],[127.138566,37.272845],[127.138296,37.272548],[127.138146,37.272281],[127.138032,37.272014],[127.137921,37.271661],[127.137725,37.27099],[127.137596,37.270568],[127.137502,37.270388],[127.137397,37.27024],[127.13714,37.270034],[127.136832,37.269856],[127.136469,37.269637],[127.135026,37.268771],[127.134613,37.268593],[127.134059,37.268396],[127.133591,37.268263],[127.133254,37.268185],[127.133116,37.268158],[127.132661,37.268092],[127.132141,37.26804],[127.131682,37.268028],[127.131133,37.268037],[127.130417,37.268118],[127.129653,37.268286],[127.128969,37.268504],[127.128207,37.268825],[127.12729,37.26939],[127.126672,37.269785],[127.126181,37.270143],[127.126002,37.270274],[127.125786,37.270445],[127.124745,37.271352],[127.123482,37.272522],[127.122255,37.273457],[127.120486,37.274809],[127.120224,37.274968],[127.119957,37.275081],[127.119623,37.275153],[127.119055,37.275235],[127.118701,37.275283],[127.118215,37.275349],[127.117675,37.275423],[127.117184,37.275476],[127.11713,37.275478]]}},{"type":"Feature","properties":{"color":"#44A436","ref":"E"},"geometry":{"type":"LineString","coordinates":[[127.11713,37.275478],[127.116486,37.275502]]}},{"type":"Feature","properties":{"color":"#7C4932","ref":"6"},"geometry":{"type":"LineString","coordinates":[[126.915702,37.598774],[126.915806,37.599015],[126.915976,37.599189],[126.916279,37.599408],[126.916709,37.59959],[126.917426,37.59985],[126.918933,37.600256],[126.919907,37.600745],[126.92023,37.60107],[126.922801,37.606054],[126.923392,37.607088],[126.923686,37.607326],[126.923945,37.607465],[126.924768,37.607825],[126.925704,37.608278],[126.926053,37.60852],[126.927411,37.60939],[126.928208,37.609838],[126.928766,37.610392],[126.928974,37.610599],[126.929222,37.610738],[126.929599,37.610949],[126.931186,37.611859],[126.931282,37.611933],[126.931351,37.612023],[126.932695,37.614932],[126.93284,37.615258],[126.932911,37.615456],[126.933164,37.617393],[126.93319,37.617851],[126.933153,37.61814],[126.933058,37.618452],[126.932962,37.618624],[126.932864,37.618779],[126.932583,37.619194],[126.932249,37.619644],[126.932066,37.619875],[126.931441,37.620662],[126.930395,37.621288],[126.929012,37.62153],[126.926925,37.621346],[126.925229,37.620862],[126.924283,37.620386],[126.922313,37.619162],[126.921355,37.618906],[126.920532,37.618629],[126.920206,37.61845],[126.919957,37.618108],[126.917968,37.61507],[126.917194,37.611362],[126.9171,37.61104],[126.916897,37.610416],[126.916192,37.609329],[126.915725,37.608604],[126.915396,37.607778],[126.915334,37.607088],[126.915683,37.60437],[126.91615,37.600749],[126.915473,37.598438]]}},{"type":"Feature","properties":{"color":"#7C4932","ref":"6"},"geometry":{"type":"LineString","coordinates":[[126.915473,37.598438],[126.915391,37.598097],[126.915337,37.597895],[126.914127,37.5934],[126.913868,37.592625],[126.91378,37.592277],[126.91348,37.591087],[126.913414,37.590781],[126.9132,37.589685],[126.91306,37.588998],[126.912736,37.58742],[126.912402,37.58673],[126.912077,37.586273],[126.911478,37.585628],[126.90986,37.584129],[126.906941,37.581375],[126.901439,37.576216],[126.900697,37.57551],[126.899745,37.573756],[126.899514,37.572698],[126.899299,37.570215],[126.899294,37.570161],[126.899417,37.567756],[126.899694,37.566819],[126.900366,37.566089],[126.901543,37.565331],[126.902028,37.564918],[126.903374,37.563516],[126.910122,37.555981],[126.911667,37.554221],[126.91321,37.549526],[126.913458,37.549205],[126.913627,37.549019],[126.913876,37.548872],[126.914176,37.548756],[126.918344,37.547908],[126.922923,37.547739],[126.931673,37.54746],[126.932001,37.547449],[126.934134,37.547394],[126.934936,37.547405],[126.935225,37.54741],[126.935522,37.547433],[126.935732,37.547464],[126.935921,37.547507],[126.936328,37.547653],[126.937447,37.548028],[126.938057,37.548245],[126.938631,37.548443],[126.938911,37.548515],[126.939269,37.548582],[126.939596,37.548606],[126.939787,37.548607],[126.939935,37.548604],[126.940066,37.548592],[126.940237,37.548566],[126.940421,37.548511],[126.940621,37.548429],[126.941626,37.547989],[126.942317,37.54769]]}},{"type":"Feature","properties":{"color":"#7C4932","ref":"6"},"geometry":{"type":"LineString","coordinates":[[126.942317,37.54769],[126.951521,37.54364]]}},{"type":"Feature","properties":{"color":"#7C4932","ref":"6"},"geometry":{"type":"LineString","coordinates":[[126.951521,37.54364],[126.95576,37.541745],[126.958141,37.540626],[126.961353,37.539312],[126.9642,37.538517],[126.966403,37.537976],[126.970978,37.53658],[126.973546,37.535754],[126.973899,37.535591],[126.974506,37.53528],[126.975437,37.534682],[126.975641,37.534615],[126.975803,37.534579],[126.97598,37.534563],[126.981702,37.534792],[126.985661,37.53492],[126.986498,37.534733],[126.987092,37.534527],[126.987592,37.534287],[126.988218,37.534097],[126.989273,37.534154],[126.994386,37.534481],[126.995907,37.534563],[126.997158,37.534638],[126.997675,37.534695],[126.997954,37.534767],[126.998222,37.534892],[126.999019,37.535447],[126.999706,37.536013],[127.000303,37.536568],[127.000545,37.53682],[127.001056,37.537437],[127.001303,37.537765],[127.001468,37.538013],[127.001699,37.538675],[127.001763,37.53982]]}},{"type":"Feature","properties":{"color":"#7C4932","ref":"6"},"geometry":{"type":"LineString","coordinates":[[127.001763,37.53982],[127.001773,37.539987],[127.002061,37.542075],[127.002017,37.542567],[127.001983,37.54303],[127.001931,37.543424],[127.001955,37.543741],[127.002008,37.544112],[127.00208,37.544375],[127.002143,37.544619],[127.002283,37.544992],[127.002424,37.54532],[127.002695,37.545707],[127.002959,37.546003],[127.003281,37.546289],[127.003619,37.54662],[127.004034,37.546908],[127.004408,37.547129],[127.004705,37.547284],[127.005102,37.547467],[127.005441,37.547613],[127.005773,37.547756],[127.006097,37.547894],[127.006343,37.548021],[127.006677,37.548226],[127.006924,37.548417],[127.007137,37.54865],[127.007365,37.548998],[127.00766,37.549526],[127.008263,37.550538],[127.008705,37.551244],[127.009311,37.552315],[127.009736,37.553002],[127.010013,37.553474],[127.010396,37.55416],[127.010778,37.555017],[127.013854,37.560286],[127.015486,37.563147],[127.016006,37.564099],[127.016244,37.565332],[127.016222,37.566404],[127.016131,37.567123],[127.016015,37.56803],[127.015874,37.570226],[127.015803,37.571413],[127.015649,37.573127],[127.015644,37.573367],[127.015728,37.574844],[127.015634,37.575892],[127.015513,37.576811],[127.015419,37.577851],[127.015383,37.578679],[127.015273,37.579786],[127.015194,37.580425],[127.015213,37.581198],[127.015591,37.58282],[127.015813,37.583188],[127.016249,37.583573],[127.017333,37.584376],[127.018001,37.584781],[127.018813,37.585067],[127.019333,37.585262],[127.020597,37.585717],[127.02108,37.585916],[127.02147,37.586044],[127.022445,37.586278],[127.023667,37.586439],[127.024822,37.586258],[127.025277,37.586212],[127.027456,37.586197],[127.029329,37.586282]]}},{"type":"Feature","properties":{"color":"#7C4932","ref":"6"},"geometry":{"type":"LineString","coordinates":[[127.029329,37.586282],[127.032708,37.586404],[127.032911,37.586469],[127.035611,37.589151],[127.03573,37.589271],[127.035863,37.589505],[127.035936,37.58975],[127.036147,37.590891],[127.036227,37.591781],[127.036372,37.592379],[127.037141,37.593395],[127.039019,37.596911],[127.039632,37.598233],[127.039779,37.598571],[127.040363,37.599861],[127.041013,37.601053]]}},{"type":"Feature","properties":{"color":"#7C4932","ref":"6"},"geometry":{"type":"LineString","coordinates":[[127.041013,37.601053],[127.041352,37.601674],[127.041489,37.601924],[127.041823,37.602364],[127.042386,37.602839],[127.043192,37.603454],[127.043635,37.603739],[127.044088,37.60403],[127.048257,37.606207],[127.056491,37.610534],[127.060937,37.612933],[127.062121,37.61359],[127.062645,37.613891],[127.06332,37.614201],[127.064727,37.614654],[127.065768,37.614876],[127.068565,37.615489],[127.070132,37.615822],[127.07216,37.61644],[127.073654,37.616935],[127.074529,37.617225],[127.075092,37.617419],[127.075283,37.617485],[127.076183,37.617794],[127.076493,37.617901],[127.076539,37.617917],[127.076847,37.618023],[127.078646,37.618642],[127.080363,37.619169],[127.082262,37.619538],[127.083717,37.619756],[127.085024,37.619912],[127.085462,37.619845],[127.086302,37.619562],[127.091075,37.617393]]}},{"type":"Feature","properties":{"color":"#00A23F","ref":"2"},"geometry":{"type":"LineString","coordinates":[[127.04289,37.572141],[127.0396,37.573637],[127.038702,37.573871],[127.038363,37.573973],[127.038082,37.574044],[127.037961,37.57405],[127.037661,37.574047],[127.035038,37.574019],[127.032436,37.573955],[127.030621,37.573925],[127.030014,37.573921],[127.029503,37.573917],[127.02903,37.573914],[127.028494,37.57391],[127.027855,37.573905],[127.02781,37.573905],[127.0274,37.573902],[127.027169,37.573901],[127.027105,37.5739],[127.026946,37.573911],[127.026788,37.573936],[127.026648,37.573973],[127.026511,37.574023],[127.026404,37.574069],[127.026335,37.574098]]}},{"type":"Feature","properties":{"color":"#00A23F","ref":"2"},"geometry":{"type":"LineString","coordinates":[[127.04289,37.572141],[127.045278,37.57109],[127.045731,37.570871],[127.046117,37.570648],[127.046433,37.570415],[127.046673,37.570208],[127.047035,37.5698]]}},{"type":"Feature","properties":{"color":"#00A23F","ref":"2"},"geometry":{"type":"LineString","coordinates":[[127.047035,37.5698],[127.047053,37.56978],[127.047114,37.569711],[127.047421,37.569282],[127.047447,37.569242],[127.047583,37.568991]]}},{"type":"Feature","properties":{"color":"#00A23F","ref":"2"},"geometry":{"type":"LineString","coordinates":[[127.047583,37.568991],[127.047651,37.568871],[127.047715,37.568727],[127.048028,37.568025],[127.048142,37.567653],[127.048186,37.567368],[127.048237,37.567073],[127.048272,37.566898],[127.048337,37.566736],[127.048443,37.566522],[127.050189,37.563469],[127.050615,37.562567],[127.05082,37.562128],[127.051013,37.561725],[127.051118,37.561511],[127.051413,37.560973],[127.051652,37.560421],[127.051925,37.559842],[127.052216,37.559175],[127.052419,37.55879],[127.052778,37.558111],[127.05289,37.557832],[127.052957,37.557573],[127.053001,37.557303],[127.053069,37.556645],[127.053145,37.555993],[127.053239,37.554683],[127.05326,37.554385],[127.053265,37.554218],[127.053265,37.55405],[127.053241,37.553893],[127.053216,37.553722],[127.053173,37.553552],[127.053119,37.553402]]}},{"type":"Feature","properties":{"color":"#00A23F","ref":"2"},"geometry":{"type":"LineString","coordinates":[[127.053119,37.553402],[127.053007,37.553096],[127.052695,37.552249],[127.052409,37.55157],[127.052139,37.55088],[127.051948,37.55038],[127.051883,37.550207],[127.051603,37.549529],[127.051467,37.54919],[127.050923,37.54783],[127.050849,37.547639],[127.050816,37.547538]]}},{"type":"Feature","properties":{"color":"#00A23F","ref":"2"},"geometry":{"type":"LineString","coordinates":[[127.050816,37.547538],[127.050764,37.547312],[127.050749,37.547148],[127.05075,37.546992],[127.050764,37.546872],[127.050767,37.546862],[127.050807,37.546703],[127.050835,37.546622],[127.050907,37.546494],[127.051016,37.546322],[127.051138,37.54619],[127.05132,37.546016],[127.051547,37.545883],[127.051895,37.545768],[127.052306,37.545642],[127.053499,37.545283],[127.05429,37.545014],[127.054902,37.544827],[127.057113,37.544177]]}},{"type":"Feature","properties":{"color":"#00A23F","ref":"2"},"geometry":{"type":"LineString","coordinates":[[127.055092,37.54497],[127.055004,37.544999],[127.054241,37.545221],[127.052462,37.545739],[127.051885,37.545947],[127.05171,37.546022],[127.051547,37.546117],[127.051414,37.546217],[127.051292,37.546332],[127.051162,37.54645],[127.051091,37.546546],[127.051006,37.546674],[127.050955,37.5468],[127.050899,37.546904],[127.050863,37.54707],[127.050844,37.547185],[127.050847,37.547308],[127.050853,37.547406],[127.050861,37.547478],[127.050889,37.547563],[127.050949,37.547715],[127.051021,37.54792],[127.05114,37.548215],[127.051221,37.548392],[127.051272,37.548518],[127.051326,37.548681],[127.051466,37.549031],[127.051602,37.549377],[127.051692,37.549612],[127.051717,37.549679],[127.051794,37.549873],[127.051861,37.550043],[127.051994,37.550376],[127.052195,37.550889],[127.052295,37.551149],[127.052398,37.55139],[127.052624,37.551932],[127.052848,37.552515],[127.052988,37.55287],[127.053161,37.553395]]}},{"type":"Feature","properties":{"color":"#00A23F","ref":"2"},"geometry":{"type":"LineString","coordinates":[[127.053161,37.553395],[127.053189,37.553471],[127.053283,37.553783],[127.05332,37.554038],[127.05331,37.554432],[127.053259,37.555092],[127.053251,37.555187],[127.053243,37.555302],[127.053188,37.556054],[127.053128,37.556536],[127.053105,37.556713],[127.053092,37.556843],[127.053043,37.557308],[127.05302,37.557517],[127.05293,37.557863],[127.052827,37.558134],[127.052654,37.558479],[127.052477,37.558784],[127.052312,37.559072],[127.052272,37.559161],[127.052164,37.559399],[127.052139,37.559456],[127.051999,37.559778],[127.051875,37.56006],[127.051757,37.560306],[127.05157,37.56074],[127.051381,37.561112],[127.051123,37.561602],[127.050891,37.562123],[127.050693,37.562518],[127.05056,37.562777],[127.050352,37.563224],[127.050224,37.563492],[127.049951,37.563982],[127.0494,37.564954],[127.048904,37.565797],[127.048609,37.566328],[127.04843,37.566644],[127.048319,37.56691],[127.048278,37.567067],[127.048244,37.567261],[127.048191,37.567656],[127.048118,37.567891],[127.048027,37.568133],[127.047948,37.568323],[127.047881,37.568483],[127.047782,37.568721],[127.047717,37.568849],[127.047628,37.569022]]}},{"type":"Feature","properties":{"color":"#00A23F","ref":"2"},"geometry":{"type":"LineString","coordinates":[[127.047628,37.569022],[127.047487,37.569268],[127.047471,37.569298],[127.047275,37.569574],[127.047157,37.569727],[127.047075,37.569819]]}},{"type":"Feature","properties":{"color":"#00A23F","ref":"2"},"geometry":{"type":"LineString","coordinates":[[127.047075,37.569819],[127.046739,37.570201],[127.046709,37.57023],[127.046466,37.570439],[127.046146,37.570676],[127.045756,37.570901],[127.045301,37.571121],[127.042912,37.572173]]}},{"type":"Feature","properties":{"color":"#00A23F","ref":"2"},"geometry":{"type":"LineString","coordinates":[[127.042912,37.572173],[127.042745,37.572249],[127.041154,37.572972],[127.039619,37.57367],[127.03872,37.573922],[127.038356,37.574029],[127.038112,37.574095],[127.037963,37.574099],[127.037885,37.574098],[127.037675,37.574095],[127.035037,37.574055],[127.032434,37.573991],[127.03062,37.573961],[127.027392,37.573938],[127.027162,37.573936],[127.027107,37.573936],[127.026952,37.573946],[127.026799,37.573971],[127.026665,37.574006],[127.026532,37.574055],[127.02643,37.574099],[127.026355,37.574132],[127.026257,37.574174],[127.02592,37.57432],[127.025805,37.57437],[127.024431,37.57499]]}},{"type":"Feature","properties":{"color":"#00A23F","ref":"2"},"geometry":{"type":"LineString","coordinates":[[126.891284,37.508987],[126.890999,37.509386],[126.890758,37.509668],[126.890216,37.510298],[126.889653,37.510964],[126.889394,37.511317],[126.889244,37.511588],[126.88914,37.511726],[126.889047,37.511831],[126.888912,37.511932],[126.888734,37.51203],[126.888458,37.512145],[126.888113,37.512251],[126.887756,37.512366],[126.887329,37.512507],[126.886776,37.512614],[126.886148,37.512774],[126.885555,37.512948],[126.885262,37.513089],[126.88486,37.513316],[126.883774,37.5139],[126.883645,37.513969]]}},{"type":"Feature","properties":{"color":"#00A23F","ref":"2"},"geometry":{"type":"LineString","coordinates":[[126.883645,37.513969],[126.883317,37.514144],[126.883003,37.514314],[126.882632,37.514499],[126.880783,37.515429],[126.880452,37.515584],[126.880091,37.515734],[126.879666,37.515894],[126.879143,37.51607],[126.87866,37.516195],[126.878204,37.516292],[126.877795,37.516351],[126.877377,37.516394],[126.877028,37.516419],[126.876803,37.51642],[126.876579,37.516416],[126.876341,37.516399],[126.876108,37.516372],[126.875834,37.516323],[126.875568,37.516269],[126.875277,37.51619],[126.874841,37.516054],[126.87453,37.515913],[126.874233,37.515788],[126.873921,37.515653],[126.872661,37.515099],[126.872401,37.514998],[126.872079,37.514877],[126.871969,37.514839],[126.871596,37.514711],[126.871305,37.51461],[126.870511,37.514337],[126.870261,37.51425],[126.86973,37.514046],[126.869408,37.513905],[126.869213,37.513808],[126.868962,37.513674],[126.86863,37.513466],[126.868219,37.51318],[126.86807,37.513096],[126.867969,37.513038],[126.867733,37.512938],[126.867445,37.512828],[126.866791,37.512586],[126.865912,37.5123],[126.865366,37.512117],[126.863532,37.511587],[126.861407,37.510922],[126.8606,37.510717],[126.860212,37.510632],[126.859678,37.510553],[126.859292,37.510532],[126.858941,37.510517],[126.85859,37.510548],[126.858137,37.51062],[126.857778,37.51069],[126.857473,37.510793],[126.857209,37.510908],[126.856923,37.511091],[126.856722,37.511268],[126.856522,37.511454],[126.856357,37.511697],[126.856253,37.511916],[126.856171,37.51218],[126.856062,37.512648],[126.855884,37.513544],[126.855153,37.51531],[126.854112,37.51756],[126.853482,37.519],[126.853057,37.520025],[126.85249,37.521207],[126.85216,37.521925],[126.85199,37.52226],[126.851346,37.523359]]}},{"type":"Feature","properties":{"color":"#00A23F","ref":"2"},"geometry":{"type":"LineString","coordinates":[[126.846698,37.531368],[126.847133,37.530652],[126.847678,37.529754],[126.847999,37.529263],[126.84855,37.52822],[126.848853,37.527646],[126.848912,37.527539],[126.849478,37.526518],[126.849941,37.525675],[126.850263,37.525101],[126.850489,37.524737],[126.851042,37.523892],[126.851307,37.523427],[126.851346,37.523359]]}},{"type":"Feature","properties":{"color":"#00A23F","ref":"2"},"geometry":{"type":"LineString","coordinates":[[126.851346,37.523359],[126.852025,37.522085],[126.852483,37.521093],[126.853005,37.520017],[126.853453,37.518978],[126.854052,37.517543],[126.854966,37.515568],[126.855283,37.514771],[126.855551,37.514197],[126.855762,37.513612],[126.855827,37.513348],[126.855994,37.512553],[126.856073,37.512129],[126.856159,37.511874],[126.856252,37.511674],[126.856411,37.511429],[126.856589,37.511244],[126.856867,37.511],[126.85719,37.510814],[126.857428,37.510712],[126.85782,37.510601],[126.858183,37.510524],[126.858641,37.510462],[126.858992,37.510441],[126.859256,37.51045],[126.859509,37.510474],[126.859832,37.510512],[126.860244,37.510577],[126.860673,37.510656],[126.861448,37.510849],[126.862421,37.511146],[126.863018,37.51136],[126.863559,37.511548]]}},{"type":"Feature","properties":{"color":"#00A23F","ref":"2"},"geometry":{"type":"LineString","coordinates":[[126.863559,37.511548],[126.865227,37.512041],[126.865386,37.512084],[126.86593,37.512268],[126.866805,37.512563],[126.867471,37.512799],[126.867795,37.512921],[126.868016,37.513013],[126.868119,37.513068],[126.868223,37.51313],[126.868617,37.513407],[126.868838,37.513551],[126.869012,37.513666],[126.869232,37.513791],[126.869432,37.513895],[126.869742,37.514024],[126.87027,37.514223],[126.870538,37.514309],[126.871322,37.514556],[126.871444,37.5146],[126.871616,37.514662],[126.871991,37.514797],[126.872433,37.514957],[126.872686,37.515066],[126.873933,37.515629],[126.874148,37.515724],[126.874556,37.515892],[126.874872,37.516029],[126.875289,37.516164],[126.875582,37.516241],[126.875847,37.516295],[126.876117,37.516346],[126.876351,37.516373],[126.876587,37.516388],[126.876808,37.516394],[126.877036,37.51639],[126.877383,37.516365],[126.877792,37.516317],[126.8782,37.516255],[126.878657,37.51616],[126.879132,37.516038],[126.879652,37.515865],[126.880081,37.515702],[126.880435,37.51555],[126.880767,37.515398],[126.882615,37.51447],[126.88327,37.514102]]}},{"type":"Feature","properties":{"color":"#00A23F","ref":"2"},"geometry":{"type":"LineString","coordinates":[[126.88327,37.514102],[126.883441,37.514041],[126.883645,37.513969]]}},{"type":"Feature","properties":{"color":"#00A23F","ref":"2"},"geometry":{"type":"LineString","coordinates":[[126.976282,37.563883],[126.976474,37.563973],[126.976603,37.564086],[126.976722,37.564212],[126.977355,37.565135],[126.97747,37.565284],[126.977545,37.565375],[126.977754,37.565584],[126.978001,37.565747],[126.978237,37.565845],[126.978497,37.565901],[126.979136,37.565932],[126.982604,37.565924]]}},{"type":"Feature","properties":{"color":"#00A23F","ref":"2"},"geometry":{"type":"LineString","coordinates":[[126.982604,37.565924],[126.991198,37.566258],[126.998004,37.566596],[127.002009,37.566785],[127.002747,37.566793],[127.002802,37.56679],[127.003377,37.566757],[127.00419,37.566657],[127.007696,37.565977],[127.007989,37.565897],[127.008138,37.565848],[127.010576,37.565067],[127.011309,37.564927],[127.012028,37.564886],[127.012687,37.564937],[127.014659,37.56518],[127.016308,37.565374],[127.018658,37.565573],[127.019811,37.565611],[127.020444,37.565596],[127.020978,37.565584],[127.021976,37.565424],[127.024331,37.565044],[127.024529,37.565037],[127.026788,37.56495],[127.027423,37.564859],[127.029199,37.564393],[127.033217,37.562648],[127.03437,37.561927],[127.035167,37.561412],[127.035628,37.561229],[127.036082,37.561174],[127.037134,37.561196],[127.039869,37.561253],[127.040154,37.561246],[127.040284,37.561243],[127.040751,37.561232],[127.04154,37.561066],[127.042189,37.560772],[127.042798,37.56029],[127.043106,37.55976],[127.043219,37.559075],[127.04343,37.557227],[127.043493,37.556679],[127.043588,37.556074]]}},{"type":"Feature","properties":{"color":"#00A23F","ref":"2"},"geometry":{"type":"LineString","coordinates":[[127.043588,37.556074],[127.043644,37.555723],[127.043816,37.554656],[127.043898,37.5542],[127.044219,37.552222],[127.044256,37.551873],[127.044285,37.550581],[127.044376,37.549917],[127.04448,37.549323],[127.044528,37.54919],[127.044596,37.549026],[127.044658,37.5489],[127.044737,37.548743],[127.044792,37.548648],[127.04491,37.548488],[127.045101,37.548269],[127.045231,37.548151],[127.045375,37.548037],[127.045506,37.547952],[127.04563,37.547881],[127.045819,37.547787],[127.046267,37.547604],[127.047394,37.54722],[127.0484,37.546884],[127.04863,37.546799],[127.05043,37.546263],[127.054578,37.545004]]}},{"type":"Feature","properties":{"color":"#00A23F","ref":"2"},"geometry":{"type":"LineString","coordinates":[[127.054578,37.545004],[127.057144,37.544241],[127.057263,37.544202],[127.057353,37.544175],[127.057938,37.543999],[127.05821,37.543917],[127.058817,37.543735],[127.06139,37.542961],[127.063491,37.542334],[127.063893,37.542212],[127.066531,37.541311],[127.068058,37.540788],[127.068164,37.540751],[127.069688,37.540248],[127.070259,37.540057],[127.070725,37.5399],[127.073041,37.539128],[127.074369,37.538787],[127.077079,37.538102],[127.078672,37.537704],[127.082744,37.5367],[127.083259,37.53662],[127.083639,37.536608],[127.0841,37.536644],[127.08454,37.536722],[127.085105,37.536865],[127.086198,37.53714],[127.08725,37.537405],[127.087466,37.537458],[127.089293,37.537908],[127.089724,37.537994],[127.090416,37.538038],[127.091031,37.538002],[127.091601,37.537899],[127.092061,37.537753],[127.092487,37.537556],[127.092951,37.537295],[127.093285,37.53705],[127.09348,37.536889],[127.093665,37.5367],[127.093982,37.536263],[127.09418,37.535961],[127.094716,37.535117],[127.095225,37.534316],[127.095277,37.534235],[127.095602,37.533728]]}},{"type":"Feature","properties":{"color":"#00A23F","ref":"2"},"geometry":{"type":"LineString","coordinates":[[127.095602,37.533728],[127.101887,37.523926],[127.10204,37.523663]]}},{"type":"Feature","properties":{"color":"#00A23F","ref":"2"},"geometry":{"type":"LineString","coordinates":[[127.10204,37.523663],[127.102846,37.522381],[127.103375,37.521458],[127.103822,37.520657],[127.104264,37.519871],[127.104318,37.519775],[127.104737,37.518999],[127.104853,37.5187],[127.104938,37.518451],[127.104998,37.518211],[127.105043,37.517905],[127.105055,37.517598],[127.105034,37.51724],[127.104943,37.51683],[127.104794,37.51639],[127.104613,37.515998],[127.104403,37.515652],[127.104363,37.515593]]}},{"type":"Feature","properties":{"color":"#00A23F","ref":"2"},"geometry":{"type":"LineString","coordinates":[[127.104363,37.515593],[127.104062,37.515247],[127.1037,37.514914]]}},{"type":"Feature","properties":{"color":"#00A23F","ref":"2"},"geometry":{"type":"LineString","coordinates":[[127.1037,37.514914],[127.103339,37.514562],[127.103046,37.514314],[127.10292,37.514233],[127.102724,37.514133],[127.102349,37.51399],[127.101849,37.513799],[127.101658,37.513736],[127.101266,37.513608],[127.100084,37.513231],[127.09891,37.512919],[127.097431,37.512562],[127.095585,37.512194],[127.092928,37.511948],[127.088778,37.511535],[127.086438,37.511592],[127.085804,37.511611],[127.08552,37.511618],[127.084559,37.511645],[127.078461,37.511811],[127.076272,37.511494],[127.075325,37.511339],[127.073716,37.511085],[127.072484,37.510888]]}},{"type":"Feature","properties":{"color":"#00A23F","ref":"2"},"geometry":{"type":"LineString","coordinates":[[127.072484,37.510888],[127.071904,37.510794],[127.071634,37.510749],[127.067023,37.509988],[127.066408,37.509857],[127.065401,37.509577],[127.064782,37.509414],[127.064191,37.50925],[127.063092,37.508908],[127.062061,37.50859],[127.061795,37.508508],[127.061743,37.508491],[127.060767,37.508176],[127.059598,37.50777],[127.059354,37.507685],[127.058179,37.507311],[127.057542,37.507097],[127.056862,37.506896],[127.056619,37.506824],[127.056422,37.506769],[127.048901,37.504488],[127.04423,37.503068],[127.038341,37.501242],[127.036897,37.500823],[127.027705,37.497983],[127.027597,37.497949],[127.02592,37.497424],[127.023802,37.496784],[127.022241,37.496316],[127.021574,37.496108],[127.020667,37.495829],[127.019422,37.495452],[127.017829,37.494958],[127.016963,37.494692],[127.015753,37.494309],[127.014605,37.493973]]}},{"type":"Feature","properties":{"color":"#00A23F","ref":"2"},"geometry":{"type":"LineString","coordinates":[[127.014605,37.493973],[127.013221,37.493567],[127.011067,37.492915],[127.009713,37.4925],[127.007624,37.49184],[127.006941,37.491618],[127.006298,37.491414],[127.005977,37.491314],[127.00568,37.491201],[127.00547,37.491085],[127.005196,37.490847],[127.005032,37.490694],[127.004941,37.490585],[127.004863,37.490462],[127.004804,37.490338],[127.004761,37.490164],[127.004606,37.489453],[127.003793,37.484366]]}},{"type":"Feature","properties":{"color":"#00A23F","ref":"2"},"geometry":{"type":"LineString","coordinates":[[126.978722,37.476672],[126.979342,37.47668],[126.979983,37.476669],[126.980167,37.476665],[126.982549,37.476535],[126.98307,37.476506],[126.983577,37.476506],[126.984505,37.476538],[126.984795,37.47657],[126.98505,37.476612],[126.985264,37.476663],[126.985491,37.476725],[126.986742,37.47735],[126.987126,37.477543],[126.987389,37.477667],[126.98754,37.477745],[126.988046,37.477996],[126.988429,37.478185],[126.988786,37.478368],[126.989303,37.478634],[126.98958,37.478782],[126.989982,37.478971],[126.990393,37.479126],[126.990921,37.479321],[126.991118,37.479384],[126.991707,37.47957],[126.992359,37.479782],[126.992902,37.479954],[126.993641,37.480204],[126.994368,37.480441],[126.99489,37.4806],[126.995646,37.480836],[126.996306,37.481052],[126.996869,37.481228],[126.997253,37.481351],[126.997662,37.481481],[126.997865,37.481541],[126.998033,37.481562],[126.998645,37.481622],[126.999774,37.481715],[127.002169,37.482306],[127.002329,37.482376],[127.002455,37.482429],[127.002546,37.48248],[127.002938,37.482732],[127.003208,37.48303],[127.003415,37.483411],[127.003573,37.483764],[127.003689,37.484075],[127.003793,37.484366]]}},{"type":"Feature","properties":{"color":"#00A23F","ref":"2"},"geometry":{"type":"LineString","coordinates":[[126.952753,37.481224],[126.953364,37.481016],[126.954281,37.480691],[126.95544,37.480247],[126.955802,37.480106],[126.95706,37.479605],[126.958705,37.478952],[126.959509,37.478624],[126.95988,37.478479],[126.96188,37.477717],[126.962329,37.47754],[126.96356,37.477066],[126.966733,37.475831],[126.967471,37.475555],[126.967877,37.475455],[126.96831,37.47538],[126.968861,37.475306],[126.969225,37.475282],[126.969595,37.475283],[126.969686,37.475286],[126.969983,37.4753],[126.970266,37.475328],[126.970526,37.475375],[126.970856,37.475451],[126.973406,37.476069],[126.97387,37.476173],[126.974352,37.476269],[126.974727,37.476336],[126.974981,37.476377],[126.975512,37.476445],[126.97613,37.476527],[126.976645,37.476587],[126.97685,37.476599],[126.977152,37.47662],[126.977733,37.476649],[126.977894,37.476661],[126.978722,37.476672]]}},{"type":"Feature","properties":{"color":"#00A23F","ref":"2"},"geometry":{"type":"LineString","coordinates":[[126.929696,37.484248],[126.929797,37.484261],[126.9306,37.484368],[126.931033,37.484428],[126.931143,37.484443],[126.934187,37.484838],[126.934724,37.484868],[126.935052,37.484871],[126.935418,37.484852],[126.935668,37.484837],[126.935952,37.484782],[126.936208,37.484722],[126.936411,37.484671],[126.936553,37.484623],[126.937835,37.484064],[126.939192,37.483449],[126.940537,37.482832],[126.940867,37.482688],[126.941178,37.482578],[126.941661,37.48245],[126.941995,37.482387],[126.94254,37.482305],[126.943034,37.48225],[126.944677,37.482098],[126.945721,37.481993],[126.946287,37.481942],[126.948951,37.481673],[126.951481,37.481415],[126.952255,37.481334],[126.952753,37.481224]]}},{"type":"Feature","properties":{"color":"#00A23F","ref":"2"},"geometry":{"type":"LineString","coordinates":[[126.926682,37.484266],[126.927177,37.484132],[126.927388,37.484097],[126.927605,37.484094],[126.927761,37.484096],[126.928096,37.484108],[126.928631,37.484113],[126.9295,37.48422],[126.929696,37.484248]]}},{"type":"Feature","properties":{"color":"#00A23F","ref":"2"},"geometry":{"type":"LineString","coordinates":[[126.925084,37.485198],[126.925176,37.485105],[126.925446,37.484862],[126.925709,37.484654],[126.926041,37.484483],[126.926377,37.484356],[126.926682,37.484266]]}},{"type":"Feature","properties":{"color":"#00A23F","ref":"2"},"geometry":{"type":"LineString","coordinates":[[126.924663,37.485649],[126.925084,37.485198]]}},{"type":"Feature","properties":{"color":"#00A23F","ref":"2"},"geometry":{"type":"LineString","coordinates":[[126.892591,37.500666],[126.89261,37.500579],[126.892637,37.500461],[126.892715,37.500189],[126.892763,37.500036],[126.892809,37.499898],[126.892865,37.499751],[126.892924,37.499598],[126.893415,37.4985],[126.893525,37.498159],[126.893587,37.49781],[126.893667,37.497248],[126.893777,37.496706],[126.893879,37.496333],[126.894083,37.495761],[126.894394,37.494956],[126.895014,37.493293],[126.895496,37.492],[126.896569,37.489132],[126.89669,37.488861],[126.896851,37.488544],[126.897071,37.488216],[126.897272,37.487942],[126.897658,37.487554],[126.898181,37.487137],[126.898557,37.486876],[126.899013,37.48659],[126.89952,37.486309],[126.900459,37.485747],[126.900743,37.485611],[126.900974,37.4855],[126.901362,37.485364],[126.90159,37.485296],[126.901813,37.485228],[126.902175,37.485145],[126.902724,37.485049],[126.903184,37.485037],[126.905083,37.484966],[126.905568,37.484977],[126.906003,37.48503],[126.906509,37.485124],[126.907027,37.48525],[126.910758,37.486384],[126.91123,37.486558],[126.91228,37.48699],[126.912894,37.487313],[126.913392,37.48763],[126.91551,37.48898],[126.915937,37.489238],[126.916329,37.4894],[126.91645,37.489449],[126.91675,37.48954],[126.917281,37.489666],[126.917547,37.489704],[126.917836,37.48974],[126.918266,37.489772],[126.918622,37.489768],[126.919068,37.48973],[126.919397,37.489687],[126.919695,37.489634],[126.91995,37.489578],[126.920336,37.48944],[126.920701,37.489291],[126.921189,37.489053],[126.921653,37.48871],[126.921897,37.488504],[126.92212,37.488299],[126.923204,37.487188],[126.923291,37.487098],[126.923724,37.486652],[126.924663,37.485649]]}},{"type":"Feature","properties":{"color":"#00A23F","ref":"2"},"geometry":{"type":"LineString","coordinates":[[126.892852,37.504315],[126.892597,37.502589],[126.892535,37.502187],[126.892516,37.501934],[126.892506,37.501679],[126.892495,37.501506],[126.8925,37.501323],[126.892516,37.501136],[126.892546,37.500908],[126.892591,37.500666]]}},{"type":"Feature","properties":{"color":"#00A23F","ref":"2"},"geometry":{"type":"LineString","coordinates":[[126.898374,37.529386],[126.898248,37.529224],[126.898079,37.529],[126.897748,37.528588],[126.897295,37.527961],[126.897182,37.527773],[126.897047,37.527125],[126.896882,37.526481],[126.896691,37.525727],[126.896594,37.525309],[126.896296,37.523995],[126.896195,37.52361],[126.896127,37.523303],[126.896092,37.523161],[126.896009,37.522831],[126.895388,37.520189],[126.895019,37.51897],[126.894901,37.518398],[126.894681,37.517283],[126.894578,37.516872],[126.89449,37.516511],[126.894407,37.5163],[126.894271,37.516064],[126.894134,37.515779],[126.893975,37.515562],[126.893772,37.515324],[126.893226,37.514857],[126.892555,37.514335],[126.892192,37.514057],[126.891796,37.513745],[126.891387,37.51342],[126.891209,37.513277],[126.890623,37.512832],[126.890284,37.512565],[126.890023,37.512334],[126.889884,37.512136],[126.889808,37.511991],[126.889783,37.511907],[126.889728,37.511728],[126.889715,37.511549],[126.889728,37.511438],[126.889775,37.511204],[126.889831,37.51104],[126.8899,37.510862],[126.89002,37.51071],[126.890268,37.510379],[126.890552,37.510007],[126.890716,37.509788],[126.8909,37.5095],[126.891234,37.508971],[126.891536,37.508499],[126.891755,37.508156],[126.891781,37.508116],[126.892037,37.507793],[126.892358,37.507316],[126.892618,37.506809],[126.892734,37.506553],[126.892841,37.506292],[126.892908,37.506028],[126.892956,37.505762],[126.89297,37.505479],[126.892954,37.505215],[126.892852,37.504315]]}},{"type":"Feature","properties":{"color":"#00A23F","ref":"2"},"geometry":{"type":"LineString","coordinates":[[126.903342,37.53566],[126.903301,37.535616],[126.901936,37.533884],[126.898374,37.529386]]}},{"type":"Feature","properties":{"color":"#00A23F","ref":"2"},"geometry":{"type":"LineString","coordinates":[[126.912181,37.546904],[126.911776,37.545767],[126.911592,37.545314],[126.911158,37.544666],[126.910688,37.544127],[126.910267,37.543635],[126.905013,37.537582],[126.903462,37.535813],[126.903342,37.53566]]}},{"type":"Feature","properties":{"color":"#00A23F","ref":"2"},"geometry":{"type":"LineString","coordinates":[[126.912181,37.546904],[126.912378,37.547489],[126.912605,37.547924],[126.912901,37.548402]]}},{"type":"Feature","properties":{"color":"#00A23F","ref":"2"},"geometry":{"type":"LineString","coordinates":[[126.912901,37.548402],[126.91331,37.548943],[126.913481,37.549133],[126.91355,37.54919],[126.9139,37.54944],[126.914682,37.550043],[126.923514,37.556626],[126.924451,37.557329],[126.925776,37.558324],[126.925939,37.558444],[126.926065,37.558529],[126.926208,37.558591],[126.926358,37.558635],[126.926535,37.558659],[126.926712,37.558665],[126.926854,37.558655],[126.92705,37.558608],[126.927264,37.558548],[126.936443,37.555222],[126.936907,37.555131],[126.937392,37.555203],[126.937889,37.555375],[126.938837,37.55568],[126.941004,37.556401],[126.94141,37.556496],[126.94196,37.556551],[126.945841,37.55674],[126.956133,37.557402],[126.956189,37.557399],[126.958609,37.557254],[126.959255,37.557263],[126.95978,37.557333],[126.95988,37.557347],[126.96091,37.557668],[126.96131,37.55787],[126.963698,37.559325],[126.966862,37.561253],[126.967417,37.561474],[126.968112,37.561638],[126.972766,37.562729],[126.97362,37.562943],[126.973969,37.563042],[126.974807,37.563317],[126.976282,37.563883]]}},{"type":"Feature","properties":{"color":"#ED6C00","ref":"3"},"geometry":{"type":"LineString","coordinates":[[127.026187,37.529351],[127.028078,37.527679],[127.028294,37.527397],[127.028356,37.527298],[127.028463,37.527061],[127.028535,37.526815],[127.02855,37.526577],[127.02851,37.526133],[127.028481,37.525894],[127.028087,37.52009],[127.028049,37.519909],[127.027972,37.519738],[127.027836,37.519584],[127.027607,37.519453],[127.026232,37.518859],[127.02528,37.518447],[127.021485,37.516895],[127.019642,37.516141],[127.016068,37.514947],[127.013318,37.513784],[127.011108,37.512722],[127.005647,37.510057],[127.005078,37.509707],[127.004723,37.509399],[127.004423,37.509023],[127.004165,37.508529],[127.004053,37.50799],[127.00402,37.507537],[127.004032,37.507136],[127.004094,37.506707],[127.004245,37.506396],[127.004941,37.50505],[127.006207,37.502442],[127.006563,37.501896],[127.007001,37.501373],[127.007293,37.501152],[127.0078,37.500805],[127.010041,37.499964],[127.01093,37.49963],[127.011626,37.499303],[127.012146,37.498883],[127.012333,37.498657],[127.012612,37.498292],[127.012713,37.498095],[127.012788,37.497873],[127.012869,37.497494],[127.013493,37.49464],[127.013876,37.492879],[127.014644,37.488363],[127.014712,37.487945],[127.014784,37.487638],[127.014921,37.4873],[127.015243,37.486734],[127.016327,37.484986],[127.017315,37.483427],[127.017735,37.482932],[127.018013,37.482776],[127.018742,37.482553],[127.019091,37.482519],[127.019403,37.482521],[127.034308,37.484575],[127.043458,37.485871],[127.044319,37.486014],[127.044616,37.48608],[127.044764,37.486116],[127.04507,37.486214],[127.045375,37.486333],[127.045585,37.486435],[127.045866,37.486575],[127.046957,37.487082],[127.049819,37.488427],[127.055455,37.490933],[127.06318,37.494503],[127.069887,37.496527],[127.073032,37.497244],[127.073879,37.497299],[127.074679,37.497257],[127.075489,37.497104],[127.07684,37.496755],[127.077441,37.496529],[127.077946,37.496227],[127.07852,37.495673],[127.078782,37.495324],[127.078943,37.495016],[127.079571,37.493673],[127.081208,37.490103],[127.082468,37.487438],[127.082794,37.486656],[127.082875,37.48637],[127.083112,37.485294],[127.083191,37.48505],[127.083317,37.48483],[127.083436,37.484584],[127.083611,37.484346],[127.083779,37.484122],[127.084044,37.483915],[127.084236,37.483814],[127.084486,37.483686],[127.084701,37.483589],[127.084969,37.483493],[127.085416,37.483394],[127.085953,37.483262],[127.087024,37.483121],[127.088133,37.483046],[127.088836,37.483066],[127.089912,37.483112],[127.091542,37.483325],[127.09353,37.483523],[127.09467,37.483656],[127.095291,37.483779],[127.095695,37.483909],[127.096027,37.484132],[127.096332,37.484422],[127.096582,37.484723],[127.096966,37.48512],[127.09734,37.485522],[127.097933,37.48596],[127.098787,37.486491],[127.099277,37.486739],[127.09986,37.486904],[127.10025,37.487018],[127.100698,37.487147],[127.101273,37.4873],[127.101957,37.487493],[127.102528,37.487667],[127.102903,37.487781],[127.103019,37.487816],[127.115708,37.491677],[127.115952,37.491751],[127.117664,37.492272],[127.118597,37.492544],[127.118942,37.492657],[127.122651,37.494611],[127.123272,37.494954],[127.123326,37.494984],[127.123783,37.495351],[127.124409,37.495946],[127.124704,37.49634],[127.126493,37.500078],[127.126944,37.500732],[127.127389,37.501225],[127.128313,37.502175]]}},{"type":"Feature","properties":{"color":"#ED6C00","ref":"3"},"geometry":{"type":"LineString","coordinates":[[127.02491,37.530759],[127.025362,37.530164],[127.025498,37.529993],[127.025646,37.529851],[127.026187,37.529351]]}},{"type":"Feature","properties":{"color":"#ED6C00","ref":"3"},"geometry":{"type":"LineString","coordinates":[[127.01795,37.540809],[127.024232,37.531791],[127.02491,37.530759]]}},{"type":"Feature","properties":{"color":"#ED6C00","ref":"3"},"geometry":{"type":"LineString","coordinates":[[127.016853,37.543427],[127.016909,37.543033],[127.017027,37.542568],[127.017048,37.542502],[127.017212,37.542053],[127.017465,37.541534],[127.01795,37.540809]]}},{"type":"Feature","properties":{"color":"#ED6C00","ref":"3"},"geometry":{"type":"LineString","coordinates":[[127.016729,37.544633],[127.016853,37.543427]]}},{"type":"Feature","properties":{"color":"#ED6C00","ref":"3"},"geometry":{"type":"LineString","coordinates":[[127.010606,37.554889],[127.011864,37.553341],[127.013167,37.551776],[127.014214,37.550413],[127.014957,37.549462],[127.015531,37.548807],[127.01593,37.548042],[127.016386,37.547053],[127.016569,37.54653],[127.016654,37.545977],[127.016729,37.544633]]}},{"type":"Feature","properties":{"color":"#ED6C00","ref":"3"},"geometry":{"type":"LineString","coordinates":[[126.957875,37.574555],[126.9583,37.574177],[126.959518,37.573057],[126.959912,37.572725],[126.96023,37.572601],[126.960466,37.572546],[126.961107,37.572547],[126.961763,37.572529],[126.962306,37.572578],[126.962568,37.572662],[126.962889,37.57277],[126.964816,37.573647],[126.965261,37.573864],[126.965737,37.57407],[126.965922,37.574142],[126.96623,37.574215],[126.966645,37.574313],[126.96696,37.574415],[126.967417,37.574621],[126.968597,37.575561],[126.96938,37.576007],[126.969756,37.576084],[126.970426,37.576113],[126.972004,37.576018],[126.973578,37.57582],[126.974525,37.575756],[126.97624,37.575606],[126.976444,37.575589],[126.977312,37.57556],[126.97874,37.575618],[126.980152,37.575702],[126.980692,37.575733],[126.981302,37.575742],[126.982107,37.575718],[126.98262,37.575682],[126.983118,37.57571],[126.983429,37.575774],[126.983781,37.575888],[126.985425,37.576505],[126.986195,37.576875],[126.98682,37.577176],[126.987433,37.577405],[126.987895,37.577467],[126.9882,37.577498],[126.988558,37.577525],[126.988909,37.57751],[126.989309,37.577433],[126.989606,37.577312],[126.989834,37.577216],[126.990052,37.577074],[126.990406,37.576539],[126.990517,37.576265],[126.99101,37.574515],[126.991525,37.572804],[126.991806,37.572018],[126.992281,37.570416],[126.992284,37.570362],[126.992338,37.569311],[126.992683,37.566366],[126.992919,37.564522],[126.993146,37.562743],[126.993303,37.562346],[126.99344,37.562095],[126.993547,37.561972],[126.99378,37.561721],[126.994003,37.561515],[126.99448,37.561071],[126.994843,37.560809],[126.994933,37.560752],[126.995067,37.560675],[126.995544,37.560451],[126.996189,37.560246],[126.9966,37.560182],[126.997022,37.560117],[126.997453,37.560032],[126.997916,37.559942],[126.998469,37.559822],[127.002211,37.559144],[127.003187,37.559014],[127.003726,37.558999],[127.005179,37.559084],[127.005757,37.559079],[127.0062,37.559002],[127.006864,37.558835],[127.008061,37.558123],[127.008302,37.557925],[127.008747,37.557496],[127.008962,37.557238],[127.009563,37.556309],[127.010606,37.554889]]}},{"type":"Feature","properties":{"color":"#ED6C00","ref":"3"},"geometry":{"type":"LineString","coordinates":[[126.938038,37.597784],[126.938648,37.597042],[126.939117,37.596458],[126.939426,37.596044],[126.940359,37.595043],[126.94078,37.594527],[126.940936,37.594157],[126.941035,37.593736],[126.941193,37.5921],[126.941319,37.591757],[126.941528,37.591382],[126.942051,37.590705],[126.942714,37.589998],[126.944248,37.588727],[126.945825,37.587388],[126.948115,37.585153],[126.948293,37.58498],[126.949507,37.583794],[126.949784,37.583421],[126.950362,37.582334],[126.950778,37.58145],[126.951095,37.581114],[126.952402,37.580044],[126.954719,37.577757],[126.955294,37.577121],[126.956336,37.575901],[126.957056,37.575271],[126.957875,37.574555]]}},{"type":"Feature","properties":{"color":"#ED6C00","ref":"3"},"geometry":{"type":"LineString","coordinates":[[126.918837,37.63686],[126.91888,37.636134],[126.918901,37.635801],[126.918932,37.635408],[126.918979,37.634572],[126.918987,37.634054],[126.919296,37.630379],[126.919333,37.629559],[126.919397,37.628746],[126.919537,37.628126],[126.919878,37.626866],[126.920114,37.625978],[126.920112,37.625782],[126.919848,37.622796],[126.919819,37.622196],[126.919988,37.621149],[126.920175,37.620486],[126.920572,37.619881],[126.92091,37.619488],[126.921376,37.618905],[126.921983,37.618207],[126.923013,37.617163],[126.924244,37.616116],[126.924456,37.615957],[126.926154,37.614852],[126.926425,37.614586],[126.926733,37.614259],[126.927085,37.613851],[126.929525,37.611019],[126.930473,37.609921],[126.931416,37.608812],[126.932501,37.607661],[126.933794,37.606183],[126.934107,37.605788],[126.934716,37.60491],[126.934973,37.603578],[126.935198,37.602215],[126.935322,37.601812],[126.935782,37.600966],[126.936403,37.599793],[126.936639,37.599469],[126.938038,37.597784]]}},{"type":"Feature","properties":{"color":"#ED6C00","ref":"3"},"geometry":{"type":"LineString","coordinates":[[126.918606,37.639874],[126.918798,37.637503],[126.918837,37.63686]]}},{"type":"Feature","properties":{"color":"#ED6C00","ref":"3"},"geometry":{"type":"LineString","coordinates":[[126.918458,37.642673],[126.918464,37.641955],[126.918499,37.641492],[126.918598,37.640152],[126.918606,37.639874]]}},{"type":"Feature","properties":{"color":"#ED6C00","ref":"3"},"geometry":{"type":"LineString","coordinates":[[126.916832,37.647712],[126.917364,37.647598],[126.917815,37.647409],[126.918193,37.647163],[126.918483,37.646862],[126.918724,37.646496],[126.918802,37.646252],[126.918856,37.645944],[126.918832,37.645481],[126.918762,37.644935],[126.918687,37.644402],[126.918584,37.643713],[126.918474,37.643039],[126.918458,37.642673]]}},{"type":"Feature","properties":{"color":"#ED6C00","ref":"3"},"geometry":{"type":"LineString","coordinates":[[126.916832,37.647712],[126.916761,37.647726],[126.915621,37.647904]]}},{"type":"Feature","properties":{"color":"#ED6C00","ref":"3"},"geometry":{"type":"LineString","coordinates":[[126.915621,37.647904],[126.914996,37.64803],[126.91344,37.648238]]}},{"type":"Feature","properties":{"color":"#ED6C00","ref":"3"},"geometry":{"type":"LineString","coordinates":[[126.91344,37.648238],[126.912578,37.648353],[126.911324,37.648514],[126.910474,37.648618],[126.91012,37.648662],[126.90972,37.648741],[126.90932,37.648824],[126.908293,37.649117],[126.906469,37.649622],[126.904043,37.650303],[126.903712,37.650395]]}},{"type":"Feature","properties":{"color":"#ED6C00","ref":"3"},"geometry":{"type":"LineString","coordinates":[[126.903712,37.650395],[126.90148,37.651056],[126.900764,37.651321]]}},{"type":"Feature","properties":{"color":"#ED6C00","ref":"3"},"geometry":{"type":"LineString","coordinates":[[126.900764,37.651321],[126.898189,37.652222],[126.897088,37.652615],[126.89666,37.652768],[126.89548,37.653151],[126.895387,37.653177],[126.894351,37.653462],[126.894241,37.653492],[126.894037,37.653483],[126.893943,37.653472],[126.888276,37.652243],[126.886945,37.651909],[126.881474,37.650385],[126.878671,37.649658],[126.878349,37.649618],[126.878038,37.64961],[126.877767,37.649616],[126.877367,37.649669],[126.873764,37.650523],[126.871588,37.651039],[126.865367,37.652493],[126.861835,37.653426],[126.857972,37.654148],[126.850698,37.655855],[126.849207,37.656127]]}},{"type":"Feature","properties":{"color":"#ED6C00","ref":"3"},"geometry":{"type":"LineString","coordinates":[[126.849207,37.656127],[126.848174,37.656352],[126.847544,37.656454],[126.846793,37.656469],[126.846262,37.656388],[126.845664,37.65622],[126.84543,37.656133],[126.84517,37.655997]]}},{"type":"Feature","properties":{"color":"#ED6C00","ref":"3"},"geometry":{"type":"LineString","coordinates":[[126.84517,37.655997],[126.844955,37.655864],[126.844738,37.655702],[126.844513,37.655498],[126.844304,37.655271],[126.843875,37.654657],[126.842433,37.652388],[126.842123,37.651888]]}},{"type":"Feature","properties":{"color":"#ED6C00","ref":"3"},"geometry":{"type":"LineString","coordinates":[[126.842123,37.651888],[126.841402,37.650773],[126.841056,37.650104],[126.840876,37.649556],[126.840798,37.648991],[126.840605,37.64619]]}},{"type":"Feature","properties":{"color":"#ED6C00","ref":"3"},"geometry":{"type":"LineString","coordinates":[[126.840605,37.64619],[126.840598,37.646047],[126.840596,37.645992],[126.84057,37.645447]]}},{"type":"Feature","properties":{"color":"#ED6C00","ref":"3"},"geometry":{"type":"LineString","coordinates":[[126.84057,37.645447],[126.840441,37.643051],[126.84039,37.64261]]}},{"type":"Feature","properties":{"color":"#ED6C00","ref":"3"},"geometry":{"type":"LineString","coordinates":[[126.84039,37.64261],[126.840339,37.641996],[126.839798,37.639819],[126.838234,37.636057],[126.837754,37.635278],[126.837311,37.634847],[126.836683,37.634473],[126.836029,37.634343],[126.835337,37.63432],[126.832634,37.634654],[126.825638,37.635501],[126.825147,37.635475],[126.824675,37.635382],[126.824214,37.635261]]}},{"type":"Feature","properties":{"color":"#ED6C00","ref":"3"},"geometry":{"type":"LineString","coordinates":[[126.824214,37.635261],[126.823246,37.634946],[126.822881,37.634793],[126.822495,37.634587],[126.822004,37.634267],[126.821553,37.633903],[126.821137,37.633534],[126.820914,37.633334]]}},{"type":"Feature","properties":{"color":"#ED6C00","ref":"3"},"geometry":{"type":"LineString","coordinates":[[126.820914,37.633334],[126.820796,37.633228]]}},{"type":"Feature","properties":{"color":"#ED6C00","ref":"3"},"geometry":{"type":"LineString","coordinates":[[126.820796,37.633228],[126.820376,37.632852],[126.819504,37.632185],[126.81901,37.631875],[126.818428,37.631609],[126.817817,37.631395],[126.81705,37.631223],[126.816194,37.631129],[126.815776,37.631119],[126.815387,37.631133],[126.814896,37.631182],[126.813086,37.631431]]}},{"type":"Feature","properties":{"color":"#ED6C00","ref":"3"},"geometry":{"type":"LineString","coordinates":[[126.813086,37.631431],[126.81232,37.631547],[126.80889,37.631992]]}},{"type":"Feature","properties":{"color":"#ED6C00","ref":"3"},"geometry":{"type":"LineString","coordinates":[[126.80889,37.631992],[126.806732,37.632275],[126.80638,37.632321],[126.805396,37.63248],[126.804476,37.632665],[126.803574,37.632897],[126.802847,37.633122],[126.802102,37.633377],[126.800975,37.633823]]}},{"type":"Feature","properties":{"color":"#ED6C00","ref":"3"},"geometry":{"type":"LineString","coordinates":[[126.800975,37.633823],[126.799945,37.634311],[126.799471,37.634547],[126.799039,37.634791],[126.798403,37.635259],[126.797904,37.635632],[126.794044,37.638578],[126.789332,37.642109],[126.788969,37.64238],[126.788792,37.64251],[126.787972,37.643116]]}},{"type":"Feature","properties":{"color":"#ED6C00","ref":"3"},"geometry":{"type":"LineString","coordinates":[[126.787972,37.643116],[126.787466,37.64351],[126.78713,37.643778],[126.786425,37.644302],[126.783449,37.646536],[126.782051,37.647594],[126.780132,37.649045],[126.779886,37.649249],[126.779628,37.649463],[126.77931,37.649793],[126.779194,37.649914],[126.779056,37.650077],[126.778809,37.650395],[126.77858,37.650746],[126.778314,37.651161],[126.77816,37.651411],[126.778002,37.651658],[126.777795,37.652019],[126.775983,37.655082],[126.774156,37.658249],[126.773292,37.659747],[126.772985,37.660263],[126.77283,37.660494],[126.772378,37.661178],[126.77186,37.661769],[126.771824,37.661806],[126.771431,37.662219],[126.771045,37.662618],[126.770713,37.662962],[126.768915,37.664775],[126.768044,37.665643],[126.767512,37.666204],[126.766255,37.667368],[126.765903,37.66767],[126.765835,37.667718],[126.765526,37.667942],[126.764782,37.668426],[126.764147,37.668809],[126.763706,37.669068],[126.763614,37.669115],[126.763246,37.6693],[126.762823,37.669489],[126.761994,37.669848],[126.761246,37.670176],[126.760423,37.670543],[126.759821,37.670804],[126.759185,37.671083],[126.758524,37.671378],[126.758213,37.671516],[126.756084,37.672437],[126.752193,37.674132],[126.7516,37.67439],[126.74937,37.675361],[126.748716,37.675652],[126.748627,37.675691],[126.748348,37.675815],[126.747479,37.676201]]}},{"type":"Feature","properties":{"color":"#009BCE","ref":"4"},"geometry":{"type":"LineString","coordinates":[[126.738284,37.361094],[126.738145,37.360785],[126.737976,37.360439],[126.737487,37.359559]]}},{"type":"Feature","properties":{"color":"#009BCE","ref":"4"},"geometry":{"type":"LineString","coordinates":[[126.737487,37.359559],[126.737207,37.358878]]}},{"type":"Feature","properties":{"color":"#009BCE","ref":"4"},"geometry":{"type":"LineString","coordinates":[[126.737207,37.358878],[126.736887,37.358102],[126.736803,37.357844],[126.736745,37.357615],[126.736698,37.35742],[126.73667,37.357203],[126.736655,37.357034],[126.736642,37.356788],[126.736659,37.356489],[126.736682,37.356253],[126.736751,37.355898],[126.736835,37.355616],[126.73689,37.355474],[126.736948,37.355312],[126.737022,37.355147],[126.737166,37.354892],[126.737309,37.354654],[126.737402,37.354524],[126.737549,37.354331],[126.737744,37.35411],[126.737837,37.354009],[126.738084,37.353789]]}},{"type":"Feature","properties":{"color":"#009BCE","ref":"4"},"geometry":{"type":"LineString","coordinates":[[126.738084,37.353789],[126.738237,37.353648],[126.738429,37.353492],[126.738581,37.353378],[126.738788,37.353238],[126.73896,37.353142],[126.739223,37.353018],[126.739561,37.352855],[126.739892,37.352718],[126.740217,37.352606],[126.741669,37.352177],[126.744013,37.351516],[126.74719,37.350592],[126.752452,37.349063],[126.753355,37.3488],[126.753778,37.348666],[126.754105,37.348546],[126.754389,37.348439],[126.754777,37.348259],[126.755121,37.348069],[126.755361,37.347921],[126.755677,37.347699],[126.755739,37.347651],[126.755935,37.347497],[126.75619,37.34728],[126.756453,37.347031],[126.756647,37.346824]]}},{"type":"Feature","properties":{"color":"#009BCE","ref":"4"},"geometry":{"type":"LineString","coordinates":[[126.759088,37.343156],[126.758934,37.34339],[126.758923,37.343406],[126.757703,37.345261],[126.757514,37.345554],[126.757137,37.346137],[126.757018,37.346303],[126.75693,37.346418],[126.756766,37.346628],[126.756647,37.346824]]}},{"type":"Feature","properties":{"color":"#009BCE","ref":"4"},"geometry":{"type":"LineString","coordinates":[[126.75938,37.342693],[126.759088,37.343156]]}},{"type":"Feature","properties":{"color":"#009BCE","ref":"4"},"geometry":{"type":"LineString","coordinates":[[126.75938,37.342693],[126.759879,37.342019],[126.760321,37.341531],[126.760737,37.341156],[126.761303,37.340742],[126.761612,37.340561],[126.761947,37.340358],[126.762475,37.340085],[126.763102,37.339761],[126.764098,37.339248],[126.765051,37.338756],[126.765245,37.338653],[126.76528,37.338634],[126.765408,37.338566]]}},{"type":"Feature","properties":{"color":"#009BCE","ref":"4"},"geometry":{"type":"LineString","coordinates":[[126.765408,37.338566],[126.765498,37.338519]]}},{"type":"Feature","properties":{"color":"#009BCE","ref":"4"},"geometry":{"type":"LineString","coordinates":[[126.765498,37.338519],[126.765621,37.338453],[126.767038,37.337698]]}},{"type":"Feature","properties":{"color":"#009BCE","ref":"4"},"geometry":{"type":"LineString","coordinates":[[126.767038,37.337698],[126.767619,37.337389]]}},{"type":"Feature","properties":{"color":"#009BCE","ref":"4"},"geometry":{"type":"LineString","coordinates":[[126.767619,37.337389],[126.768075,37.337141]]}},{"type":"Feature","properties":{"color":"#009BCE","ref":"4"},"geometry":{"type":"LineString","coordinates":[[126.768075,37.337141],[126.770575,37.335783],[126.770722,37.335704],[126.776857,37.332439],[126.781332,37.330424],[126.785805,37.32841]]}},{"type":"Feature","properties":{"color":"#009BCE","ref":"4"},"geometry":{"type":"LineString","coordinates":[[126.785805,37.32841],[126.786264,37.328204]]}},{"type":"Feature","properties":{"color":"#009BCE","ref":"4"},"geometry":{"type":"LineString","coordinates":[[126.786264,37.328204],[126.786866,37.327933],[126.788858,37.327033],[126.78982,37.326603],[126.792009,37.325624]]}},{"type":"Feature","properties":{"color":"#009BCE","ref":"4"},"geometry":{"type":"LineString","coordinates":[[126.792009,37.325624],[126.792632,37.32534],[126.79364,37.324889],[126.794677,37.324425],[126.795805,37.32402],[126.796664,37.323807],[126.799757,37.323232],[126.800431,37.323072]]}},{"type":"Feature","properties":{"color":"#009BCE","ref":"4"},"geometry":{"type":"LineString","coordinates":[[126.800431,37.323072],[126.800564,37.32304]]}},{"type":"Feature","properties":{"color":"#009BCE","ref":"4"},"geometry":{"type":"LineString","coordinates":[[126.800564,37.32304],[126.800804,37.322962],[126.801256,37.322816],[126.801943,37.322554],[126.804639,37.321314]]}},{"type":"Feature","properties":{"color":"#009BCE","ref":"4"},"geometry":{"type":"LineString","coordinates":[[126.845306,37.315669],[126.844804,37.315715],[126.841137,37.315911],[126.839521,37.315992],[126.835697,37.316201],[126.82393,37.316829],[126.815359,37.317287],[126.814805,37.317327],[126.81419,37.317404],[126.813573,37.317517],[126.812916,37.317679],[126.812377,37.31785],[126.811633,37.318119],[126.806942,37.320258],[126.804639,37.321314]]}},{"type":"Feature","properties":{"color":"#009BCE","ref":"4"},"geometry":{"type":"LineString","coordinates":[[126.845306,37.315669],[126.845775,37.315594],[126.846276,37.315496],[126.846786,37.315359],[126.847247,37.315215],[126.847689,37.315043]]}},{"type":"Feature","properties":{"color":"#009BCE","ref":"4"},"geometry":{"type":"LineString","coordinates":[[126.847689,37.315043],[126.847774,37.315007]]}},{"type":"Feature","properties":{"color":"#009BCE","ref":"4"},"geometry":{"type":"LineString","coordinates":[[126.847774,37.315007],[126.847927,37.314932],[126.848184,37.314805],[126.84856,37.314581],[126.848982,37.314312],[126.849232,37.314118],[126.849306,37.314061],[126.849591,37.313805]]}},{"type":"Feature","properties":{"color":"#009BCE","ref":"4"},"geometry":{"type":"LineString","coordinates":[[126.849591,37.313805],[126.849712,37.313699],[126.849844,37.313583]]}},{"type":"Feature","properties":{"color":"#009BCE","ref":"4"},"geometry":{"type":"LineString","coordinates":[[126.851041,37.312396],[126.850573,37.312857],[126.849844,37.313583]]}},{"type":"Feature","properties":{"color":"#009BCE","ref":"4"},"geometry":{"type":"LineString","coordinates":[[126.857079,37.306277],[126.854424,37.308935],[126.854361,37.309001],[126.851421,37.31201],[126.851041,37.312396]]}},{"type":"Feature","properties":{"color":"#009BCE","ref":"4"},"geometry":{"type":"LineString","coordinates":[[126.86719,37.302799],[126.863675,37.30307],[126.863159,37.3031],[126.86214,37.303228],[126.861495,37.303356],[126.860984,37.303503],[126.860544,37.303664],[126.860012,37.30389],[126.859595,37.304125],[126.859207,37.304365],[126.858798,37.304644],[126.858417,37.304944],[126.857079,37.306277]]}},{"type":"Feature","properties":{"color":"#009BCE","ref":"4"},"geometry":{"type":"LineString","coordinates":[[126.873695,37.302456],[126.872656,37.302424],[126.871921,37.302439],[126.870255,37.302566],[126.869684,37.30261],[126.869223,37.302645],[126.868254,37.30272],[126.867554,37.302772],[126.86719,37.302799]]}},{"type":"Feature","properties":{"color":"#009BCE","ref":"4"},"geometry":{"type":"LineString","coordinates":[[126.885659,37.303644],[126.883686,37.303155],[126.88189,37.302923],[126.873695,37.302456]]}},{"type":"Feature","properties":{"color":"#009BCE","ref":"4"},"geometry":{"type":"LineString","coordinates":[[126.888625,37.30444],[126.885659,37.303644]]}},{"type":"Feature","properties":{"color":"#009BCE","ref":"4"},"geometry":{"type":"LineString","coordinates":[[126.888625,37.30444],[126.89063,37.304991],[126.890788,37.305034]]}},{"type":"Feature","properties":{"color":"#009BCE","ref":"4"},"geometry":{"type":"LineString","coordinates":[[126.890788,37.305034],[126.892746,37.305572]]}},{"type":"Feature","properties":{"color":"#009BCE","ref":"4"},"geometry":{"type":"LineString","coordinates":[[126.892746,37.305572],[126.896971,37.306732],[126.897983,37.307093],[126.898694,37.30743],[126.899158,37.307671]]}},{"type":"Feature","properties":{"color":"#009BCE","ref":"4"},"geometry":{"type":"LineString","coordinates":[[126.899158,37.307671],[126.899771,37.308042],[126.900223,37.308378],[126.900693,37.308848]]}},{"type":"Feature","properties":{"color":"#009BCE","ref":"4"},"geometry":{"type":"LineString","coordinates":[[126.902097,37.31042],[126.900693,37.308848]]}},{"type":"Feature","properties":{"color":"#009BCE","ref":"4"},"geometry":{"type":"LineString","coordinates":[[126.922648,37.338135],[126.922334,37.336131],[126.922195,37.335442],[126.92208,37.334975],[126.921924,37.334542],[126.921731,37.334088],[126.921256,37.333292],[126.920916,37.332839],[126.917584,37.328816],[126.917512,37.32873],[126.904836,37.313664],[126.904475,37.3132],[126.902097,37.31042]]}},{"type":"Feature","properties":{"color":"#009BCE","ref":"4"},"geometry":{"type":"LineString","coordinates":[[126.923551,37.343444],[126.922648,37.338135]]}},{"type":"Feature","properties":{"color":"#009BCE","ref":"4"},"geometry":{"type":"LineString","coordinates":[[126.925882,37.351502],[126.92581,37.351268],[126.925259,37.349528],[126.924136,37.34597],[126.923985,37.345406],[126.923657,37.344008],[126.923551,37.343444]]}},{"type":"Feature","properties":{"color":"#009BCE","ref":"4"},"geometry":{"type":"LineString","coordinates":[[126.927054,37.354239],[126.926831,37.353912],[126.926612,37.353544],[126.926486,37.353317],[126.926366,37.353034],[126.925882,37.351502]]}},{"type":"Feature","properties":{"color":"#009BCE","ref":"4"},"geometry":{"type":"LineString","coordinates":[[126.929798,37.356312],[126.929459,37.356126],[126.928782,37.355744],[126.928311,37.355445],[126.927769,37.35502],[126.927331,37.354574],[126.927054,37.354239]]}},{"type":"Feature","properties":{"color":"#009BCE","ref":"4"},"geometry":{"type":"LineString","coordinates":[[126.929798,37.356312],[126.930858,37.356885],[126.931908,37.357448],[126.933761,37.358451],[126.934249,37.358705],[126.934392,37.358782],[126.935303,37.359271]]}},{"type":"Feature","properties":{"color":"#009BCE","ref":"4"},"geometry":{"type":"LineString","coordinates":[[126.935303,37.359271],[126.93559,37.359425],[126.941643,37.362674]]}},{"type":"Feature","properties":{"color":"#009BCE","ref":"4"},"geometry":{"type":"LineString","coordinates":[[126.941643,37.362674],[126.943276,37.36355],[126.943429,37.363633],[126.944619,37.364272],[126.944878,37.364457],[126.945126,37.364676],[126.945343,37.364913],[126.945518,37.365161],[126.945708,37.36556],[126.945807,37.365887],[126.945835,37.366176],[126.945826,37.366552],[126.945738,37.366891],[126.94504,37.368336]]}},{"type":"Feature","properties":{"color":"#009BCE","ref":"4"},"geometry":{"type":"LineString","coordinates":[[126.94504,37.368336],[126.94397,37.37057],[126.943708,37.371132],[126.942805,37.373068]]}},{"type":"Feature","properties":{"color":"#009BCE","ref":"4"},"geometry":{"type":"LineString","coordinates":[[126.942805,37.373068],[126.942619,37.373469],[126.942289,37.374176],[126.941224,37.376331]]}},{"type":"Feature","properties":{"color":"#009BCE","ref":"4"},"geometry":{"type":"LineString","coordinates":[[126.941224,37.376331],[126.9404,37.377541],[126.9393,37.378763],[126.939018,37.379235],[126.938879,37.379522],[126.938831,37.379691],[126.938759,37.379961],[126.938703,37.380349],[126.938694,37.380597],[126.938716,37.380904],[126.938787,37.381333],[126.939004,37.38192],[126.939211,37.382427],[126.939437,37.382745],[126.939626,37.382983],[126.939771,37.383133],[126.940024,37.383345],[126.940359,37.38356],[126.941096,37.384019],[126.941678,37.384333],[126.942455,37.384783],[126.94785,37.388825],[126.948185,37.389009],[126.950902,37.389927],[126.95099,37.389955],[126.951548,37.390146],[126.952275,37.390389],[126.963863,37.394308],[126.968808,37.395979],[126.973559,37.397603],[126.974362,37.397887],[126.974751,37.398075],[126.975594,37.398665],[126.975953,37.398994],[126.976307,37.399426],[126.976332,37.399456],[126.976523,37.399674],[126.976663,37.399881],[126.976756,37.400091],[126.976786,37.400224],[126.976828,37.400425],[126.976908,37.401373],[126.977004,37.402231],[126.977103,37.402795],[126.977165,37.403174],[126.977743,37.405773],[126.978913,37.409604],[126.979409,37.411737],[126.979764,37.413387],[126.97987,37.413857],[126.980272,37.414886],[126.981085,37.41675],[126.981358,37.417281],[126.983012,37.419973],[126.984543,37.421772],[126.985665,37.422809],[126.987144,37.424093],[126.989702,37.426469],[126.990587,37.42718],[126.992423,37.429221],[126.993583,37.430549],[126.994481,37.431576],[126.994825,37.431972],[126.994962,37.432148],[126.995082,37.432276],[126.995277,37.43246],[126.995481,37.4326],[126.995741,37.432718],[126.996015,37.432846],[126.996456,37.432994],[126.996821,37.433103],[126.997224,37.433188],[126.99756,37.433243],[126.998028,37.433265],[126.998835,37.433253],[126.999278,37.433258],[127.002224,37.433261],[127.003023,37.433264],[127.003359,37.433278],[127.003864,37.433355],[127.004227,37.433462],[127.004603,37.433623],[127.005067,37.433896],[127.005298,37.43408],[127.005456,37.43422],[127.005568,37.434358],[127.005759,37.434627],[127.0061,37.435114],[127.006544,37.435775],[127.006928,37.436369],[127.007057,37.436573],[127.007207,37.436797],[127.00816,37.438001],[127.008335,37.438417],[127.008392,37.438661],[127.008428,37.438934],[127.008421,37.439229],[127.007997,37.442775],[127.00787,37.443793],[127.007525,37.444504],[127.004391,37.448826],[127.003334,37.45019],[127.002977,37.450666],[127.00257,37.451278],[127.002365,37.451538],[127.002264,37.451645],[127.002098,37.451781],[127.001803,37.452011],[127.001591,37.452142],[127.001386,37.452271],[127.001155,37.4524],[127.000974,37.452507],[127.000579,37.452733],[126.999986,37.453082],[126.99958,37.453272],[126.999075,37.453429],[126.997849,37.453831]]}},{"type":"Feature","properties":{"color":"#009BCE","ref":"4"},"geometry":{"type":"LineString","coordinates":[[126.997849,37.453831],[126.996877,37.454216],[126.995857,37.454819],[126.995389,37.455201],[126.995017,37.45563],[126.994292,37.456709]]}},{"type":"Feature","properties":{"color":"#009BCE","ref":"4"},"geometry":{"type":"LineString","coordinates":[[126.994292,37.456709],[126.993799,37.457624],[126.993588,37.457937],[126.993264,37.458355],[126.993232,37.458396],[126.992392,37.459233],[126.991702,37.459806],[126.991049,37.460605]]}},{"type":"Feature","properties":{"color":"#009BCE","ref":"4"},"geometry":{"type":"LineString","coordinates":[[126.988119,37.466113],[126.989016,37.464226],[126.989106,37.464031],[126.989211,37.46378],[126.989399,37.463414],[126.989886,37.462452],[126.9906,37.46127],[126.991049,37.460605]]}},{"type":"Feature","properties":{"color":"#009BCE","ref":"4"},"geometry":{"type":"LineString","coordinates":[[126.981825,37.478411],[126.981766,37.477173],[126.981745,37.476786],[126.98172,37.476275],[126.981711,37.476044],[126.981683,37.475603],[126.981729,37.475247],[126.981812,37.474845],[126.982043,37.473997],[126.982354,37.473289],[126.982786,37.472451],[126.983103,37.471825],[126.983529,37.471088],[126.983902,37.470543],[126.98432,37.47],[126.984749,37.469566],[126.985294,37.469111],[126.986002,37.468576],[126.986598,37.468018],[126.986665,37.467957],[126.986793,37.467814],[126.986836,37.467765],[126.987062,37.467512],[126.987464,37.467047],[126.987755,37.466716],[126.987895,37.466479],[126.988119,37.466113]]}},{"type":"Feature","properties":{"color":"#009BCE","ref":"4"},"geometry":{"type":"LineString","coordinates":[[126.982636,37.496599],[126.98259,37.496408],[126.982563,37.496206],[126.982668,37.490872],[126.982644,37.49013],[126.982633,37.489887],[126.982593,37.489549],[126.982563,37.489312],[126.982486,37.488927],[126.9824,37.488487],[126.982338,37.488155],[126.982295,37.487512],[126.982285,37.487423],[126.982255,37.487024],[126.982237,37.48678],[126.982207,37.486367],[126.982113,37.485147],[126.982024,37.483909],[126.981955,37.482736],[126.981906,37.481695],[126.98189,37.481344],[126.981862,37.479598],[126.981842,37.479191],[126.98184,37.478838],[126.981825,37.478411]]}},{"type":"Feature","properties":{"color":"#009BCE","ref":"4"},"geometry":{"type":"LineString","coordinates":[[126.983281,37.498754],[126.983258,37.498531],[126.98321,37.498274],[126.983151,37.49807],[126.983123,37.49799],[126.982636,37.496599]]}},{"type":"Feature","properties":{"color":"#009BCE","ref":"4"},"geometry":{"type":"LineString","coordinates":[[126.981486,37.501416],[126.981721,37.501234],[126.982121,37.500923],[126.982424,37.500684],[126.982607,37.500484],[126.982756,37.500278],[126.982927,37.50004],[126.983052,37.499848],[126.983164,37.499633],[126.983243,37.499401],[126.983295,37.499187],[126.983314,37.499034],[126.983281,37.498754]]}},{"type":"Feature","properties":{"color":"#009BCE","ref":"4"},"geometry":{"type":"LineString","coordinates":[[126.980227,37.504506],[126.980196,37.504234],[126.980201,37.50405],[126.980219,37.503812],[126.980231,37.50364],[126.980309,37.503327],[126.980412,37.502987],[126.980641,37.502493],[126.980868,37.502121],[126.980987,37.501965],[126.981145,37.50177],[126.981486,37.501416]]}},{"type":"Feature","properties":{"color":"#009BCE","ref":"4"},"geometry":{"type":"LineString","coordinates":[[126.983258,37.516015],[126.983237,37.515817],[126.983111,37.515243],[126.982312,37.512216],[126.980803,37.506605],[126.980365,37.505156],[126.980227,37.504506]]}},{"type":"Feature","properties":{"color":"#009BCE","ref":"4"},"geometry":{"type":"LineString","coordinates":[[126.983299,37.51695],[126.983296,37.516506],[126.98328,37.516213],[126.983258,37.516015]]}},{"type":"Feature","properties":{"color":"#009BCE","ref":"4"},"geometry":{"type":"LineString","coordinates":[[126.983309,37.5184],[126.9833,37.51704],[126.983299,37.51695]]}},{"type":"Feature","properties":{"color":"#009BCE","ref":"4"},"geometry":{"type":"LineString","coordinates":[[126.972819,37.55389],[126.972806,37.553583],[126.972762,37.553307],[126.972585,37.552523],[126.972489,37.552193],[126.972188,37.550957],[126.972021,37.550214],[126.971853,37.549296],[126.971834,37.547253],[126.971974,37.545142],[126.972197,37.544278],[126.974247,37.536666],[126.97429,37.536434],[126.974286,37.536165],[126.974257,37.536018],[126.974202,37.53585],[126.974097,37.535676],[126.97295,37.534439],[126.972427,37.533862],[126.968624,37.529904],[126.968211,37.529496],[126.96786,37.529132],[126.966795,37.528099],[126.966699,37.527974],[126.966577,37.527806],[126.966457,37.527601],[126.966392,37.527482],[126.966328,37.527288],[126.9663,37.527156],[126.966285,37.526962],[126.966278,37.526727],[126.966286,37.526528],[126.96633,37.526329],[126.966418,37.526089],[126.966531,37.52586],[126.966667,37.525635],[126.966809,37.525466],[126.966971,37.525287],[126.967138,37.525142],[126.967286,37.525045],[126.969861,37.5236],[126.970291,37.523411],[126.970658,37.52332],[126.97136,37.52323],[126.972087,37.523105],[126.973634,37.522661],[126.981796,37.520102],[126.982397,37.519865],[126.982458,37.519838],[126.982529,37.519799],[126.982774,37.519654],[126.982811,37.519627],[126.982842,37.519596],[126.982948,37.519466],[126.98298,37.519422],[126.983,37.519386],[126.983097,37.519198],[126.983227,37.518896],[126.98324,37.518854],[126.983247,37.518823],[126.983309,37.5184]]}},{"type":"Feature","properties":{"color":"#009BCE","ref":"4"},"geometry":{"type":"LineString","coordinates":[[126.98883,37.56112],[126.986294,37.560874],[126.98306,37.560589],[126.982526,37.560515],[126.982054,37.560354],[126.980948,37.559755],[126.98062,37.559653],[126.979923,37.559435],[126.97968,37.559369],[126.979256,37.559241],[126.978926,37.559076],[126.978669,37.55891],[126.97848,37.55874],[126.978264,37.558523],[126.978069,37.558322],[126.977851,37.558117],[126.977744,37.558033],[126.977616,37.557943],[126.977385,37.557817],[126.977313,37.557789],[126.97537,37.557035],[126.975233,37.556983],[126.974936,37.556872],[126.974812,37.55682],[126.973692,37.556403],[126.973457,37.556288],[126.973257,37.556168],[126.973128,37.556048],[126.973039,37.555953],[126.972943,37.555797],[126.97287,37.555659],[126.972798,37.555522],[126.972719,37.555307],[126.97269,37.555212],[126.972678,37.555115],[126.972668,37.55493],[126.972682,37.554626],[126.972761,37.554256],[126.972819,37.55389]]}},{"type":"Feature","properties":{"color":"#009BCE","ref":"4"},"geometry":{"type":"LineString","coordinates":[[126.992405,37.561037],[126.992313,37.561037],[126.991255,37.561033],[126.991118,37.561039],[126.989839,37.561165],[126.989328,37.561155],[126.98905,37.56113],[126.98883,37.56112]]}},{"type":"Feature","properties":{"color":"#009BCE","ref":"4"},"geometry":{"type":"LineString","coordinates":[[126.996313,37.561725],[126.995809,37.561605],[126.994143,37.561194],[126.993617,37.561075],[126.993095,37.561026],[126.992597,37.561032],[126.992405,37.561037]]}},{"type":"Feature","properties":{"color":"#009BCE","ref":"4"},"geometry":{"type":"LineString","coordinates":[[127.009865,37.569851],[127.009929,37.569602],[127.009952,37.569402],[127.00994,37.569103],[127.009907,37.568857],[127.009879,37.568673],[127.009837,37.568463],[127.009795,37.568139],[127.00973,37.567866],[127.009621,37.567552],[127.009518,37.567318],[127.009419,37.567113],[127.009145,37.566655],[127.008909,37.566199],[127.008683,37.565834],[127.008369,37.565467],[127.008086,37.565176],[127.007713,37.564751],[127.007434,37.564434],[127.007383,37.564372],[127.007325,37.564318],[127.007247,37.564258],[127.007191,37.564224],[127.007113,37.564183],[127.00703,37.56414],[127.006891,37.56407],[127.006662,37.563967],[127.006547,37.563922],[127.006404,37.563893],[127.005953,37.563855],[127.005495,37.563803],[127.003943,37.5635],[127.001817,37.563002],[126.997783,37.562057],[126.997481,37.561989],[126.996313,37.561725]]}},{"type":"Feature","properties":{"color":"#009BCE","ref":"4"},"geometry":{"type":"LineString","coordinates":[[127.008202,37.572281],[127.008956,37.571403],[127.00918,37.571109],[127.009417,37.570774],[127.009554,37.570547],[127.009634,37.570427],[127.009718,37.57026],[127.009865,37.569851]]}},{"type":"Feature","properties":{"color":"#009BCE","ref":"4"},"geometry":{"type":"LineString","coordinates":[[127.00742,37.588994],[127.00621,37.588433],[127.005433,37.588092],[127.005253,37.588031],[127.004502,37.587829],[127.003981,37.587649],[127.002983,37.58722],[127.002663,37.587023],[127.002302,37.586765],[127.001992,37.58642],[127.001703,37.586073],[127.001562,37.585892],[127.001436,37.585675],[127.001394,37.585445],[127.001389,37.585264],[127.001412,37.585106],[127.001458,37.584823],[127.001615,37.583802],[127.001946,37.582497],[127.00198,37.582146],[127.002106,37.580894],[127.002167,37.579405],[127.002236,37.57773],[127.002256,37.577555],[127.002301,37.577313],[127.002364,37.577117],[127.002484,37.576863],[127.002592,37.576682],[127.002672,37.576582],[127.002752,37.576497],[127.002828,37.576444],[127.002959,37.576373],[127.003605,37.576177],[127.004466,37.575926],[127.005025,37.575629],[127.005437,37.575248],[127.006129,37.574519],[127.008202,37.572281]]}},{"type":"Feature","properties":{"color":"#009BCE","ref":"4"},"geometry":{"type":"LineString","coordinates":[[127.042118,37.651858],[127.041223,37.651682],[127.037642,37.651407],[127.037368,37.651363],[127.037293,37.65134],[127.036925,37.651226],[127.036744,37.651138],[127.036583,37.651064],[127.036412,37.650951],[127.036256,37.650849],[127.036049,37.650678],[127.035936,37.650541],[127.035763,37.650273],[127.034601,37.648411],[127.033146,37.645955],[127.032645,37.645121],[127.031978,37.644011],[127.03143,37.643378],[127.030181,37.642212],[127.025736,37.637969],[127.023775,37.6362],[127.023442,37.635744],[127.023305,37.635517],[127.023237,37.635237],[127.023363,37.634044],[127.023486,37.633406],[127.023652,37.632856],[127.024124,37.631633],[127.025385,37.628501],[127.025613,37.627937],[127.025729,37.627644],[127.02618,37.626496],[127.026595,37.625439],[127.029843,37.617195],[127.029891,37.616762],[127.030124,37.613173],[127.030363,37.611163],[127.03036,37.610498],[127.030277,37.609719],[127.030138,37.609198],[127.029827,37.608603],[127.028419,37.607022],[127.027743,37.606351],[127.025903,37.604795],[127.02568,37.604577],[127.025571,37.604427],[127.025515,37.604318],[127.025468,37.604198],[127.025252,37.603796],[127.024912,37.603147],[127.024508,37.602388],[127.021922,37.59771],[127.021459,37.596865],[127.021342,37.596652],[127.021048,37.596255],[127.019876,37.595198],[127.018741,37.594204],[127.018339,37.593838],[127.017771,37.593386],[127.017423,37.593136],[127.016971,37.592867],[127.016772,37.592765],[127.016418,37.592633],[127.015748,37.592459],[127.014839,37.592363],[127.014199,37.59222],[127.013983,37.592163],[127.013775,37.592082],[127.012492,37.591445],[127.010316,37.59031],[127.008336,37.589418],[127.008263,37.589385],[127.007546,37.589049],[127.00742,37.588994]]}},{"type":"Feature","properties":{"color":"#009BCE","ref":"4"},"geometry":{"type":"LineString","coordinates":[[127.046631,37.65292],[127.042118,37.651858]]}},{"type":"Feature","properties":{"color":"#009BCE","ref":"4"},"geometry":{"type":"LineString","coordinates":[[127.048863,37.653446],[127.04882,37.653437],[127.047737,37.653182],[127.046631,37.65292]]}},{"type":"Feature","properties":{"color":"#009BCE","ref":"4"},"geometry":{"type":"LineString","coordinates":[[127.06452,37.65659],[127.063409,37.656339],[127.06221,37.65606],[127.061634,37.655933],[127.06133,37.655866],[127.060339,37.655643],[127.058002,37.655118],[127.05625,37.654724],[127.055705,37.654606],[127.055339,37.654544],[127.054838,37.654497],[127.05332,37.654408],[127.052864,37.65436],[127.052164,37.654228],[127.048863,37.653446]]}},{"type":"Feature","properties":{"color":"#009BCE","ref":"4"},"geometry":{"type":"LineString","coordinates":[[127.075835,37.663924],[127.075655,37.662996],[127.075591,37.662824],[127.075505,37.662656],[127.075403,37.662522],[127.075225,37.662312],[127.074856,37.661983],[127.074246,37.661475],[127.074168,37.661406],[127.073761,37.66106],[127.073541,37.660846],[127.073408,37.660715],[127.073292,37.660595],[127.072658,37.659918],[127.071921,37.659159],[127.071666,37.658974],[127.071503,37.658875],[127.071357,37.658785],[127.071168,37.658697],[127.070842,37.658582],[127.070285,37.658446],[127.069647,37.658312],[127.069368,37.658242],[127.069129,37.658184],[127.068654,37.658063],[127.068577,37.658034],[127.068359,37.657947],[127.067893,37.6577],[127.067576,37.657562],[127.066657,37.657115],[127.066189,37.65695],[127.065592,37.656819],[127.064758,37.656639],[127.06452,37.65659]]}},{"type":"Feature","properties":{"color":"#009BCE","ref":"4"},"geometry":{"type":"LineString","coordinates":[[127.079716,37.670916],[127.079111,37.670267],[127.078957,37.6701],[127.07842,37.669484],[127.078366,37.669419],[127.078289,37.669327],[127.078039,37.669029],[127.077948,37.66892],[127.076366,37.667026],[127.076148,37.66669],[127.07605,37.666478],[127.075981,37.66622],[127.075968,37.666029],[127.075974,37.664899],[127.075904,37.664406],[127.075835,37.663924]]}},{"type":"Feature","properties":{"color":"#794698","ref":"5"},"geometry":{"type":"LineString","coordinates":[[127.134204,37.522259],[127.133561,37.520503],[127.133422,37.520089],[127.133293,37.519753],[127.133196,37.519566],[127.133092,37.519378],[127.130964,37.516132],[127.126072,37.508618],[127.125562,37.50782],[127.12467,37.506424],[127.124434,37.505756],[127.124396,37.505215],[127.124471,37.504892],[127.124863,37.504355],[127.125807,37.503577],[127.127842,37.502233],[127.130836,37.500244],[127.134846,37.498105],[127.143772,37.49338],[127.144316,37.493092],[127.144633,37.493031],[127.149139,37.492869],[127.149247,37.492877],[127.149402,37.492923],[127.149568,37.493009],[127.152751,37.494989]]}},{"type":"Feature","properties":{"color":"#794698","ref":"5"},"geometry":{"type":"LineString","coordinates":[[127.130967,37.536353],[127.13246,37.535919],[127.132638,37.535863],[127.132932,37.535768],[127.134225,37.53543],[127.135217,37.535143],[127.135912,37.534923],[127.136222,37.534801],[127.136486,37.534678],[127.137079,37.53431],[127.13725,37.534184],[127.137418,37.534045],[127.137573,37.533896],[127.137855,37.533491],[127.138014,37.533197],[127.138095,37.532935],[127.138163,37.532519],[127.138176,37.532293],[127.138134,37.532103],[127.138058,37.531901],[127.137894,37.531583],[127.137754,37.53132],[127.137458,37.530837],[127.137261,37.530355],[127.137167,37.530068],[127.137024,37.529631],[127.136801,37.529073],[127.136285,37.527788],[127.134204,37.522259]]}},{"type":"Feature","properties":{"color":"#794698","ref":"5"},"geometry":{"type":"LineString","coordinates":[[127.135363,37.534886],[127.132596,37.535768]]}},{"type":"Feature","properties":{"color":"#794698","ref":"5"},"geometry":{"type":"LineString","coordinates":[[127.134134,37.522273],[127.136208,37.52781],[127.136647,37.528975],[127.136962,37.529811],[127.137186,37.530463],[127.13734,37.530845],[127.137608,37.531343],[127.137742,37.531583],[127.137891,37.531925],[127.137967,37.532182],[127.138001,37.532408],[127.13798,37.532655],[127.137889,37.532924],[127.137652,37.533393],[127.13743,37.533701],[127.13723,37.533919],[127.13702,37.534095],[127.136372,37.534469],[127.135363,37.534886]]}},{"type":"Feature","properties":{"color":"#794698","ref":"5"},"geometry":{"type":"LineString","coordinates":[[127.152787,37.494956],[127.149587,37.492951],[127.149399,37.492859],[127.149257,37.492818],[127.149155,37.492813],[127.144626,37.492974],[127.144277,37.493039],[127.143726,37.49333],[127.13481,37.498043],[127.130797,37.5002],[127.127801,37.502196],[127.12578,37.503543],[127.124829,37.504332],[127.124425,37.504867],[127.124337,37.50521],[127.124382,37.505761],[127.12461,37.506441],[127.125068,37.507161],[127.125275,37.507487],[127.125277,37.50749],[127.125362,37.507625],[127.126011,37.508645],[127.130899,37.51616],[127.133047,37.519405],[127.13315,37.519588],[127.133241,37.519763],[127.133361,37.520095],[127.13351,37.520507],[127.134134,37.522273]]}},{"type":"Feature","properties":{"color":"#794698","ref":"5"},"geometry":{"type":"LineString","coordinates":[[127.165091,37.556661],[127.162796,37.556319],[127.162286,37.556227],[127.158799,37.555703],[127.156306,37.555355],[127.153787,37.555003],[127.152646,37.554855],[127.151879,37.554753],[127.151699,37.554748],[127.151452,37.554784],[127.148783,37.555512],[127.148307,37.555588],[127.147948,37.555612],[127.147573,37.555633],[127.147335,37.555616],[127.146906,37.555563]]}},{"type":"Feature","properties":{"color":"#794698","ref":"5"},"geometry":{"type":"LineString","coordinates":[[127.146906,37.555563],[127.146348,37.555425],[127.145939,37.55527],[127.145731,37.555168],[127.145532,37.555061],[127.145369,37.554938],[127.145159,37.554762],[127.145019,37.554644],[127.144761,37.554342],[127.144494,37.553962],[127.144371,37.553714],[127.144307,37.553534],[127.144218,37.553223],[127.144128,37.55265]]}},{"type":"Feature","properties":{"color":"#794698","ref":"5"},"geometry":{"type":"LineString","coordinates":[[127.144128,37.55265],[127.144053,37.551925],[127.143928,37.550811],[127.143306,37.547121],[127.143152,37.546378],[127.142931,37.54566],[127.140159,37.538355],[127.139762,37.537276],[127.139592,37.536814],[127.139374,37.536223],[127.139277,37.536031],[127.139084,37.535731],[127.138883,37.53548],[127.138715,37.535324],[127.138437,37.535112],[127.138172,37.534948],[127.137926,37.53484],[127.137417,37.534726],[127.137087,37.534693],[127.136776,37.534674],[127.136488,37.534693],[127.136196,37.534736],[127.135385,37.534958],[127.134511,37.535227],[127.132615,37.535815]]}},{"type":"Feature","properties":{"color":"#794698","ref":"5"},"geometry":{"type":"LineString","coordinates":[[127.132615,37.535815],[127.130967,37.536353]]}},{"type":"Feature","properties":{"color":"#794698","ref":"5"},"geometry":{"type":"LineString","coordinates":[[127.130967,37.536353],[127.127171,37.537503],[127.125885,37.537852],[127.123428,37.538615],[127.12271,37.538864],[127.122054,37.539138],[127.12177,37.539282],[127.1206,37.540062],[127.119714,37.540615],[127.11822,37.541718],[127.117585,37.542019],[127.108045,37.544576],[127.106789,37.544505],[127.106214,37.544571],[127.105112,37.54484],[127.103517,37.545333],[127.093849,37.548677],[127.093457,37.548818],[127.09316,37.548924],[127.091941,37.549383],[127.091381,37.54972],[127.090534,37.550452],[127.090346,37.550713],[127.089822,37.551702],[127.089567,37.552248],[127.089415,37.552553],[127.088993,37.553028],[127.088637,37.553428],[127.08618,37.554589],[127.079565,37.557169]]}},{"type":"Feature","properties":{"color":"#794698","ref":"5"},"geometry":{"type":"LineString","coordinates":[[127.079565,37.557169],[127.072306,37.560055],[127.070562,37.560658],[127.064596,37.561508],[127.06089,37.562067],[127.058884,37.562415],[127.058496,37.5626],[127.057414,37.563375],[127.052707,37.56685],[127.051924,37.567407],[127.049779,37.568994],[127.049486,37.569135],[127.049224,37.569232],[127.048945,37.569299],[127.04865,37.56932],[127.048376,37.569271],[127.048089,37.56918],[127.047335,37.568832],[127.04675,37.568486],[127.04289,37.566119],[127.041667,37.565407],[127.039702,37.563928],[127.036235,37.561341],[127.035756,37.561058],[127.03232,37.559016],[127.03064,37.558017],[127.029945,37.557603],[127.026293,37.555905],[127.024097,37.554811],[127.023476,37.554569],[127.023162,37.554488],[127.022819,37.554423],[127.022224,37.554355],[127.021765,37.554308],[127.021366,37.55429],[127.021038,37.554311],[127.020267,37.554456],[127.019369,37.554632],[127.018487,37.555069],[127.018085,37.555382],[127.017717,37.555702],[127.017303,37.556388],[127.017192,37.556852],[127.01683,37.557874],[127.01636,37.558738],[127.015616,37.55942],[127.014944,37.559825],[127.013711,37.560299],[127.012065,37.560985],[127.011695,37.561185],[127.011241,37.561449],[127.01084,37.561765],[127.010551,37.56201],[127.009893,37.562648],[127.009438,37.563079],[127.009184,37.563271],[127.008683,37.563592],[127.00771,37.564109],[127.007534,37.564176],[127.00729,37.564263],[127.006417,37.564524],[127.005526,37.564702],[127.004613,37.564797],[127.001106,37.564566],[127.000485,37.564522],[127.000404,37.564532],[127.000256,37.564551],[126.99995,37.564625],[126.999559,37.564753],[126.999066,37.565043],[126.998834,37.565177],[126.9983,37.565765],[126.998204,37.566127],[126.998133,37.566936],[126.998029,37.5685],[126.997884,37.569289],[126.997863,37.569539],[126.997792,37.570054],[126.997713,37.570248],[126.997615,37.570423],[126.997508,37.570552],[126.997369,37.570696],[126.997142,37.570871],[126.996949,37.570991],[126.996722,37.57113],[126.996116,37.571432],[126.995848,37.571532],[126.995537,37.571659],[126.994912,37.571853],[126.994134,37.572102],[126.993242,37.572357],[126.992954,37.572429],[126.99268,37.57249],[126.992184,37.572544]]}},{"type":"Feature","properties":{"color":"#794698","ref":"5"},"geometry":{"type":"LineString","coordinates":[[126.992184,37.572544],[126.991222,37.572579],[126.9908,37.572577],[126.988728,37.572572]]}},{"type":"Feature","properties":{"color":"#794698","ref":"5"},"geometry":{"type":"LineString","coordinates":[[126.93251,37.526866],[126.933059,37.527222],[126.933559,37.527649],[126.934018,37.528071],[126.939386,37.533525],[126.942891,37.537086],[126.943522,37.537724],[126.944253,37.538383],[126.945958,37.539641],[126.949441,37.542143],[126.949766,37.542435],[126.950785,37.543669],[126.951789,37.544961],[126.953265,37.547003],[126.953407,37.547249],[126.954433,37.549034],[126.956671,37.553447],[126.957952,37.555982],[126.958301,37.556321],[126.961844,37.55927],[126.962116,37.559495],[126.962494,37.559819],[126.962696,37.560048],[126.964006,37.562154],[126.965381,37.564159],[126.96661,37.565809],[126.966961,37.566169],[126.968088,37.56732],[126.969036,37.568196],[126.969189,37.568338],[126.970077,37.568934],[126.972854,37.570882],[126.973151,37.571067],[126.973417,37.571225],[126.973645,37.571344],[126.974111,37.571509],[126.974541,37.571628],[126.976914,37.571633],[126.980912,37.571634],[126.983021,37.57204],[126.984098,37.572224],[126.986401,37.572606],[126.987564,37.57261],[126.988728,37.572572]]}},{"type":"Feature","properties":{"color":"#794698","ref":"5"},"geometry":{"type":"LineString","coordinates":[[126.910373,37.520317],[126.911625,37.519126],[126.912233,37.518657],[126.912288,37.518623],[126.912394,37.518555],[126.91266,37.518357],[126.912925,37.518235],[126.913375,37.518016],[126.913761,37.517911],[126.914239,37.517816],[126.914562,37.51774],[126.914997,37.517679],[126.915453,37.517623],[126.915963,37.517567],[126.916381,37.51756],[126.916596,37.517571],[126.9168,37.517584],[126.917171,37.517646],[126.917517,37.517732],[126.917884,37.517862],[126.918476,37.518133],[126.918784,37.518287],[126.920781,37.519505],[126.923517,37.521268],[126.928473,37.524329],[126.93251,37.526866]]}},{"type":"Feature","properties":{"color":"#794698","ref":"5"},"geometry":{"type":"LineString","coordinates":[[126.896417,37.524048],[126.897367,37.523907],[126.905131,37.52272],[126.907239,37.522414],[126.907599,37.52234],[126.907799,37.522287],[126.907982,37.522232],[126.908171,37.522164],[126.90835,37.522091],[126.908524,37.522006],[126.908693,37.521909],[126.908837,37.521811],[126.908978,37.521702],[126.909117,37.521583],[126.909447,37.521184],[126.910373,37.520317]]}},{"type":"Feature","properties":{"color":"#794698","ref":"5"},"geometry":{"type":"LineString","coordinates":[[126.896417,37.524048],[126.886125,37.525654],[126.883796,37.52601],[126.883611,37.526033],[126.883416,37.526038],[126.883231,37.526031],[126.883055,37.526009],[126.8829,37.525977],[126.882737,37.525928],[126.878454,37.524482],[126.878139,37.524395],[126.877801,37.524348],[126.877317,37.524337],[126.876558,37.524389],[126.876322,37.524405]]}},{"type":"Feature","properties":{"color":"#794698","ref":"5"},"geometry":{"type":"LineString","coordinates":[[126.812772,37.577385],[126.81233,37.576191],[126.811908,37.575063],[126.811586,37.574484],[126.811415,37.574241],[126.811241,37.574017],[126.810989,37.573782],[126.81061,37.573547],[126.81031,37.573387],[126.809974,37.57323],[126.809618,37.573102],[126.809232,37.573003],[126.808166,37.572837],[126.807583,37.57271],[126.807377,37.57265],[126.80696,37.572495],[126.806539,37.57232],[126.806087,37.57209],[126.805822,37.571949],[126.805425,37.571679],[126.805195,37.571465],[126.804988,37.571223],[126.804764,37.570794],[126.801399,37.563261],[126.801268,37.562866],[126.801311,37.562473],[126.801354,37.562129],[126.801406,37.561951],[126.80152,37.561603],[126.801705,37.561206],[126.801941,37.560853],[126.802263,37.560564],[126.802774,37.560192],[126.803363,37.559905],[126.804144,37.559667],[126.804513,37.559599],[126.804878,37.559554],[126.805564,37.559526],[126.806234,37.559632],[126.806569,37.559774],[126.808978,37.56105],[126.809234,37.561152],[126.809655,37.561285],[126.809967,37.561343],[126.810211,37.561384],[126.810548,37.56141],[126.811999,37.561289],[126.820018,37.560497],[126.823966,37.560332],[126.824745,37.560271],[126.826903,37.560075],[126.827455,37.560125],[126.828068,37.56013],[126.828546,37.56017],[126.82905,37.560226],[126.829668,37.560324],[126.830488,37.56054],[126.831927,37.560787],[126.832365,37.560868],[126.832703,37.56091],[126.83295,37.560927],[126.833263,37.560936],[126.83359,37.560932],[126.833988,37.560893],[126.834294,37.560834],[126.834692,37.56074],[126.835072,37.560625],[126.835399,37.560506],[126.835608,37.560406],[126.835882,37.560253],[126.836301,37.559947],[126.836613,37.559701],[126.837015,37.559258],[126.837278,37.558906],[126.837448,37.558609],[126.837513,37.558457],[126.837587,37.558283],[126.837703,37.557878],[126.837739,37.557564],[126.837732,37.557251],[126.837689,37.55692],[126.837646,37.556605],[126.83642,37.55278],[126.836387,37.552559],[126.836384,37.552337],[126.836343,37.548867],[126.836358,37.547181],[126.836363,37.547031],[126.836378,37.546771],[126.836438,37.546428],[126.836498,37.546181],[126.836583,37.545982],[126.836655,37.545817],[126.836741,37.545667],[126.836994,37.545243],[126.837081,37.545138],[126.837192,37.545005],[126.837408,37.544761],[126.837842,37.544312],[126.840264,37.541893],[126.840402,37.541712],[126.841539,37.540251],[126.84552,37.53382],[126.845737,37.533472],[126.846545,37.532107],[126.847896,37.52979],[126.849784,37.526302],[126.849848,37.526201],[126.85017,37.525768],[126.850358,37.525529],[126.850549,37.525318],[126.850728,37.525145],[126.850918,37.525016],[126.851116,37.524908],[126.851332,37.52482],[126.851545,37.52475],[126.851764,37.524693],[126.852032,37.524641],[126.852289,37.524602],[126.852578,37.524578],[126.85286,37.524593],[126.853402,37.524673],[126.855938,37.525065],[126.864276,37.526161],[126.864384,37.52616],[126.864513,37.526141],[126.875158,37.524576],[126.876322,37.524405]]}},{"type":"Feature","properties":{"color":"#794698","ref":"5"},"geometry":{"type":"LineString","coordinates":[[126.876316,37.52436],[126.875148,37.524532],[126.864508,37.526104],[126.864384,37.526122],[126.864277,37.526123],[126.855955,37.525024],[126.853407,37.52463],[126.852873,37.524546],[126.852578,37.524535],[126.852307,37.524554],[126.852045,37.524595],[126.851763,37.524652],[126.851535,37.524707],[126.851323,37.524771],[126.851108,37.524854],[126.850899,37.524973],[126.850701,37.525103],[126.850518,37.52528],[126.85032,37.525497],[126.850132,37.525731],[126.849802,37.526175],[126.849746,37.526275],[126.848462,37.528642],[126.847848,37.529773],[126.846498,37.532094],[126.845446,37.533807],[126.841509,37.540224],[126.840364,37.541695],[126.840231,37.541869],[126.837805,37.544281],[126.837365,37.544716],[126.837137,37.544971],[126.83703,37.545092],[126.836936,37.545213],[126.836678,37.545641],[126.836525,37.545949],[126.836439,37.546155],[126.83637,37.546413],[126.836308,37.546764],[126.836289,37.547025],[126.836287,37.54718],[126.836295,37.548867],[126.83634,37.552331],[126.836341,37.552565],[126.83637,37.552784],[126.837589,37.556617],[126.83763,37.556928],[126.837671,37.557258],[126.837679,37.55757],[126.837646,37.55787],[126.837526,37.558274],[126.837458,37.558433],[126.837392,37.558591],[126.837217,37.558888],[126.83696,37.559229],[126.836565,37.559665],[126.836246,37.559911],[126.835836,37.560213],[126.835565,37.56036],[126.835361,37.56046],[126.83505,37.560577],[126.834666,37.560698],[126.83428,37.560785],[126.833974,37.560845],[126.833583,37.560889],[126.833253,37.560891],[126.832947,37.560881],[126.832714,37.560862],[126.832384,37.560821],[126.831947,37.560745],[126.830512,37.560492],[126.829675,37.560281],[126.829077,37.560181],[126.828548,37.560124],[126.828084,37.560086],[126.827449,37.560075],[126.826891,37.560032],[126.82474,37.560226],[126.82397,37.56029],[126.820014,37.560447],[126.811996,37.561251],[126.810553,37.561369],[126.810217,37.561346],[126.809985,37.561307],[126.809665,37.561239],[126.809294,37.561104],[126.809035,37.560991],[126.806586,37.559743],[126.806251,37.559601],[126.80557,37.55949],[126.80487,37.559522],[126.804502,37.559573],[126.804132,37.559637],[126.80336,37.559873],[126.802751,37.56016],[126.802228,37.560536],[126.801898,37.56083],[126.801657,37.561181],[126.801474,37.561582],[126.801353,37.561937],[126.801302,37.562116],[126.801236,37.562437],[126.801214,37.562871],[126.801328,37.563264],[126.804709,37.570803],[126.804934,37.571233],[126.805137,37.571513],[126.805375,37.571742],[126.805706,37.571957],[126.80601,37.572107],[126.806572,37.572396],[126.807514,37.572761],[126.808161,37.572873],[126.809226,37.573048],[126.809599,37.573139],[126.809961,37.573273],[126.810272,37.573418],[126.81058,37.573582],[126.810948,37.57382],[126.811203,37.574047],[126.811374,37.57427],[126.81154,37.574498],[126.811858,37.575121],[126.812273,37.576207],[126.812692,37.577399]]}},{"type":"Feature","properties":{"color":"#794698","ref":"5"},"geometry":{"type":"LineString","coordinates":[[126.896408,37.524012],[126.886115,37.525618],[126.8838,37.525974],[126.883607,37.526001],[126.88341,37.526001],[126.883233,37.525999],[126.883062,37.525975],[126.882911,37.525941],[126.882745,37.525888],[126.881782,37.525563],[126.87848,37.524448],[126.87815,37.524356],[126.877796,37.524303],[126.877324,37.524297],[126.876316,37.52436]]}},{"type":"Feature","properties":{"color":"#794698","ref":"5"},"geometry":{"type":"LineString","coordinates":[[126.910316,37.520276],[126.909396,37.521159],[126.909074,37.521561],[126.908942,37.521676],[126.9088,37.521787],[126.908658,37.52188],[126.908502,37.521972],[126.908339,37.522059],[126.908151,37.522131],[126.907966,37.522204],[126.907786,37.522255],[126.90759,37.522308],[126.907226,37.52238],[126.905124,37.522679],[126.897351,37.523864],[126.896408,37.524012]]}},{"type":"Feature","properties":{"color":"#794698","ref":"5"},"geometry":{"type":"LineString","coordinates":[[126.932549,37.526837],[126.928506,37.524316],[126.924809,37.521944],[126.92081,37.519475],[126.919023,37.518357],[126.918571,37.518103],[126.918003,37.517839],[126.917605,37.517677],[126.917243,37.517592],[126.916952,37.51753],[126.916607,37.517496],[126.916308,37.51749],[126.915917,37.517508],[126.915443,37.517552],[126.915013,37.517609],[126.914512,37.517675],[126.914193,37.517729],[126.913744,37.51782],[126.913306,37.517957],[126.912917,37.518143],[126.912595,37.51831],[126.912189,37.518593],[126.911588,37.519101],[126.910316,37.520276]]}},{"type":"Feature","properties":{"color":"#794698","ref":"5"},"geometry":{"type":"LineString","coordinates":[[126.988727,37.572514],[126.988576,37.572517],[126.986404,37.572557],[126.984108,37.572181],[126.983034,37.571995],[126.980925,37.571585],[126.976913,37.571592],[126.976655,37.571593],[126.974545,37.571596],[126.974117,37.571471],[126.973661,37.571305],[126.973441,37.571194],[126.973173,37.571024],[126.972894,37.57085],[126.970105,37.568902],[126.969225,37.568301],[126.968131,37.567278],[126.96667,37.565778],[126.966238,37.565205],[126.965438,37.564144],[126.964085,37.562123],[126.963608,37.561348],[126.963254,37.560785],[126.962939,37.560267],[126.962678,37.559862],[126.962173,37.559448],[126.96188,37.559209],[126.958331,37.55629],[126.957997,37.555961],[126.956732,37.55343],[126.954485,37.549017],[126.953322,37.546991],[126.950836,37.543637],[126.949824,37.542411],[126.949481,37.542111],[126.945997,37.539606],[126.944307,37.538361],[126.943578,37.537695],[126.94295,37.537049],[126.934064,37.528047],[126.933602,37.527624],[126.933104,37.527196],[126.932549,37.526837]]}},{"type":"Feature","properties":{"color":"#794698","ref":"5"},"geometry":{"type":"LineString","coordinates":[[126.992118,37.572463],[126.992023,37.572468],[126.990807,37.572528],[126.988727,37.572514]]}},{"type":"Feature","properties":{"color":"#794698","ref":"5"},"geometry":{"type":"LineString","coordinates":[[127.079535,37.557122],[127.072281,37.560007],[127.070553,37.560606],[127.064842,37.561421],[127.064591,37.561457],[127.060868,37.562023],[127.05884,37.56238],[127.058471,37.562554],[127.057368,37.563345],[127.052648,37.566798],[127.051858,37.567376],[127.049737,37.568956],[127.049461,37.569095],[127.049199,37.569196],[127.048938,37.569263],[127.048656,37.569284],[127.048388,37.569237],[127.048111,37.569148],[127.047358,37.568796],[127.046789,37.568448],[127.042923,37.566084],[127.0417,37.565373],[127.03974,37.563898],[127.036269,37.5613],[127.035791,37.561015],[127.02998,37.55756],[127.026371,37.555797],[127.025016,37.555139],[127.024075,37.554724],[127.023489,37.554498],[127.023167,37.554407],[127.022705,37.554328],[127.021878,37.554243],[127.021383,37.554223],[127.021045,37.554245],[127.020256,37.554404],[127.019339,37.554589],[127.018443,37.555027],[127.01804,37.555337],[127.017671,37.555674],[127.017242,37.556375],[127.017129,37.556843],[127.01677,37.557859],[127.016298,37.55871],[127.015573,37.559382],[127.014914,37.559788],[127.013695,37.560242],[127.012169,37.560845],[127.011724,37.561067],[127.011213,37.561353],[127.010748,37.561713],[127.010443,37.561975],[127.00982,37.562577],[127.009431,37.562926],[127.009095,37.563212],[127.00863,37.563534],[127.007909,37.563928],[127.007422,37.564158],[127.007258,37.564204],[127.00639,37.564482],[127.005534,37.564655],[127.004622,37.564744],[127.001116,37.56451],[127.000486,37.564461],[127.000253,37.56448],[126.999952,37.564565],[126.999528,37.564697],[126.999035,37.564978],[126.998783,37.565135],[126.998241,37.565735],[126.998136,37.566113],[126.998071,37.566931],[126.997919,37.568486],[126.997867,37.568918],[126.997795,37.56935],[126.99775,37.56983],[126.997733,37.570007],[126.99766,37.570206],[126.997539,37.570387],[126.997399,37.570558],[126.997163,37.570772],[126.99691,37.570943],[126.99664,37.571106],[126.996077,37.571361],[126.995519,37.57158],[126.99488,37.571786],[126.994048,37.572062],[126.993269,37.572276],[126.993176,37.572302],[126.992649,37.572404],[126.992118,37.572463]]}},{"type":"Feature","properties":{"color":"#794698","ref":"5"},"geometry":{"type":"LineString","coordinates":[[127.132596,37.535768],[127.127159,37.537457],[127.125862,37.537808],[127.123411,37.538572],[127.12269,37.538826],[127.122049,37.539086],[127.121734,37.539253],[127.120531,37.54003],[127.119643,37.54059],[127.118179,37.541672],[127.117562,37.541974],[127.108035,37.544522],[127.106806,37.544454],[127.106211,37.544514],[127.105079,37.544799],[127.103505,37.545267],[127.093827,37.548631],[127.093143,37.548877],[127.091909,37.549332],[127.09134,37.549674],[127.090488,37.550406],[127.090284,37.550698],[127.089766,37.551676],[127.089502,37.552241],[127.08935,37.552537],[127.088589,37.553394],[127.086148,37.554547],[127.079535,37.557122]]}},{"type":"Feature","properties":{"color":"#794698","ref":"5"},"geometry":{"type":"LineString","coordinates":[[127.144188,37.552646],[127.144107,37.551922],[127.143988,37.550813],[127.143374,37.547131],[127.143209,37.546366],[127.142983,37.545648],[127.140227,37.538337],[127.139686,37.536798],[127.139437,37.536195],[127.139342,37.536012],[127.139127,37.535701],[127.138944,37.535451],[127.138745,37.535274],[127.138511,37.535099],[127.138216,37.534913],[127.137948,37.534791],[127.137467,37.534681],[127.137152,37.534622],[127.136785,37.534619],[127.136487,37.53462],[127.136139,37.534682],[127.135363,37.534886]]}},{"type":"Feature","properties":{"color":"#794698","ref":"5"},"geometry":{"type":"LineString","coordinates":[[127.146917,37.555477],[127.146683,37.555431],[127.146366,37.555349],[127.145995,37.555227],[127.145773,37.555121],[127.145637,37.555042],[127.145366,37.554854],[127.145146,37.554674],[127.144819,37.554336],[127.144558,37.553949],[127.144364,37.553553],[127.144273,37.55321],[127.144188,37.552646]]}},{"type":"Feature","properties":{"color":"#794698","ref":"5"},"geometry":{"type":"LineString","coordinates":[[127.16264,37.556177],[127.158801,37.555657],[127.153795,37.554957],[127.152661,37.554806],[127.152096,37.554694],[127.151869,37.554672],[127.15164,37.55468],[127.151429,37.554717],[127.150064,37.555062],[127.148774,37.555411],[127.148303,37.555505],[127.147868,37.555543],[127.147559,37.555538],[127.147238,37.555516],[127.146917,37.555477]]}},{"type":"Feature","properties":{"color":"#794698","ref":"5"},"geometry":{"type":"LineString","coordinates":[[127.16264,37.556177],[127.16384,37.556402]]}},{"type":"Feature","properties":{"color":"#794698","ref":"5"},"geometry":{"type":"LineString","coordinates":[[127.16384,37.556402],[127.16448,37.556483],[127.165856,37.556658],[127.16651,37.556758]]}},{"type":"Feature","properties":{"color":"#004A85","ref":"1"},"geometry":{"type":"LineString","coordinates":[[126.884699,37.416985],[126.884976,37.417497],[126.88507,37.417672],[126.885141,37.417802]]}},{"type":"Feature","properties":{"color":"#004A85","ref":"1"},"geometry":{"type":"LineString","coordinates":[[126.885141,37.417802],[126.885263,37.418026],[126.885443,37.418357]]}},{"type":"Feature","properties":{"color":"#004A85","ref":"1"},"geometry":{"type":"LineString","coordinates":[[126.885986,37.419036],[126.885612,37.418624],[126.885443,37.418357]]}},{"type":"Feature","properties":{"color":"#004A85","ref":"1"},"geometry":{"type":"LineString","coordinates":[[126.885986,37.419036],[126.886741,37.420449],[126.887554,37.421847],[126.888104,37.422531]]}},{"type":"Feature","properties":{"color":"#004A85","ref":"1"},"geometry":{"type":"LineString","coordinates":[[126.888104,37.422531],[126.889376,37.42489],[126.89706,37.438941],[126.897183,37.43917],[126.897581,37.439913]]}},{"type":"Feature","properties":{"color":"#004A85","ref":"1"},"geometry":{"type":"LineString","coordinates":[[126.897581,37.439913],[126.897931,37.440646],[126.898195,37.441354],[126.898378,37.442053],[126.898515,37.442896],[126.898555,37.443783],[126.898461,37.444705],[126.89829,37.4456],[126.898012,37.446431],[126.897161,37.448378]]}},{"type":"Feature","properties":{"color":"#004A85","ref":"1"},"geometry":{"type":"LineString","coordinates":[[126.897161,37.448378],[126.89654,37.44984],[126.896139,37.450736]]}},{"type":"Feature","properties":{"color":"#004A85","ref":"1"},"geometry":{"type":"LineString","coordinates":[[126.896139,37.450736],[126.895834,37.451388],[126.895589,37.451951]]}},{"type":"Feature","properties":{"color":"#004A85","ref":"1"},"geometry":{"type":"LineString","coordinates":[[126.895589,37.451951],[126.895245,37.452734],[126.895154,37.452941]]}},{"type":"Feature","properties":{"color":"#004A85","ref":"1"},"geometry":{"type":"LineString","coordinates":[[126.894626,37.453853],[126.895154,37.452941]]}},{"type":"Feature","properties":{"color":"#004A85","ref":"1"},"geometry":{"type":"LineString","coordinates":[[126.894626,37.453853],[126.894545,37.454023],[126.894278,37.454622],[126.893483,37.456396]]}},{"type":"Feature","properties":{"color":"#004A85","ref":"1"},"geometry":{"type":"LineString","coordinates":[[126.893483,37.456396],[126.891872,37.460293],[126.891619,37.460925],[126.891533,37.461123],[126.891205,37.461921],[126.890987,37.462449],[126.890699,37.463117],[126.889843,37.465045],[126.889036,37.46688],[126.887001,37.471446],[126.883637,37.47906],[126.882961,37.480583],[126.882164,37.48238]]}},{"type":"Feature","properties":{"color":"#004A85","ref":"1"},"geometry":{"type":"LineString","coordinates":[[126.882164,37.48238],[126.881924,37.482905],[126.881476,37.483939],[126.880558,37.486001],[126.880288,37.486687],[126.880122,37.487164],[126.880044,37.487621],[126.879946,37.488359],[126.879878,37.489314],[126.87979,37.490658],[126.879755,37.491103],[126.879714,37.491623],[126.879685,37.492067],[126.879646,37.49265],[126.879564,37.493812]]}},{"type":"Feature","properties":{"color":"#004A85","ref":"1"},"geometry":{"type":"LineString","coordinates":[[126.879564,37.493812],[126.879573,37.49429],[126.879534,37.49502],[126.879492,37.49547],[126.879411,37.495883],[126.879285,37.496404],[126.87914,37.496911],[126.878858,37.498035]]}},{"type":"Feature","properties":{"color":"#004A85","ref":"1"},"geometry":{"type":"LineString","coordinates":[[126.878858,37.498035],[126.878731,37.498549],[126.878679,37.498866],[126.878675,37.499088],[126.878694,37.499348],[126.878751,37.499623],[126.878819,37.499852],[126.878955,37.500139],[126.879134,37.500411],[126.879309,37.500623],[126.879625,37.500944],[126.880051,37.501313]]}},{"type":"Feature","properties":{"color":"#004A85","ref":"1"},"geometry":{"type":"LineString","coordinates":[[126.880051,37.501313],[126.88134,37.502419],[126.881826,37.50286],[126.882368,37.503346]]}},{"type":"Feature","properties":{"color":"#004A85","ref":"1"},"geometry":{"type":"LineString","coordinates":[[126.882368,37.503346],[126.882942,37.503869],[126.883227,37.504097],[126.883352,37.504204],[126.883588,37.504384],[126.883887,37.504585],[126.884229,37.504786],[126.884617,37.504992],[126.885107,37.505245]]}},{"type":"Feature","properties":{"color":"#004A85","ref":"1"},"geometry":{"type":"LineString","coordinates":[[126.885107,37.505245],[126.885339,37.505363],[126.885655,37.505524]]}},{"type":"Feature","properties":{"color":"#004A85","ref":"1"},"geometry":{"type":"LineString","coordinates":[[126.885655,37.505524],[126.885994,37.505739],[126.886542,37.506094],[126.88721,37.506495]]}},{"type":"Feature","properties":{"color":"#004A85","ref":"1"},"geometry":{"type":"LineString","coordinates":[[126.88721,37.506495],[126.887557,37.506714],[126.88813,37.507076],[126.889181,37.507734],[126.889999,37.50823],[126.890317,37.508413],[126.890715,37.508615],[126.89134,37.508899],[126.892039,37.509195]]}},{"type":"Feature","properties":{"color":"#004A85","ref":"1"},"geometry":{"type":"LineString","coordinates":[[126.892039,37.509195],[126.892566,37.509418]]}},{"type":"Feature","properties":{"color":"#004A85","ref":"1"},"geometry":{"type":"LineString","coordinates":[[126.892566,37.509418],[126.893617,37.509868],[126.893887,37.509984],[126.896352,37.511024],[126.897436,37.511482],[126.898801,37.51203]]}},{"type":"Feature","properties":{"color":"#004A85","ref":"1"},"geometry":{"type":"LineString","coordinates":[[126.898801,37.51203],[126.899674,37.512375],[126.899818,37.512437]]}},{"type":"Feature","properties":{"color":"#004A85","ref":"1"},"geometry":{"type":"LineString","coordinates":[[126.899818,37.512437],[126.900425,37.51265]]}},{"type":"Feature","properties":{"color":"#004A85","ref":"1"},"geometry":{"type":"LineString","coordinates":[[126.900756,37.512792],[126.900425,37.51265]]}},{"type":"Feature","properties":{"color":"#004A85","ref":"1"},"geometry":{"type":"LineString","coordinates":[[126.900756,37.512792],[126.901356,37.512987],[126.901927,37.513171]]}},{"type":"Feature","properties":{"color":"#004A85","ref":"1"},"geometry":{"type":"LineString","coordinates":[[126.901927,37.513171],[126.902437,37.513381],[126.902868,37.513569]]}},{"type":"Feature","properties":{"color":"#004A85","ref":"1"},"geometry":{"type":"LineString","coordinates":[[126.902868,37.513569],[126.903595,37.51389],[126.905641,37.514767],[126.906756,37.515229]]}},{"type":"Feature","properties":{"color":"#004A85","ref":"1"},"geometry":{"type":"LineString","coordinates":[[126.906756,37.515229],[126.907286,37.515449]]}},{"type":"Feature","properties":{"color":"#A49D87","ref":"9"},"geometry":{"type":"LineString","coordinates":[[127.148235,37.528283],[127.147973,37.527664],[127.147319,37.525951]]}},{"type":"Feature","properties":{"color":"#A49D87","ref":"9"},"geometry":{"type":"LineString","coordinates":[[127.147319,37.525951],[127.147171,37.525563],[127.146658,37.524218],[127.145526,37.521453],[127.145129,37.520508],[127.144926,37.520057],[127.1448,37.51985],[127.144595,37.519633],[127.144185,37.519274],[127.143836,37.519017],[127.14368,37.518926],[127.143509,37.518866],[127.143269,37.518779],[127.143012,37.518712],[127.142587,37.518636],[127.142156,37.518607],[127.141718,37.518645],[127.141281,37.518713],[127.140902,37.518823],[127.138858,37.519678],[127.138351,37.519889],[127.136402,37.5207],[127.135613,37.520925],[127.134739,37.520955],[127.134052,37.520853],[127.133365,37.520517],[127.132845,37.520015],[127.130785,37.516883],[127.130258,37.516101],[127.129862,37.515513],[127.129144,37.514807],[127.128403,37.514432],[127.127405,37.514211],[127.126182,37.514228],[127.125356,37.514339],[127.124219,37.514739],[127.123221,37.515326],[127.122202,37.516389],[127.121698,37.516875],[127.12085,37.517334],[127.12011,37.51753],[127.119209,37.51764],[127.118372,37.517598],[127.117629,37.517464],[127.116698,37.517017],[127.116242,37.516738],[127.116022,37.516489],[127.11595,37.516406],[127.115741,37.51617],[127.114434,37.513911],[127.113431,37.512588]]}},{"type":"Feature","properties":{"color":"#A49D87","ref":"9"},"geometry":{"type":"LineString","coordinates":[[127.113431,37.512588],[127.11318,37.512149],[127.112674,37.511337],[127.112165,37.510524],[127.111873,37.510088]]}},{"type":"Feature","properties":{"color":"#A49D87","ref":"9"},"geometry":{"type":"LineString","coordinates":[[127.111873,37.510088],[127.111063,37.508551],[127.110341,37.507649],[127.10936,37.506656],[127.108971,37.506366],[127.107874,37.505643],[127.107093,37.505194],[127.106834,37.505081],[127.105685,37.504583],[127.105264,37.50443],[127.103287,37.503785],[127.10054,37.502902],[127.100143,37.502804],[127.098773,37.50257],[127.098239,37.502511],[127.097646,37.502455],[127.096565,37.502457],[127.095825,37.502462],[127.095243,37.502502],[127.094964,37.50253],[127.094178,37.502649],[127.093548,37.502777],[127.092998,37.502917],[127.092448,37.503064],[127.090797,37.503534]]}},{"type":"Feature","properties":{"color":"#A49D87","ref":"9"},"geometry":{"type":"LineString","coordinates":[[127.090797,37.503534],[127.088713,37.504128],[127.087921,37.504353],[127.087218,37.504552],[127.085383,37.505071]]}},{"type":"Feature","properties":{"color":"#A49D87","ref":"9"},"geometry":{"type":"LineString","coordinates":[[127.085383,37.505071],[127.080081,37.506571],[127.079906,37.50663],[127.079767,37.506728],[127.079633,37.506915],[127.0792,37.508521],[127.078952,37.50941],[127.078783,37.509787],[127.078518,37.510097],[127.078179,37.510401],[127.077686,37.510697],[127.077202,37.510964],[127.076779,37.511164],[127.075881,37.511588]]}},{"type":"Feature","properties":{"color":"#A49D87","ref":"9"},"geometry":{"type":"LineString","coordinates":[[127.075881,37.511588],[127.075264,37.511892]]}},{"type":"Feature","properties":{"color":"#A49D87","ref":"9"},"geometry":{"type":"LineString","coordinates":[[127.075264,37.511892],[127.074818,37.512121]]}},{"type":"Feature","properties":{"color":"#A49D87","ref":"9"},"geometry":{"type":"LineString","coordinates":[[127.074818,37.512121],[127.073905,37.512644],[127.072942,37.513197],[127.071629,37.513949],[127.070692,37.514486],[127.06976,37.51502],[127.069327,37.515268],[127.069042,37.515408],[127.068821,37.515471],[127.068596,37.515509],[127.068377,37.515518],[127.066143,37.515277],[127.061031,37.514353],[127.060164,37.514196],[127.055507,37.513437],[127.054909,37.51334],[127.054678,37.513308]]}},{"type":"Feature","properties":{"color":"#A49D87","ref":"9"},"geometry":{"type":"LineString","coordinates":[[127.054678,37.513308],[127.054043,37.513219],[127.053688,37.513162],[127.05342,37.513113],[127.053147,37.513046],[127.052355,37.512807],[127.051811,37.512648]]}},{"type":"Feature","properties":{"color":"#A49D87","ref":"9"},"geometry":{"type":"LineString","coordinates":[[127.051811,37.512648],[127.050356,37.512197],[127.044235,37.510396],[127.043417,37.510157],[127.038522,37.50872],[127.038285,37.508637],[127.034096,37.507412],[127.033634,37.507272]]}},{"type":"Feature","properties":{"color":"#A49D87","ref":"9"},"geometry":{"type":"LineString","coordinates":[[127.033634,37.507272],[127.03215,37.506821],[127.03142,37.506621],[127.031215,37.506563],[127.029998,37.50619],[127.029786,37.506125],[127.029356,37.505981]]}},{"type":"Feature","properties":{"color":"#A49D87","ref":"9"},"geometry":{"type":"LineString","coordinates":[[127.029356,37.505981],[127.02924,37.505942],[127.028883,37.505821],[127.027679,37.505452],[127.026197,37.504999]]}},{"type":"Feature","properties":{"color":"#A49D87","ref":"9"},"geometry":{"type":"LineString","coordinates":[[127.026197,37.504999],[127.024537,37.504492],[127.024153,37.504371],[127.024162,37.504379],[127.023566,37.5042],[127.023118,37.50407],[127.022728,37.503957]]}},{"type":"Feature","properties":{"color":"#A49D87","ref":"9"},"geometry":{"type":"LineString","coordinates":[[127.022728,37.503957],[127.022474,37.503883],[127.021809,37.503677],[127.021432,37.503563],[127.021119,37.503469],[127.020597,37.503328],[127.020106,37.503196],[127.019831,37.503132],[127.01979,37.503126],[127.019531,37.503083],[127.018992,37.503052],[127.018094,37.503065],[127.017679,37.503135],[127.01722,37.503275],[127.016879,37.503408],[127.016008,37.503882]]}},{"type":"Feature","properties":{"color":"#A49D87","ref":"9"},"geometry":{"type":"LineString","coordinates":[[127.016008,37.503882],[127.01557,37.504121],[127.01508,37.504352],[127.014874,37.504446],[127.014639,37.504547],[127.014441,37.504618],[127.013982,37.504785]]}},{"type":"Feature","properties":{"color":"#A49D87","ref":"9"},"geometry":{"type":"LineString","coordinates":[[127.013982,37.504785],[127.009996,37.506235],[127.009317,37.506503],[127.009034,37.506592],[127.008732,37.506657],[127.008444,37.506708],[127.008175,37.506742],[127.007894,37.50677],[127.007604,37.506792],[127.007313,37.506794],[127.007095,37.506786],[127.006848,37.506753],[127.006636,37.506705],[127.005395,37.506323]]}},{"type":"Feature","properties":{"color":"#A49D87","ref":"9"},"geometry":{"type":"LineString","coordinates":[[127.005395,37.506323],[127.004116,37.505933],[127.002981,37.505595]]}},{"type":"Feature","properties":{"color":"#A49D87","ref":"9"},"geometry":{"type":"LineString","coordinates":[[127.002981,37.505595],[127.001737,37.505225],[127.001286,37.50509],[126.99641,37.503623],[126.991646,37.502357],[126.990503,37.502098],[126.986776,37.501313],[126.984874,37.500942],[126.984464,37.50086],[126.984071,37.500814],[126.983742,37.500799],[126.983425,37.500812],[126.983153,37.500843],[126.982873,37.500893],[126.982306,37.501017],[126.981836,37.50117],[126.980821,37.50163],[126.979906,37.502111]]}},{"type":"Feature","properties":{"color":"#A49D87","ref":"9"},"geometry":{"type":"LineString","coordinates":[[126.979906,37.502111],[126.978902,37.502638],[126.977728,37.503224],[126.976571,37.503796]]}},{"type":"Feature","properties":{"color":"#A49D87","ref":"9"},"geometry":{"type":"LineString","coordinates":[[126.976571,37.503796],[126.974685,37.504741],[126.972979,37.505405],[126.972558,37.505529],[126.972106,37.505604],[126.971502,37.505598],[126.970746,37.505589],[126.970288,37.50564],[126.969844,37.505746],[126.968988,37.506024],[126.967358,37.506708],[126.965426,37.507468],[126.964863,37.50778],[126.963968,37.508399],[126.96332,37.509035],[126.96175,37.510926],[126.961203,37.511386],[126.960711,37.511663],[126.960018,37.511937],[126.959008,37.512171],[126.958017,37.51246],[126.956806,37.512993],[126.956413,37.513108],[126.956185,37.513141],[126.955945,37.513151],[126.955256,37.513144],[126.953572,37.512993],[126.95103,37.512772],[126.950523,37.512741],[126.950017,37.512745],[126.949553,37.512805],[126.947744,37.513228],[126.947152,37.513353],[126.945355,37.513732],[126.944989,37.51379],[126.944559,37.513797],[126.944093,37.513774]]}},{"type":"Feature","properties":{"color":"#A49D87","ref":"9"},"geometry":{"type":"LineString","coordinates":[[126.944093,37.513774],[126.941866,37.513651],[126.940323,37.513557],[126.938366,37.513447],[126.938126,37.513437],[126.938061,37.513435]]}},{"type":"Feature","properties":{"color":"#A49D87","ref":"9"},"geometry":{"type":"LineString","coordinates":[[126.938061,37.513435],[126.937242,37.513401],[126.936343,37.51341],[126.935712,37.513471],[126.934319,37.513797],[126.932973,37.514219],[126.932006,37.514652],[126.931147,37.515107],[126.929588,37.516103],[126.928448,37.517309],[126.927856,37.517972],[126.926256,37.519626],[126.924377,37.521569],[126.924155,37.521796],[126.924046,37.521909],[126.923461,37.522501],[126.92136,37.524777],[126.919544,37.526569],[126.918764,37.527339],[126.917637,37.528469],[126.916678,37.529385],[126.916397,37.529648],[126.915989,37.529897],[126.915037,37.530307],[126.91448,37.530472],[126.913827,37.530612],[126.912326,37.530921],[126.909186,37.531493],[126.907063,37.531906],[126.906323,37.532064],[126.905308,37.532314],[126.903303,37.53326],[126.90226,37.533785],[126.901568,37.534124],[126.901035,37.534418],[126.899308,37.535279],[126.8982,37.535837],[126.896193,37.536841],[126.894384,37.537717],[126.893937,37.537943],[126.89321,37.538277],[126.892253,37.538736],[126.89098,37.539434],[126.890469,37.539728],[126.889577,37.540175],[126.888745,37.5405],[126.886959,37.541267],[126.885049,37.542117],[126.884252,37.542691],[126.883676,37.543536],[126.88325,37.544247],[126.883233,37.544275],[126.882989,37.544683],[126.882662,37.545226],[126.882375,37.545562],[126.88186,37.546023],[126.881155,37.546486],[126.880657,37.546709],[126.879839,37.547036],[126.879157,37.547194],[126.878251,37.547249],[126.877631,37.547192],[126.876238,37.547105],[126.875434,37.547066],[126.875207,37.547055],[126.873786,37.547],[126.873247,37.547045],[126.872706,37.547135],[126.871615,37.547408],[126.871126,37.547581],[126.870732,37.54777],[126.870148,37.548092],[126.869798,37.548296],[126.868916,37.548822],[126.866679,37.550191],[126.865872,37.550632],[126.865427,37.55086],[126.864747,37.551176],[126.864626,37.551238],[126.864412,37.551348],[126.864171,37.55155],[126.863947,37.551952],[126.863842,37.552495],[126.863706,37.553275],[126.863543,37.554097],[126.863332,37.555462],[126.863164,37.556318],[126.863102,37.556588],[126.862963,37.556804],[126.862734,37.557026],[126.862428,37.557233],[126.861974,37.557453],[126.861009,37.557972],[126.859793,37.558599],[126.85798,37.559607],[126.857277,37.559991],[126.856483,37.560442],[126.856049,37.560686],[126.855093,37.561199],[126.854841,37.561334],[126.854107,37.561691],[126.851582,37.563008],[126.850499,37.56357],[126.849818,37.563931],[126.848306,37.564772],[126.84635,37.565796],[126.845196,37.566384],[126.844934,37.566525],[126.843497,37.567308],[126.842265,37.567967],[126.841223,37.568551],[126.840699,37.568834],[126.840054,37.56908],[126.83948,37.569179],[126.838684,37.569232],[126.838379,37.569223],[126.83781,37.569142],[126.837377,37.569039],[126.836761,37.568819],[126.836351,37.568603],[126.835446,37.568023],[126.83414,37.567085],[126.833173,37.566723],[126.832442,37.566622],[126.831685,37.566589],[126.830892,37.566606],[126.829012,37.566631],[126.827733,37.566761],[126.821126,37.56729],[126.816725,37.567561],[126.816196,37.567569],[126.815102,37.567572],[126.814647,37.567484],[126.814098,37.56727],[126.813662,37.567005],[126.813261,37.566713],[126.81279,37.566284],[126.811887,37.565146],[126.811003,37.564155],[126.810767,37.563911],[126.810346,37.563521],[126.810211,37.563417],[126.809991,37.563258],[126.809059,37.562549],[126.80811,37.561997],[126.807765,37.561892],[126.806831,37.561808],[126.806277,37.561808]]}},{"type":"Feature","properties":{"color":"#A49D87","ref":"9"},"geometry":{"type":"LineString","coordinates":[[126.806277,37.561808],[126.803679,37.561817],[126.801528,37.561911]]}},{"type":"Feature","properties":{"color":"#B81B30","ref":"신분당"},"geometry":{"type":"LineString","coordinates":[[127.01966,37.515753],[127.019753,37.515455],[127.020007,37.514614],[127.020454,37.512986],[127.021896,37.509947],[127.023165,37.50724],[127.023877,37.505689],[127.024267,37.504958],[127.024916,37.503571],[127.026142,37.501036],[127.026792,37.499641]]}},{"type":"Feature","properties":{"color":"#B81B30","ref":"신분당"},"geometry":{"type":"LineString","coordinates":[[127.026792,37.499641],[127.027344,37.498497],[127.0277,37.497757],[127.027818,37.497494],[127.027993,37.497125],[127.028364,37.49632],[127.02864,37.495712],[127.029054,37.494854],[127.029838,37.493227],[127.030377,37.492072],[127.030834,37.491099],[127.031546,37.489618],[127.031852,37.488986],[127.032383,37.487881],[127.032777,37.487048],[127.033621,37.485286],[127.033684,37.485161],[127.033859,37.484818],[127.033956,37.48467],[127.034101,37.484422],[127.034688,37.483816],[127.034995,37.483528],[127.03597,37.482585],[127.036049,37.482517],[127.036197,37.482392],[127.036632,37.481986],[127.037046,37.481529],[127.037338,37.4812],[127.037606,37.480888],[127.037859,37.48041],[127.038018,37.480091],[127.038161,37.479755],[127.038256,37.479547],[127.038422,37.479067],[127.038503,37.478583],[127.038559,37.478034],[127.038523,37.476982],[127.038456,37.476064],[127.038312,37.475343],[127.038264,37.475019],[127.03819,37.474432],[127.03814,37.473929],[127.038097,37.473057],[127.03825,37.470972],[127.038359,37.470143],[127.038813,37.46622],[127.038825,37.466127],[127.03886,37.46604],[127.038921,37.465964],[127.038988,37.465888],[127.040783,37.463865],[127.050639,37.452701],[127.051578,37.451694],[127.053019,37.450178],[127.053117,37.450075]]}},{"type":"Feature","properties":{"color":"#B81B30","ref":"신분당"},"geometry":{"type":"LineString","coordinates":[[127.053117,37.450075],[127.05456,37.4484],[127.054567,37.448392],[127.05749,37.445248],[127.061879,37.43936],[127.074307,37.426621],[127.07493,37.426178],[127.079835,37.422431],[127.082751,37.420212],[127.085273,37.418566],[127.091268,37.415296],[127.094874,37.41333],[127.108518,37.40683],[127.109106,37.406464],[127.109678,37.406007],[127.11013,37.405513],[127.110478,37.405011],[127.110834,37.404166],[127.110876,37.404001],[127.111035,37.403374],[127.111103,37.40278],[127.111122,37.402421],[127.111176,37.398506],[127.111177,37.395397],[127.111179,37.395062],[127.111181,37.394764],[127.111187,37.394364],[127.111185,37.394118],[127.111278,37.39129],[127.111237,37.384685],[127.111221,37.38437],[127.111189,37.384067],[127.111157,37.383884],[127.111117,37.383675],[127.111047,37.383437],[127.109608,37.380316],[127.109231,37.379329],[127.108926,37.378405],[127.108628,37.377256],[127.108522,37.376666],[127.108436,37.375916],[127.108433,37.367565],[127.108433,37.367368]]}},{"type":"Feature","properties":{"color":"#B81B30","ref":"신분당"},"geometry":{"type":"LineString","coordinates":[[127.108433,37.367368],[127.108507,37.364438],[127.108516,37.364101],[127.10858,37.36217],[127.108616,37.361101],[127.10881,37.35531],[127.108838,37.353908],[127.108852,37.353438],[127.108868,37.352937],[127.108873,37.352202],[127.108914,37.350068],[127.108915,37.349988],[127.108917,37.349882],[127.108936,37.347466],[127.108968,37.34584],[127.108946,37.345295],[127.108863,37.344994],[127.108834,37.344811],[127.108778,37.344646],[127.108688,37.344484],[127.108549,37.344293],[127.1084,37.344088],[127.108185,37.343878],[127.107897,37.343629],[127.107618,37.343439],[127.107356,37.343299],[127.107098,37.343196],[127.106394,37.342947],[127.106023,37.342843],[127.10543,37.342715],[127.104603,37.342507],[127.104354,37.342426],[127.104208,37.342365],[127.103947,37.342231],[127.103767,37.342115],[127.103628,37.342],[127.103434,37.34184],[127.103262,37.341638],[127.103087,37.341434],[127.10301,37.34128],[127.102972,37.341121],[127.102967,37.34075],[127.102944,37.340225],[127.102899,37.339288],[127.102889,37.339065],[127.102848,37.337877],[127.102834,37.33294],[127.102725,37.328938],[127.102672,37.328273],[127.102457,37.327667],[127.10221,37.327241],[127.101974,37.326993],[127.101686,37.32677],[127.101588,37.326695],[127.100773,37.3262],[127.098949,37.325108],[127.096349,37.323455],[127.096302,37.323425],[127.096134,37.323318],[127.095658,37.323022],[127.094757,37.32249],[127.086911,37.318171],[127.085388,37.317591],[127.083467,37.316968],[127.082813,37.316789],[127.082384,37.31655],[127.082051,37.31614],[127.081697,37.315552],[127.081373,37.31505],[127.080539,37.313755],[127.080311,37.313414],[127.080072,37.313216],[127.079893,37.313105],[127.079464,37.312849],[127.078945,37.312561],[127.078562,37.31233],[127.077489,37.31167],[127.077234,37.311527],[127.077063,37.31134],[127.076923,37.311075],[127.074913,37.306633],[127.074903,37.306458],[127.07489,37.306308],[127.074901,37.306137],[127.07489,37.305125],[127.074901,37.304812],[127.074779,37.304466],[127.074628,37.304095],[127.074482,37.303803],[127.07431,37.30354],[127.074135,37.303313],[127.073927,37.303103],[127.07362,37.302844],[127.070454,37.30065],[127.070338,37.300511],[127.07021,37.300289],[127.069337,37.297414],[127.068495,37.294653],[127.068341,37.29406],[127.068293,37.293867],[127.068228,37.293676],[127.068145,37.293478],[127.068062,37.29333],[127.067939,37.293168],[127.067698,37.292911],[127.067514,37.292766],[127.067353,37.292663],[127.067255,37.2926],[127.066977,37.292468],[127.066736,37.29237],[127.065035,37.29166],[127.064387,37.291414],[127.063491,37.291034],[127.063411,37.291005],[127.063303,37.29095],[127.06318,37.290885],[127.063046,37.2908],[127.062794,37.290616],[127.06258,37.290441],[127.062107,37.290027],[127.057753,37.286467],[127.057495,37.286261],[127.05683,37.285927],[127.056518,37.285843],[127.056166,37.2858],[127.055686,37.285937],[127.055217,37.286112],[127.054706,37.286343],[127.053467,37.28707],[127.053124,37.287281],[127.051499,37.288547],[127.049281,37.290167],[127.048711,37.290703],[127.048489,37.290937],[127.048415,37.291015],[127.048273,37.291248],[127.048187,37.291487],[127.048144,37.291828],[127.048157,37.292148],[127.048176,37.292436],[127.04823,37.292733],[127.048299,37.293027],[127.048423,37.293347],[127.048637,37.293706],[127.048852,37.29403],[127.048981,37.29432],[127.049768,37.296838],[127.049817,37.297073],[127.04983,37.297319],[127.049801,37.297512],[127.04975,37.297745],[127.049614,37.29802],[127.049203,37.298645]]}},{"type":"Feature","properties":{"color":"#B81B30","ref":"신분당"},"geometry":{"type":"LineString","coordinates":[[127.049203,37.298645],[127.049106,37.298764],[127.048788,37.299061],[127.048066,37.299838]]}},{"type":"Feature","properties":{"color":"#B81B30","ref":"신분당"},"geometry":{"type":"LineString","coordinates":[[127.048066,37.299838],[127.047958,37.299935],[127.047851,37.30003]]}},{"type":"Feature","properties":{"color":"#B81B30","ref":"신분당"},"geometry":{"type":"LineString","coordinates":[[127.047851,37.30003],[127.047552,37.300256],[127.047469,37.300318],[127.046854,37.30073],[127.046484,37.300928],[127.045457,37.301496]]}},{"type":"Feature","properties":{"color":"#B81B30","ref":"신분당"},"geometry":{"type":"LineString","coordinates":[[127.045457,37.301496],[127.045268,37.301593],[127.04523,37.301612],[127.045135,37.301661]]}},{"type":"Feature","properties":{"color":"#B81B30","ref":"신분당"},"geometry":{"type":"LineString","coordinates":[[127.045135,37.301661],[127.044846,37.301809],[127.043671,37.302411],[127.043522,37.302481]]}},{"type":"Feature","properties":{"color":"#44A436","ref":"E"},"geometry":{"type":"LineString","coordinates":[[127.117025,37.275377],[127.117158,37.275376]]}},{"type":"Feature","properties":{"color":"#44A436","ref":"E"},"geometry":{"type":"LineString","coordinates":[[127.117158,37.275376],[127.117307,37.275365],[127.117721,37.275354],[127.118075,37.275319],[127.118469,37.27527],[127.118751,37.275225],[127.119373,37.275142],[127.11965,37.275105],[127.119771,37.275086],[127.119929,37.275042],[127.120135,37.274958],[127.120327,37.274849],[127.121131,37.274265],[127.122487,37.273214],[127.12341,37.272521],[127.124675,37.271357],[127.125834,37.270362],[127.126235,37.270051],[127.126402,37.269932],[127.12757,37.269177],[127.12818,37.2688],[127.128565,37.268621],[127.129081,37.268409],[127.129677,37.268224],[127.130307,37.268087],[127.130708,37.268017],[127.131187,37.267987],[127.131782,37.267982],[127.132313,37.268011],[127.132881,37.268073],[127.133514,37.268199],[127.134003,37.268332],[127.13438,37.268463],[127.135006,37.268711],[127.135313,37.268882],[127.136106,37.269348],[127.136876,37.269807],[127.137265,37.27007],[127.13748,37.270254],[127.13758,37.2704],[127.137665,37.270583],[127.137766,37.270938],[127.137947,37.271569],[127.138082,37.271983],[127.138198,37.27228],[127.138398,37.272574],[127.138541,37.272737],[127.138802,37.272977],[127.139,37.273127],[127.139274,37.273279],[127.141342,37.27404],[127.14343,37.274805],[127.143987,37.275008],[127.14452,37.275201],[127.144859,37.275301],[127.145184,37.275375],[127.145498,37.275421],[127.145711,37.275439],[127.145905,37.275444],[127.146126,37.275447],[127.146375,37.275435],[127.146653,37.2754],[127.147,37.275341],[127.147261,37.27527],[127.147628,37.275139],[127.147872,37.275025],[127.148122,37.27488],[127.148348,37.274742],[127.148606,37.274544],[127.148817,37.274341],[127.148985,37.274158],[127.149118,37.273984],[127.149358,37.273577],[127.149959,37.272411],[127.150171,37.272061],[127.150563,37.271551],[127.151419,37.270728],[127.151947,37.270105],[127.15256,37.269257],[127.152848,37.268864],[127.153309,37.268274],[127.154201,37.267026],[127.15499,37.265794],[127.155524,37.265021],[127.156116,37.264362],[127.156441,37.264072],[127.157005,37.263536],[127.157919,37.262633],[127.158304,37.262205],[127.159181,37.261145],[127.159636,37.260655],[127.159706,37.260587],[127.159979,37.260336],[127.161422,37.259182],[127.16319,37.257791],[127.163941,37.256955],[127.164984,37.255612],[127.166245,37.25426],[127.167365,37.253115],[127.167789,37.252665],[127.168119,37.252186],[127.168229,37.251955],[127.168353,37.2515],[127.168362,37.251087],[127.168292,37.250691],[127.16821,37.250372],[127.168013,37.249993],[127.167728,37.249633],[127.165804,37.247715],[127.164924,37.246889],[127.164554,37.246503],[127.164469,37.246293],[127.164417,37.246073],[127.164429,37.245843],[127.164454,37.245657],[127.164511,37.245527],[127.164672,37.245301],[127.164867,37.245115],[127.165235,37.244775],[127.165603,37.24448],[127.16568,37.244403],[127.166067,37.244045],[127.166579,37.243579],[127.167117,37.243111],[127.167233,37.243016],[127.168122,37.242238],[127.168397,37.242019],[127.168544,37.241902],[127.169193,37.241508],[127.169864,37.241184],[127.172006,37.240266],[127.173942,37.239428],[127.174528,37.239247],[127.174923,37.23916],[127.175332,37.239112],[127.175933,37.239133],[127.17806,37.239266],[127.178667,37.239298],[127.179117,37.239318],[127.179173,37.23932],[127.180775,37.239406],[127.181166,37.239433],[127.181651,37.239399],[127.182174,37.239339],[127.183821,37.23896],[127.185093,37.238728],[127.186288,37.238576],[127.187994,37.238481],[127.189114,37.238353],[127.190054,37.238039],[127.190519,37.237892],[127.190588,37.23787],[127.191229,37.237672],[127.192642,37.237361],[127.193851,37.237183],[127.194569,37.237154],[127.195955,37.237194],[127.1979,37.237263],[127.198405,37.237243],[127.198782,37.237224],[127.198886,37.237216],[127.198923,37.237213],[127.199109,37.237188],[127.200043,37.237048],[127.201772,37.236782],[127.202214,37.236727],[127.202673,37.236734],[127.203518,37.236901],[127.205299,37.237388],[127.20672,37.237681],[127.207125,37.237738],[127.207749,37.237788],[127.208789,37.237779],[127.208882,37.237776],[127.209251,37.237781],[127.209369,37.237782],[127.209769,37.237811],[127.210133,37.237866],[127.210493,37.238033],[127.210837,37.238361],[127.211867,37.239728],[127.212181,37.240442],[127.212862,37.242256],[127.213793,37.243759],[127.214167,37.24437],[127.21432,37.244693],[127.214353,37.244772],[127.214426,37.244973],[127.214732,37.245919],[127.214766,37.24606],[127.215234,37.248015],[127.215353,37.248641],[127.215497,37.248957],[127.215891,37.249511],[127.216298,37.249977],[127.218244,37.251474],[127.218945,37.252063],[127.219245,37.252401],[127.219511,37.25286],[127.219674,37.253352],[127.21972,37.253729],[127.219694,37.254022],[127.21875,37.258147],[127.218582,37.258753],[127.218477,37.259084],[127.218433,37.259207],[127.218036,37.26002],[127.21626,37.262936],[127.215665,37.263927],[127.215351,37.264346],[127.214338,37.265373],[127.213858,37.265827],[127.2137,37.266066],[127.213637,37.266353],[127.213643,37.26662],[127.213696,37.267049],[127.213726,37.267347],[127.213732,37.267487],[127.21426,37.272048],[127.214384,37.272516],[127.214612,37.27296],[127.21499,37.273458],[127.215496,37.273943],[127.217483,37.275545],[127.218129,37.275963],[127.2186,37.276204],[127.21936,37.276542],[127.220646,37.277001],[127.220969,37.277121],[127.221589,37.277349],[127.221913,37.277472],[127.222125,37.277571],[127.222348,37.277708],[127.222507,37.277824],[127.222659,37.277953],[127.222774,37.278088],[127.222898,37.278271],[127.223069,37.278532],[127.223221,37.278781],[127.22342,37.279098],[127.224204,37.280373],[127.224306,37.280537],[127.224462,37.280816],[127.224538,37.281002],[127.224589,37.281194],[127.224599,37.281404],[127.22458,37.281585],[127.224543,37.281733],[127.224497,37.281855],[127.224419,37.281982],[127.224331,37.282097],[127.224228,37.282219],[127.224107,37.282317],[127.223847,37.282499],[127.223538,37.282702],[127.223007,37.283063],[127.221984,37.283766],[127.221605,37.284027],[127.220483,37.284762],[127.220331,37.284867],[127.219931,37.285135],[127.219799,37.285223]]}},{"type":"Feature","properties":{"color":"#44A436","ref":"E"},"geometry":{"type":"LineString","coordinates":[[127.219799,37.285223],[127.219755,37.285251],[127.21974,37.285261],[127.219432,37.28546]]}},{"type":"Feature","properties":{"color":"#0B318F","ref":"경강"},"geometry":{"type":"LineString","coordinates":[[127.111566,37.394758],[127.112403,37.394748],[127.116508,37.394721],[127.117149,37.394724],[127.120088,37.394744],[127.120619,37.394745],[127.123484,37.394751],[127.126723,37.394704],[127.127605,37.394691],[127.128669,37.394681],[127.129108,37.394697],[127.129794,37.394755],[127.131318,37.394943],[127.132734,37.395165],[127.134365,37.395521],[127.134451,37.39554],[127.138845,37.396615],[127.145523,37.398301],[127.154513,37.400381],[127.165822,37.402887],[127.167511,37.403155],[127.172227,37.403905],[127.172688,37.403948],[127.173203,37.403982],[127.174308,37.404007],[127.175574,37.404041],[127.179705,37.404203],[127.182172,37.40428],[127.184522,37.404434],[127.186657,37.404536],[127.189092,37.404843],[127.191764,37.405184],[127.192912,37.405311],[127.194189,37.405414],[127.195562,37.405499],[127.196581,37.405635],[127.197472,37.405857],[127.19863,37.406291],[127.199781,37.406824],[127.201153,37.407453]]}},{"type":"Feature","properties":{"color":"#0B318F","ref":"경강"},"geometry":{"type":"LineString","coordinates":[[127.201153,37.407453],[127.201781,37.407799],[127.202429,37.408152]]}},{"type":"Feature","properties":{"color":"#0B318F","ref":"경강"},"geometry":{"type":"LineString","coordinates":[[127.202429,37.408152],[127.20337,37.408667],[127.204819,37.409505]]}},{"type":"Feature","properties":{"color":"#0B318F","ref":"경강"},"geometry":{"type":"LineString","coordinates":[[127.204819,37.409505],[127.205464,37.409904],[127.205618,37.409999]]}},{"type":"Feature","properties":{"color":"#0B318F","ref":"경강"},"geometry":{"type":"LineString","coordinates":[[127.205618,37.409999],[127.210153,37.412841],[127.210904,37.413113],[127.211934,37.413335],[127.213158,37.413461],[127.214017,37.413496],[127.214982,37.413461],[127.215626,37.413393],[127.216763,37.413172],[127.21818,37.412831],[127.219553,37.41249],[127.221012,37.412098],[127.222514,37.411638],[127.22466,37.410922],[127.237062,37.405826],[127.244766,37.402623],[127.247758,37.401322],[127.248354,37.40108],[127.249553,37.400595]]}},{"type":"Feature","properties":{"color":"#0B318F","ref":"경강"},"geometry":{"type":"LineString","coordinates":[[127.249553,37.400595],[127.251077,37.399892]]}},{"type":"Feature","properties":{"color":"#0B318F","ref":"경강"},"geometry":{"type":"LineString","coordinates":[[127.251077,37.399892],[127.25193,37.399509],[127.253295,37.398915],[127.256719,37.397429],[127.259314,37.396303],[127.260473,37.395822]]}},{"type":"Feature","properties":{"color":"#0B318F","ref":"경강"},"geometry":{"type":"LineString","coordinates":[[127.260473,37.395822],[127.260913,37.395632]]}},{"type":"Feature","properties":{"color":"#0B318F","ref":"경강"},"geometry":{"type":"LineString","coordinates":[[127.260913,37.395632],[127.264567,37.394227],[127.272743,37.39069],[127.276777,37.388525],[127.278729,37.387331],[127.282055,37.38491],[127.282442,37.384569],[127.282871,37.383955],[127.283815,37.382728],[127.284137,37.382285],[127.284523,37.381943],[127.284866,37.381637],[127.291218,37.377203],[127.292312,37.376658],[127.293385,37.376197],[127.294576,37.375762],[127.298515,37.374017],[127.299397,37.373631]]}},{"type":"Feature","properties":{"color":"#0B318F","ref":"경강"},"geometry":{"type":"LineString","coordinates":[[127.299397,37.373631],[127.30047,37.373166],[127.301952,37.372519]]}},{"type":"Feature","properties":{"color":"#0B318F","ref":"경강"},"geometry":{"type":"LineString","coordinates":[[127.301952,37.372519],[127.308412,37.36974],[127.313961,37.36734],[127.316583,37.366211],[127.318639,37.365327],[127.321447,37.364104]]}},{"type":"Feature","properties":{"color":"#0B318F","ref":"경강"},"geometry":{"type":"LineString","coordinates":[[127.321447,37.364104],[127.324353,37.362854]]}},{"type":"Feature","properties":{"color":"#0B318F","ref":"경강"},"geometry":{"type":"LineString","coordinates":[[127.324353,37.362854],[127.326543,37.361761],[127.327591,37.361146],[127.329261,37.359898]]}},{"type":"Feature","properties":{"color":"#0B318F","ref":"경강"},"geometry":{"type":"LineString","coordinates":[[127.329261,37.359898],[127.329978,37.359294]]}},{"type":"Feature","properties":{"color":"#0B318F","ref":"경강"},"geometry":{"type":"LineString","coordinates":[[127.329978,37.359294],[127.335388,37.354775],[127.336392,37.35403],[127.337203,37.353524],[127.337958,37.353128],[127.338656,37.352813],[127.339679,37.352407],[127.340379,37.352184],[127.342458,37.351594],[127.343549,37.351285]]}},{"type":"Feature","properties":{"color":"#0B318F","ref":"경강"},"geometry":{"type":"LineString","coordinates":[[127.343549,37.351285],[127.346286,37.350519],[127.348399,37.349935]]}},{"type":"Feature","properties":{"color":"#0B318F","ref":"경강"},"geometry":{"type":"LineString","coordinates":[[127.348399,37.349935],[127.348891,37.34979]]}},{"type":"Feature","properties":{"color":"#0B318F","ref":"경강"},"geometry":{"type":"LineString","coordinates":[[127.348891,37.34979],[127.349524,37.34961],[127.351265,37.349134],[127.354081,37.348502],[127.356526,37.348023]]}},{"type":"Feature","properties":{"color":"#0B318F","ref":"경강"},"geometry":{"type":"LineString","coordinates":[[127.356526,37.348023],[127.361123,37.347076]]}},{"type":"Feature","properties":{"color":"#0B318F","ref":"경강"},"geometry":{"type":"LineString","coordinates":[[127.361123,37.347076],[127.363352,37.346625]]}},{"type":"Feature","properties":{"color":"#0B318F","ref":"경강"},"geometry":{"type":"LineString","coordinates":[[127.363352,37.346625],[127.364488,37.346349],[127.366015,37.346024],[127.367432,37.345707],[127.369636,37.344961],[127.371558,37.343987],[127.380366,37.338323],[127.388976,37.33282],[127.392198,37.330703],[127.394502,37.329285],[127.396828,37.327828],[127.398577,37.326608],[127.399546,37.325882],[127.400161,37.325314],[127.400639,37.324903],[127.401854,37.323371],[127.401999,37.323076],[127.403589,37.319546],[127.404327,37.318053]]}},{"type":"Feature","properties":{"color":"#0B318F","ref":"경강"},"geometry":{"type":"LineString","coordinates":[[127.404327,37.318053],[127.404597,37.317359],[127.405275,37.315675],[127.405719,37.314573],[127.408539,37.307347]]}},{"type":"Feature","properties":{"color":"#0B318F","ref":"경강"},"geometry":{"type":"LineString","coordinates":[[127.408539,37.307347],[127.408575,37.307254]]}},{"type":"Feature","properties":{"color":"#0B318F","ref":"경강"},"geometry":{"type":"LineString","coordinates":[[127.408575,37.307254],[127.409368,37.305265]]}},{"type":"Feature","properties":{"color":"#0B318F","ref":"경강"},"geometry":{"type":"LineString","coordinates":[[127.409368,37.305265],[127.409646,37.304568]]}},{"type":"Feature","properties":{"color":"#0B318F","ref":"경강"},"geometry":{"type":"LineString","coordinates":[[127.409646,37.304568],[127.409977,37.303731]]}},{"type":"Feature","properties":{"color":"#0B318F","ref":"경강"},"geometry":{"type":"LineString","coordinates":[[127.409977,37.303731],[127.410439,37.302625]]}},{"type":"Feature","properties":{"color":"#0B318F","ref":"경강"},"geometry":{"type":"LineString","coordinates":[[127.410439,37.302625],[127.410723,37.301987]]}},{"type":"Feature","properties":{"color":"#0B318F","ref":"경강"},"geometry":{"type":"LineString","coordinates":[[127.410723,37.301987],[127.411715,37.299853]]}},{"type":"Feature","properties":{"color":"#0B318F","ref":"경강"},"geometry":{"type":"LineString","coordinates":[[127.411715,37.299853],[127.413098,37.296519],[127.413243,37.296064],[127.413326,37.295736],[127.413417,37.295178],[127.41346,37.294505],[127.413501,37.293744],[127.41349,37.29301],[127.413454,37.292469],[127.411855,37.280081],[127.411789,37.279167],[127.411814,37.278242],[127.411913,37.277351],[127.412049,37.27633],[127.412239,37.275528],[127.412546,37.274723],[127.413215,37.273575],[127.413818,37.272785],[127.414418,37.272152],[127.415896,37.270741],[127.420069,37.267398],[127.420979,37.266821],[127.421985,37.266303],[127.423462,37.265661],[127.425234,37.265027],[127.426659,37.264598],[127.427834,37.264372],[127.428892,37.264259],[127.429921,37.264209]]}},{"type":"Feature","properties":{"color":"#0B318F","ref":"경강"},"geometry":{"type":"LineString","coordinates":[[127.429921,37.264209],[127.431354,37.264213],[127.433117,37.264211]]}},{"type":"Feature","properties":{"color":"#0B318F","ref":"경강"},"geometry":{"type":"LineString","coordinates":[[127.433117,37.264211],[127.433531,37.264213]]}},{"type":"Feature","properties":{"color":"#0B318F","ref":"경강"},"geometry":{"type":"LineString","coordinates":[[127.433531,37.264213],[127.435664,37.264201],[127.440579,37.264235],[127.441328,37.26425],[127.442183,37.264255],[127.443095,37.26426],[127.445371,37.264273]]}},{"type":"Feature","properties":{"color":"#0B318F","ref":"경강"},"geometry":{"type":"LineString","coordinates":[[127.445371,37.264273],[127.445726,37.264268],[127.449262,37.264296],[127.451,37.264237],[127.452078,37.264158],[127.453447,37.264012],[127.454587,37.263853],[127.462186,37.262417]]}},{"type":"Feature","properties":{"color":"#0B318F","ref":"경강"},"geometry":{"type":"LineString","coordinates":[[127.462186,37.262417],[127.463659,37.262131],[127.464685,37.261891],[127.465626,37.26162],[127.466509,37.261338]]}},{"type":"Feature","properties":{"color":"#0B318F","ref":"경강"},"geometry":{"type":"LineString","coordinates":[[127.466509,37.261338],[127.467528,37.260985],[127.468812,37.260432]]}},{"type":"Feature","properties":{"color":"#0B318F","ref":"경강"},"geometry":{"type":"LineString","coordinates":[[127.468812,37.260432],[127.469538,37.26011],[127.470335,37.259695],[127.472283,37.258655],[127.472819,37.258383],[127.47361,37.258032],[127.474391,37.257761],[127.474984,37.257575],[127.475679,37.257404],[127.476176,37.257331],[127.476703,37.25728]]}},{"type":"Feature","properties":{"color":"#0B318F","ref":"경강"},"geometry":{"type":"LineString","coordinates":[[127.476703,37.25728],[127.477248,37.257254]]}},{"type":"Feature","properties":{"color":"#0B318F","ref":"경강"},"geometry":{"type":"LineString","coordinates":[[127.477248,37.257254],[127.477825,37.25725],[127.478432,37.257265],[127.479254,37.257341],[127.480131,37.257513]]}},{"type":"Feature","properties":{"color":"#0B318F","ref":"경강"},"geometry":{"type":"LineString","coordinates":[[127.480131,37.257513],[127.482216,37.258075]]}},{"type":"Feature","properties":{"color":"#0B318F","ref":"경강"},"geometry":{"type":"LineString","coordinates":[[127.482216,37.258075],[127.484582,37.258755]]}},{"type":"Feature","properties":{"color":"#0B318F","ref":"경강"},"geometry":{"type":"LineString","coordinates":[[127.484582,37.258755],[127.485768,37.259099],[127.486435,37.259291],[127.487403,37.259571]]}},{"type":"Feature","properties":{"color":"#0B318F","ref":"경강"},"geometry":{"type":"LineString","coordinates":[[127.487403,37.259571],[127.489546,37.260198],[127.490314,37.260428]]}},{"type":"Feature","properties":{"color":"#0B318F","ref":"경강"},"geometry":{"type":"LineString","coordinates":[[127.490314,37.260428],[127.491527,37.260782],[127.493105,37.261244]]}},{"type":"Feature","properties":{"color":"#0B318F","ref":"경강"},"geometry":{"type":"LineString","coordinates":[[127.493105,37.261244],[127.494599,37.261679],[127.495682,37.261988]]}},{"type":"Feature","properties":{"color":"#0B318F","ref":"경강"},"geometry":{"type":"LineString","coordinates":[[127.495682,37.261988],[127.500163,37.263293]]}},{"type":"Feature","properties":{"color":"#0B318F","ref":"경강"},"geometry":{"type":"LineString","coordinates":[[127.500163,37.263293],[127.503257,37.264176]]}},{"type":"Feature","properties":{"color":"#0B318F","ref":"경강"},"geometry":{"type":"LineString","coordinates":[[127.503257,37.264176],[127.503912,37.264358]]}},{"type":"Feature","properties":{"color":"#0B318F","ref":"경강"},"geometry":{"type":"LineString","coordinates":[[127.503912,37.264358],[127.504335,37.264473]]}},{"type":"Feature","properties":{"color":"#0B318F","ref":"경강"},"geometry":{"type":"LineString","coordinates":[[127.504335,37.264473],[127.505641,37.26481],[127.506898,37.265157],[127.509509,37.266138]]}},{"type":"Feature","properties":{"color":"#0B318F","ref":"경강"},"geometry":{"type":"LineString","coordinates":[[127.509509,37.266138],[127.511707,37.266939],[127.512655,37.267414]]}},{"type":"Feature","properties":{"color":"#0B318F","ref":"경강"},"geometry":{"type":"LineString","coordinates":[[127.512655,37.267414],[127.513716,37.26781],[127.518246,37.269729]]}},{"type":"Feature","properties":{"color":"#0B318F","ref":"경강"},"geometry":{"type":"LineString","coordinates":[[127.518246,37.269729],[127.518932,37.270042]]}},{"type":"Feature","properties":{"color":"#0B318F","ref":"경강"},"geometry":{"type":"LineString","coordinates":[[127.518932,37.270042],[127.520393,37.270723],[127.521501,37.271344],[127.522662,37.272074],[127.524579,37.273432]]}},{"type":"Feature","properties":{"color":"#0B318F","ref":"경강"},"geometry":{"type":"LineString","coordinates":[[127.524579,37.273432],[127.525364,37.274011]]}},{"type":"Feature","properties":{"color":"#0B318F","ref":"경강"},"geometry":{"type":"LineString","coordinates":[[127.525364,37.274011],[127.525729,37.274264],[127.527264,37.275443],[127.528801,37.276638]]}},{"type":"Feature","properties":{"color":"#0B318F","ref":"경강"},"geometry":{"type":"LineString","coordinates":[[127.528801,37.276638],[127.528956,37.276756]]}},{"type":"Feature","properties":{"color":"#0B318F","ref":"경강"},"geometry":{"type":"LineString","coordinates":[[127.528956,37.276756],[127.529925,37.277505],[127.532954,37.279807],[127.535188,37.281556],[127.538191,37.283885],[127.540064,37.285313],[127.542682,37.287331],[127.544666,37.288888],[127.546501,37.290121],[127.547338,37.290634],[127.549073,37.291487],[127.549934,37.291867],[127.550988,37.292294],[127.552313,37.292743],[127.553158,37.292998],[127.554139,37.293242]]}},{"type":"Feature","properties":{"color":"#0B318F","ref":"경강"},"geometry":{"type":"LineString","coordinates":[[127.554139,37.293242],[127.55501,37.293431],[127.556189,37.293628],[127.557691,37.293802],[127.558818,37.293877],[127.559527,37.293906],[127.560446,37.29392],[127.562489,37.293868]]}},{"type":"Feature","properties":{"color":"#0B318F","ref":"경강"},"geometry":{"type":"LineString","coordinates":[[127.562489,37.293868],[127.569853,37.293658],[127.57065,37.293642],[127.571454,37.293625]]}},{"type":"Feature","properties":{"color":"#0B318F","ref":"경강"},"geometry":{"type":"LineString","coordinates":[[127.571454,37.293625],[127.572238,37.293607]]}},{"type":"Feature","properties":{"color":"#0B318F","ref":"경강"},"geometry":{"type":"LineString","coordinates":[[127.572238,37.293607],[127.579964,37.29339],[127.580829,37.293376]]}},{"type":"Feature","properties":{"color":"#0B318F","ref":"경강"},"geometry":{"type":"LineString","coordinates":[[127.580829,37.293376],[127.581094,37.293362]]}},{"type":"Feature","properties":{"color":"#0B318F","ref":"경강"},"geometry":{"type":"LineString","coordinates":[[127.581094,37.293362],[127.582191,37.293305],[127.583339,37.293254],[127.584336,37.293181],[127.585602,37.293034],[127.586777,37.292857],[127.588707,37.292545]]}},{"type":"Feature","properties":{"color":"#0B318F","ref":"경강"},"geometry":{"type":"LineString","coordinates":[[127.588707,37.292545],[127.589209,37.292449]]}},{"type":"Feature","properties":{"color":"#0B318F","ref":"경강"},"geometry":{"type":"LineString","coordinates":[[127.589209,37.292449],[127.590609,37.292212]]}},{"type":"Feature","properties":{"color":"#0B318F","ref":"경강"},"geometry":{"type":"LineString","coordinates":[[127.590609,37.292212],[127.606282,37.289596]]}},{"type":"Feature","properties":{"color":"#0B318F","ref":"경강"},"geometry":{"type":"LineString","coordinates":[[127.606282,37.289596],[127.607354,37.289405],[127.608592,37.289154],[127.609513,37.28889],[127.610367,37.28855],[127.611286,37.288062],[127.612028,37.287588],[127.612829,37.287039],[127.614483,37.285819],[127.615616,37.28516]]}},{"type":"Feature","properties":{"color":"#0B318F","ref":"경강"},"geometry":{"type":"LineString","coordinates":[[127.615616,37.28516],[127.616176,37.284894],[127.616831,37.284621],[127.617498,37.284391],[127.618376,37.284172],[127.618908,37.284079],[127.619423,37.283992],[127.620102,37.283907]]}},{"type":"Feature","properties":{"color":"#0B318F","ref":"경강"},"geometry":{"type":"LineString","coordinates":[[127.620102,37.283907],[127.622858,37.283574],[127.623684,37.283474],[127.624453,37.283402]]}},{"type":"Feature","properties":{"color":"#0B318F","ref":"경강"},"geometry":{"type":"LineString","coordinates":[[127.624453,37.283402],[127.625188,37.28327]]}},{"type":"Feature","properties":{"color":"#0B318F","ref":"경강"},"geometry":{"type":"LineString","coordinates":[[127.625188,37.28327],[127.629014,37.282823],[127.629451,37.282755]]}},{"type":"Feature","properties":{"color":"#0B318F","ref":"경강"},"geometry":{"type":"LineString","coordinates":[[127.623902,37.283418],[127.624503,37.283319],[127.625436,37.283155],[127.628119,37.282807],[127.628996,37.282707],[127.629459,37.282648]]}},{"type":"Feature","properties":{"color":"#0B318F","ref":"경강"},"geometry":{"type":"LineString","coordinates":[[127.620098,37.283863],[127.621624,37.283674],[127.623574,37.283455],[127.623902,37.283418]]}},{"type":"Feature","properties":{"color":"#0B318F","ref":"경강"},"geometry":{"type":"LineString","coordinates":[[127.615581,37.285122],[127.616141,37.284856],[127.616812,37.284583],[127.617472,37.284357],[127.618385,37.284136],[127.619442,37.28395],[127.620098,37.283863]]}},{"type":"Feature","properties":{"color":"#0B318F","ref":"경강"},"geometry":{"type":"LineString","coordinates":[[127.606264,37.289563],[127.607487,37.289351],[127.608473,37.289143],[127.609949,37.288657],[127.610733,37.288315],[127.611597,37.287806],[127.61311,37.286747],[127.614535,37.285725],[127.615581,37.285122]]}},{"type":"Feature","properties":{"color":"#0B318F","ref":"경강"},"geometry":{"type":"LineString","coordinates":[[127.590606,37.29218],[127.591904,37.29196],[127.598568,37.290831],[127.606264,37.289563]]}},{"type":"Feature","properties":{"color":"#0B318F","ref":"경강"},"geometry":{"type":"LineString","coordinates":[[127.589158,37.292428],[127.590606,37.29218]]}},{"type":"Feature","properties":{"color":"#0B318F","ref":"경강"},"geometry":{"type":"LineString","coordinates":[[127.588663,37.29251],[127.589158,37.292428]]}},{"type":"Feature","properties":{"color":"#0B318F","ref":"경강"},"geometry":{"type":"LineString","coordinates":[[127.581101,37.293319],[127.582366,37.293264],[127.584268,37.29316],[127.585851,37.29296],[127.588663,37.29251]]}},{"type":"Feature","properties":{"color":"#0B318F","ref":"경강"},"geometry":{"type":"LineString","coordinates":[[127.580811,37.293334],[127.581101,37.293319]]}},{"type":"Feature","properties":{"color":"#0B318F","ref":"경강"},"geometry":{"type":"LineString","coordinates":[[127.572241,37.293564],[127.573843,37.293513],[127.580811,37.293334]]}},{"type":"Feature","properties":{"color":"#0B318F","ref":"경강"},"geometry":{"type":"LineString","coordinates":[[127.571454,37.293577],[127.572241,37.293564]]}},{"type":"Feature","properties":{"color":"#0B318F","ref":"경강"},"geometry":{"type":"LineString","coordinates":[[127.562488,37.293834],[127.565283,37.293724],[127.569848,37.293617],[127.57065,37.293597],[127.571454,37.293577]]}},{"type":"Feature","properties":{"color":"#0B318F","ref":"경강"},"geometry":{"type":"LineString","coordinates":[[127.554159,37.293202],[127.555032,37.293386],[127.556195,37.293581],[127.557696,37.293768],[127.558828,37.293845],[127.559518,37.293873],[127.560446,37.293887],[127.562488,37.293834]]}},{"type":"Feature","properties":{"color":"#0B318F","ref":"경강"},"geometry":{"type":"LineString","coordinates":[[127.528999,37.27671],[127.530251,37.277661],[127.53343,37.280133],[127.534724,37.281129],[127.53851,37.284067],[127.54281,37.28739],[127.54522,37.28921],[127.546724,37.290195],[127.548008,37.290893],[127.549886,37.291785],[127.55074,37.292149],[127.552341,37.292708],[127.553167,37.292959],[127.554159,37.293202]]}},{"type":"Feature","properties":{"color":"#0B318F","ref":"경강"},"geometry":{"type":"LineString","coordinates":[[127.528839,37.276602],[127.528999,37.27671]]}},{"type":"Feature","properties":{"color":"#0B318F","ref":"경강"},"geometry":{"type":"LineString","coordinates":[[127.525406,37.273972],[127.527058,37.275239],[127.528839,37.276602]]}},{"type":"Feature","properties":{"color":"#0B318F","ref":"경강"},"geometry":{"type":"LineString","coordinates":[[127.524618,37.273378],[127.525406,37.273972]]}},{"type":"Feature","properties":{"color":"#0B318F","ref":"경강"},"geometry":{"type":"LineString","coordinates":[[127.519014,37.270035],[127.52042,37.270689],[127.522547,37.271961],[127.524618,37.273378]]}},{"type":"Feature","properties":{"color":"#0B318F","ref":"경강"},"geometry":{"type":"LineString","coordinates":[[127.51829,37.269685],[127.519014,37.270035]]}},{"type":"Feature","properties":{"color":"#0B318F","ref":"경강"},"geometry":{"type":"LineString","coordinates":[[127.512686,37.267372],[127.513512,37.267693],[127.51829,37.269685]]}},{"type":"Feature","properties":{"color":"#0B318F","ref":"경강"},"geometry":{"type":"LineString","coordinates":[[127.509522,37.266093],[127.512686,37.267372]]}},{"type":"Feature","properties":{"color":"#0B318F","ref":"경강"},"geometry":{"type":"LineString","coordinates":[[127.504351,37.26443],[127.505669,37.264772],[127.506916,37.265111],[127.509522,37.266093]]}},{"type":"Feature","properties":{"color":"#0B318F","ref":"경강"},"geometry":{"type":"LineString","coordinates":[[127.503937,37.264313],[127.504351,37.26443]]}},{"type":"Feature","properties":{"color":"#0B318F","ref":"경강"},"geometry":{"type":"LineString","coordinates":[[127.503276,37.264136],[127.503937,37.264313]]}},{"type":"Feature","properties":{"color":"#0B318F","ref":"경강"},"geometry":{"type":"LineString","coordinates":[[127.500183,37.263248],[127.503276,37.264136]]}},{"type":"Feature","properties":{"color":"#0B318F","ref":"경강"},"geometry":{"type":"LineString","coordinates":[[127.495699,37.261958],[127.500183,37.263248]]}},{"type":"Feature","properties":{"color":"#0B318F","ref":"경강"},"geometry":{"type":"LineString","coordinates":[[127.493117,37.261205],[127.495175,37.261804],[127.495699,37.261958]]}},{"type":"Feature","properties":{"color":"#0B318F","ref":"경강"},"geometry":{"type":"LineString","coordinates":[[127.49034,37.260381],[127.490622,37.260464],[127.491218,37.260635],[127.493117,37.261205]]}},{"type":"Feature","properties":{"color":"#0B318F","ref":"경강"},"geometry":{"type":"LineString","coordinates":[[127.487417,37.259528],[127.489277,37.260068],[127.49034,37.260381]]}},{"type":"Feature","properties":{"color":"#0B318F","ref":"경강"},"geometry":{"type":"LineString","coordinates":[[127.484596,37.258726],[127.487106,37.259436],[127.487417,37.259528]]}},{"type":"Feature","properties":{"color":"#0B318F","ref":"경강"},"geometry":{"type":"LineString","coordinates":[[127.482232,37.258041],[127.484596,37.258726]]}},{"type":"Feature","properties":{"color":"#0B318F","ref":"경강"},"geometry":{"type":"LineString","coordinates":[[127.480142,37.257458],[127.482232,37.258041]]}},{"type":"Feature","properties":{"color":"#0B318F","ref":"경강"},"geometry":{"type":"LineString","coordinates":[[127.477208,37.257212],[127.477805,37.257202],[127.478439,37.257222],[127.479257,37.25729],[127.480142,37.257458]]}},{"type":"Feature","properties":{"color":"#0B318F","ref":"경강"},"geometry":{"type":"LineString","coordinates":[[127.476618,37.25724],[127.477208,37.257212]]}},{"type":"Feature","properties":{"color":"#0B318F","ref":"경강"},"geometry":{"type":"LineString","coordinates":[[127.468793,37.260407],[127.469516,37.260082],[127.470313,37.25967],[127.472249,37.25862],[127.472836,37.258322],[127.473584,37.257982],[127.474269,37.25775],[127.47497,37.257525],[127.475674,37.257361],[127.476187,37.257285],[127.476618,37.25724]]}},{"type":"Feature","properties":{"color":"#0B318F","ref":"경강"},"geometry":{"type":"LineString","coordinates":[[127.466496,37.261313],[127.467496,37.260955],[127.468793,37.260407]]}},{"type":"Feature","properties":{"color":"#0B318F","ref":"경강"},"geometry":{"type":"LineString","coordinates":[[127.46217,37.26238],[127.463644,37.262101],[127.464679,37.261862],[127.465201,37.261708],[127.46565,37.26158],[127.466496,37.261313]]}},{"type":"Feature","properties":{"color":"#0B318F","ref":"경강"},"geometry":{"type":"LineString","coordinates":[[127.445371,37.264231],[127.446455,37.264228],[127.449261,37.264258],[127.451007,37.264196],[127.452067,37.264116],[127.453433,37.26398],[127.454574,37.263816],[127.46217,37.26238]]}},{"type":"Feature","properties":{"color":"#0B318F","ref":"경강"},"geometry":{"type":"LineString","coordinates":[[127.43351,37.264158],[127.433944,37.264157],[127.4386,37.264154],[127.441331,37.264218],[127.442185,37.264223],[127.443096,37.264228],[127.445371,37.264231]]}},{"type":"Feature","properties":{"color":"#0B318F","ref":"경강"},"geometry":{"type":"LineString","coordinates":[[127.43309,37.264158],[127.43351,37.264158]]}},{"type":"Feature","properties":{"color":"#0B318F","ref":"경강"},"geometry":{"type":"LineString","coordinates":[[127.429961,37.264161],[127.43309,37.264158]]}},{"type":"Feature","properties":{"color":"#0B318F","ref":"경강"},"geometry":{"type":"LineString","coordinates":[[127.41168,37.299835],[127.412047,37.298927],[127.412952,37.296706],[127.41308,37.296365],[127.413184,37.29603],[127.413273,37.295669],[127.413334,37.295261],[127.413374,37.294868],[127.413411,37.294338],[127.413445,37.293661],[127.413429,37.29302],[127.413389,37.292432],[127.413292,37.291617],[127.411826,37.280165],[127.411764,37.279468],[127.411744,37.279095],[127.411763,37.27847],[127.411776,37.278106],[127.411853,37.277491],[127.41197,37.276547],[127.412122,37.275739],[127.412256,37.275306],[127.412472,37.274752],[127.412771,37.274234],[127.413146,37.273577],[127.413636,37.272938],[127.413807,37.272745],[127.414289,37.272232],[127.415926,37.27064],[127.419914,37.267467],[127.420628,37.266983],[127.421495,37.266489],[127.422159,37.266167],[127.42334,37.265647],[127.424563,37.265191],[127.425555,37.264855],[127.426629,37.264537],[127.428082,37.264266],[127.429179,37.264184],[127.429961,37.264161]]}},{"type":"Feature","properties":{"color":"#0B318F","ref":"경강"},"geometry":{"type":"LineString","coordinates":[[127.410675,37.301977],[127.410965,37.301383],[127.41168,37.299835]]}},{"type":"Feature","properties":{"color":"#0B318F","ref":"경강"},"geometry":{"type":"LineString","coordinates":[[127.410394,37.302612],[127.410675,37.301977]]}},{"type":"Feature","properties":{"color":"#0B318F","ref":"경강"},"geometry":{"type":"LineString","coordinates":[[127.409937,37.303722],[127.410394,37.302612]]}},{"type":"Feature","properties":{"color":"#0B318F","ref":"경강"},"geometry":{"type":"LineString","coordinates":[[127.409604,37.304556],[127.409937,37.303722]]}},{"type":"Feature","properties":{"color":"#0B318F","ref":"경강"},"geometry":{"type":"LineString","coordinates":[[127.409326,37.305253],[127.409604,37.304556]]}},{"type":"Feature","properties":{"color":"#0B318F","ref":"경강"},"geometry":{"type":"LineString","coordinates":[[127.408528,37.307247],[127.4089,37.306343],[127.409326,37.305253]]}},{"type":"Feature","properties":{"color":"#0B318F","ref":"경강"},"geometry":{"type":"LineString","coordinates":[[127.408491,37.30734],[127.408528,37.307247]]}},{"type":"Feature","properties":{"color":"#0B318F","ref":"경강"},"geometry":{"type":"LineString","coordinates":[[127.404249,37.318061],[127.404544,37.317349],[127.405219,37.31566],[127.405659,37.314558],[127.407038,37.311055],[127.407833,37.309014],[127.408491,37.30734]]}},{"type":"Feature","properties":{"color":"#0B318F","ref":"경강"},"geometry":{"type":"LineString","coordinates":[[127.363356,37.346584],[127.364416,37.346277],[127.365981,37.345923],[127.367327,37.345647],[127.369507,37.344868],[127.371469,37.343894],[127.376288,37.340856],[127.380131,37.338375],[127.384076,37.335867],[127.386975,37.333971],[127.388889,37.332802],[127.392154,37.330673],[127.395219,37.328739],[127.396785,37.327749],[127.398568,37.326576],[127.39946,37.325845],[127.400068,37.325331],[127.400691,37.324707],[127.401653,37.323421],[127.401908,37.323042],[127.402325,37.322185],[127.403476,37.319552],[127.404249,37.318061]]}},{"type":"Feature","properties":{"color":"#0B318F","ref":"경강"},"geometry":{"type":"LineString","coordinates":[[127.361109,37.347037],[127.363356,37.346584]]}},{"type":"Feature","properties":{"color":"#0B318F","ref":"경강"},"geometry":{"type":"LineString","coordinates":[[127.356513,37.347982],[127.361109,37.347037]]}},{"type":"Feature","properties":{"color":"#0B318F","ref":"경강"},"geometry":{"type":"LineString","coordinates":[[127.348877,37.349761],[127.350398,37.34932],[127.351926,37.348932],[127.353654,37.348547],[127.356513,37.347982]]}},{"type":"Feature","properties":{"color":"#0B318F","ref":"경강"},"geometry":{"type":"LineString","coordinates":[[127.348877,37.349761],[127.348386,37.349904]]}},{"type":"Feature","properties":{"color":"#0B318F","ref":"경강"},"geometry":{"type":"LineString","coordinates":[[127.348386,37.349904],[127.346273,37.350489],[127.343539,37.351255]]}},{"type":"Feature","properties":{"color":"#0B318F","ref":"경강"},"geometry":{"type":"LineString","coordinates":[[127.329944,37.35927],[127.335354,37.354753],[127.33637,37.353998],[127.337153,37.353512],[127.337923,37.353102],[127.338637,37.352779],[127.339649,37.352378],[127.34036,37.352154],[127.342927,37.351425],[127.343539,37.351255]]}},{"type":"Feature","properties":{"color":"#0B318F","ref":"경강"},"geometry":{"type":"LineString","coordinates":[[127.329232,37.359859],[127.329944,37.35927]]}},{"type":"Feature","properties":{"color":"#0B318F","ref":"경강"},"geometry":{"type":"LineString","coordinates":[[127.324301,37.362815],[127.325071,37.362437],[127.326724,37.361601],[127.327635,37.361052],[127.328527,37.360358],[127.329232,37.359859]]}},{"type":"Feature","properties":{"color":"#0B318F","ref":"경강"},"geometry":{"type":"LineString","coordinates":[[127.321428,37.364069],[127.324301,37.362815]]}},{"type":"Feature","properties":{"color":"#0B318F","ref":"경강"},"geometry":{"type":"LineString","coordinates":[[127.301928,37.372489],[127.304808,37.371244],[127.313936,37.367307],[127.316564,37.366178],[127.318613,37.365298],[127.321168,37.364179],[127.321428,37.364069]]}},{"type":"Feature","properties":{"color":"#0B318F","ref":"경강"},"geometry":{"type":"LineString","coordinates":[[127.29937,37.373582],[127.299455,37.373549],[127.301928,37.372489]]}},{"type":"Feature","properties":{"color":"#0B318F","ref":"경강"},"geometry":{"type":"LineString","coordinates":[[127.260892,37.395603],[127.261385,37.395409],[127.264768,37.394084],[127.270862,37.391412],[127.272791,37.390596],[127.276615,37.388537],[127.27903,37.387038],[127.282075,37.384819],[127.282378,37.384555],[127.282546,37.384325],[127.283704,37.382771],[127.284064,37.382299],[127.284372,37.381962],[127.285484,37.38109],[127.289285,37.378455],[127.290779,37.377412],[127.291536,37.376941],[127.292237,37.376618],[127.293535,37.376069],[127.294535,37.375701],[127.298491,37.373994],[127.29937,37.373582]]}},{"type":"Feature","properties":{"color":"#0B318F","ref":"경강"},"geometry":{"type":"LineString","coordinates":[[127.260444,37.395782],[127.260892,37.395603]]}},{"type":"Feature","properties":{"color":"#0B318F","ref":"경강"},"geometry":{"type":"LineString","coordinates":[[127.251053,37.39986],[127.252273,37.399323],[127.253271,37.398884],[127.2561,37.397657],[127.259288,37.396274],[127.260444,37.395782]]}},{"type":"Feature","properties":{"color":"#0B318F","ref":"경강"},"geometry":{"type":"LineString","coordinates":[[127.249529,37.400565],[127.250178,37.40027],[127.251053,37.39986]]}},{"type":"Feature","properties":{"color":"#0B318F","ref":"경강"},"geometry":{"type":"LineString","coordinates":[[127.205645,37.409974],[127.206126,37.410235],[127.210193,37.412776],[127.211201,37.413106],[127.212299,37.41331],[127.213438,37.41341],[127.214597,37.413447],[127.215974,37.41328],[127.218048,37.412798],[127.222209,37.411693],[127.224203,37.410988],[127.234323,37.406915],[127.238895,37.404971],[127.248543,37.40092],[127.249529,37.400565]]}},{"type":"Feature","properties":{"color":"#0B318F","ref":"경강"},"geometry":{"type":"LineString","coordinates":[[127.204846,37.409481],[127.205159,37.409674],[127.205645,37.409974]]}},{"type":"Feature","properties":{"color":"#0B318F","ref":"경강"},"geometry":{"type":"LineString","coordinates":[[127.202455,37.408118],[127.203404,37.408641],[127.204846,37.409481]]}},{"type":"Feature","properties":{"color":"#0B318F","ref":"경강"},"geometry":{"type":"LineString","coordinates":[[127.201176,37.407414],[127.20185,37.407797],[127.20211,37.407935],[127.202455,37.408118]]}},{"type":"Feature","properties":{"color":"#0B318F","ref":"경강"},"geometry":{"type":"LineString","coordinates":[[127.111567,37.394697],[127.114219,37.394685],[127.118681,37.394664],[127.12262,37.394646],[127.127599,37.394603],[127.127926,37.394603],[127.129142,37.39461],[127.130918,37.394842],[127.133136,37.395209],[127.134962,37.395599],[127.135484,37.395729],[127.137001,37.396091],[127.137527,37.39624],[127.140301,37.396934],[127.144386,37.397955],[127.154403,37.400281],[127.160021,37.401539],[127.164598,37.402574],[127.166728,37.402967],[127.169413,37.40339],[127.171752,37.403742],[127.172925,37.403887],[127.174246,37.403965],[127.181074,37.404184],[127.183399,37.404284],[127.186715,37.404473],[127.190848,37.405],[127.194827,37.405411],[127.195948,37.405486],[127.197022,37.405645],[127.197746,37.405871],[127.198642,37.406222],[127.199806,37.406768],[127.201176,37.407414]]}},{"type":"Feature","properties":{"color":"#007448","ref":"1"},"geometry":{"type":"LineString","coordinates":[[127.315122,36.391485],[127.316208,36.390005],[127.317707,36.387937],[127.318458,36.386734],[127.31915,36.385415],[127.319389,36.384869],[127.319468,36.384428],[127.319533,36.383771],[127.319526,36.383271],[127.319374,36.382778],[127.318948,36.381918],[127.318205,36.380593],[127.31796,36.379976],[127.317888,36.379442],[127.317837,36.378218],[127.317859,36.375005],[127.317846,36.374117],[127.317834,36.373215],[127.317851,36.368043],[127.317851,36.366789],[127.317851,36.366656],[127.317834,36.365286],[127.317793,36.361784],[127.317772,36.361492],[127.317813,36.361266],[127.317864,36.360978],[127.317915,36.360748],[127.317984,36.360563],[127.318088,36.360377],[127.318256,36.360207],[127.318415,36.360074],[127.318627,36.359948],[127.318855,36.359831],[127.31911,36.359764],[127.319444,36.359714],[127.320775,36.35952],[127.32141,36.359389],[127.322865,36.358949],[127.327316,36.357661],[127.329975,36.356874],[127.33064,36.356689],[127.331713,36.35639],[127.335085,36.355441],[127.340505,36.353972],[127.341684,36.353688],[127.342757,36.353353],[127.346265,36.352383],[127.347405,36.352045],[127.348192,36.351854],[127.348769,36.351761],[127.349289,36.351708],[127.349765,36.351673],[127.350184,36.351714],[127.350487,36.35179],[127.351064,36.351929],[127.351447,36.352057],[127.351887,36.352255],[127.352342,36.352592],[127.352811,36.352894],[127.353641,36.353603],[127.354092,36.354169],[127.354587,36.354518],[127.355822,36.355389],[127.357497,36.356583],[127.35907,36.357606],[127.360218,36.358181],[127.360983,36.358414],[127.36213,36.358536],[127.362729,36.358536],[127.363718,36.35842],[127.364566,36.358297],[127.365118,36.358216],[127.367839,36.357873],[127.370693,36.357635],[127.372523,36.357617],[127.372792,36.357617],[127.377127,36.357622],[127.379807,36.357601],[127.381612,36.357583],[127.382684,36.357572],[127.383582,36.357547],[127.384195,36.35742],[127.384698,36.357317],[127.385239,36.357075],[127.385548,36.35684],[127.38584,36.356474],[127.386054,36.355935],[127.386235,36.355486],[127.386466,36.35411],[127.386509,36.353433],[127.386554,36.35146],[127.386548,36.35025],[127.386513,36.349462],[127.386428,36.349123],[127.386187,36.348832],[127.385664,36.348286],[127.385157,36.347837],[127.384814,36.347484],[127.384634,36.347215],[127.384556,36.346924],[127.384591,36.346392],[127.384607,36.34597],[127.384626,36.345447],[127.384642,36.3437],[127.384689,36.343491],[127.384739,36.343299],[127.384853,36.343137],[127.385079,36.342987],[127.385843,36.342703],[127.387749,36.342058],[127.388902,36.341569],[127.390784,36.34018],[127.393173,36.338206],[127.393196,36.338187],[127.396657,36.33525],[127.39927,36.333145],[127.402771,36.330185],[127.404516,36.32878],[127.405025,36.328369],[127.405874,36.327685],[127.410079,36.324248],[127.411834,36.322883],[127.412491,36.322375],[127.412779,36.322152],[127.412911,36.32205],[127.413094,36.321919],[127.413349,36.321711],[127.413469,36.321631],[127.413506,36.321609],[127.413545,36.321592],[127.413696,36.321535],[127.41401,36.321438],[127.414353,36.321403],[127.414705,36.321383],[127.414902,36.321417],[127.41519,36.32148],[127.415426,36.321552],[127.415859,36.321718],[127.416095,36.321863],[127.416825,36.32234],[127.417852,36.323259],[127.419607,36.324759],[127.419852,36.324968],[127.421239,36.326091],[127.422163,36.326986],[127.422408,36.327149],[127.425115,36.328265],[127.42592,36.328566],[127.427778,36.32926],[127.428469,36.329554],[127.432801,36.331114],[127.433379,36.331323],[127.435599,36.332117],[127.436202,36.332341],[127.436731,36.332519],[127.437135,36.332554],[127.437763,36.33256],[127.438081,36.332467],[127.439041,36.332165],[127.439957,36.331659],[127.440686,36.331298],[127.442647,36.329615],[127.442864,36.329409],[127.442887,36.329377],[127.443448,36.3283],[127.445126,36.325414],[127.44533,36.324189],[127.445279,36.323876],[127.445116,36.322955],[127.445065,36.322601],[127.445044,36.322223],[127.445167,36.321779],[127.445585,36.321368],[127.447086,36.320521],[127.448794,36.319624],[127.448932,36.319556],[127.452956,36.317585],[127.45417,36.317155],[127.45508,36.316959],[127.456694,36.316832],[127.457836,36.316804],[127.458537,36.316867],[127.459298,36.316993]]}},{"type":"Feature","properties":{"color":"#F4A462","ref":"I2"},"geometry":{"type":"LineString","coordinates":[[126.628288,37.594903],[126.629036,37.594765],[126.629191,37.594738],[126.629866,37.594595],[126.630603,37.594458],[126.631167,37.594345],[126.631705,37.594253],[126.63327,37.593994],[126.634897,37.593732],[126.635741,37.593607],[126.636041,37.593575],[126.636775,37.593579],[126.637267,37.593626],[126.637552,37.593633],[126.638059,37.593739],[126.638434,37.593834],[126.640862,37.594643],[126.641529,37.594871],[126.641999,37.595031],[126.642754,37.595278],[126.64302,37.595365],[126.643299,37.595459],[126.643697,37.595597],[126.644055,37.595737],[126.644382,37.595845],[126.645552,37.596345],[126.647112,37.597098]]}},{"type":"Feature","properties":{"color":"#F4A462","ref":"I2"},"geometry":{"type":"LineString","coordinates":[[126.647112,37.597098],[126.647705,37.597377]]}},{"type":"Feature","properties":{"color":"#F4A462","ref":"I2"},"geometry":{"type":"LineString","coordinates":[[126.647705,37.597377],[126.648182,37.597596],[126.649098,37.598065],[126.650239,37.598636],[126.651346,37.599305],[126.65199,37.599812],[126.65236,37.600069],[126.653022,37.600397],[126.65348,37.600601],[126.65483,37.601094],[126.656178,37.601598],[126.656791,37.601828],[126.657093,37.601936],[126.657181,37.60196],[126.657355,37.601999],[126.657573,37.60202],[126.657747,37.602011],[126.657935,37.601973],[126.658361,37.60179],[126.658739,37.601601],[126.659316,37.60131],[126.6606,37.600681],[126.661711,37.600127],[126.662117,37.599914],[126.662886,37.599574],[126.665314,37.598615],[126.665773,37.598454],[126.666206,37.5983],[126.666455,37.59818],[126.666715,37.597978],[126.667055,37.597683],[126.667353,37.597438],[126.667568,37.59726],[126.66803,37.596912],[126.668423,37.596648],[126.669384,37.596002],[126.67079,37.595398],[126.671919,37.594898],[126.672149,37.594758],[126.672292,37.594615],[126.672485,37.594357],[126.67261,37.594037],[126.672777,37.59317],[126.672878,37.592593],[126.673037,37.591669],[126.673076,37.591397],[126.673414,37.58993],[126.673988,37.588856],[126.674934,37.587438],[126.675806,37.585111],[126.67594,37.584751],[126.676052,37.584446],[126.676152,37.58409],[126.67621,37.583758],[126.675813,37.582408],[126.675323,37.580909],[126.67517,37.579119],[126.675124,37.578173],[126.675047,37.576694],[126.67503,37.57646],[126.674925,37.575991]]}},{"type":"Feature","properties":{"color":"#F4A462","ref":"I2"},"geometry":{"type":"LineString","coordinates":[[126.674925,37.575991],[126.674644,37.57495],[126.674452,37.5741],[126.674379,37.57361],[126.674339,37.573072],[126.674332,37.572548],[126.67439,37.571985],[126.674451,37.571527],[126.674592,37.570909],[126.674826,37.570277],[126.675064,37.569674],[126.675178,37.569435],[126.675353,37.56909],[126.675699,37.56852],[126.675767,37.568401],[126.676222,37.567631],[126.676817,37.56665],[126.677186,37.566024],[126.677348,37.565746],[126.677478,37.565337],[126.677547,37.564788],[126.677534,37.563645],[126.677503,37.562013],[126.67749,37.561558],[126.677474,37.560892],[126.677472,37.560811],[126.677429,37.559605],[126.677384,37.558396],[126.677319,37.556309],[126.677251,37.554308]]}},{"type":"Feature","properties":{"color":"#F4A462","ref":"I2"},"geometry":{"type":"LineString","coordinates":[[126.677251,37.554308],[126.677235,37.553696],[126.677134,37.552451],[126.67704,37.551112],[126.677036,37.551017],[126.677004,37.550357],[126.676933,37.547599],[126.676877,37.5456],[126.676745,37.543321],[126.676729,37.543042],[126.676621,37.541221],[126.676477,37.538666],[126.676314,37.536407],[126.676072,37.532066],[126.675896,37.52926],[126.675404,37.526413],[126.675306,37.525092],[126.675238,37.524107],[126.675204,37.523614],[126.675114,37.522712],[126.675109,37.52251],[126.675133,37.522332],[126.675202,37.522162],[126.675306,37.521996],[126.675517,37.521844],[126.675829,37.521727],[126.676334,37.521598],[126.676683,37.521473],[126.676874,37.521319],[126.67696,37.52116],[126.676983,37.52094],[126.676917,37.519933],[126.676739,37.517088],[126.676707,37.516581],[126.676557,37.514603],[126.676433,37.512391],[126.676279,37.509301],[126.676141,37.506969],[126.676123,37.506387],[126.675977,37.504212],[126.675839,37.501891],[126.67571,37.499541],[126.675709,37.499509],[126.67552,37.496362],[126.675205,37.491444],[126.675128,37.489599],[126.675088,37.488652],[126.675127,37.488428],[126.675235,37.488205],[126.675389,37.488001],[126.675561,37.487914],[126.67579,37.487821],[126.676074,37.487771],[126.676317,37.487764],[126.677877,37.487711],[126.678505,37.487634],[126.678883,37.487523],[126.680308,37.486575],[126.683405,37.484333],[126.684452,37.483573],[126.684629,37.483445],[126.685531,37.482823],[126.685762,37.482648],[126.686017,37.482375],[126.686151,37.482153],[126.686273,37.481505],[126.686461,37.480286],[126.686449,37.480049],[126.686333,37.479761],[126.685316,37.478096],[126.683675,37.47655],[126.683175,37.476107],[126.681935,37.475134],[126.681615,37.474856],[126.681348,37.474439],[126.681243,37.474246],[126.681086,37.473914],[126.68086,37.473215],[126.680531,37.472119],[126.680006,37.470431],[126.679911,37.47006],[126.679872,37.469832],[126.679606,37.46856],[126.679306,37.466861],[126.679148,37.465648],[126.679099,37.465459],[126.679022,37.465231],[126.67898,37.465132],[126.678915,37.464986],[126.67887,37.464898],[126.678852,37.464862],[126.678433,37.464126],[126.678085,37.463576],[126.677929,37.463219],[126.677875,37.462982],[126.677851,37.462404],[126.67779,37.461665],[126.677664,37.460677],[126.677718,37.459822],[126.677745,37.459155],[126.677884,37.45891],[126.678147,37.45867],[126.678459,37.458549],[126.679339,37.458487],[126.680313,37.458422],[126.680997,37.458381],[126.681302,37.458365],[126.681893,37.458333],[126.683653,37.458218],[126.686067,37.458051],[126.689556,37.457836],[126.691812,37.457691],[126.692919,37.457608],[126.693318,37.457577],[126.694714,37.45745],[126.696956,37.457219],[126.701749,37.45682],[126.702382,37.456774],[126.702871,37.456731],[126.703278,37.456694],[126.703627,37.45668],[126.705165,37.45675],[126.707979,37.456897],[126.708689,37.456937],[126.709534,37.456841],[126.711202,37.456651],[126.711739,37.456589],[126.71675,37.456075],[126.719242,37.455846],[126.719984,37.455804],[126.720234,37.45579],[126.722051,37.45568],[126.723806,37.455583],[126.726752,37.455362],[126.731749,37.45497],[126.732183,37.45493],[126.732262,37.454923],[126.732959,37.454864],[126.733335,37.454756],[126.73388,37.454467],[126.734964,37.453759],[126.735662,37.453232],[126.735913,37.452986],[126.735967,37.452884],[126.735982,37.452751],[126.735958,37.45268],[126.735304,37.451505],[126.734174,37.44944],[126.733942,37.44896],[126.733921,37.448759],[126.73395,37.448582],[126.734056,37.448421],[126.734246,37.448297],[126.7352,37.448223],[126.737328,37.448121],[126.737489,37.448113],[126.738996,37.448027],[126.741249,37.447865],[126.743998,37.44767],[126.744606,37.44764],[126.745047,37.447649],[126.745316,37.447662],[126.745641,37.44777]]}},{"type":"Feature","properties":{"color":"#F4A462","ref":"I2"},"geometry":{"type":"LineString","coordinates":[[126.745641,37.44777],[126.745878,37.447866],[126.746601,37.448224],[126.747221,37.448566],[126.747966,37.448951],[126.748156,37.449027],[126.748494,37.449121],[126.748751,37.449174],[126.749154,37.449199],[126.749492,37.449181],[126.74983,37.449122],[126.750357,37.449037],[126.751012,37.448908],[126.751691,37.44876],[126.752449,37.448609],[126.753316,37.44843],[126.75364,37.448367],[126.754062,37.448292],[126.754528,37.448182],[126.754914,37.44808],[126.755261,37.44795],[126.755368,37.447888],[126.755751,37.447657],[126.755863,37.447581],[126.756039,37.447423],[126.756294,37.447158],[126.756394,37.447045]]}},{"type":"Feature","properties":{"color":"#F4A462","ref":"I2"},"geometry":{"type":"LineString","coordinates":[[126.756394,37.447045],[126.756566,37.446772],[126.757157,37.445752],[126.75762,37.445115],[126.758279,37.444292],[126.759277,37.443141]]}},{"type":"Feature","properties":{"color":"#F4A462","ref":"I2"},"geometry":{"type":"LineString","coordinates":[[126.759277,37.443141],[126.759533,37.442845],[126.759704,37.442622],[126.759869,37.442357],[126.759974,37.442062],[126.760027,37.441764],[126.760035,37.441528],[126.759983,37.441286],[126.759873,37.440802],[126.759818,37.440571]]}},{"type":"Feature","properties":{"color":"#F4A462","ref":"I2"},"geometry":{"type":"LineString","coordinates":[[126.759818,37.440571],[126.759742,37.440255],[126.75962,37.439754],[126.759487,37.439314]]}},{"type":"Feature","properties":{"color":"#F4A462","ref":"I2"},"geometry":{"type":"LineString","coordinates":[[126.759745,37.43997],[126.759869,37.44054]]}},{"type":"Feature","properties":{"color":"#F4A462","ref":"I2"},"geometry":{"type":"LineString","coordinates":[[126.759869,37.44054],[126.760003,37.441027],[126.760052,37.441245],[126.760105,37.441486],[126.760101,37.441629],[126.76009,37.441806],[126.760068,37.44201],[126.759984,37.442242],[126.759872,37.442441],[126.759728,37.442664],[126.759496,37.442943],[126.759313,37.44318]]}},{"type":"Feature","properties":{"color":"#F4A462","ref":"I2"},"geometry":{"type":"LineString","coordinates":[[126.759313,37.44318],[126.757683,37.445095],[126.756951,37.446172],[126.756754,37.446509],[126.756431,37.447064]]}},{"type":"Feature","properties":{"color":"#F4A462","ref":"I2"},"geometry":{"type":"LineString","coordinates":[[126.756431,37.447064],[126.756172,37.44737],[126.755855,37.44764],[126.755542,37.447826],[126.75519,37.44802],[126.754647,37.448186],[126.7536,37.448426],[126.753317,37.448475],[126.752462,37.44865],[126.752227,37.448699],[126.750372,37.449068],[126.749788,37.449166],[126.749533,37.449202],[126.749183,37.449237],[126.748895,37.449221],[126.748672,37.449198],[126.748368,37.449122],[126.748007,37.449006],[126.747514,37.448757],[126.746804,37.448381],[126.745929,37.447932],[126.74562,37.447809]]}},{"type":"Feature","properties":{"color":"#F4A462","ref":"I2"},"geometry":{"type":"LineString","coordinates":[[126.74562,37.447809],[126.745535,37.447776],[126.745281,37.447694],[126.745011,37.447674],[126.744684,37.447686],[126.744234,37.447698],[126.743338,37.447742],[126.739047,37.448086],[126.737437,37.448148],[126.736181,37.448221],[126.735827,37.44824],[126.734664,37.448297],[126.734353,37.448325],[126.734217,37.448359],[126.734116,37.448428],[126.734049,37.448528],[126.734004,37.448612],[126.733983,37.448703],[126.733979,37.448817],[126.734039,37.449026],[126.734735,37.450309],[126.735046,37.450911],[126.735643,37.451993],[126.73597,37.452577],[126.736021,37.452711],[126.736017,37.452834],[126.73598,37.452967],[126.735889,37.453069],[126.735493,37.453427],[126.7349,37.453872],[126.734342,37.454243],[126.73351,37.454722],[126.733284,37.454817],[126.732987,37.45489],[126.731439,37.455019],[126.727152,37.455402],[126.719497,37.45592],[126.718928,37.455963],[126.714818,37.456349],[126.710439,37.456818],[126.708881,37.456994],[126.708763,37.457002],[126.708612,37.457008],[126.708489,37.457001],[126.703613,37.456761],[126.702996,37.456803],[126.70219,37.45687],[126.691796,37.457763],[126.687644,37.458011],[126.682858,37.458313],[126.680399,37.458482],[126.679012,37.458549],[126.678653,37.458581],[126.678477,37.4586],[126.67834,37.458637],[126.67818,37.458708],[126.678069,37.45879],[126.677978,37.458887],[126.677905,37.458999],[126.677849,37.459225],[126.677742,37.460689],[126.677897,37.462536],[126.677937,37.463046],[126.678032,37.463334],[126.678209,37.463682],[126.67883,37.464722],[126.678869,37.464788],[126.678974,37.464975],[126.679024,37.465095],[126.679113,37.465353],[126.67916,37.465532],[126.679183,37.465627],[126.679343,37.466614],[126.679427,37.467067],[126.679513,37.467531],[126.679983,37.470279],[126.681182,37.473922],[126.681339,37.47429],[126.681394,37.474392],[126.681488,37.474565],[126.681654,37.474808],[126.681799,37.474946],[126.681983,37.4751],[126.68234,37.47538],[126.683634,37.476418],[126.684998,37.477696],[126.685248,37.477923],[126.685443,37.478152],[126.685579,37.478374],[126.686359,37.479621],[126.686445,37.479786],[126.686549,37.480014],[126.686566,37.480138],[126.686559,37.480275],[126.686516,37.48062],[126.6863,37.481803],[126.686283,37.481969],[126.686238,37.482166],[126.686142,37.482352],[126.685996,37.482513],[126.68582,37.482677],[126.68368,37.484218],[126.680698,37.486363],[126.679377,37.487289],[126.679098,37.487468],[126.678818,37.487621],[126.678489,37.487725],[126.67793,37.48779],[126.676674,37.487818],[126.676141,37.487831],[126.675971,37.487855],[126.675715,37.487917],[126.675552,37.487991],[126.675433,37.488065],[126.675334,37.488176],[126.675262,37.488295],[126.675187,37.488466],[126.675163,37.488659],[126.675317,37.490858],[126.675374,37.49148],[126.675595,37.495751],[126.675795,37.498999],[126.675877,37.500255],[126.676356,37.507972],[126.676482,37.511886],[126.676542,37.513346],[126.676693,37.515648],[126.676821,37.517599],[126.676863,37.518188],[126.677059,37.520972],[126.677037,37.521195],[126.676958,37.521336],[126.676799,37.52148],[126.676599,37.521586],[126.676333,37.521686],[126.675809,37.521823],[126.675646,37.521894],[126.675417,37.522054],[126.675282,37.522247],[126.675206,37.522482],[126.675202,37.522726],[126.675273,37.523555],[126.675309,37.52406],[126.675391,37.525272],[126.675484,37.526392],[126.675812,37.528142],[126.675985,37.529222],[126.676662,37.540334],[126.676878,37.544194],[126.676972,37.545848],[126.677012,37.547227],[126.677073,37.55046],[126.677142,37.551802],[126.67729,37.554307]]}},{"type":"Feature","properties":{"color":"#F4A462","ref":"I2"},"geometry":{"type":"LineString","coordinates":[[126.67729,37.554307],[126.677364,37.556306],[126.677476,37.559614],[126.677531,37.56081],[126.677549,37.561493],[126.677601,37.564134],[126.67761,37.564725],[126.677578,37.565035],[126.677547,37.565251],[126.67747,37.56554],[126.677322,37.565885],[126.67685,37.566682],[126.676539,37.567206],[126.67616,37.567803],[126.675426,37.569053],[126.675186,37.569502],[126.674909,37.570175],[126.674686,37.570815],[126.674593,37.571185],[126.67449,37.571781],[126.674444,37.572103],[126.674401,37.572596],[126.6744,37.572984],[126.674417,37.573587],[126.67448,37.574082],[126.674603,37.574499],[126.674681,37.574843],[126.674977,37.57595]]}},{"type":"Feature","properties":{"color":"#F4A462","ref":"I2"},"geometry":{"type":"LineString","coordinates":[[126.674977,37.57595],[126.675095,37.576404],[126.675128,37.576652],[126.675196,37.577247],[126.675232,37.577866],[126.675356,37.580008],[126.675404,37.580555],[126.675463,37.580912],[126.675533,37.581185],[126.675642,37.58157],[126.676181,37.583316],[126.676261,37.583599],[126.676294,37.583759],[126.676282,37.58393],[126.67624,37.584169],[126.675842,37.585374],[126.67555,37.586039],[126.675126,37.587376],[126.675043,37.587588],[126.674925,37.587805],[126.674206,37.588852],[126.673583,37.590019],[126.673206,37.591384],[126.673196,37.591573],[126.673083,37.592085],[126.673036,37.592344],[126.672814,37.593339],[126.672783,37.593487],[126.672729,37.593723],[126.672694,37.593902],[126.672624,37.594158],[126.672566,37.594328],[126.672496,37.594459],[126.672415,37.594579],[126.672288,37.594718],[126.672131,37.594846],[126.671887,37.594989],[126.670294,37.595693],[126.669697,37.595935],[126.669458,37.596052],[126.668162,37.596947],[126.666701,37.598078],[126.666636,37.598123],[126.666496,37.598219],[126.666333,37.59832],[126.666218,37.598373],[126.666071,37.598441],[126.665641,37.598592],[126.662811,37.599718],[126.66192,37.600176],[126.661335,37.600476],[126.659375,37.601379],[126.65846,37.601824],[126.65816,37.601933],[126.657938,37.602002],[126.657724,37.602052],[126.657528,37.602057],[126.657311,37.602037],[126.657208,37.602014],[126.656816,37.601881],[126.656168,37.601642]]}},{"type":"Feature","properties":{"color":"#F4A462","ref":"I2"},"geometry":{"type":"LineString","coordinates":[[126.656168,37.601642],[126.655895,37.601532],[126.653444,37.600619],[126.652322,37.600105],[126.651403,37.599388],[126.650198,37.598662],[126.648223,37.597661],[126.647699,37.597417]]}},{"type":"Feature","properties":{"color":"#F4A462","ref":"I2"},"geometry":{"type":"LineString","coordinates":[[126.647699,37.597417],[126.647101,37.597133]]}},{"type":"Feature","properties":{"color":"#F4A462","ref":"I2"},"geometry":{"type":"LineString","coordinates":[[126.647101,37.597133],[126.645537,37.596383],[126.644301,37.595862],[126.642848,37.595347],[126.641975,37.595067],[126.638404,37.593861],[126.63754,37.593676],[126.636831,37.593631],[126.635899,37.593621],[126.633767,37.593937],[126.631635,37.594304],[126.627526,37.595077]]}},{"type":"Feature","properties":{"color":"#F0831E","ref":"U"},"geometry":{"type":"LineString","coordinates":[[127.052893,37.72717],[127.052965,37.727156],[127.052873,37.726853],[127.052865,37.726829],[127.052788,37.726845],[127.052893,37.72717]]}},{"type":"Feature","properties":{"color":"#F0831E","ref":"U"},"geometry":{"type":"LineString","coordinates":[[127.047737,37.724949],[127.047731,37.724935],[127.047704,37.724872],[127.047089,37.725067],[127.04712,37.725141],[127.047737,37.724949]]}},{"type":"Feature","properties":{"color":"#F0831E","ref":"U"},"geometry":{"type":"LineString","coordinates":[[127.052934,37.726997],[127.052916,37.726939],[127.052872,37.726805]]}},{"type":"Feature","properties":{"color":"#F0831E","ref":"U"},"geometry":{"type":"LineString","coordinates":[[127.052872,37.726805],[127.052815,37.726642],[127.052726,37.726397],[127.052665,37.72619],[127.052178,37.724655],[127.05211,37.724478],[127.052047,37.724326],[127.051987,37.724237],[127.051893,37.72413],[127.051759,37.724016],[127.051614,37.723924],[127.051456,37.723851],[127.05131,37.723804],[127.051137,37.723761],[127.050983,37.723735],[127.050816,37.723728],[127.050669,37.723732],[127.050519,37.72375],[127.050363,37.723783],[127.050147,37.723855],[127.049742,37.724025],[127.048708,37.724509],[127.048433,37.724616],[127.047721,37.724854]]}},{"type":"Feature","properties":{"color":"#F0831E","ref":"U"},"geometry":{"type":"LineString","coordinates":[[127.047721,37.724854],[127.047153,37.725033],[127.046519,37.725222]]}},{"type":"Feature","properties":{"color":"#F0831E","ref":"U"},"geometry":{"type":"LineString","coordinates":[[127.046519,37.725222],[127.046191,37.72532],[127.046001,37.725366],[127.045667,37.725408],[127.044799,37.725443],[127.044587,37.72545],[127.04441,37.725477],[127.044315,37.725505],[127.044173,37.725557],[127.044008,37.725654],[127.043949,37.725705],[127.043889,37.725764],[127.043826,37.725858],[127.043778,37.725967],[127.043746,37.726039],[127.043735,37.726125],[127.043724,37.726204],[127.043702,37.728613]]}},{"type":"Feature","properties":{"color":"#F0831E","ref":"U"},"geometry":{"type":"LineString","coordinates":[[127.043702,37.728613],[127.043702,37.728903],[127.043701,37.72895]]}},{"type":"Feature","properties":{"color":"#F0831E","ref":"U"},"geometry":{"type":"LineString","coordinates":[[127.043701,37.72895],[127.043647,37.731069],[127.043336,37.737068],[127.043319,37.737445],[127.0433,37.737796],[127.043289,37.737891],[127.043268,37.737977],[127.04325,37.738032],[127.043221,37.738085],[127.043178,37.738147],[127.043125,37.738205],[127.043077,37.738246],[127.043021,37.738284],[127.042959,37.738317],[127.042876,37.738348],[127.042794,37.73837],[127.042672,37.738391],[127.042546,37.738396],[127.042362,37.738391]]}},{"type":"Feature","properties":{"color":"#F0831E","ref":"U"},"geometry":{"type":"LineString","coordinates":[[127.042362,37.738391],[127.042016,37.738362],[127.038329,37.738234],[127.037057,37.738201],[127.036159,37.738176],[127.035845,37.738167],[127.035668,37.738175],[127.035546,37.738202],[127.035385,37.73826],[127.035209,37.738372],[127.035132,37.738432],[127.035031,37.738544],[127.034962,37.738684],[127.034936,37.738803],[127.034925,37.739031]]}},{"type":"Feature","properties":{"color":"#F0831E","ref":"U"},"geometry":{"type":"LineString","coordinates":[[127.034925,37.739031],[127.034898,37.739395],[127.034897,37.739453]]}},{"type":"Feature","properties":{"color":"#F0831E","ref":"U"},"geometry":{"type":"LineString","coordinates":[[127.034897,37.739453],[127.034853,37.740311],[127.034742,37.742155],[127.034737,37.742609],[127.034748,37.742766],[127.034806,37.742914],[127.034864,37.742987],[127.03493,37.743051],[127.03505,37.743127],[127.035189,37.743178],[127.035401,37.743205],[127.036909,37.743257],[127.037413,37.743273],[127.04478,37.743531],[127.046406,37.743559],[127.047,37.743576],[127.049476,37.743667]]}},{"type":"Feature","properties":{"color":"#F0831E","ref":"U"},"geometry":{"type":"LineString","coordinates":[[127.049476,37.743667],[127.049871,37.743676],[127.049954,37.743678]]}},{"type":"Feature","properties":{"color":"#F0831E","ref":"U"},"geometry":{"type":"LineString","coordinates":[[127.049954,37.743678],[127.051141,37.743715],[127.051349,37.743743],[127.051479,37.743774],[127.051622,37.743818],[127.051768,37.743887],[127.051946,37.744005],[127.052877,37.744623],[127.053009,37.744683],[127.05316,37.744741],[127.053321,37.744772],[127.053542,37.744786],[127.053659,37.744789],[127.055631,37.744594],[127.055781,37.744587],[127.055942,37.744608],[127.056122,37.744658],[127.0563,37.744718],[127.056468,37.744804],[127.056663,37.744948],[127.057183,37.745348],[127.057923,37.745928],[127.0591,37.74685],[127.059815,37.747338],[127.06041,37.747679],[127.06073,37.747849],[127.06126,37.748086],[127.061994,37.748378],[127.062116,37.748424],[127.0623,37.748482],[127.06355,37.748772],[127.06398,37.748871],[127.064508,37.748993],[127.066484,37.749474],[127.071351,37.750641]]}},{"type":"Feature","properties":{"color":"#F0831E","ref":"U"},"geometry":{"type":"LineString","coordinates":[[127.071351,37.750641],[127.071814,37.75075],[127.071903,37.75077]]}},{"type":"Feature","properties":{"color":"#F0831E","ref":"U"},"geometry":{"type":"LineString","coordinates":[[127.071903,37.75077],[127.072573,37.75093],[127.07292,37.751038],[127.073407,37.751244],[127.07375,37.751435],[127.073949,37.751559],[127.074159,37.751721],[127.074895,37.752386],[127.075095,37.752557],[127.076169,37.753475],[127.076425,37.753642],[127.076567,37.753704],[127.076808,37.753794],[127.077399,37.753989],[127.077495,37.75402],[127.07771,37.754097],[127.077903,37.75415],[127.078074,37.754175],[127.078217,37.75418],[127.078435,37.754166],[127.078661,37.754111],[127.078866,37.754038],[127.081573,37.753064],[127.082131,37.752861],[127.082365,37.752754],[127.082604,37.752613],[127.082748,37.752477],[127.082841,37.752382],[127.082979,37.752144],[127.083118,37.751876],[127.083411,37.751261],[127.083899,37.750345],[127.084144,37.749855],[127.084204,37.749667],[127.084234,37.74954],[127.084251,37.749376],[127.08424,37.749211],[127.084159,37.748887],[127.084111,37.748764],[127.084033,37.748589],[127.083789,37.74807],[127.083681,37.747814],[127.08364,37.747694],[127.083613,37.747618],[127.083601,37.747524],[127.083599,37.747334],[127.083631,37.747096],[127.083699,37.746869],[127.084949,37.743407],[127.085235,37.742537],[127.085767,37.741076],[127.085837,37.740884],[127.086073,37.740237],[127.086488,37.739044],[127.086761,37.73835],[127.086961,37.737865],[127.087301,37.737107],[127.087806,37.735998],[127.087974,37.735667],[127.088216,37.735217],[127.088349,37.734973],[127.088483,37.734646],[127.088861,37.733686],[127.088939,37.73348]]}},{"type":"Feature","properties":{"color":"#F0831E","ref":"U"},"geometry":{"type":"LineString","coordinates":[[127.088981,37.733486],[127.088905,37.73369]]}},{"type":"Feature","properties":{"color":"#F0831E","ref":"U"},"geometry":{"type":"LineString","coordinates":[[127.088905,37.73369],[127.088784,37.734001],[127.088377,37.734993],[127.088138,37.735428],[127.087793,37.736107],[127.087344,37.737121],[127.087218,37.737383],[127.087075,37.737708],[127.086515,37.739052],[127.085905,37.740815],[127.085288,37.74254],[127.085187,37.742832],[127.084914,37.743642],[127.08412,37.745869],[127.083683,37.747071],[127.083647,37.747335],[127.083642,37.747463],[127.083649,37.74759],[127.083673,37.74769],[127.083718,37.747797],[127.083833,37.748079],[127.084194,37.748842],[127.084285,37.749166],[127.084279,37.749444],[127.084234,37.749735],[127.084073,37.750092],[127.083924,37.750397],[127.083773,37.750671],[127.083639,37.750925],[127.083041,37.752117],[127.082838,37.752445],[127.082616,37.752649],[127.082249,37.752858],[127.081488,37.753139],[127.080183,37.753602],[127.078826,37.754098],[127.078462,37.754186],[127.078177,37.754208],[127.077862,37.754167],[127.077468,37.75405],[127.077125,37.753937],[127.076604,37.753756],[127.076316,37.753606],[127.076062,37.753429],[127.075496,37.752942],[127.0753,37.752761],[127.074024,37.751674],[127.073672,37.751439],[127.073347,37.751249],[127.072695,37.751009],[127.071896,37.750811],[127.071402,37.750694],[127.071233,37.750656],[127.069491,37.750261],[127.066572,37.74954],[127.064319,37.748985],[127.063581,37.748828],[127.062688,37.748608],[127.062271,37.748502],[127.062103,37.748463],[127.061966,37.748409],[127.061279,37.748146],[127.060687,37.747878],[127.05983,37.74742],[127.059035,37.746861],[127.057151,37.745391],[127.056823,37.745118],[127.056604,37.744947],[127.056465,37.744842],[127.056307,37.744754],[127.056094,37.744673],[127.055942,37.744634],[127.055853,37.744622],[127.055756,37.744618],[127.05566,37.744622],[127.054581,37.744719],[127.053905,37.744793],[127.05364,37.744815],[127.053375,37.744807],[127.05313,37.744775],[127.052785,37.744605],[127.052254,37.744242],[127.051709,37.743898],[127.051492,37.743815],[127.051273,37.743769],[127.0508,37.743728],[127.049948,37.743719]]}},{"type":"Feature","properties":{"color":"#F0831E","ref":"U"},"geometry":{"type":"LineString","coordinates":[[127.049948,37.743719],[127.049528,37.743706],[127.049482,37.743705]]}},{"type":"Feature","properties":{"color":"#F0831E","ref":"U"},"geometry":{"type":"LineString","coordinates":[[127.049482,37.743705],[127.048716,37.743678],[127.0466,37.743598],[127.044868,37.743559],[127.043483,37.743518],[127.041258,37.743439],[127.039158,37.743366],[127.037409,37.743311],[127.036941,37.743292],[127.036198,37.74327],[127.035581,37.743239],[127.035336,37.743227],[127.035173,37.743203],[127.035063,37.743171],[127.034967,37.743117],[127.034849,37.743028],[127.034809,37.742982],[127.034757,37.742903],[127.034724,37.742808],[127.034703,37.742711],[127.034694,37.742465],[127.03472,37.7418],[127.03483,37.739945],[127.03486,37.739409],[127.034877,37.739109],[127.034896,37.738813],[127.034914,37.738685],[127.034957,37.738597],[127.03505,37.738463],[127.03512,37.73839],[127.035245,37.73829],[127.035356,37.738225],[127.035474,37.738174],[127.035633,37.738139],[127.035824,37.738125],[127.036125,37.738132],[127.038332,37.738194],[127.042021,37.738315],[127.042358,37.738337]]}},{"type":"Feature","properties":{"color":"#F0831E","ref":"U"},"geometry":{"type":"LineString","coordinates":[[127.042358,37.738337],[127.04254,37.738343],[127.042661,37.738338],[127.042768,37.73832],[127.042863,37.738294],[127.042933,37.738267],[127.043005,37.738226],[127.04307,37.73818],[127.04312,37.738131],[127.043156,37.738086],[127.043188,37.738029],[127.04321,37.737972],[127.043235,37.737887],[127.043247,37.737796],[127.043264,37.737448],[127.043284,37.737066],[127.043378,37.735419],[127.043493,37.733601],[127.043656,37.728648],[127.043671,37.727152],[127.043688,37.7262],[127.043702,37.726076],[127.043729,37.725989],[127.043803,37.725842],[127.043866,37.725754],[127.043943,37.725676],[127.044061,37.725594],[127.044162,37.725531],[127.044386,37.725451],[127.044571,37.725424],[127.044701,37.725417],[127.04532,37.725395],[127.045911,37.725334],[127.046039,37.725316],[127.046539,37.725169],[127.046981,37.725037]]}},{"type":"Feature","properties":{"color":"#F0831E","ref":"U"},"geometry":{"type":"LineString","coordinates":[[127.046981,37.725037],[127.047656,37.724825],[127.047711,37.724807]]}},{"type":"Feature","properties":{"color":"#F0831E","ref":"U"},"geometry":{"type":"LineString","coordinates":[[127.047711,37.724807],[127.047744,37.724796],[127.047931,37.724735],[127.048487,37.724565],[127.048998,37.724349],[127.049747,37.723991],[127.050045,37.723849],[127.050225,37.723772],[127.050358,37.723728],[127.050577,37.723682],[127.050719,37.723664],[127.050957,37.723667],[127.051154,37.723699],[127.051354,37.723754],[127.051637,37.723876],[127.05194,37.724108],[127.052077,37.724304],[127.052344,37.725067],[127.052642,37.725969],[127.052709,37.726188],[127.052762,37.726388],[127.052901,37.726798]]}},{"type":"Feature","properties":{"color":"#F0831E","ref":"U"},"geometry":{"type":"LineString","coordinates":[[127.052901,37.726798],[127.052967,37.726992]]}},{"type":"Feature","properties":{"color":"#BACC50","ref":"W"},"geometry":{"type":"LineString","coordinates":[[127.012348,37.663361],[127.012533,37.663059],[127.012921,37.662314],[127.013053,37.662002],[127.013582,37.660169],[127.013812,37.659389],[127.013791,37.659041],[127.013256,37.656417],[127.013243,37.656347],[127.013159,37.655934]]}},{"type":"Feature","properties":{"color":"#BACC50","ref":"W"},"geometry":{"type":"LineString","coordinates":[[127.013159,37.655934],[127.013091,37.65564],[127.01297,37.655075],[127.012454,37.652662],[127.012418,37.652278],[127.012452,37.652046],[127.012602,37.651546],[127.013652,37.649364],[127.013676,37.649314],[127.014617,37.647299],[127.014738,37.647044],[127.015069,37.64632],[127.015502,37.645309],[127.015687,37.64487],[127.016084,37.64359],[127.016516,37.642035],[127.016806,37.64095],[127.017055,37.637661],[127.017405,37.634217],[127.017431,37.634036],[127.017504,37.633518],[127.017638,37.631519],[127.017909,37.628972],[127.018139,37.626964],[127.018185,37.626566],[127.018304,37.624712],[127.018462,37.623875],[127.01856,37.623703],[127.018993,37.623164],[127.01987,37.622242],[127.020056,37.62205],[127.02018,37.621901],[127.020283,37.62173],[127.020372,37.621486],[127.020484,37.621149],[127.020566,37.620806],[127.020647,37.620353],[127.020687,37.620005],[127.020681,37.619916],[127.02062,37.619824],[127.020523,37.619767],[127.02038,37.619711],[127.020192,37.619699],[127.019125,37.619868],[127.017079,37.620037],[127.016296,37.620085],[127.013712,37.62022],[127.012787,37.620263],[127.012394,37.620236],[127.012007,37.620183],[127.011601,37.620057],[127.011078,37.619845],[127.009369,37.619083],[127.008817,37.618798],[127.008682,37.618691],[127.008594,37.618577],[127.00847,37.618341],[127.008342,37.617606],[127.008378,37.617258],[127.008659,37.616583],[127.008741,37.616282],[127.008773,37.615754],[127.008631,37.614105],[127.008587,37.613917],[127.008458,37.613694],[127.008332,37.613548],[127.007946,37.613244],[127.007856,37.613114],[127.007819,37.613004],[127.007817,37.612895],[127.007819,37.612808],[127.00785,37.612674],[127.007887,37.612553],[127.008001,37.612372],[127.008258,37.611963],[127.008971,37.610733],[127.009272,37.610279],[127.009394,37.610008],[127.009649,37.608965],[127.010201,37.607622],[127.011315,37.605379],[127.011568,37.604789],[127.011622,37.604608],[127.011712,37.604433],[127.011771,37.60434],[127.011875,37.604251],[127.01233,37.603947],[127.012917,37.603507],[127.013202,37.603193],[127.013338,37.602753],[127.013472,37.602319],[127.013877,37.600375],[127.014376,37.597876],[127.015748,37.595463],[127.016392,37.592919],[127.016456,37.592568],[127.016659,37.591466],[127.016894,37.590233],[127.016938,37.590007],[127.01697,37.589906],[127.017083,37.589676],[127.017238,37.589548],[127.017829,37.589118],[127.017963,37.588963],[127.018048,37.588872],[127.018075,37.588759],[127.0181,37.587758],[127.01811,37.587553],[127.018148,37.587402],[127.018217,37.587226],[127.01848,37.586796],[127.019467,37.585061],[127.0198,37.584416],[127.02012,37.583808],[127.021526,37.581147],[127.02271,37.578953],[127.023019,37.578304],[127.023086,37.577982],[127.023157,37.576086]]}},{"type":"Feature","properties":{"color":"#BACC50","ref":"W"},"geometry":{"type":"LineString","coordinates":[[127.023157,37.576086],[127.023183,37.575656]]}},{"type":"Feature","properties":{"color":"#BACC50","ref":"W"},"geometry":{"type":"LineString","coordinates":[[127.023263,37.575654],[127.023244,37.57586],[127.02324,37.576058]]}},{"type":"Feature","properties":{"color":"#BACC50","ref":"W"},"geometry":{"type":"LineString","coordinates":[[127.02324,37.576058],[127.023208,37.576682],[127.023188,37.578131],[127.02309,37.578458],[127.019539,37.585085],[127.018514,37.586966],[127.018255,37.587412],[127.018213,37.587669],[127.01818,37.588756],[127.018166,37.588826],[127.018142,37.588896],[127.018074,37.588971],[127.018001,37.589041],[127.017221,37.589629],[127.017171,37.589667],[127.017125,37.589732],[127.01707,37.589827],[127.017033,37.589935],[127.016955,37.590273],[127.016589,37.592389],[127.01655,37.592593],[127.016488,37.59287],[127.016393,37.593389],[127.015871,37.595319],[127.015826,37.595485],[127.015759,37.59565],[127.015383,37.596331],[127.01529,37.596485],[127.015178,37.596671],[127.014892,37.597125],[127.014797,37.597291],[127.014704,37.597461],[127.01459,37.597682],[127.014479,37.59792],[127.014404,37.598178],[127.014347,37.598403],[127.014295,37.598648],[127.013676,37.601755],[127.013605,37.602075],[127.013407,37.602764],[127.013251,37.603188],[127.013188,37.603309],[127.013118,37.603427],[127.013001,37.603556],[127.012771,37.603723],[127.01251,37.6039],[127.012213,37.604106],[127.011963,37.604258],[127.011837,37.604384],[127.011723,37.604536],[127.011638,37.604775],[127.011573,37.604918],[127.011278,37.605615],[127.010559,37.607042],[127.010316,37.607529],[127.010175,37.607825],[127.00988,37.6085]]}},{"type":"Feature","properties":{"color":"#BACC50","ref":"W"},"geometry":{"type":"LineString","coordinates":[[127.00988,37.6085],[127.009707,37.608968],[127.009639,37.609253],[127.009573,37.609523],[127.009519,37.609801],[127.009471,37.610025],[127.0094,37.610193],[127.00933,37.610367],[127.009184,37.610583],[127.009066,37.610785],[127.008923,37.610984],[127.008773,37.61121],[127.008334,37.612022],[127.008266,37.612121],[127.008134,37.612343],[127.007997,37.612543],[127.007897,37.612725],[127.007868,37.612831],[127.007875,37.612962],[127.007926,37.613085],[127.008011,37.613167],[127.008125,37.613248],[127.008397,37.613451],[127.008553,37.613562],[127.008649,37.613657],[127.008737,37.613852],[127.008776,37.614032],[127.00878,37.614095],[127.00886,37.615021],[127.008913,37.615845],[127.008892,37.616119],[127.008881,37.616389],[127.008844,37.616561],[127.008757,37.616786],[127.008656,37.616994],[127.008548,37.617267],[127.008507,37.617458],[127.008489,37.617688],[127.008511,37.61801],[127.008549,37.618227],[127.00861,37.618424],[127.008698,37.618587],[127.00877,37.618669],[127.008854,37.618742],[127.009018,37.618847],[127.009308,37.619003],[127.009483,37.619084],[127.01166,37.620006],[127.011969,37.620084],[127.012194,37.62012],[127.012393,37.620142],[127.012668,37.620187],[127.013098,37.620178],[127.013741,37.620131]]}},{"type":"Feature","properties":{"color":"#BACC50","ref":"W"},"geometry":{"type":"LineString","coordinates":[[127.013741,37.620131],[127.015223,37.620094],[127.017594,37.619952],[127.017978,37.619915],[127.018435,37.619892],[127.018841,37.619853],[127.01931,37.61981],[127.019827,37.619735],[127.020196,37.619672],[127.020301,37.619667],[127.02044,37.619679],[127.020588,37.619741],[127.0207,37.619849],[127.02072,37.61995],[127.020719,37.620077],[127.020708,37.620232],[127.02069,37.620378],[127.020514,37.621174],[127.020408,37.621539],[127.02033,37.621734],[127.020208,37.621921],[127.020115,37.622059],[127.019966,37.622234],[127.019736,37.622514],[127.019508,37.622738],[127.019174,37.623097],[127.018975,37.62331],[127.018838,37.623472],[127.018701,37.623659],[127.01857,37.623881],[127.018507,37.624054],[127.018463,37.624229],[127.018424,37.624469],[127.018299,37.626122],[127.018242,37.626592],[127.018224,37.626976],[127.018182,37.627625],[127.018129,37.628086],[127.017997,37.629514],[127.017818,37.631254],[127.017651,37.633035],[127.017541,37.634062],[127.017304,37.635632],[127.017254,37.636155],[127.017162,37.637064],[127.017111,37.637692],[127.017079,37.638229],[127.017048,37.638758],[127.01699,37.639648],[127.016937,37.640316],[127.016903,37.640689],[127.016814,37.641163],[127.01675,37.641447],[127.016686,37.641664],[127.016581,37.642094],[127.016454,37.642594],[127.016279,37.643199],[127.015765,37.644885],[127.015547,37.645455],[127.015151,37.64637],[127.01422,37.648231],[127.013697,37.649379],[127.013412,37.650005],[127.012782,37.651301],[127.012664,37.65159],[127.01254,37.652095],[127.012519,37.652266],[127.012519,37.652499],[127.012562,37.652839],[127.012974,37.65469],[127.013269,37.65597]]}},{"type":"Feature","properties":{"color":"#BACC50","ref":"W"},"geometry":{"type":"LineString","coordinates":[[127.013269,37.65597],[127.013352,37.656384],[127.013715,37.658318],[127.013865,37.659069],[127.013876,37.659256],[127.01386,37.659422],[127.013241,37.661592],[127.01309,37.662091],[127.012978,37.662307],[127.01259,37.663079],[127.012424,37.663391]]}},{"type":"Feature","properties":{"color":"#EF5E37","ref":"1"},"geometry":{"type":"LineString","coordinates":[[128.489337,35.798676],[128.491581,35.800154],[128.492319,35.800566],[128.493134,35.801036],[128.493885,35.801362],[128.494411,35.801662],[128.495656,35.802624],[128.496063,35.802835],[128.496431,35.802961],[128.497655,35.803295],[128.49888,35.803572],[128.499309,35.803737],[128.500393,35.804279],[128.500838,35.804501],[128.501272,35.804686],[128.50197,35.804881],[128.5033,35.805223],[128.504413,35.80556],[128.505306,35.805856],[128.505886,35.806156],[128.506495,35.80662],[128.506905,35.806918],[128.508243,35.807598],[128.510649,35.808571],[128.510931,35.808693],[128.512508,35.809413],[128.514053,35.810075],[128.515652,35.810702],[128.516219,35.810944],[128.516644,35.811149],[128.516916,35.811328],[128.517181,35.811563],[128.517739,35.812058],[128.518709,35.812843],[128.519027,35.813018],[128.519395,35.813148],[128.519841,35.813243],[128.522682,35.813756],[128.525442,35.814285],[128.526329,35.814489],[128.52678,35.814631],[128.527948,35.815089],[128.528693,35.815346],[128.530435,35.81611],[128.534258,35.81788],[128.534494,35.817982],[128.534698,35.818037],[128.537361,35.818783],[128.537852,35.818939],[128.538354,35.819076],[128.54153,35.820033],[128.542015,35.820227],[128.542353,35.820466],[128.542667,35.820751],[128.54589,35.824011]]}},{"type":"Feature","properties":{"color":"#EF5E37","ref":"1"},"geometry":{"type":"LineString","coordinates":[[128.54589,35.824011],[128.54832,35.826929],[128.551746,35.830939],[128.551976,35.831248],[128.5525,35.831917],[128.552726,35.83217],[128.553092,35.832506],[128.555054,35.834055],[128.555231,35.83424],[128.555469,35.834496],[128.555612,35.834705],[128.556341,35.835982],[128.556647,35.836377],[128.556931,35.836695],[128.557157,35.836901],[128.557344,35.837054],[128.557586,35.83723],[128.557822,35.837395],[128.558087,35.837528],[128.558385,35.837658],[128.558817,35.837808],[128.561836,35.838575],[128.564079,35.839095],[128.564517,35.839176],[128.565032,35.839226],[128.569194,35.839402],[128.569881,35.839424],[128.570702,35.839367],[128.571332,35.839317],[128.57384,35.839162],[128.576707,35.838952],[128.577209,35.83895],[128.577466,35.838982],[128.577761,35.839074],[128.578078,35.839226],[128.579126,35.839725],[128.579552,35.839932],[128.581335,35.840796],[128.583147,35.841738]]}},{"type":"Feature","properties":{"color":"#EF5E37","ref":"1"},"geometry":{"type":"LineString","coordinates":[[128.583147,35.841738],[128.585942,35.843059],[128.588649,35.844385],[128.589827,35.844944],[128.590242,35.845156],[128.590421,35.845294],[128.59052,35.845402],[128.590574,35.84559],[128.590605,35.850394],[128.590728,35.854734],[128.590719,35.856339],[128.590753,35.856749],[128.5908,35.856942],[128.590962,35.857366],[128.592574,35.860703],[128.592811,35.861334],[128.593242,35.862777],[128.59328,35.862928],[128.593297,35.862994]]}},{"type":"Feature","properties":{"color":"#EF5E37","ref":"1"},"geometry":{"type":"LineString","coordinates":[[128.593297,35.862994],[128.593448,35.865208],[128.593698,35.868387],[128.593831,35.86938],[128.594103,35.87074],[128.594179,35.871113],[128.594192,35.871178],[128.59474,35.873976],[128.594828,35.874463],[128.595046,35.875056],[128.595385,35.875331],[128.59577,35.875564],[128.596414,35.875912],[128.597085,35.876225],[128.597521,35.876427],[128.598212,35.876645],[128.598738,35.876745],[128.599312,35.876784],[128.599876,35.87674],[128.600986,35.876523],[128.601628,35.876425],[128.60416,35.876245],[128.605062,35.87606],[128.606128,35.875826],[128.606878,35.875558],[128.608493,35.874809],[128.61031,35.873876],[128.610986,35.873698],[128.611447,35.873633],[128.611962,35.873646],[128.612353,35.873698],[128.613778,35.873956],[128.614068,35.873994],[128.615391,35.874016],[128.615758,35.874061],[128.616089,35.874145],[128.617604,35.87457],[128.620469,35.875227],[128.625157,35.876302],[128.626169,35.876542],[128.626496,35.876664],[128.626823,35.87682],[128.627092,35.877033],[128.627453,35.8773],[128.62771,35.87756],[128.628007,35.877938],[128.628123,35.878104],[128.628201,35.878166],[128.629439,35.880456],[128.629563,35.880772],[128.629712,35.881179],[128.629928,35.881568],[128.630419,35.882171],[128.63236,35.884496],[128.632596,35.884763],[128.63284,35.885],[128.633108,35.885191],[128.633414,35.885381],[128.633857,35.8856],[128.634291,35.885728],[128.636501,35.886058],[128.6372,35.88617],[128.63765,35.886273],[128.638035,35.886408],[128.639926,35.887119],[128.641936,35.887935],[128.643214,35.888402],[128.643708,35.888519],[128.644217,35.888558],[128.64469,35.888541],[128.645422,35.888314],[128.646362,35.887881],[128.650366,35.885997]]}},{"type":"Feature","properties":{"color":"#EF5E37","ref":"1"},"geometry":{"type":"LineString","coordinates":[[128.650366,35.885997],[128.653491,35.884432]]}},{"type":"Feature","properties":{"color":"#EF5E37","ref":"1"},"geometry":{"type":"LineString","coordinates":[[128.653491,35.884432],[128.653896,35.884275],[128.654295,35.884186],[128.654744,35.884127],[128.658863,35.883549],[128.660687,35.883314],[128.661385,35.883156],[128.661859,35.882995],[128.662364,35.882808],[128.667935,35.880309],[128.6685,35.880092],[128.669018,35.879925],[128.669633,35.879745],[128.679949,35.876656],[128.681384,35.876231],[128.687104,35.874523],[128.687919,35.874237],[128.688303,35.874011],[128.688568,35.87372],[128.689214,35.872987],[128.691497,35.870846],[128.692791,35.869676],[128.694107,35.868434],[128.694422,35.868152],[128.6947,35.867947],[128.694946,35.867791],[128.695493,35.867522],[128.696017,35.867327],[128.696661,35.867209],[128.697436,35.867129],[128.701703,35.866665],[128.707281,35.86609],[128.708485,35.865992],[128.71211,35.865928],[128.7137,35.865894],[128.715875,35.865866],[128.717587,35.865863],[128.718164,35.86592],[128.718639,35.866053],[128.719165,35.866209],[128.719636,35.866387],[128.723918,35.867844],[128.725594,35.868398],[128.73374,35.871142]]}},{"type":"Feature","properties":{"color":"#EF5E37","ref":"1"},"geometry":{"type":"LineString","coordinates":[[128.73374,35.871142],[128.73528,35.871682],[128.736199,35.871992],[128.736813,35.87212],[128.739147,35.872402],[128.739417,35.872427]]}},{"type":"Feature","properties":{"color":"#EF5E37","ref":"1"},"geometry":{"type":"LineString","coordinates":[[128.739417,35.872427],[128.74025,35.872473],[128.74062,35.872485],[128.740955,35.872476],[128.741219,35.87245],[128.741522,35.872408],[128.741801,35.872358],[128.742046,35.872296],[128.742288,35.872222],[128.742484,35.872156],[128.74333,35.87185],[128.743708,35.871724],[128.74417,35.871598],[128.744426,35.871538],[128.744703,35.871482],[128.745055,35.871418],[128.745556,35.871328]]}},{"type":"Feature","properties":{"color":"#EF5E37","ref":"1"},"geometry":{"type":"LineString","coordinates":[[128.745556,35.871328],[128.746583,35.871207],[128.746952,35.871173],[128.74733,35.871144],[128.747665,35.871134],[128.74796,35.871137],[128.748321,35.871156],[128.748685,35.871188],[128.749163,35.871241],[128.749661,35.87132],[128.749939,35.871371],[128.750253,35.871432],[128.75052,35.871484],[128.750789,35.871551],[128.751158,35.871657],[128.751574,35.871807],[128.75255,35.872151],[128.753829,35.872598],[128.755932,35.873338],[128.756603,35.873595],[128.756905,35.87373],[128.757136,35.873845],[128.75741,35.873989],[128.757618,35.874103],[128.757883,35.874262],[128.758096,35.874408],[128.75836,35.874599],[128.75922,35.875185],[128.759566,35.875431],[128.759755,35.875562],[128.760042,35.875736],[128.760422,35.875946],[128.760694,35.876088],[128.761079,35.876273],[128.761591,35.876524],[128.76233,35.876904],[128.762815,35.877147],[128.763351,35.877409],[128.7644,35.877912],[128.765337,35.87839],[128.766177,35.878801],[128.767016,35.879247],[128.76768,35.879581],[128.768127,35.879793],[128.768624,35.880037],[128.769143,35.880288],[128.769558,35.880489],[128.769876,35.880649],[128.770221,35.880826],[128.770854,35.881156],[128.771418,35.881446],[128.771854,35.881656],[128.772202,35.881827],[128.772532,35.882013],[128.772903,35.882262]]}},{"type":"Feature","properties":{"color":"#EF5E37","ref":"1"},"geometry":{"type":"LineString","coordinates":[[128.772903,35.882262],[128.773497,35.882674],[128.77411,35.88308],[128.774755,35.883508]]}},{"type":"Feature","properties":{"color":"#EF5E37","ref":"1"},"geometry":{"type":"LineString","coordinates":[[128.774755,35.883508],[128.775967,35.884329],[128.776282,35.884547],[128.776534,35.884784],[128.776882,35.885144],[128.777097,35.885355]]}},{"type":"Feature","properties":{"color":"#EF5E37","ref":"1"},"geometry":{"type":"LineString","coordinates":[[128.777097,35.885355],[128.777523,35.885843]]}},{"type":"Feature","properties":{"color":"#EF5E37","ref":"1"},"geometry":{"type":"LineString","coordinates":[[128.777523,35.885843],[128.77769,35.886044],[128.77803,35.88655],[128.778548,35.887342],[128.778732,35.887633],[128.779007,35.888032],[128.779289,35.888456],[128.779516,35.888807]]}},{"type":"Feature","properties":{"color":"#EF5E37","ref":"1"},"geometry":{"type":"LineString","coordinates":[[128.779516,35.888807],[128.779552,35.888862],[128.779835,35.889243],[128.780221,35.889742],[128.780261,35.889788]]}},{"type":"Feature","properties":{"color":"#EF5E37","ref":"1"},"geometry":{"type":"LineString","coordinates":[[128.780261,35.889788],[128.780545,35.890109],[128.780839,35.890421],[128.781241,35.890812],[128.781594,35.891164],[128.782118,35.891642],[128.782678,35.89218],[128.783315,35.892761],[128.783438,35.892869],[128.78365,35.893015],[128.783798,35.893117],[128.784023,35.893262],[128.784313,35.89344],[128.784568,35.893586],[128.784778,35.893712],[128.785278,35.893978],[128.786172,35.894461],[128.786805,35.894786],[128.786965,35.894878],[128.787504,35.895175],[128.78786,35.895372],[128.788238,35.895602],[128.788844,35.895965],[128.789307,35.896228],[128.78975,35.89647],[128.79018,35.896694],[128.790649,35.89693],[128.791186,35.897187],[128.791511,35.897344],[128.791789,35.897483],[128.791961,35.897577],[128.792145,35.897685],[128.792358,35.89782],[128.792674,35.898032],[128.793082,35.898323],[128.79349,35.898623],[128.793768,35.898824],[128.794001,35.898981],[128.79415,35.899072],[128.794336,35.899167],[128.794485,35.899242],[128.794717,35.899341],[128.795011,35.89944],[128.795221,35.8995],[128.795456,35.899561],[128.795565,35.899577],[128.795745,35.899601],[128.795914,35.899623],[128.796238,35.899645],[128.796473,35.899647],[128.796932,35.899633],[128.797317,35.899625],[128.79975,35.899538],[128.800147,35.899538],[128.800645,35.899566],[128.801027,35.89962],[128.801568,35.899718],[128.8021,35.899834],[128.802476,35.899948],[128.80311,35.900159],[128.804687,35.90072],[128.805219,35.900958],[128.805564,35.901138],[128.80586,35.901306],[128.806388,35.901661],[128.806814,35.902011],[128.807207,35.902391],[128.80751,35.902725],[128.807696,35.90294],[128.808047,35.903332],[128.808474,35.903774],[128.80885,35.904199],[128.809121,35.904517],[128.809283,35.904715],[128.809414,35.904851],[128.809604,35.905052],[128.809771,35.905239],[128.809973,35.905432],[128.810206,35.905646],[128.810371,35.905785],[128.810534,35.905904],[128.810659,35.905985],[128.810825,35.906085],[128.811059,35.906219],[128.811197,35.906283],[128.811494,35.906414],[128.81217,35.906691],[128.813146,35.907069],[128.813437,35.907182],[128.813745,35.907305],[128.813948,35.907394],[128.814221,35.907527],[128.814461,35.907648],[128.814805,35.907832],[128.815235,35.908074],[128.816018,35.908527],[128.817545,35.909397]]}},{"type":"Feature","properties":{"color":"#33AA46","ref":"2"},"geometry":{"type":"LineString","coordinates":[[128.437164,35.864304],[128.437494,35.864631]]}},{"type":"Feature","properties":{"color":"#33AA46","ref":"2"},"geometry":{"type":"LineString","coordinates":[[128.437494,35.864631],[128.438222,35.865344],[128.439584,35.866628]]}},{"type":"Feature","properties":{"color":"#33AA46","ref":"2"},"geometry":{"type":"LineString","coordinates":[[128.439584,35.866628],[128.440636,35.867622]]}},{"type":"Feature","properties":{"color":"#33AA46","ref":"2"},"geometry":{"type":"LineString","coordinates":[[128.440636,35.867622],[128.444465,35.871315],[128.444809,35.871647],[128.445066,35.871904],[128.445345,35.872159],[128.44612,35.872882]]}},{"type":"Feature","properties":{"color":"#33AA46","ref":"2"},"geometry":{"type":"LineString","coordinates":[[128.44612,35.872882],[128.446403,35.873204],[128.446666,35.87343],[128.447041,35.873733],[128.447406,35.87389],[128.447921,35.874011],[128.448393,35.874064],[128.448779,35.874064],[128.449315,35.873959],[128.449745,35.873838],[128.450174,35.873594],[128.450495,35.873368],[128.450839,35.87302],[128.452706,35.871039],[128.455358,35.868217],[128.456818,35.866592],[128.457845,35.865387],[128.457902,35.86532],[128.458203,35.865039],[128.459616,35.863631],[128.461836,35.861118],[128.462514,35.860384],[128.4628,35.860066],[128.463085,35.859749],[128.463957,35.858813],[128.464829,35.857969],[128.46565,35.857272],[128.467189,35.856111],[128.468744,35.854992],[128.469683,35.854289],[128.469899,35.854134],[128.470127,35.854007],[128.471829,35.853564],[128.472707,35.853363],[128.473216,35.85325],[128.473593,35.853207],[128.478096,35.853074],[128.479547,35.852946],[128.481012,35.852771],[128.482396,35.852581],[128.483079,35.852487],[128.485647,35.85239],[128.485863,35.85235],[128.487118,35.852091],[128.488325,35.851875],[128.491928,35.851482],[128.493203,35.851366],[128.493863,35.851369],[128.494589,35.851402],[128.502299,35.851985],[128.503636,35.852021],[128.504818,35.851933],[128.507024,35.851685],[128.511691,35.850991],[128.515793,35.850507],[128.516538,35.850426],[128.517103,35.850427],[128.518809,35.850483],[128.519346,35.850441],[128.523458,35.849077],[128.524429,35.848757],[128.524976,35.848644],[128.525566,35.848578],[128.526487,35.848629],[128.528889,35.848997],[128.530796,35.849291],[128.53231,35.849495],[128.533623,35.849675],[128.536935,35.849949],[128.537472,35.850111],[128.538236,35.850417],[128.548288,35.854296],[128.553941,35.85643],[128.554239,35.856542],[128.555779,35.857151],[128.562207,35.859285],[128.56476,35.860075],[128.568632,35.861125],[128.572107,35.86202],[128.573662,35.862386],[128.578857,35.863702],[128.582264,35.864753],[128.582548,35.864852],[128.583227,35.865057],[128.587057,35.866235],[128.587395,35.866316],[128.587712,35.86636],[128.588083,35.866339],[128.593004,35.865533],[128.593756,35.865396],[128.59683,35.864812],[128.597116,35.864761],[128.597647,35.864653],[128.597943,35.864592],[128.598223,35.864502],[128.598499,35.864344],[128.599022,35.863934],[128.599366,35.863802],[128.599701,35.863706],[128.603014,35.863036],[128.607333,35.862163],[128.60781,35.86205],[128.608057,35.861921],[128.609579,35.860923],[128.610619,35.860392],[128.611645,35.859986],[128.612464,35.859812],[128.61411,35.85971],[128.616991,35.859588],[128.624678,35.859138],[128.626498,35.858977],[128.629967,35.858775],[128.631039,35.858762],[128.634148,35.85876],[128.635794,35.858776],[128.642249,35.858804],[128.645112,35.85883],[128.646065,35.858828],[128.646425,35.858735],[128.651311,35.85613],[128.652731,35.85535],[128.65419,35.854638],[128.657799,35.853335],[128.658668,35.853135],[128.660204,35.852616],[128.661348,35.852257],[128.66238,35.851717],[128.664161,35.850676],[128.667518,35.848753],[128.669681,35.847581],[128.670502,35.847113],[128.671399,35.846653],[128.671961,35.846358],[128.678613,35.843065],[128.679155,35.842839],[128.67996,35.842594],[128.684154,35.841469],[128.684825,35.84136],[128.685254,35.841338],[128.685764,35.841382],[128.686241,35.841451],[128.689958,35.842556],[128.69064,35.842704],[128.691278,35.842782],[128.692662,35.84286],[128.69341,35.842857],[128.696036,35.842839],[128.696734,35.842743],[128.69845,35.842334],[128.704955,35.840765],[128.706795,35.840325],[128.710928,35.838464],[128.712575,35.837668],[128.713422,35.837429],[128.716012,35.836789],[128.722483,35.83525],[128.725092,35.834676],[128.726848,35.83429],[128.727792,35.834108],[128.728291,35.834026],[128.728652,35.834015],[128.73127,35.834007],[128.735143,35.834028],[128.739,35.834054],[128.741026,35.834051],[128.745475,35.834107],[128.747197,35.834098],[128.747837,35.834177],[128.749348,35.834785],[128.75233,35.836011],[128.753117,35.836321],[128.753576,35.836566]]}},{"type":"Feature","properties":{"color":"#0077CC","ref":"H"},"geometry":{"type":"LineString","coordinates":[[130.4258,33.632718],[130.425739,33.632205],[130.425718,33.632061],[130.425696,33.631924],[130.425662,33.63177],[130.425584,33.631467],[130.425338,33.630769],[130.425253,33.630538],[130.425181,33.630338],[130.425025,33.629832],[130.424952,33.629625],[130.424905,33.629413],[130.424723,33.628871],[130.42451,33.628262],[130.424379,33.627959],[130.424258,33.627662]]}},{"type":"Feature","properties":{"color":"#0077CC","ref":"H"},"geometry":{"type":"LineString","coordinates":[[130.424258,33.627662],[130.424048,33.627119],[130.423948,33.626855],[130.423827,33.626541],[130.423693,33.626261],[130.423539,33.625972],[130.423381,33.62567],[130.423233,33.625388],[130.422896,33.624843],[130.422722,33.62456],[130.422561,33.624298],[130.422393,33.624019],[130.422126,33.623612],[130.421468,33.62263],[130.42074,33.621495],[130.420054,33.620422],[130.419467,33.619537],[130.418903,33.618621],[130.41877,33.618301],[130.418743,33.618022],[130.418722,33.617649],[130.418767,33.617349],[130.419879,33.615199],[130.420636,33.61398],[130.420704,33.613869],[130.420751,33.613792],[130.420961,33.613459],[130.421182,33.613062],[130.421258,33.612893],[130.421336,33.612698],[130.421384,33.612518],[130.421384,33.612301],[130.421362,33.61213],[130.421309,33.61195],[130.421226,33.611805],[130.421066,33.611553],[130.420791,33.611164],[130.419885,33.609911],[130.416312,33.60519],[130.416144,33.604842],[130.416023,33.604479],[130.415793,33.604],[130.414103,33.602219],[130.409741,33.597951],[130.408372,33.596601],[130.407769,33.596],[130.407653,33.595888],[130.407153,33.595406],[130.406818,33.595064],[130.406459,33.594714],[130.40611,33.594368],[130.406007,33.594265],[130.405716,33.593978],[130.405128,33.593393],[130.404821,33.593122],[130.404477,33.592845],[130.404129,33.592619],[130.403762,33.5924],[130.403656,33.592361],[130.403481,33.592299],[130.403358,33.59225]]}},{"type":"Feature","properties":{"color":"#FF4500","ref":"K"},"geometry":{"type":"LineString","coordinates":[[130.324043,33.583855],[130.32461,33.583844],[130.325462,33.583809],[130.325915,33.583764],[130.327104,33.583613],[130.327447,33.583593],[130.33168,33.583331],[130.3319,33.583328]]}},{"type":"Feature","properties":{"color":"#FF4500","ref":"K"},"geometry":{"type":"LineString","coordinates":[[130.3319,33.583328],[130.332005,33.583319],[130.332899,33.583237],[130.333806,33.583131],[130.33421,33.583084],[130.334573,33.583036],[130.334783,33.583004],[130.334987,33.582955],[130.335448,33.582852],[130.335836,33.582733],[130.336468,33.582521],[130.336746,33.582412],[130.337133,33.582274],[130.337599,33.582056],[130.337917,33.5819],[130.338271,33.581709],[130.338809,33.581376],[130.33911,33.581211],[130.339328,33.581108],[130.339571,33.581033],[130.339796,33.580979],[130.340034,33.580935],[130.34039,33.580885],[130.341323,33.580811],[130.342465,33.580846],[130.343135,33.580879],[130.343996,33.580949],[130.344762,33.58101],[130.345153,33.581044],[130.345531,33.581087],[130.346239,33.58118],[130.346593,33.58123],[130.346923,33.581273],[130.347203,33.5813],[130.347626,33.581333],[130.348035,33.581365],[130.348333,33.581382],[130.34872,33.581417],[130.348881,33.58144],[130.349029,33.581472],[130.349241,33.581535],[130.349804,33.581692],[130.350374,33.581854],[130.350595,33.581909],[130.351323,33.582033],[130.35218,33.582176],[130.354264,33.582523],[130.355152,33.582675],[130.355596,33.58275],[130.356033,33.582822],[130.356921,33.582973],[130.357355,33.583055],[130.357472,33.583082],[130.357781,33.583169],[130.358189,33.583278],[130.358576,33.583399],[130.358995,33.583536],[130.359073,33.583564],[130.359145,33.583595],[130.359443,33.583753],[130.359695,33.583898],[130.360003,33.584066],[130.360276,33.584213],[130.360817,33.584539],[130.361404,33.5849],[130.36206,33.58531],[130.362505,33.585585],[130.3631,33.58597],[130.363521,33.586262],[130.363942,33.586543],[130.364812,33.587149],[130.365161,33.587396],[130.365492,33.587617],[130.365924,33.587881],[130.366371,33.588145],[130.367461,33.588785],[130.368464,33.589374],[130.368967,33.589675],[130.369224,33.589831],[130.369465,33.589967],[130.369662,33.590068],[130.369845,33.590146],[130.370028,33.590192],[130.370236,33.590242],[130.370575,33.590285],[130.370902,33.59031],[130.371498,33.590348],[130.373305,33.590468],[130.373626,33.59048],[130.374576,33.590451],[130.375436,33.590407],[130.376349,33.590359],[130.376815,33.59033],[130.37771,33.590261],[130.378157,33.590222],[130.378583,33.590157],[130.378765,33.590126],[130.379042,33.590071],[130.379477,33.58997],[130.379904,33.589854],[130.380182,33.589768],[130.380742,33.589582],[130.381185,33.589436],[130.381589,33.589319],[130.382026,33.589216],[130.382464,33.589109],[130.382894,33.589021],[130.383338,33.588957],[130.384664,33.588767],[130.385544,33.588639],[130.385975,33.588574],[130.386412,33.588512],[130.38685,33.588528],[130.387732,33.588631],[130.388619,33.58877],[130.389496,33.588933],[130.390358,33.589099],[130.391232,33.589281],[130.392079,33.589472],[130.392924,33.58967],[130.393792,33.589871],[130.394616,33.590054],[130.395052,33.590173],[130.395143,33.590199],[130.395232,33.590226],[130.395285,33.590246],[130.395334,33.590277],[130.395421,33.59033],[130.395735,33.590578],[130.395846,33.590649],[130.395926,33.590698],[130.396019,33.590745],[130.396122,33.590785],[130.396239,33.590823],[130.396416,33.590875],[130.396533,33.590901],[130.397392,33.591074],[130.397834,33.591166],[130.39828,33.591232],[130.398625,33.591288],[130.399266,33.591387],[130.399513,33.591444],[130.399991,33.59155],[130.400383,33.591637],[130.401156,33.59181],[130.402019,33.592003],[130.402903,33.592197],[130.403342,33.592293],[130.403469,33.592327],[130.403638,33.592387],[130.403742,33.592428],[130.404109,33.592642],[130.404451,33.592868],[130.404796,33.593143],[130.4051,33.593418],[130.405689,33.593996],[130.405981,33.594284],[130.406437,33.594734],[130.406789,33.595086],[130.407124,33.595426],[130.407429,33.595743],[130.407867,33.596027],[130.408104,33.596178],[130.408231,33.596255],[130.408365,33.596322],[130.408558,33.596407],[130.40876,33.596484],[130.409122,33.59661],[130.409564,33.596717],[130.410011,33.596778],[130.41046,33.596759],[130.410913,33.596671],[130.411328,33.596533],[130.411732,33.596331],[130.412081,33.596089],[130.412428,33.595832],[130.412761,33.595574],[130.413082,33.595318],[130.413729,33.594808],[130.414391,33.594304],[130.414705,33.594076],[130.415039,33.593817],[130.416714,33.592546],[130.417431,33.59198],[130.417769,33.591696],[130.418084,33.591408],[130.418369,33.591149],[130.418678,33.590886],[130.419056,33.590599],[130.419206,33.590498],[130.419341,33.590426],[130.419674,33.590245],[130.419838,33.590181],[130.419992,33.590143],[130.42018,33.590119],[130.420614,33.590102],[130.421318,33.590068],[130.421509,33.590058],[130.422345,33.59003],[130.423232,33.590001],[130.42413,33.589972],[130.424571,33.589943],[130.424685,33.589929],[130.424905,33.589885],[130.425008,33.58986],[130.425133,33.589807],[130.425311,33.589712],[130.425417,33.58963],[130.42603,33.589157],[130.426686,33.588616],[130.427001,33.588392],[130.427128,33.588311],[130.42727,33.588239],[130.427396,33.588186],[130.427489,33.588143],[130.427572,33.588108],[130.427653,33.588078],[130.42777,33.588038],[130.427865,33.588019],[130.428055,33.587992],[130.428186,33.587989],[130.428303,33.58799],[130.428502,33.587991],[130.428625,33.588002],[130.429054,33.58805],[130.429159,33.588069],[130.429348,33.588112],[130.429459,33.588151],[130.429761,33.588261],[130.429858,33.588306],[130.429959,33.588359],[130.430234,33.588508],[130.430333,33.588571],[130.430466,33.588666],[130.430559,33.588749],[130.430631,33.588817],[130.430724,33.588962],[130.430787,33.589059],[130.430978,33.589372],[130.431269,33.58984],[130.431384,33.590024],[130.431581,33.590355],[130.431955,33.591013],[130.432147,33.59137],[130.43233,33.59173],[130.432713,33.592452],[130.433468,33.593828],[130.434059,33.594853],[130.434269,33.5952],[130.434472,33.595545],[130.434636,33.595776],[130.434935,33.596156],[130.435136,33.596408],[130.435463,33.59676],[130.435742,33.59698],[130.436219,33.597357],[130.436427,33.597527],[130.43657,33.59761],[130.436957,33.597831],[130.437158,33.597924],[130.437357,33.598019],[130.437559,33.598092],[130.437763,33.598168],[130.437977,33.598238],[130.438192,33.598308],[130.438414,33.598361],[130.438627,33.598402],[130.438843,33.59845],[130.439075,33.598486],[130.439302,33.598523],[130.439519,33.598551],[130.439752,33.598576],[130.43996,33.598601],[130.440205,33.598613],[130.440652,33.598645],[130.44087,33.598654],[130.441221,33.598665],[130.44163,33.598675],[130.4421,33.598667],[130.442236,33.598657],[130.442558,33.59862],[130.443003,33.598571],[130.443453,33.598512],[130.443885,33.598439],[130.444747,33.598262],[130.445604,33.598043],[130.446445,33.597812],[130.447313,33.597577],[130.44819,33.597343],[130.448562,33.597247]]}},{"type":"Feature","properties":{"color":"#8652A1","ref":"BGL"},"geometry":{"type":"LineString","coordinates":[[128.86388,35.272857],[128.864127,35.272618],[128.86421,35.272514],[128.864285,35.272327],[128.864326,35.272167],[128.864398,35.271732],[128.864451,35.271313],[128.864509,35.270953],[128.864687,35.270139],[128.864725,35.269878],[128.864755,35.269585],[128.864813,35.26856],[128.864879,35.267388],[128.864919,35.266829],[128.864952,35.266468],[128.864959,35.2663],[128.864977,35.266105],[128.86502,35.265922],[128.865096,35.265769],[128.865186,35.265636],[128.865323,35.265521],[128.866092,35.26482],[128.866268,35.264633],[128.866398,35.264464],[128.866523,35.264278],[128.866599,35.264137],[128.866671,35.263979],[128.866747,35.263791],[128.866819,35.263582],[128.867044,35.262923],[128.867101,35.262664],[128.867133,35.262511],[128.867156,35.262324],[128.867165,35.262146],[128.867159,35.261975],[128.867137,35.261732],[128.867,35.260917],[128.866975,35.260721],[128.866947,35.260541],[128.866946,35.260374],[128.866961,35.260235],[128.866992,35.260112],[128.867027,35.259968],[128.867134,35.259555],[128.867433,35.258663],[128.867623,35.258005],[128.86772,35.257715],[128.867798,35.257588],[128.867914,35.257452],[128.868041,35.257303],[128.86871,35.256855],[128.869039,35.256635],[128.869209,35.256475],[128.869338,35.256325],[128.869511,35.256097],[128.86989,35.255132],[128.869985,35.254868],[128.87004,35.2546],[128.870074,35.254376],[128.870055,35.253789],[128.870021,35.253246],[128.869951,35.252862],[128.869906,35.252652],[128.869817,35.252279],[128.869692,35.251836],[128.869606,35.2515],[128.869538,35.251235],[128.8693,35.250222],[128.86919,35.249661],[128.86909,35.249057],[128.869095,35.248696],[128.869205,35.248342],[128.869423,35.247954],[128.86981,35.247479],[128.870468,35.246734],[128.870722,35.246398],[128.870924,35.246051],[128.871083,35.245715],[128.871283,35.245122],[128.871358,35.244702],[128.871401,35.244196],[128.871485,35.24333],[128.871713,35.241145],[128.871802,35.240127],[128.871841,35.239538],[128.871872,35.239019],[128.871899,35.238628],[128.871859,35.238115],[128.871735,35.237005],[128.871717,35.236341],[128.87172,35.234479],[128.871743,35.234108],[128.871851,35.233598],[128.872028,35.232917],[128.872159,35.232424],[128.872282,35.231972],[128.872371,35.231627],[128.872504,35.231173],[128.872607,35.230869],[128.872733,35.230581],[128.872852,35.230387],[128.873463,35.229403],[128.873765,35.228882],[128.873919,35.22856],[128.874005,35.228308],[128.874117,35.22787],[128.874199,35.227344],[128.874288,35.226823],[128.874333,35.226701],[128.874377,35.226608],[128.874438,35.226509],[128.87451,35.226395],[128.874657,35.226289],[128.874922,35.226122],[128.875241,35.226001],[128.8756,35.2259],[128.875968,35.225818],[128.87621,35.225783],[128.876402,35.225766],[128.876582,35.225766],[128.877039,35.225799],[128.883832,35.226439],[128.890328,35.227064],[128.894088,35.227427],[128.896795,35.22764],[128.901742,35.228066],[128.908011,35.228601],[128.910666,35.228775],[128.915584,35.228954],[128.917542,35.22903],[128.91974,35.2291],[128.920186,35.229117],[128.920599,35.229111],[128.920875,35.229055],[128.921331,35.228954],[128.921852,35.228794],[128.922211,35.228651],[128.922497,35.228514],[128.922824,35.228321],[128.92319,35.22808],[128.923682,35.227617],[128.924159,35.227106],[128.924511,35.22672],[128.924848,35.226351],[128.925396,35.225633],[128.925849,35.224968],[128.927106,35.223038],[128.927306,35.222753],[128.927789,35.22222],[128.928208,35.221845],[128.928467,35.221656],[128.929086,35.221295],[128.93083,35.220443],[128.932659,35.219634],[128.932952,35.219516],[128.935638,35.218575],[128.93732,35.217997],[128.938285,35.217683],[128.939119,35.217395],[128.941013,35.216771],[128.941489,35.216609],[128.94523,35.215356],[128.947446,35.214599],[128.948041,35.214403],[128.948467,35.214287],[128.948771,35.214222],[128.949047,35.214171],[128.949618,35.214105],[128.950636,35.214015],[128.951407,35.213938],[128.952919,35.213793],[128.953932,35.213687],[128.955146,35.213556],[128.960512,35.213032],[128.962213,35.212875],[128.962487,35.212827],[128.962694,35.212745],[128.962839,35.212673],[128.96298,35.212556],[128.963067,35.212445],[128.963137,35.212286],[128.963185,35.212121],[128.96321,35.211954],[128.963213,35.211785],[128.963221,35.211456],[128.963357,35.203537],[128.96342,35.199875],[128.963479,35.196672],[128.963484,35.196227],[128.963501,35.19549],[128.963468,35.195256],[128.963399,35.19503],[128.963347,35.194915],[128.962587,35.193776],[128.962264,35.193195],[128.961866,35.192379],[128.961243,35.191131],[128.960599,35.189748],[128.96028,35.188897],[128.959671,35.186777],[128.959515,35.186309],[128.959371,35.186012],[128.959177,35.185777],[128.959006,35.185595],[128.958775,35.185401],[128.95412,35.181995],[128.953637,35.18162],[128.953418,35.181422],[128.953232,35.181239],[128.952982,35.180962],[128.952761,35.180721],[128.948348,35.175893],[128.947998,35.175505],[128.947923,35.175411],[128.947859,35.175295],[128.947805,35.175166],[128.947775,35.175045],[128.947759,35.174907],[128.947771,35.17476],[128.947789,35.174612],[128.948031,35.172722],[128.948073,35.172558],[128.948148,35.172414],[128.948258,35.172244],[128.948359,35.172122]]}},{"type":"Feature","properties":{"color":"#8652A1","ref":"BGL"},"geometry":{"type":"LineString","coordinates":[[128.948359,35.172122],[128.948531,35.171918],[128.948727,35.171686]]}},{"type":"Feature","properties":{"color":"#8652A1","ref":"BGL"},"geometry":{"type":"LineString","coordinates":[[128.948727,35.171686],[128.948803,35.171589],[128.948918,35.171458],[128.949006,35.171387],[128.949111,35.171319],[128.949288,35.171231],[128.950283,35.170868],[128.950557,35.170789],[128.950829,35.170751],[128.951695,35.17063],[128.951933,35.170572],[128.952099,35.170529],[128.952285,35.170448],[128.952491,35.170324],[128.952787,35.170084],[128.953046,35.169731],[128.953241,35.169377],[128.953662,35.168635],[128.954916,35.166382],[128.955797,35.164818],[128.956295,35.164289],[128.956456,35.164181],[128.956634,35.164119],[128.957063,35.164],[128.957416,35.163952],[128.957601,35.163969],[128.957792,35.164019],[128.958172,35.164149],[128.95873,35.164388],[128.959218,35.164569],[128.959719,35.164752],[128.960075,35.164874],[128.960335,35.164953],[128.960615,35.165021],[128.960971,35.1651],[128.961801,35.16525],[128.962334,35.165307],[128.962718,35.165324],[128.963167,35.165326],[128.963572,35.165315],[128.964074,35.165278],[128.964458,35.165239],[128.965844,35.165041],[128.968753,35.164598],[128.972319,35.164043],[128.97409,35.163774],[128.976421,35.163426],[128.977718,35.163243],[128.983695,35.162369],[128.984317,35.162278],[128.984746,35.16223],[128.985164,35.162213],[128.985617,35.162225],[128.985943,35.162261],[128.986473,35.162323],[128.987378,35.162428],[128.987758,35.162468],[128.98818,35.162505]]}},{"type":"Feature","properties":{"color":"#008000","ref":"N"},"geometry":{"type":"LineString","coordinates":[[130.419125,33.589591],[130.418526,33.589608],[130.417897,33.589625],[130.417772,33.589628],[130.417409,33.589674],[130.417271,33.58969],[130.417071,33.589703],[130.416933,33.589707],[130.41671,33.589709],[130.4157,33.589699],[130.415112,33.589714],[130.414741,33.589755],[130.414376,33.589826],[130.414189,33.589867],[130.413831,33.58997],[130.413498,33.590102],[130.413022,33.590329],[130.41153,33.591288],[130.410921,33.591679],[130.410766,33.59175],[130.410606,33.591803],[130.410404,33.591834],[130.410224,33.591833],[130.410047,33.591819],[130.409876,33.59177],[130.409687,33.59169],[130.408539,33.591129],[130.408252,33.590996],[130.405072,33.589666],[130.404792,33.58954],[130.404511,33.589407],[130.40289,33.588705]]}},{"type":"Feature","properties":{"color":"#008000","ref":"N"},"geometry":{"type":"LineString","coordinates":[[130.40289,33.588705],[130.402545,33.588561]]}},{"type":"Feature","properties":{"color":"#008000","ref":"N"},"geometry":{"type":"LineString","coordinates":[[130.402545,33.588561],[130.402223,33.588414],[130.402064,33.588334],[130.401916,33.588232],[130.401808,33.588109],[130.401715,33.587973],[130.401653,33.587829],[130.401625,33.587671],[130.401626,33.587519],[130.401661,33.587361],[130.401734,33.587221],[130.401956,33.586967],[130.402445,33.586519],[130.402979,33.586048],[130.403747,33.585373],[130.404051,33.585088],[130.404312,33.584821],[130.404372,33.584748],[130.404775,33.584328],[130.405183,33.583893],[130.405609,33.583422],[130.40569,33.583311],[130.405754,33.583167],[130.405775,33.583092],[130.405793,33.582992],[130.405806,33.582862],[130.405808,33.582761],[130.405797,33.582669],[130.405738,33.58251],[130.405659,33.582352],[130.405545,33.582211],[130.405423,33.582112],[130.405253,33.582014],[130.405075,33.581949],[130.404888,33.581891],[130.404722,33.581855],[130.404175,33.581708],[130.403808,33.581633],[130.40364,33.581612],[130.40343,33.581602],[130.403213,33.581608],[130.402859,33.581616],[130.401824,33.581679],[130.400996,33.581728],[130.400805,33.581721],[130.400442,33.581696],[130.400257,33.581687],[130.400162,33.581682],[130.400066,33.581665],[130.39989,33.58162],[130.399708,33.58157],[130.39936,33.58146],[130.396796,33.580527],[130.39625,33.580328],[130.395561,33.580075],[130.39472,33.579766],[130.394041,33.579525],[130.393862,33.579457],[130.393518,33.579298],[130.393374,33.579212],[130.393226,33.579119],[130.393098,33.579026],[130.392975,33.578915],[130.392867,33.578809],[130.39274,33.578671],[130.392434,33.5783],[130.392225,33.578044],[130.392092,33.577902],[130.391955,33.577764],[130.391807,33.577663],[130.391666,33.577577],[130.391499,33.577494],[130.391334,33.577429],[130.391142,33.577384],[130.390757,33.577312],[130.39002,33.577196],[130.389649,33.577144],[130.389475,33.577124],[130.38928,33.577105],[130.388918,33.577088],[130.388528,33.577092],[130.388144,33.577115],[130.386876,33.57725],[130.386641,33.577272],[130.386095,33.577331],[130.383673,33.577616],[130.383121,33.577703],[130.38274,33.577774],[130.38239,33.577853],[130.382205,33.577886],[130.382029,33.577907],[130.381843,33.577923],[130.381657,33.577939],[130.381468,33.577954],[130.381289,33.577954],[130.381095,33.577954],[130.380924,33.577953],[130.380728,33.577962],[130.380551,33.577971],[130.380441,33.577978],[130.380347,33.577996],[130.379973,33.578081],[130.379607,33.578188],[130.379446,33.578222],[130.379268,33.578253],[130.379103,33.578255],[130.379005,33.578248],[130.378919,33.578218],[130.378578,33.578087],[130.377927,33.577778],[130.377109,33.577417],[130.3766,33.577192],[130.375921,33.576903],[130.374158,33.576142],[130.373511,33.575867],[130.371854,33.575136],[130.369594,33.574107],[130.368845,33.573774],[130.368599,33.573662],[130.368493,33.573613],[130.368359,33.573503],[130.36827,33.573419],[130.368155,33.573245],[130.3681,33.573108],[130.368049,33.57297],[130.368024,33.572812],[130.368004,33.572652],[130.368013,33.572506],[130.368019,33.572184],[130.36802,33.571571],[130.368033,33.571276],[130.368016,33.570954],[130.367985,33.570633],[130.367954,33.570449],[130.367913,33.570302],[130.367759,33.569843],[130.36754,33.56918],[130.367427,33.568934],[130.367278,33.568639],[130.367106,33.568376],[130.366926,33.568121],[130.366706,33.567856],[130.366468,33.567579],[130.366218,33.567316],[130.36582,33.566705],[130.365533,33.566258],[130.365339,33.565963],[130.364755,33.565023],[130.364103,33.563941],[130.363763,33.56338],[130.363439,33.562819],[130.36317,33.562357],[130.363014,33.562043],[130.362729,33.561474],[130.362059,33.560196],[130.361778,33.559651],[130.36149,33.559104],[130.361336,33.558801],[130.361244,33.558555],[130.36123,33.558486],[130.361205,33.558269],[130.361202,33.557991],[130.36122,33.557838],[130.361237,33.557677],[130.361301,33.557202],[130.361396,33.556326],[130.361502,33.555385],[130.361594,33.554451],[130.361666,33.553554],[130.36174,33.552911],[130.361837,33.551952],[130.36191,33.551026],[130.362041,33.548939],[130.362089,33.548558],[130.36224,33.548037],[130.362388,33.547314],[130.362485,33.546799],[130.362499,33.546636],[130.362502,33.546458],[130.362506,33.54633],[130.362382,33.54602],[130.362294,33.54586],[130.362179,33.545711],[130.362025,33.545554],[130.36185,33.545393],[130.36153,33.545252],[130.361085,33.545153],[130.360495,33.545124],[130.359901,33.54512],[130.358757,33.545142],[130.358244,33.545145],[130.357672,33.545191],[130.35705,33.545284],[130.356929,33.545311],[130.356567,33.545387],[130.35567,33.54562],[130.355145,33.545774],[130.354571,33.545945],[130.353886,33.546143],[130.352825,33.54646],[130.351413,33.546881],[130.349824,33.547363],[130.349116,33.547572],[130.348603,33.547723],[130.347537,33.548027],[130.347135,33.548133],[130.346536,33.54829],[130.340145,33.549897],[130.337833,33.550468],[130.333847,33.55146],[130.332878,33.551709],[130.331888,33.551958],[130.329994,33.552448],[130.329031,33.552704],[130.328894,33.552725],[130.328675,33.55276],[130.328497,33.55277],[130.328313,33.552783],[130.328124,33.552789],[130.327181,33.552798],[130.326419,33.5528],[130.325868,33.552828],[130.325461,33.552875],[130.32492,33.552973],[130.324597,33.553048],[130.324363,33.553112],[130.324013,33.553231],[130.323828,33.553297],[130.323494,33.553447],[130.323173,33.553607],[130.322843,33.553782],[130.322274,33.554123],[130.322115,33.554203],[130.321959,33.554305],[130.321668,33.554504],[130.321533,33.5546],[130.321391,33.554715],[130.32123,33.554867],[130.32102,33.55507],[130.32052,33.555561]]}},{"type":"Feature","properties":{"color":"#007448","ref":"1"},"geometry":{"type":"LineString","coordinates":[[127.45768,36.316962],[127.457231,36.316975],[127.454522,36.317187],[127.453889,36.317334],[127.453203,36.317575],[127.452098,36.318155],[127.448986,36.319634],[127.44702,36.320741],[127.445574,36.321556],[127.445274,36.321877],[127.445186,36.322235],[127.445195,36.322667],[127.445403,36.323381],[127.445487,36.324008],[127.445434,36.324444],[127.445247,36.325357],[127.444545,36.326643],[127.442939,36.329449],[127.440741,36.331334],[127.439137,36.332184],[127.437893,36.332642],[127.437329,36.332681],[127.436863,36.33265],[127.433349,36.331384],[127.428939,36.329786],[127.42892,36.329779],[127.428356,36.329605],[127.425894,36.328614],[127.424039,36.327873],[127.422674,36.327416],[127.422268,36.327238],[127.421131,36.326127],[127.419553,36.324821],[127.418554,36.323994],[127.416734,36.3224],[127.415723,36.321782],[127.415318,36.321652],[127.414708,36.321533],[127.414264,36.321549],[127.413616,36.321686],[127.413574,36.321698],[127.413536,36.321719],[127.412953,36.322102],[127.41264,36.322308],[127.412536,36.322402],[127.411167,36.3235],[127.405096,36.328411],[127.404526,36.328921],[127.40442,36.329009],[127.398736,36.333747],[127.393642,36.337945],[127.393298,36.338255],[127.389511,36.341367],[127.389318,36.341505],[127.388793,36.34182],[127.388316,36.341994]]}},{"type":"Feature","properties":{"color":"#007448","ref":"1"},"geometry":{"type":"LineString","coordinates":[[127.388316,36.341994],[127.387254,36.342411],[127.385443,36.34293],[127.385078,36.343148],[127.384917,36.343291],[127.384844,36.34344],[127.38479,36.343588],[127.38477,36.343706],[127.384719,36.346129],[127.384699,36.346922],[127.384784,36.347234],[127.384909,36.347442],[127.385306,36.347835],[127.385681,36.348159],[127.38598,36.34845],[127.386246,36.34876],[127.386476,36.349104],[127.386566,36.349458],[127.386594,36.350237],[127.386625,36.351201],[127.386626,36.351484],[127.38663,36.353669],[127.386342,36.355595],[127.385986,36.356419],[127.385571,36.357008],[127.384741,36.357447],[127.383635,36.35762],[127.381613,36.35763],[127.379877,36.357673],[127.379019,36.35768],[127.374804,36.357738],[127.374747,36.357739],[127.37413,36.357728],[127.373908,36.357723],[127.372795,36.357701],[127.371219,36.357716],[127.368222,36.357919],[127.364575,36.358373],[127.364181,36.358424],[127.362949,36.358582],[127.362357,36.358604],[127.362056,36.358594],[127.361658,36.358555],[127.361052,36.358473],[127.360635,36.358394],[127.36031,36.358296],[127.359847,36.358117],[127.359118,36.357756],[127.358052,36.357119],[127.354498,36.354606],[127.353948,36.354153],[127.353494,36.353662],[127.353027,36.353259],[127.352533,36.352865],[127.351761,36.352338],[127.351197,36.352134],[127.350432,36.351917],[127.34982,36.351832],[127.348821,36.351896],[127.348109,36.352062],[127.341702,36.353733],[127.341528,36.353783],[127.340186,36.354168],[127.338108,36.354722],[127.336791,36.355073],[127.336539,36.355136],[127.33604,36.355261],[127.335564,36.355422],[127.332247,36.356325],[127.330655,36.356757],[127.321446,36.359456],[127.319446,36.359813],[127.319166,36.359862],[127.318885,36.359936],[127.318675,36.36003],[127.318512,36.360145],[127.318399,36.360283],[127.318252,36.360474],[127.318154,36.360634],[127.31809,36.36086],[127.317985,36.361192],[127.31792,36.361523],[127.317922,36.361779],[127.31796,36.365791],[127.317938,36.366781],[127.317981,36.367892],[127.318004,36.370071],[127.317974,36.37414],[127.317993,36.374744],[127.317994,36.379135],[127.318079,36.379895],[127.318315,36.380527],[127.3194,36.382526],[127.319574,36.383116],[127.319648,36.383425],[127.319577,36.384397],[127.319383,36.385224],[127.318418,36.387023],[127.317883,36.387909],[127.317664,36.388199],[127.314404,36.392637]]}},{"type":"Feature","properties":{"color":"#EF5E37","ref":"1"},"geometry":{"type":"LineString","coordinates":[[128.817523,35.909432],[128.815981,35.908543],[128.81556,35.908308],[128.815205,35.908099],[128.814839,35.907895],[128.814679,35.907812],[128.814454,35.907681],[128.814254,35.907579],[128.814057,35.907481],[128.813819,35.90736],[128.813645,35.907287],[128.813491,35.907225],[128.81324,35.907127],[128.812997,35.907038],[128.812275,35.906759],[128.81182,35.906571],[128.811363,35.906382],[128.811075,35.906251],[128.810796,35.906094],[128.810593,35.905972],[128.810424,35.905863],[128.810231,35.905712],[128.809969,35.905463],[128.809729,35.905236],[128.809527,35.905004],[128.809262,35.904723],[128.808834,35.904228],[128.808371,35.903722],[128.807166,35.902403],[128.806784,35.902041],[128.806373,35.901696],[128.805899,35.901368],[128.805653,35.901218],[128.805436,35.901101],[128.805188,35.900978],[128.804667,35.900753],[128.803081,35.900193],[128.802246,35.899919],[128.801941,35.899838],[128.801598,35.899763],[128.801121,35.899676],[128.800823,35.899628],[128.800437,35.899594],[128.800145,35.899577],[128.799783,35.899573],[128.798791,35.899598],[128.797323,35.899653],[128.796913,35.899668],[128.796471,35.899676],[128.796254,35.899671],[128.796105,35.899659],[128.7959,35.899646],[128.795669,35.899618],[128.795498,35.899594],[128.795311,35.899549],[128.795149,35.899505],[128.794964,35.899448],[128.794769,35.899382],[128.7946,35.899318],[128.794389,35.899222],[128.794226,35.899138],[128.794042,35.899036],[128.793882,35.89893],[128.793716,35.898817],[128.793313,35.898522],[128.792853,35.898183],[128.792396,35.897865],[128.792056,35.897653],[128.791772,35.897498],[128.791287,35.897257],[128.790533,35.8969],[128.789691,35.896466],[128.789142,35.896162],[128.788219,35.895626],[128.787815,35.895374],[128.787322,35.895104],[128.786798,35.894822],[128.78627,35.894553],[128.785497,35.894134],[128.784766,35.893742],[128.784348,35.893496],[128.783979,35.89326],[128.783513,35.892958],[128.782733,35.892297],[128.782077,35.891679],[128.781206,35.890847],[128.780539,35.890155],[128.780243,35.889815]]}},{"type":"Feature","properties":{"color":"#EF5E37","ref":"1"},"geometry":{"type":"LineString","coordinates":[[128.780243,35.889815],[128.780046,35.889589],[128.779712,35.889153],[128.779476,35.888835]]}},{"type":"Feature","properties":{"color":"#EF5E37","ref":"1"},"geometry":{"type":"LineString","coordinates":[[128.779476,35.888835],[128.778988,35.888127],[128.778393,35.887211],[128.777748,35.886233],[128.777461,35.88587]]}},{"type":"Feature","properties":{"color":"#EF5E37","ref":"1"},"geometry":{"type":"LineString","coordinates":[[128.777461,35.88587],[128.776933,35.885277]]}},{"type":"Feature","properties":{"color":"#EF5E37","ref":"1"},"geometry":{"type":"LineString","coordinates":[[128.776933,35.885277],[128.776743,35.885075],[128.776475,35.884796],[128.776258,35.884587],[128.775987,35.884395],[128.775635,35.884154],[128.774658,35.883539]]}},{"type":"Feature","properties":{"color":"#EF5E37","ref":"1"},"geometry":{"type":"LineString","coordinates":[[128.774658,35.883539],[128.774414,35.883351],[128.773818,35.882956],[128.772852,35.882285]]}},{"type":"Feature","properties":{"color":"#EF5E37","ref":"1"},"geometry":{"type":"LineString","coordinates":[[128.772852,35.882285],[128.772607,35.882109],[128.77231,35.881932],[128.772005,35.881771],[128.77167,35.881606],[128.770297,35.880907],[128.769678,35.880581],[128.769188,35.880349],[128.768779,35.880144],[128.767871,35.879704],[128.767134,35.879331],[128.766498,35.878999],[128.765916,35.87871],[128.765274,35.878398],[128.764278,35.877898],[128.763328,35.877433],[128.762309,35.876943],[128.761851,35.876702],[128.761168,35.87636],[128.760392,35.87597],[128.75985,35.875656],[128.759253,35.875256],[128.758151,35.874479],[128.758104,35.874446],[128.757881,35.874286],[128.757579,35.874103],[128.757319,35.873968],[128.756983,35.873798],[128.756866,35.873743],[128.756622,35.873633],[128.756198,35.87347],[128.755762,35.873318],[128.75507,35.873096],[128.754372,35.872834],[128.753864,35.872652],[128.753177,35.872422],[128.752359,35.872124],[128.751754,35.871915],[128.751306,35.871748],[128.751116,35.87168],[128.750842,35.8716],[128.750622,35.871543],[128.750379,35.871489],[128.750071,35.87143],[128.749742,35.87137],[128.749422,35.871315],[128.749082,35.871266],[128.748322,35.871192],[128.747982,35.871183],[128.747626,35.871179],[128.747251,35.871186],[128.746981,35.871204],[128.746575,35.871242],[128.74558,35.871359]]}},{"type":"Feature","properties":{"color":"#EF5E37","ref":"1"},"geometry":{"type":"LineString","coordinates":[[128.74558,35.871359],[128.74473,35.871514],[128.744143,35.871642],[128.743545,35.871821],[128.742509,35.872209],[128.742143,35.872347],[128.741967,35.872402],[128.741771,35.872441],[128.741585,35.872467],[128.741355,35.872489],[128.741119,35.872512],[128.740855,35.872531],[128.740487,35.872545],[128.740069,35.872538],[128.739824,35.872532],[128.739545,35.872512],[128.739436,35.872499]]}},{"type":"Feature","properties":{"color":"#EF5E37","ref":"1"},"geometry":{"type":"LineString","coordinates":[[128.739436,35.872499],[128.739016,35.872449],[128.736774,35.872182],[128.736167,35.872067],[128.733691,35.871234]]}},{"type":"Feature","properties":{"color":"#EF5E37","ref":"1"},"geometry":{"type":"LineString","coordinates":[[128.65353,35.884463],[128.653927,35.884327],[128.654326,35.884238],[128.654774,35.884179],[128.658894,35.883621],[128.660718,35.883397],[128.661434,35.883238],[128.661896,35.883075],[128.662395,35.88286],[128.667966,35.880361],[128.66856,35.880155],[128.668996,35.880023],[128.669677,35.879837],[128.679988,35.87675],[128.681427,35.876319],[128.687149,35.874606],[128.688001,35.874311],[128.688385,35.874085],[128.68865,35.873794],[128.689293,35.87305],[128.691579,35.870909],[128.692851,35.869757],[128.694213,35.868517],[128.694534,35.868206],[128.694782,35.868008],[128.695022,35.867846],[128.69554,35.867587],[128.696069,35.867423],[128.696683,35.867307],[128.697451,35.867216],[128.701708,35.866781],[128.707312,35.866216],[128.708489,35.8661],[128.71213,35.866024],[128.713701,35.866],[128.715874,35.865949],[128.717575,35.865946],[128.718158,35.866003],[128.718595,35.866119],[128.719183,35.866322],[128.719677,35.866478],[128.723887,35.86792],[128.725566,35.868477],[128.733691,35.871234]]}},{"type":"Feature","properties":{"color":"#EF5E37","ref":"1"},"geometry":{"type":"LineString","coordinates":[[128.650405,35.886028],[128.65353,35.884463]]}},{"type":"Feature","properties":{"color":"#EF5E37","ref":"1"},"geometry":{"type":"LineString","coordinates":[[128.632277,35.884536],[128.632608,35.884912],[128.632858,35.885148],[128.633158,35.885352],[128.633439,35.88552],[128.633832,35.88571],[128.634268,35.885819],[128.636723,35.886199],[128.637017,35.886231],[128.637474,35.886349],[128.638569,35.886736],[128.639886,35.887226],[128.640563,35.887491],[128.641801,35.887975],[128.642397,35.888199],[128.643105,35.88848],[128.64362,35.888608],[128.64411,35.888646],[128.644599,35.888633],[128.645069,35.888543],[128.645464,35.888414],[128.650405,35.886028]]}},{"type":"Feature","properties":{"color":"#EF5E37","ref":"1"},"geometry":{"type":"LineString","coordinates":[[128.632277,35.884536],[128.630771,35.882702],[128.630253,35.882074],[128.629866,35.881582],[128.629657,35.881208],[128.629389,35.880489],[128.62894,35.87963],[128.628122,35.878159],[128.62779,35.877723],[128.627527,35.877461]]}},{"type":"Feature","properties":{"color":"#EF5E37","ref":"1"},"geometry":{"type":"LineString","coordinates":[[128.627527,35.877461],[128.626845,35.876892],[128.626477,35.876709],[128.626039,35.876576],[128.625124,35.876379],[128.624645,35.876276],[128.62325,35.875961],[128.617485,35.874625]]}},{"type":"Feature","properties":{"color":"#EF5E37","ref":"1"},"geometry":{"type":"LineString","coordinates":[[128.617485,35.874625],[128.616955,35.874487],[128.615991,35.874226],[128.615724,35.87415],[128.615379,35.874106],[128.614061,35.874072],[128.613751,35.874032],[128.612552,35.873819],[128.611975,35.873722],[128.611467,35.87371],[128.6112,35.87374],[128.610952,35.873779],[128.610644,35.873864],[128.610294,35.87396],[128.60909,35.874582],[128.608273,35.874999],[128.60776,35.875213],[128.606898,35.875601],[128.60632,35.875806],[128.605995,35.875909],[128.605094,35.876123]]}},{"type":"Feature","properties":{"color":"#EF5E37","ref":"1"},"geometry":{"type":"LineString","coordinates":[[128.605094,35.876123],[128.604105,35.876331],[128.602524,35.876411],[128.601628,35.876481],[128.601106,35.876576],[128.599852,35.876824],[128.599298,35.876874],[128.598713,35.876827],[128.598174,35.87672],[128.597455,35.8765],[128.597083,35.876311]]}},{"type":"Feature","properties":{"color":"#EF5E37","ref":"1"},"geometry":{"type":"LineString","coordinates":[[128.597083,35.876311],[128.596376,35.875984],[128.595542,35.875528],[128.595316,35.875386],[128.595028,35.875141],[128.594879,35.874919],[128.594718,35.874543],[128.593966,35.870742]]}},{"type":"Feature","properties":{"color":"#EF5E37","ref":"1"},"geometry":{"type":"LineString","coordinates":[[128.593966,35.870742],[128.593673,35.86894],[128.593416,35.866064],[128.593375,35.865631],[128.593343,35.865188],[128.593187,35.863087]]}},{"type":"Feature","properties":{"color":"#EF5E37","ref":"1"},"geometry":{"type":"LineString","coordinates":[[128.583035,35.841768],[128.58583,35.843088],[128.588536,35.844414],[128.589714,35.844973],[128.59013,35.845185],[128.590308,35.845324],[128.590408,35.845432],[128.590461,35.84562],[128.590493,35.850423],[128.590615,35.854764],[128.590607,35.856368],[128.59064,35.856779],[128.590687,35.856971],[128.59085,35.857395],[128.592461,35.860733],[128.592698,35.861363],[128.593129,35.862806],[128.593168,35.862957],[128.593187,35.863087]]}},{"type":"Feature","properties":{"color":"#EF5E37","ref":"1"},"geometry":{"type":"LineString","coordinates":[[128.545751,35.824057],[128.54824,35.827001],[128.551633,35.831005],[128.551897,35.831321],[128.552421,35.83199],[128.552646,35.832242],[128.553012,35.832578],[128.554974,35.834128],[128.555151,35.834312],[128.55539,35.834569],[128.555532,35.834778],[128.556262,35.836054],[128.556567,35.83645],[128.556852,35.836767],[128.557077,35.836974],[128.557265,35.837126],[128.557506,35.837302],[128.557742,35.837467],[128.558008,35.8376],[128.558305,35.837731],[128.558737,35.837881],[128.561756,35.838647],[128.564,35.839168],[128.564437,35.839248],[128.564952,35.839298],[128.569115,35.839474],[128.569801,35.839496],[128.570692,35.839466],[128.571335,35.839422],[128.57376,35.839234],[128.576711,35.839048],[128.577199,35.839033],[128.577451,35.839121],[128.577682,35.839146],[128.577998,35.839298],[128.579046,35.839797],[128.579472,35.840004],[128.581253,35.840885],[128.583035,35.841768]]}},{"type":"Feature","properties":{"color":"#EF5E37","ref":"1"},"geometry":{"type":"LineString","coordinates":[[128.489229,35.798702],[128.491474,35.800181],[128.492211,35.800592],[128.493027,35.801062],[128.493778,35.801388],[128.494304,35.801689],[128.495548,35.80265],[128.495956,35.802861],[128.496323,35.802987],[128.497548,35.803321],[128.498772,35.803599],[128.499201,35.803764],[128.500285,35.804305],[128.50073,35.804527],[128.501165,35.804712],[128.501862,35.804908],[128.503192,35.80525],[128.504305,35.805587],[128.505199,35.805883],[128.505778,35.806183],[128.506387,35.806646],[128.506797,35.806944],[128.508136,35.807625],[128.510542,35.808597],[128.510823,35.808719],[128.5124,35.809439],[128.513945,35.810102],[128.515545,35.810728],[128.516111,35.810971],[128.516536,35.811175],[128.516809,35.811354],[128.517074,35.811589],[128.517632,35.812085],[128.518601,35.812869],[128.518979,35.813084],[128.519357,35.813222],[128.519809,35.81332],[128.522553,35.813828],[128.525334,35.814311],[128.526222,35.814516],[128.526672,35.814657],[128.527841,35.815115],[128.528585,35.815373],[128.530378,35.816181],[128.534151,35.817907],[128.534387,35.818009],[128.53459,35.818063],[128.537254,35.818809],[128.537745,35.818966],[128.538246,35.819103],[128.541422,35.82006],[128.541907,35.820253],[128.542245,35.820493],[128.542559,35.820777],[128.545751,35.824057]]}},{"type":"Feature","properties":{"color":"#A49D87","ref":"9"},"geometry":{"type":"LineString","coordinates":[[127.148189,37.528298],[127.148069,37.528003],[127.14785,37.527444],[127.147319,37.525951]]}},{"type":"Feature","properties":{"color":"#A49D87","ref":"9"},"geometry":{"type":"LineString","coordinates":[[127.113431,37.512588],[127.113235,37.512124],[127.11273,37.511302],[127.112232,37.510494],[127.111873,37.510088]]}},{"type":"Feature","properties":{"color":"#A49D87","ref":"9"},"geometry":{"type":"LineString","coordinates":[[127.085383,37.505071],[127.085989,37.504939],[127.087233,37.504588],[127.088116,37.504338],[127.090225,37.503738],[127.090797,37.503534]]}},{"type":"Feature","properties":{"color":"#A49D87","ref":"9"},"geometry":{"type":"LineString","coordinates":[[127.054678,37.513308],[127.054495,37.513293],[127.054248,37.513276],[127.054032,37.513263],[127.053676,37.513206],[127.053404,37.513156],[127.053126,37.513088],[127.052333,37.512849],[127.052056,37.512738],[127.051811,37.512648]]}},{"type":"Feature","properties":{"color":"#A49D87","ref":"9"},"geometry":{"type":"LineString","coordinates":[[127.026197,37.504999],[127.025715,37.504882],[127.025398,37.504825],[127.025088,37.504772],[127.024777,37.504708],[127.024458,37.504614],[127.023699,37.504386],[127.023479,37.504287],[127.02329,37.504191],[127.023143,37.504125],[127.022989,37.504062],[127.022728,37.503957]]}},{"type":"Feature","properties":{"color":"#A49D87","ref":"9"},"geometry":{"type":"LineString","coordinates":[[127.016008,37.503882],[127.015802,37.504032],[127.0156,37.50416],[127.014902,37.504485],[127.014666,37.504587],[127.014467,37.504658],[127.014269,37.504707],[127.013982,37.504785]]}},{"type":"Feature","properties":{"color":"#A49D87","ref":"9"},"geometry":{"type":"LineString","coordinates":[[126.801528,37.561911],[126.799668,37.562034],[126.798735,37.562132],[126.797216,37.56245],[126.796358,37.562644],[126.795105,37.563226],[126.794186,37.564012],[126.791577,37.566244],[126.789337,37.56825],[126.786419,37.570713],[126.784385,37.572266],[126.78394,37.572772],[126.78376,37.572999],[126.783626,37.573255],[126.783512,37.573833],[126.78354,37.574329],[126.783674,37.574857],[126.783854,37.575154],[126.784124,37.57545],[126.78442,37.575673]]}},{"type":"Feature","properties":{"color":"#A49D87","ref":"9"},"geometry":{"type":"LineString","coordinates":[[126.78442,37.575673],[126.784745,37.575841],[126.78518,37.576021],[126.785542,37.57612],[126.785833,37.576183],[126.786143,37.576227],[126.790382,37.576716],[126.791222,37.576843],[126.791923,37.576973],[126.792661,37.57717],[126.794164,37.577587]]}},{"type":"Feature","properties":{"color":"#A49D87","ref":"9"},"geometry":{"type":"LineString","coordinates":[[126.794164,37.577587],[126.795056,37.577825]]}},{"type":"Feature","properties":{"color":"#A49D87","ref":"9"},"geometry":{"type":"LineString","coordinates":[[126.795056,37.577825],[126.795592,37.577931],[126.796901,37.57831]]}},{"type":"Feature","properties":{"color":"#D11D70","ref":"8"},"geometry":{"type":"LineString","coordinates":[[127.130328,37.433995],[127.134372,37.434662],[127.135192,37.434815],[127.135774,37.434964],[127.136621,37.435251],[127.137055,37.435444],[127.137701,37.435736],[127.13841,37.436131],[127.140694,37.437425],[127.143985,37.439289],[127.145843,37.440275],[127.146235,37.440453],[127.147428,37.4409],[127.147646,37.440977],[127.14838,37.441244],[127.149646,37.441641],[127.1505,37.441921],[127.151343,37.442231],[127.152263,37.442623],[127.155495,37.444215],[127.155877,37.444419],[127.156413,37.444765],[127.156797,37.44507],[127.15697,37.445347],[127.157402,37.446127],[127.157809,37.446903],[127.157874,37.447033],[127.159852,37.451571],[127.160663,37.453392],[127.160691,37.453673],[127.160652,37.453847],[127.160578,37.454013],[127.160497,37.454128],[127.160076,37.454628],[127.15941,37.455142],[127.159023,37.455385],[127.158525,37.455682],[127.157937,37.455952],[127.157472,37.45609],[127.156722,37.456254],[127.156132,37.456344],[127.150679,37.456865],[127.15036,37.456881],[127.150066,37.456885],[127.149911,37.456889],[127.1497,37.456905],[127.149503,37.456942],[127.149187,37.457063],[127.148785,37.457244],[127.148509,37.457364],[127.14825,37.457514],[127.147884,37.457756],[127.147223,37.458239],[127.146287,37.458813],[127.144466,37.459892]]}},{"type":"Feature","properties":{"color":"#D11D70","ref":"8"},"geometry":{"type":"LineString","coordinates":[[127.144466,37.459892],[127.143471,37.460458],[127.142675,37.460883],[127.141472,37.461563]]}},{"type":"Feature","properties":{"color":"#D11D70","ref":"8"},"geometry":{"type":"LineString","coordinates":[[127.141472,37.461563],[127.141339,37.461642]]}},{"type":"Feature","properties":{"color":"#D11D70","ref":"8"},"geometry":{"type":"LineString","coordinates":[[127.141339,37.461642],[127.14087,37.461919],[127.140115,37.462338]]}},{"type":"Feature","properties":{"color":"#D11D70","ref":"8"},"geometry":{"type":"LineString","coordinates":[[127.140115,37.462338],[127.13989,37.462457]]}},{"type":"Feature","properties":{"color":"#D11D70","ref":"8"},"geometry":{"type":"LineString","coordinates":[[127.13989,37.462457],[127.139765,37.46252],[127.139037,37.462879],[127.138669,37.463057],[127.138397,37.463192],[127.13712,37.463712]]}},{"type":"Feature","properties":{"color":"#D11D70","ref":"8"},"geometry":{"type":"LineString","coordinates":[[127.13712,37.463712],[127.13685,37.463818]]}},{"type":"Feature","properties":{"color":"#D11D70","ref":"8"},"geometry":{"type":"LineString","coordinates":[[127.13685,37.463818],[127.133765,37.465065]]}},{"type":"Feature","properties":{"color":"#D11D70","ref":"8"},"geometry":{"type":"LineString","coordinates":[[127.103545,37.514276],[127.103011,37.514085],[127.102531,37.513884],[127.102157,37.513679],[127.101968,37.513559],[127.101841,37.513468],[127.101741,37.513375],[127.101638,37.513207],[127.10158,37.513052],[127.101508,37.512823],[127.101465,37.512616],[127.101449,37.512325],[127.101466,37.511996],[127.101497,37.511661],[127.101557,37.511387],[127.10159,37.511224],[127.101654,37.511049],[127.101995,37.510567],[127.102215,37.510271],[127.10241,37.510014],[127.102643,37.509783],[127.102877,37.509546],[127.103223,37.509231],[127.103886,37.50878],[127.10423,37.508488],[127.104816,37.507889],[127.107134,37.505328],[127.112293,37.499644],[127.114856,37.496797],[127.115733,37.495818],[127.11819,37.493208],[127.118722,37.492521],[127.119287,37.491829],[127.119437,37.491623],[127.12008,37.490641],[127.120701,37.48958],[127.121514,37.487952],[127.121903,37.487172],[127.122531,37.485865],[127.124253,37.482545],[127.126084,37.478908],[127.126783,37.477622],[127.12687,37.4774],[127.126936,37.477192],[127.127019,37.476866],[127.1271,37.476364],[127.127113,37.476],[127.127094,37.475682],[127.127026,37.47482],[127.126848,37.471646],[127.126666,37.468837],[127.126679,37.46843],[127.126693,37.468171],[127.126725,37.468046],[127.126814,37.467888],[127.126958,37.46776],[127.127033,37.467716],[127.12715,37.467674],[127.127291,37.467631],[127.127407,37.467595],[127.127777,37.467529],[127.128142,37.4674],[127.128522,37.467226],[127.129046,37.466991],[127.130498,37.466351],[127.133765,37.465065]]}},{"type":"Feature","properties":{"color":"#D11D70","ref":"8"},"geometry":{"type":"LineString","coordinates":[[127.1278,37.550672],[127.125892,37.545469],[127.124859,37.542633],[127.124107,37.540566],[127.123496,37.53875],[127.123253,37.538063],[127.122589,37.536246],[127.121415,37.533034],[127.12077,37.531051],[127.120647,37.530671],[127.120493,37.530257],[127.120366,37.530005],[127.119254,37.527714],[127.118936,37.527015],[127.118542,37.526339],[127.118224,37.525765],[127.117831,37.525098],[127.117132,37.52417],[127.116393,37.523051],[127.115839,37.522291],[127.115499,37.521722],[127.115209,37.521157],[127.114875,37.520478],[127.114611,37.519785],[127.1142,37.51904],[127.114009,37.518754],[127.113833,37.518545],[127.113644,37.518345],[127.113372,37.51807],[127.113142,37.517845],[127.112932,37.517654],[127.112688,37.517472],[127.112486,37.517386],[127.105871,37.515177],[127.103545,37.514276]]}},{"type":"Feature","properties":{"color":"#D11D70","ref":"8"},"geometry":{"type":"LineString","coordinates":[[127.128941,37.553734],[127.128839,37.553458],[127.128204,37.551735],[127.128126,37.551522],[127.127891,37.550909],[127.1278,37.550672]]}},{"type":"Feature","properties":{"color":"#D11D70","ref":"8"},"geometry":{"type":"LineString","coordinates":[[127.128941,37.553734],[127.129079,37.554312],[127.129309,37.554956],[127.129593,37.555683],[127.129673,37.555887],[127.129819,37.55607],[127.130072,37.55633],[127.13039,37.556568],[127.130569,37.556679],[127.130809,37.556804],[127.131039,37.556888],[127.13127,37.556961],[127.131514,37.557008],[127.131843,37.557058],[127.132169,37.557077],[127.132421,37.557071],[127.133013,37.557014],[127.133368,37.556946],[127.133756,37.556885],[127.134144,37.556835],[127.134359,37.556811],[127.134648,37.55678],[127.134889,37.556757],[127.135187,37.556735],[127.135787,37.556761],[127.136202,37.556791],[127.136597,37.556837],[127.137056,37.556928],[127.137291,37.556987],[127.137606,37.557067],[127.138108,37.557215],[127.138763,37.557422],[127.139353,37.557656],[127.139814,37.557862],[127.140151,37.558093],[127.140381,37.558331],[127.140549,37.558599],[127.140693,37.558898],[127.140777,37.559233],[127.140823,37.559559],[127.140822,37.559957],[127.140738,37.560508],[127.140659,37.561281],[127.140551,37.561982],[127.140439,37.56273],[127.139871,37.566223],[127.139837,37.566775],[127.139424,37.569748],[127.138498,37.576757],[127.138263,37.577786],[127.138071,37.579727],[127.137974,37.586483],[127.137971,37.587981],[127.13797,37.58843],[127.137973,37.592092],[127.137997,37.592357],[127.13814,37.592775],[127.138454,37.593336],[127.138747,37.593727],[127.139013,37.594046],[127.139454,37.594563],[127.140112,37.595183],[127.14097,37.595894],[127.142185,37.597055],[127.14255,37.597458],[127.142748,37.597778],[127.142824,37.597968],[127.142884,37.598175],[127.142881,37.598401],[127.142848,37.598628],[127.142734,37.598983],[127.142556,37.599286],[127.142226,37.599744],[127.141385,37.600971],[127.141218,37.601379],[127.14102,37.601863],[127.140554,37.603109],[127.140432,37.603446],[127.139437,37.606544],[127.139276,37.607055],[127.139094,37.60764],[127.138837,37.608399],[127.138621,37.609052],[127.138404,37.609705],[127.138217,37.610387],[127.138089,37.610931],[127.138034,37.611341],[127.138027,37.611762],[127.138021,37.612224],[127.138069,37.612829],[127.138208,37.613698],[127.138352,37.6142],[127.138629,37.614634],[127.139063,37.615014],[127.139606,37.615331],[127.140137,37.615591],[127.141236,37.61617],[127.14388,37.6173],[127.145838,37.618208],[127.147861,37.619174],[127.148363,37.619498],[127.148635,37.619753],[127.148897,37.620016],[127.149073,37.62019],[127.149271,37.620537],[127.149385,37.620853],[127.149424,37.621098],[127.149545,37.622268],[127.149669,37.623468],[127.149702,37.623786],[127.149929,37.624893],[127.150253,37.627008],[127.150306,37.627594],[127.150296,37.628159],[127.150206,37.62857],[127.15007,37.62887],[127.149914,37.62914],[127.149742,37.629351],[127.149084,37.629938],[127.148636,37.630302],[127.147407,37.631264],[127.146057,37.632348],[127.145072,37.632975],[127.144176,37.633427],[127.137855,37.636048],[127.135589,37.636927],[127.133343,37.637837],[127.132458,37.638308],[127.131738,37.638735],[127.130997,37.639254],[127.12988,37.640231],[127.128084,37.641849],[127.126698,37.643004]]}},{"type":"Feature","properties":{"color":"#7C4932","ref":"6"},"geometry":{"type":"LineString","coordinates":[[127.091107,37.617441],[127.089776,37.618043],[127.08633,37.619602],[127.085477,37.619896],[127.085016,37.619961],[127.083704,37.619807],[127.082245,37.619585],[127.080338,37.619222],[127.078624,37.618691],[127.077084,37.618158],[127.076691,37.618022],[127.075413,37.61758],[127.074505,37.617266],[127.073633,37.616977],[127.072152,37.616475],[127.070119,37.615865],[127.068539,37.61553],[127.065758,37.614918],[127.065423,37.614846],[127.064715,37.614686],[127.06444,37.614614],[127.063295,37.614242],[127.062617,37.613932],[127.062083,37.613637],[127.061786,37.613471],[127.061232,37.613161],[127.060897,37.612974],[127.056461,37.610571],[127.048232,37.606239],[127.044053,37.604071],[127.043509,37.603749],[127.043152,37.603496],[127.043068,37.603432],[127.042331,37.602851],[127.041779,37.602388],[127.041446,37.60195],[127.040988,37.601086],[127.040311,37.599881],[127.039727,37.598605],[127.039582,37.598248],[127.03897,37.596957],[127.037092,37.593418],[127.036315,37.592391],[127.036148,37.591778],[127.036068,37.590932],[127.035949,37.590198],[127.035859,37.589791],[127.035784,37.589503],[127.035693,37.589293],[127.035564,37.589155],[127.03289,37.5865],[127.032689,37.586434],[127.029336,37.586316]]}},{"type":"Feature","properties":{"color":"#7C4932","ref":"6"},"geometry":{"type":"LineString","coordinates":[[127.029336,37.586316],[127.027445,37.58624],[127.025278,37.586253],[127.02483,37.586297],[127.023663,37.586491],[127.022429,37.586316],[127.021452,37.586091],[127.021067,37.585968],[127.020584,37.585755],[127.019314,37.585301],[127.018792,37.585108],[127.017974,37.584821],[127.017303,37.58441],[127.016231,37.583623],[127.015785,37.583228],[127.015541,37.58282],[127.015163,37.581213],[127.01515,37.580437],[127.015221,37.579782],[127.015336,37.578678],[127.015375,37.577851],[127.015465,37.576814],[127.015579,37.575892],[127.015675,37.574834],[127.015561,37.573362],[127.015566,37.573134],[127.015573,37.573043],[127.015706,37.571397],[127.015809,37.570233],[127.015826,37.57001],[127.015973,37.568027],[127.016169,37.566405],[127.016193,37.565337],[127.015964,37.564099],[127.015462,37.563164],[127.013809,37.560305],[127.010729,37.555047],[127.010276,37.55422],[127.009931,37.553532],[127.009222,37.552374],[127.008673,37.551404],[127.008136,37.550554],[127.007607,37.549654],[127.007244,37.549021],[127.006987,37.548663],[127.006784,37.548477],[127.006597,37.548306],[127.006335,37.548142],[127.006053,37.547986],[127.005788,37.547858],[127.00555,37.547766],[127.005289,37.547659],[127.004926,37.547522],[127.004584,37.547384],[127.004254,37.547194],[127.003932,37.546995],[127.003569,37.546714],[127.003218,37.546421],[127.002974,37.546208],[127.002629,37.54582],[127.002375,37.545495],[127.002239,37.545202],[127.002108,37.54489],[127.002003,37.544503],[127.001924,37.544302],[127.001852,37.544022],[127.001804,37.543714],[127.001778,37.543463],[127.001836,37.542944],[127.001891,37.542535],[127.001899,37.542264],[127.001892,37.542072],[127.001909,37.541741],[127.00185,37.541167],[127.001718,37.539995],[127.001712,37.539825]]}},{"type":"Feature","properties":{"color":"#7C4932","ref":"6"},"geometry":{"type":"LineString","coordinates":[[127.001712,37.539825],[127.001655,37.538685],[127.001419,37.538024],[127.001261,37.53778],[127.001014,37.537455],[127.000499,37.536848],[127.00026,37.536595],[126.999669,37.536039],[126.998983,37.535486],[126.998179,37.534927],[126.997921,37.534807],[126.997647,37.534738],[126.997139,37.534683],[126.995885,37.534608],[126.994373,37.534526],[126.989266,37.534203],[126.988215,37.534143],[126.987614,37.534322],[126.987127,37.534558],[126.986525,37.534771],[126.985661,37.534964],[126.981681,37.53483],[126.976346,37.534625],[126.975906,37.534644],[126.975606,37.534687],[126.975406,37.534777],[126.974545,37.535309],[126.97394,37.535626],[126.97357,37.535796],[126.971011,37.536623],[126.966409,37.538018],[126.964204,37.538569],[126.961401,37.539337],[126.95817,37.540664],[126.955782,37.541789],[126.954303,37.542451],[126.951546,37.543686]]}},{"type":"Feature","properties":{"color":"#7C4932","ref":"6"},"geometry":{"type":"LineString","coordinates":[[126.951546,37.543686],[126.942359,37.547723]]}},{"type":"Feature","properties":{"color":"#7C4932","ref":"6"},"geometry":{"type":"LineString","coordinates":[[126.942359,37.547723],[126.940643,37.548465],[126.94045,37.548537],[126.940246,37.548601],[126.940069,37.548631],[126.93994,37.548635],[126.939785,37.548648],[126.939597,37.548643],[126.939275,37.548622],[126.938905,37.548558],[126.938615,37.548473],[126.938041,37.548282],[126.937425,37.548065],[126.936303,37.547682],[126.935906,37.54755],[126.935724,37.547508],[126.935515,37.547474],[126.935236,37.547453],[126.93493,37.547444],[126.934124,37.54743],[126.933276,37.547453],[126.93199,37.547487],[126.926041,37.547678],[126.924379,37.547732],[126.922925,37.547779],[126.918354,37.547952],[126.914183,37.548786],[126.913898,37.548895],[126.913683,37.549042],[126.913575,37.549155],[126.913255,37.549537],[126.913132,37.549913],[126.911716,37.554249],[126.910178,37.556007],[126.903414,37.56353],[126.902057,37.564939],[126.901563,37.565358],[126.900383,37.566126],[126.899745,37.56684],[126.899466,37.567759],[126.899332,37.570148],[126.899552,37.572682],[126.899782,37.57375],[126.900737,37.575501],[126.901479,37.576189],[126.906981,37.581349],[126.909893,37.584098],[126.911501,37.585604],[126.912115,37.586248],[126.912456,37.586712],[126.912846,37.587414],[126.913245,37.589107],[126.913589,37.590565],[126.913994,37.592256],[126.91458,37.59453],[126.914887,37.595717],[126.915245,37.597134],[126.915293,37.597324],[126.91548,37.598096],[126.915702,37.598774]]}},{"type":"Feature","properties":{"color":"#6b7280","ref":"2"},"geometry":{"type":"LineString","coordinates":[[126.910418,35.167313],[126.910313,35.1675],[126.910278,35.167692],[126.910311,35.167866],[126.911306,35.1705],[126.911541,35.171115],[126.911549,35.171133],[126.912371,35.173129],[126.912562,35.173509],[126.912615,35.173632],[126.912668,35.173773],[126.912731,35.173999],[126.912723,35.174156],[126.912709,35.174314],[126.912537,35.175481],[126.912523,35.175591],[126.91251,35.175695],[126.912442,35.175802],[126.912439,35.175838],[126.912429,35.1759],[126.912277,35.176905],[126.91206,35.178927],[126.911955,35.179909],[126.911985,35.180498],[126.911883,35.180682],[126.911503,35.181102],[126.911322,35.181292],[126.911155,35.181469],[126.911083,35.181533],[126.910982,35.181605],[126.91083,35.18169],[126.910612,35.181802],[126.909899,35.182124],[126.909089,35.182382],[126.908379,35.182567],[126.907585,35.182718],[126.907295,35.182839],[126.907088,35.183025],[126.906691,35.183602],[126.906283,35.184098],[126.906058,35.184194],[126.903186,35.184358],[126.901442,35.184495],[126.900707,35.184537],[126.89935,35.184626],[126.898954,35.18466],[126.898764,35.184743],[126.898622,35.185058],[126.898537,35.185403],[126.898517,35.185483],[126.898377,35.186052],[126.89834,35.1862],[126.898305,35.186543],[126.898304,35.186642],[126.898323,35.186712],[126.89834,35.18676],[126.89853,35.187297]]}},{"type":"Feature","properties":{"color":"#6b7280","ref":"2"},"geometry":{"type":"LineString","coordinates":[[126.89853,35.187297],[126.89873,35.187726],[126.898848,35.187984],[126.898972,35.188301],[126.899004,35.188406],[126.899017,35.188469],[126.899147,35.189467],[126.899187,35.190539],[126.899196,35.190689],[126.89919,35.19084],[126.899188,35.191024],[126.899157,35.191139],[126.899126,35.191242],[126.898828,35.192023],[126.89882,35.192046],[126.89877,35.192185],[126.898732,35.192314],[126.898651,35.192603],[126.898654,35.192698],[126.898653,35.192789],[126.898682,35.192949],[126.898704,35.193057],[126.898735,35.193168],[126.898791,35.193291],[126.898877,35.193435],[126.899033,35.193599],[126.899304,35.193806],[126.899442,35.193938],[126.899553,35.194069],[126.899653,35.194219],[126.899785,35.194481],[126.89985,35.194823],[126.899894,35.195462],[126.899993,35.197387],[126.899921,35.198309],[126.899921,35.19853],[126.899925,35.198879],[126.89992,35.199177],[126.8999,35.199446],[126.899881,35.199564],[126.89985,35.199703],[126.899823,35.199818],[126.899781,35.199993],[126.899427,35.201013],[126.898889,35.202348],[126.89881,35.202538],[126.898693,35.202638],[126.898559,35.202691],[126.898357,35.20269],[126.898151,35.202647],[126.897835,35.202572],[126.897024,35.202369],[126.895823,35.202049],[126.893111,35.201302],[126.891383,35.200613],[126.885532,35.198283],[126.884832,35.198021],[126.884,35.197826],[126.883165,35.197724],[126.882381,35.19771],[126.876979,35.197878],[126.876744,35.197913],[126.876638,35.197974],[126.876575,35.198063],[126.875981,35.198955],[126.875102,35.200498],[126.874838,35.200925],[126.874098,35.202167],[126.87402,35.202315],[126.873985,35.202381],[126.873906,35.202878],[126.873839,35.203418],[126.873781,35.20371],[126.873628,35.204722],[126.873569,35.205138],[126.87348,35.205816],[126.873451,35.206074],[126.873435,35.206427],[126.873444,35.206486],[126.873462,35.206587],[126.873923,35.209119],[126.874093,35.209965],[126.874241,35.210814],[126.874151,35.211115],[126.873958,35.211337],[126.873652,35.211471],[126.873145,35.211645],[126.872371,35.211913],[126.870363,35.212645],[126.868258,35.213342],[126.866241,35.213977],[126.86333,35.214786],[126.861999,35.215136],[126.861282,35.21541],[126.860734,35.215641]]}},{"type":"Feature","properties":{"color":"#6b7280","ref":"2"},"geometry":{"type":"LineString","coordinates":[[126.860734,35.215641],[126.856966,35.217236]]}},{"type":"Feature","properties":{"color":"#6b7280","ref":"2"},"geometry":{"type":"LineString","coordinates":[[126.856966,35.217236],[126.856249,35.2175],[126.855735,35.217607],[126.855307,35.217665],[126.848783,35.217706],[126.841972,35.217742],[126.841214,35.217744],[126.838767,35.217756],[126.837935,35.217731],[126.837309,35.217632],[126.836719,35.217445],[126.836032,35.217163],[126.833843,35.21596],[126.832835,35.215424],[126.832176,35.215043],[126.830862,35.214267],[126.82795,35.212155],[126.82681,35.211227],[126.826002,35.210479],[126.823779,35.208345],[126.822572,35.207166],[126.821794,35.20641],[126.820632,35.20529],[126.820405,35.20505],[126.820225,35.204822],[126.820072,35.204591],[126.819917,35.204315],[126.819761,35.20398],[126.819654,35.203653],[126.819587,35.203305],[126.819549,35.202945],[126.819536,35.202393],[126.81955,35.202263],[126.819611,35.202001],[126.819694,35.201716],[126.819911,35.201234],[126.820665,35.199699],[126.821675,35.197564],[126.822371,35.195963],[126.823265,35.194042],[126.823468,35.193518],[126.823576,35.19313],[126.823671,35.192735],[126.823758,35.19235],[126.823813,35.19171],[126.823824,35.191174],[126.823767,35.190689],[126.823647,35.189962],[126.823519,35.189558],[126.82336,35.189134],[126.82296,35.188288],[126.822289,35.187306],[126.821367,35.186359],[126.820294,35.185399],[126.819556,35.184711],[126.819103,35.1842],[126.818791,35.183746],[126.818242,35.18264],[126.818123,35.182378],[126.818033,35.182115],[126.817912,35.181697],[126.817821,35.181205],[126.817759,35.180736],[126.817704,35.180104],[126.81768,35.179797],[126.817707,35.179691],[126.817784,35.179504],[126.817905,35.179489],[126.818168,35.179455],[126.824661,35.179059],[126.824994,35.179035],[126.829006,35.178814],[126.830087,35.178771],[126.831002,35.178708],[126.832,35.178684],[126.832511,35.178599],[126.83376,35.17832]]}},{"type":"Feature","properties":{"color":"#6b7280","ref":"2"},"geometry":{"type":"LineString","coordinates":[[126.83376,35.17832],[126.834489,35.178151],[126.834839,35.178073],[126.835257,35.17798],[126.836159,35.177769],[126.836282,35.177739],[126.83683,35.177606],[126.837166,35.177532],[126.842798,35.176209],[126.847325,35.175175],[126.847617,35.17507],[126.847836,35.174945],[126.847986,35.174776],[126.848103,35.174605]]}},{"type":"Feature","properties":{"color":"#6b7280","ref":"2"},"geometry":{"type":"LineString","coordinates":[[126.848103,35.174605],[126.848213,35.174417],[126.848286,35.174181],[126.848262,35.168227],[126.848365,35.165902],[126.848353,35.16331],[126.848199,35.162532],[126.848033,35.161914],[126.847954,35.16158],[126.847901,35.161191],[126.84793,35.16099],[126.848013,35.160589],[126.848187,35.159848],[126.848228,35.158413],[126.848241,35.153418],[126.848273,35.152813],[126.848273,35.152206],[126.848182,35.151276],[126.848131,35.14817],[126.848179,35.147867],[126.848265,35.14771],[126.84841,35.147586],[126.84894,35.14735],[126.849079,35.147301],[126.84917,35.147273],[126.849389,35.14726],[126.849584,35.147306],[126.849904,35.147418],[126.850416,35.1476],[126.851087,35.147804],[126.851556,35.147992],[126.85207,35.148251],[126.852747,35.148558],[126.853005,35.148611],[126.853271,35.148613],[126.853528,35.148547],[126.854868,35.148257],[126.855359,35.148162],[126.855639,35.148092],[126.855904,35.148007],[126.856226,35.147843],[126.856489,35.147609],[126.856659,35.147271],[126.856851,35.146368],[126.857165,35.14435],[126.857267,35.14396],[126.857935,35.142435],[126.858429,35.141253],[126.85853,35.140897],[126.858584,35.14057],[126.858648,35.139905],[126.858795,35.139222],[126.858947,35.137686],[126.858999,35.136548],[126.859087,35.13571],[126.859061,35.134857],[126.859194,35.133394],[126.859303,35.133082],[126.859541,35.132825],[126.859729,35.132713],[126.859928,35.132644],[126.860825,35.132628],[126.865139,35.132686],[126.866253,35.13273],[126.866678,35.132786],[126.869291,35.133226],[126.869913,35.133361],[126.870388,35.133595],[126.871337,35.134144],[126.871692,35.134299],[126.87185,35.134319],[126.872,35.134288],[126.872145,35.13419],[126.872357,35.133878],[126.87313,35.132433],[126.874346,35.12981],[126.874556,35.129197],[126.874664,35.128774],[126.874842,35.127497],[126.874923,35.127272],[126.875098,35.127098],[126.875369,35.126931],[126.875578,35.12685],[126.875778,35.126814],[126.875963,35.126798],[126.876268,35.126815],[126.8766,35.126899],[126.878515,35.127602],[126.878869,35.127682],[126.879209,35.127733],[126.881645,35.127984],[126.882294,35.128047],[126.8827,35.128114],[126.883081,35.128204],[126.883285,35.12828],[126.883327,35.128294],[126.883762,35.128486],[126.886429,35.130127],[126.886961,35.130478],[126.887806,35.130917],[126.888536,35.13113],[126.890235,35.13161],[126.892606,35.132587],[126.894109,35.133366],[126.894123,35.133341],[126.895873,35.133875],[126.896228,35.133957],[126.896496,35.134031],[126.897506,35.134349],[126.898498,35.134611],[126.898729,35.134651],[126.898845,35.134649],[126.898967,35.134626],[126.899017,35.134611],[126.899227,35.134497],[126.90067,35.133547],[126.901161,35.133306],[126.901577,35.133243],[126.901765,35.133238],[126.902132,35.133267],[126.902478,35.133295],[126.902834,35.13332],[126.903152,35.133338],[126.903884,35.133398],[126.90503,35.133523],[126.905922,35.133595],[126.908614,35.133807],[126.909891,35.133924],[126.911129,35.134069],[126.912816,35.134213],[126.914753,35.134398],[126.915274,35.134459],[126.915662,35.13453],[126.916315,35.134646],[126.916846,35.134875],[126.917029,35.134981],[126.917724,35.135456],[126.918114,35.135703],[126.918554,35.136026],[126.918711,35.136134],[126.919431,35.136693],[126.919708,35.136903],[126.920129,35.13721],[126.92049,35.137486],[126.920646,35.13761],[126.920912,35.137806],[126.921146,35.137979],[126.921558,35.138244],[126.921959,35.138501],[126.922111,35.138603],[126.922319,35.138754],[126.92249,35.138906],[126.922612,35.139016],[126.922664,35.139072],[126.922725,35.139141],[126.92279,35.13924],[126.922919,35.139433],[126.922989,35.139536],[126.923392,35.14022],[126.923537,35.140437],[126.923821,35.140898],[126.924163,35.141454],[126.926043,35.14441],[126.927646,35.146944],[126.928194,35.147801],[126.929221,35.149245],[126.929243,35.149275],[126.930231,35.150653],[126.930349,35.150841],[126.930382,35.150902],[126.931791,35.154452],[126.93185,35.154639],[126.93188,35.154844],[126.931872,35.155121],[126.931153,35.158671],[126.931022,35.159275],[126.930848,35.159957],[126.930719,35.160343],[126.930609,35.160577],[126.930429,35.160867],[126.930195,35.161175],[126.929891,35.161498],[126.9294,35.16192],[126.929094,35.162108],[126.928642,35.162333],[126.928394,35.16244],[126.928071,35.162546],[126.926809,35.162893],[126.925598,35.163238],[126.924278,35.163628],[126.923072,35.163953],[126.922445,35.164109],[126.921282,35.164377],[126.919588,35.164765],[126.916329,35.165501],[126.913209,35.166346],[126.911532,35.166794],[126.910817,35.166983],[126.910552,35.167158],[126.910418,35.167313]]}},{"type":"Feature","properties":{"color":"#BB8C00","ref":"3"},"geometry":{"type":"LineString","coordinates":[[128.960181,35.213378],[128.961084,35.213288],[128.961824,35.213214],[128.962463,35.213151],[128.96305,35.213093],[128.964483,35.21295],[128.968495,35.212551],[128.969372,35.212464],[128.970116,35.21239],[128.972875,35.212116],[128.975103,35.211895],[128.978052,35.211602],[128.981027,35.211306],[128.981946,35.211215],[128.982647,35.211145],[128.98328,35.21106],[128.984045,35.210974],[128.984453,35.210913],[128.984875,35.210822],[128.98527,35.210704],[128.985761,35.210519],[128.986356,35.210193],[128.987177,35.209638],[128.992544,35.206042],[128.992694,35.205941],[128.992878,35.205837],[128.993072,35.205745],[128.993229,35.20568],[128.993413,35.205618],[128.993586,35.205573],[128.993794,35.205531],[128.993959,35.205518],[128.994217,35.205507],[128.994401,35.205518],[128.994597,35.20554],[128.994833,35.205595],[128.995001,35.205648],[128.995183,35.205709],[128.995367,35.205798],[128.995531,35.2059],[128.995678,35.20602],[128.995837,35.206162]]}},{"type":"Feature","properties":{"color":"#BB8C00","ref":"3"},"geometry":{"type":"LineString","coordinates":[[128.995837,35.206162],[128.996374,35.20668],[128.996923,35.20721]]}},{"type":"Feature","properties":{"color":"#BB8C00","ref":"3"},"geometry":{"type":"LineString","coordinates":[[128.996923,35.20721],[128.998049,35.208307]]}},{"type":"Feature","properties":{"color":"#BB8C00","ref":"3"},"geometry":{"type":"LineString","coordinates":[[128.998049,35.208307],[128.998087,35.208344],[128.998938,35.209175],[128.999118,35.20933],[128.999287,35.209468],[128.999474,35.209592],[128.999683,35.209705],[128.999907,35.209808]]}},{"type":"Feature","properties":{"color":"#BB8C00","ref":"3"},"geometry":{"type":"LineString","coordinates":[[128.999907,35.209808],[129.000344,35.209944],[129.000752,35.210033],[129.001143,35.210063],[129.001551,35.210033],[129.002039,35.209928],[129.002586,35.209765],[129.003069,35.209686],[129.003573,35.209686],[129.004029,35.20973],[129.004491,35.20984],[129.005037,35.209987],[129.005276,35.210083]]}},{"type":"Feature","properties":{"color":"#F06A00","ref":"1"},"geometry":{"type":"LineString","coordinates":[[128.960689,35.049683],[128.962025,35.049272],[128.965051,35.048342]]}},{"type":"Feature","properties":{"color":"#F06A00","ref":"1"},"geometry":{"type":"LineString","coordinates":[[128.965051,35.048342],[128.965699,35.048154],[128.966155,35.048022]]}},{"type":"Feature","properties":{"color":"#F06A00","ref":"1"},"geometry":{"type":"LineString","coordinates":[[128.966155,35.048022],[128.966918,35.0478],[128.967886,35.047515],[128.968811,35.047578],[128.969305,35.04781],[128.969745,35.048161],[128.969781,35.048269],[128.970483,35.050364],[128.971145,35.052163],[128.971119,35.052914],[128.971009,35.053428],[128.97067,35.055533],[128.970806,35.056415],[128.971374,35.05761],[128.97152,35.057855],[128.972055,35.058752],[128.972559,35.059165],[128.973854,35.059657],[128.974305,35.059966],[128.974933,35.060697],[128.975628,35.061145],[128.977246,35.061883],[128.978361,35.062723],[128.978797,35.062887],[128.979447,35.063074],[128.979691,35.063491],[128.979691,35.064054],[128.979684,35.064659],[128.9799,35.065419],[128.980061,35.065983],[128.980016,35.066751],[128.979595,35.067446],[128.978354,35.068734],[128.977874,35.069454],[128.977032,35.071964],[128.976696,35.072823],[128.976707,35.073199],[128.976847,35.074248],[128.976924,35.074626],[128.977214,35.076038],[128.977574,35.078096],[128.977594,35.079277],[128.977475,35.08086],[128.977499,35.081931],[128.977513,35.082528],[128.977599,35.083972],[128.977802,35.087808],[128.97792,35.089361],[128.977791,35.089567],[128.977399,35.089672],[128.975075,35.089851],[128.973453,35.089897],[128.971111,35.089964],[128.966751,35.090122],[128.963502,35.090094],[128.962467,35.090102],[128.961759,35.090357],[128.961512,35.09051],[128.961135,35.090857],[128.960868,35.091281],[128.960833,35.091605],[128.960798,35.091916],[128.960759,35.092524]]}},{"type":"Feature","properties":{"color":"#F06A00","ref":"1"},"geometry":{"type":"LineString","coordinates":[[128.960759,35.092524],[128.960748,35.093017],[128.960739,35.09355],[128.960737,35.093684],[128.960735,35.093801],[128.960737,35.094053],[128.96073,35.094127],[128.960711,35.094477],[128.960693,35.095492],[128.960685,35.095967],[128.960672,35.096754],[128.960686,35.097591],[128.960715,35.098313]]}},{"type":"Feature","properties":{"color":"#F06A00","ref":"1"},"geometry":{"type":"LineString","coordinates":[[128.960715,35.098313],[128.960706,35.098503],[128.96074,35.098832],[128.960747,35.099429],[128.960755,35.100683],[128.960792,35.10157],[128.960803,35.102228],[128.960878,35.102702],[128.960969,35.103317],[128.961071,35.103887],[128.961178,35.104405],[128.961385,35.104848],[128.961618,35.105151],[128.961853,35.105485],[128.962181,35.105819],[128.962315,35.105942],[128.962523,35.106029],[128.962961,35.106155],[128.963279,35.10623],[128.964013,35.106235],[128.964413,35.106239],[128.965618,35.106231],[128.966795,35.106236],[128.967699,35.10624],[128.968218,35.106215],[128.968302,35.106174],[128.968367,35.106128],[128.968468,35.106028],[128.968711,35.105757],[128.968907,35.105534],[128.969289,35.10516],[128.969563,35.104967],[128.970022,35.104725],[128.971451,35.104225],[128.973824,35.103446],[128.9739,35.103421],[128.976124,35.102658],[128.976649,35.102474],[128.976944,35.102325],[128.97787,35.101758],[128.97949,35.100763],[128.979881,35.100558],[128.980488,35.100353],[128.981512,35.100113],[128.983089,35.099798],[128.984244,35.099567],[128.986304,35.099142],[128.986827,35.099048],[128.987253,35.099047],[128.988137,35.099111],[128.988267,35.09912],[128.989315,35.099191],[128.989983,35.099241],[128.990408,35.099284],[128.992072,35.099766],[128.992836,35.099998],[128.993177,35.100101]]}},{"type":"Feature","properties":{"color":"#F06A00","ref":"1"},"geometry":{"type":"LineString","coordinates":[[128.993177,35.100101],[128.994234,35.100324],[128.994813,35.100543],[128.995744,35.100973],[128.998147,35.102144],[128.999555,35.102931],[128.999987,35.103156],[129.000076,35.103203],[129.000743,35.10358],[129.001969,35.104272],[129.002049,35.10432],[129.008788,35.10832],[129.009378,35.108846],[129.009683,35.109149],[129.01015,35.109645],[129.01066,35.110088],[129.01071,35.110123],[129.011121,35.110404],[129.011542,35.110619],[129.012045,35.11085],[129.012336,35.110984],[129.012677,35.111101],[129.014576,35.111771],[129.015313,35.11185],[129.015737,35.111828],[129.016137,35.111765],[129.016567,35.111589],[129.01695,35.111357],[129.017321,35.111018],[129.017759,35.11032],[129.017901,35.11008],[129.017942,35.110003],[129.018008,35.109855],[129.018234,35.10943],[129.018368,35.109246],[129.018953,35.108741],[129.019581,35.108232],[129.020005,35.107872],[129.020106,35.107745],[129.020187,35.107525],[129.020206,35.107354],[129.020208,35.107261],[129.020187,35.106923],[129.020121,35.10583],[129.02009,35.105377],[129.020083,35.105279],[129.020075,35.1052],[129.020005,35.103593],[129.019937,35.102386],[129.019793,35.100764],[129.019761,35.100403],[129.019705,35.0995],[129.019763,35.0992],[129.01992,35.098881],[129.020012,35.098737],[129.020157,35.098501],[129.02041,35.098172],[129.02184,35.096865],[129.022109,35.096686],[129.022354,35.09659],[129.023165,35.096538],[129.024055,35.096474],[129.024626,35.096604],[129.025494,35.096969],[129.026712,35.097285],[129.030157,35.098177],[129.030511,35.098251],[129.030664,35.098265],[129.03083,35.098248],[129.032363,35.097841],[129.033215,35.097651],[129.03334,35.097635],[129.033728,35.097607],[129.034075,35.097668],[129.034897,35.097886],[129.035279,35.097987],[129.035547,35.098096],[129.035866,35.098394],[129.036565,35.099184],[129.036618,35.099358],[129.036645,35.099494],[129.036528,35.101245],[129.036505,35.101686],[129.036409,35.103097],[129.036369,35.103842],[129.036323,35.104721],[129.036306,35.10499],[129.036248,35.106564],[129.036245,35.10684],[129.036285,35.107109],[129.036401,35.107485],[129.03679,35.108386],[129.037235,35.109338],[129.037715,35.110553],[129.038048,35.111523],[129.038179,35.111808],[129.03834,35.112199],[129.038694,35.112993],[129.039381,35.11449],[129.039657,35.115099],[129.039936,35.115599],[129.040609,35.116745],[129.041468,35.11825],[129.042374,35.119953],[129.04303,35.121181],[129.043654,35.122348],[129.044375,35.123647],[129.044997,35.124788],[129.045099,35.124963],[129.045266,35.125165],[129.045807,35.125705],[129.047503,35.127385],[129.049118,35.128959],[129.049342,35.129186],[129.049615,35.129461],[129.051735,35.131604],[129.053449,35.133362],[129.054395,35.134306],[129.054492,35.134405],[129.054972,35.134874],[129.055399,35.135278],[129.056048,35.135923],[129.056402,35.136282],[129.056869,35.136735],[129.057109,35.136896],[129.057541,35.137144],[129.057887,35.137356],[129.058378,35.137705],[129.058717,35.137958],[129.058956,35.138181],[129.059151,35.138431],[129.059316,35.138752],[129.059383,35.139055],[129.0594,35.139345],[129.059401,35.139946],[129.059374,35.140678],[129.059373,35.140964],[129.059369,35.142161],[129.059342,35.143336],[129.059283,35.144903],[129.059245,35.14724],[129.059253,35.147934],[129.059267,35.14867],[129.059205,35.152179],[129.059177,35.15446],[129.059156,35.155338]]}},{"type":"Feature","properties":{"color":"#F06A00","ref":"1"},"geometry":{"type":"LineString","coordinates":[[129.059156,35.155338],[129.059171,35.15554],[129.059151,35.156015],[129.059146,35.156822],[129.059157,35.157065],[129.059191,35.157319],[129.059267,35.157631],[129.059291,35.157698],[129.059344,35.157846],[129.059454,35.158043],[129.059526,35.158165],[129.059599,35.158289],[129.059688,35.158396],[129.059875,35.158644],[129.062347,35.161646],[129.062683,35.16213],[129.062995,35.162574],[129.064202,35.164095],[129.066037,35.166434],[129.067496,35.168292],[129.068262,35.169324],[129.068887,35.170049],[129.069212,35.170445],[129.069698,35.171048],[129.069983,35.171404],[129.070564,35.172127],[129.07135,35.173128],[129.072562,35.174589],[129.073185,35.175392],[129.073554,35.175932],[129.074263,35.176775],[129.074848,35.177538],[129.075242,35.178058],[129.075823,35.178786],[129.076441,35.179578],[129.076569,35.179727],[129.076996,35.180213],[129.077758,35.181152],[129.078117,35.18167],[129.078261,35.181852],[129.078671,35.182369],[129.078833,35.182562],[129.079361,35.183221],[129.080024,35.18405],[129.080373,35.184477],[129.080902,35.185125],[129.081073,35.185364],[129.081279,35.185642],[129.081358,35.185766],[129.081422,35.1859],[129.081451,35.186006],[129.081468,35.186071],[129.081486,35.186238],[129.081482,35.186388],[129.081431,35.18673],[129.081381,35.186955],[129.080684,35.18977],[129.080072,35.192149]]}},{"type":"Feature","properties":{"color":"#F06A00","ref":"1"},"geometry":{"type":"LineString","coordinates":[[129.080072,35.192149],[129.079898,35.193171],[129.079879,35.193604],[129.079873,35.194291],[129.079984,35.195033],[129.08001,35.195372],[129.080021,35.195555],[129.07998,35.196152],[129.079896,35.196628],[129.079705,35.1974]]}},{"type":"Feature","properties":{"color":"#F06A00","ref":"1"},"geometry":{"type":"LineString","coordinates":[[129.079705,35.1974],[129.079641,35.197635],[129.079268,35.199202],[129.079152,35.199647],[129.078963,35.200422],[129.078759,35.201257],[129.078667,35.201624],[129.078557,35.202127],[129.078539,35.20232],[129.078514,35.202535],[129.078499,35.202843],[129.078504,35.204029],[129.07851,35.204725],[129.078496,35.205747],[129.078485,35.206495],[129.078485,35.206547],[129.078471,35.207618],[129.078453,35.209269],[129.07845,35.209508],[129.078477,35.2098],[129.07852,35.210091],[129.078598,35.210475],[129.078686,35.210783],[129.07878,35.211023],[129.078925,35.211364],[129.07907,35.211651],[129.079209,35.211869],[129.079877,35.212845],[129.080231,35.213331],[129.08022,35.213353],[129.080615,35.213961],[129.080837,35.214291],[129.080933,35.214418],[129.081089,35.214618],[129.081167,35.214706],[129.081318,35.214857],[129.081454,35.214994],[129.081695,35.215191],[129.081797,35.215268],[129.082076,35.215457],[129.082337,35.215629],[129.08261,35.215796],[129.082863,35.215949],[129.083109,35.216124],[129.083261,35.216248],[129.083404,35.216379],[129.083707,35.216681],[129.083932,35.21696],[129.084032,35.217086],[129.084584,35.217755],[129.085166,35.218461],[129.085732,35.219204],[129.085871,35.21939],[129.085939,35.219492],[129.085963,35.219532],[129.086531,35.220533],[129.08682,35.221043],[129.086843,35.221078],[129.087304,35.221913],[129.087623,35.222525],[129.087986,35.223184],[129.088261,35.223698],[129.088361,35.223885],[129.088517,35.224223],[129.08861,35.22444],[129.088763,35.224825],[129.088841,35.225057],[129.088871,35.225189],[129.088965,35.225561],[129.089047,35.226093],[129.089064,35.226295],[129.089088,35.226462],[129.089211,35.227345],[129.08935,35.228312],[129.089377,35.228531],[129.089394,35.228716],[129.089419,35.228878],[129.089419,35.229264],[129.089401,35.229461],[129.089358,35.229947],[129.08924,35.230582]]}},{"type":"Feature","properties":{"color":"#F06A00","ref":"1"},"geometry":{"type":"LineString","coordinates":[[129.08924,35.230582],[129.089237,35.230593],[129.089181,35.231017],[129.089158,35.231188],[129.08915,35.23133],[129.089147,35.231466],[129.089155,35.231654],[129.089171,35.231821],[129.089393,35.233183],[129.089474,35.2336],[129.089494,35.233768],[129.089495,35.233903],[129.089493,35.234115],[129.08948,35.234325],[129.089458,35.234527],[129.089396,35.234796],[129.089367,35.234901],[129.088934,35.235956],[129.088433,35.237132],[129.088342,35.237345],[129.088311,35.23745],[129.088251,35.237631],[129.088217,35.237771],[129.088182,35.237915],[129.088157,35.238036],[129.088131,35.23815],[129.088105,35.238332],[129.088097,35.238518],[129.088097,35.238649],[129.088105,35.238781],[129.088113,35.238838]]}},{"type":"Feature","properties":{"color":"#F06A00","ref":"1"},"geometry":{"type":"LineString","coordinates":[[129.088113,35.238838],[129.088114,35.238853],[129.088138,35.239057],[129.08823,35.239846],[129.088253,35.240011],[129.088342,35.240355],[129.088486,35.240732],[129.088594,35.240928],[129.088709,35.241124],[129.088835,35.241277],[129.088975,35.241458],[129.089187,35.241682],[129.089516,35.241994],[129.090031,35.242476],[129.090211,35.242657],[129.090335,35.242783],[129.090451,35.242935],[129.090585,35.243119],[129.090635,35.243196],[129.0907,35.2433],[129.090735,35.243368],[129.090815,35.243533],[129.090885,35.243684],[129.090917,35.243781],[129.090944,35.243866],[129.091022,35.244131],[129.091051,35.244355],[129.091075,35.244508],[129.091096,35.244708],[129.091145,35.245407],[129.091263,35.246484],[129.09128,35.2466],[129.091321,35.247575],[129.091382,35.248041]]}},{"type":"Feature","properties":{"color":"#F06A00","ref":"1"},"geometry":{"type":"LineString","coordinates":[[129.091382,35.248041],[129.091384,35.248122],[129.091386,35.248188],[129.091446,35.249147],[129.091526,35.250078],[129.091612,35.251173],[129.091722,35.252266],[129.091776,35.252932],[129.09178,35.253106],[129.091792,35.253512],[129.091773,35.25374],[129.091738,35.254058],[129.091708,35.254317]]}},{"type":"Feature","properties":{"color":"#F06A00","ref":"1"},"geometry":{"type":"LineString","coordinates":[[129.091708,35.254317],[129.091609,35.254996],[129.091493,35.255848],[129.091423,35.256545],[129.091403,35.256921]]}},{"type":"Feature","properties":{"color":"#F06A00","ref":"1"},"geometry":{"type":"LineString","coordinates":[[129.091403,35.256921],[129.091403,35.257064],[129.091404,35.257211],[129.091441,35.258373],[129.091463,35.259454],[129.09146,35.260354],[129.091699,35.26136],[129.092505,35.264811],[129.092579,35.265231],[129.09281,35.266549],[129.092834,35.267085],[129.09279,35.2723],[129.092764,35.273155],[129.092715,35.27475],[129.093052,35.276625],[129.093127,35.276882],[129.093178,35.277047],[129.093696,35.278816]]}},{"type":"Feature","properties":{"color":"#F06A00","ref":"1"},"geometry":{"type":"LineString","coordinates":[[129.093696,35.278816],[129.093872,35.279891],[129.093917,35.280169],[129.093955,35.280373],[129.093998,35.280566],[129.094047,35.280733],[129.094155,35.281093],[129.094386,35.281742],[129.094654,35.282655]]}},{"type":"Feature","properties":{"color":"#F06A00","ref":"1"},"geometry":{"type":"LineString","coordinates":[[129.094654,35.282655],[129.095122,35.283868]]}},{"type":"Feature","properties":{"color":"#004A85","ref":"1"},"geometry":{"type":"LineString","coordinates":[[127.060746,37.947105],[127.060793,37.947099],[127.060858,37.947543],[127.060866,37.947604],[127.060944,37.948175],[127.061032,37.948931],[127.060969,37.948931],[127.0609,37.948289],[127.060785,37.947448],[127.060746,37.947105]]}},{"type":"Feature","properties":{"color":"#004A85","ref":"1"},"geometry":{"type":"LineString","coordinates":[[127.060723,37.947162],[127.060697,37.947011],[127.060605,37.946584],[127.060532,37.946391],[127.060457,37.946187]]}},{"type":"Feature","properties":{"color":"#004A85","ref":"1"},"geometry":{"type":"LineString","coordinates":[[127.060457,37.946187],[127.060177,37.94556],[127.059988,37.945225],[127.05947,37.944605],[127.058907,37.944047]]}},{"type":"Feature","properties":{"color":"#004A85","ref":"1"},"geometry":{"type":"LineString","coordinates":[[127.058042,37.943131],[127.058907,37.944047]]}},{"type":"Feature","properties":{"color":"#004A85","ref":"1"},"geometry":{"type":"LineString","coordinates":[[127.056714,37.941682],[127.05714,37.942148],[127.05772,37.94278],[127.058042,37.943131]]}},{"type":"Feature","properties":{"color":"#004A85","ref":"1"},"geometry":{"type":"LineString","coordinates":[[127.056455,37.94136],[127.056714,37.941682]]}},{"type":"Feature","properties":{"color":"#004A85","ref":"1"},"geometry":{"type":"LineString","coordinates":[[127.055073,37.939007],[127.055191,37.939245],[127.055199,37.939262],[127.055533,37.939965],[127.055987,37.940717],[127.056257,37.941087],[127.056455,37.94136]]}},{"type":"Feature","properties":{"color":"#004A85","ref":"1"},"geometry":{"type":"LineString","coordinates":[[127.054799,37.938382],[127.055073,37.939007]]}},{"type":"Feature","properties":{"color":"#004A85","ref":"1"},"geometry":{"type":"LineString","coordinates":[[127.053735,37.935803],[127.053832,37.936146],[127.053933,37.93641],[127.054135,37.936932],[127.054443,37.937598],[127.054668,37.938102],[127.054799,37.938382]]}},{"type":"Feature","properties":{"color":"#004A85","ref":"1"},"geometry":{"type":"LineString","coordinates":[[127.053735,37.935803],[127.053704,37.935649],[127.053682,37.93554],[127.053677,37.935512],[127.053662,37.935409],[127.053635,37.935207],[127.053605,37.934651],[127.05363,37.934182],[127.053677,37.933842],[127.053781,37.933235],[127.053872,37.93278]]}},{"type":"Feature","properties":{"color":"#004A85","ref":"1"},"geometry":{"type":"LineString","coordinates":[[127.054041,37.931859],[127.053962,37.932262],[127.053872,37.93278]]}},{"type":"Feature","properties":{"color":"#004A85","ref":"1"},"geometry":{"type":"LineString","coordinates":[[127.05407,37.931702],[127.054041,37.931859]]}},{"type":"Feature","properties":{"color":"#004A85","ref":"1"},"geometry":{"type":"LineString","coordinates":[[127.05407,37.931702],[127.054152,37.931431],[127.054207,37.931258]]}},{"type":"Feature","properties":{"color":"#004A85","ref":"1"},"geometry":{"type":"LineString","coordinates":[[127.054207,37.931258],[127.054242,37.931047],[127.054365,37.93041]]}},{"type":"Feature","properties":{"color":"#004A85","ref":"1"},"geometry":{"type":"LineString","coordinates":[[127.054365,37.93041],[127.054398,37.930248],[127.054553,37.929412],[127.054689,37.92844],[127.05502,37.926692],[127.055285,37.925272],[127.055472,37.924311]]}},{"type":"Feature","properties":{"color":"#004A85","ref":"1"},"geometry":{"type":"LineString","coordinates":[[127.055472,37.924311],[127.055491,37.9242],[127.055521,37.92403]]}},{"type":"Feature","properties":{"color":"#004A85","ref":"1"},"geometry":{"type":"LineString","coordinates":[[127.055521,37.92403],[127.055573,37.923763],[127.055602,37.923618],[127.055681,37.923217],[127.055802,37.922593]]}},{"type":"Feature","properties":{"color":"#004A85","ref":"1"},"geometry":{"type":"LineString","coordinates":[[127.055802,37.922593],[127.056017,37.921479],[127.056569,37.918231],[127.05709,37.915314],[127.057244,37.914476],[127.057321,37.913671],[127.057334,37.913301],[127.057335,37.91251],[127.057265,37.911476],[127.056771,37.904567],[127.056722,37.904065]]}},{"type":"Feature","properties":{"color":"#004A85","ref":"1"},"geometry":{"type":"LineString","coordinates":[[127.056722,37.904065],[127.056642,37.903102],[127.056491,37.900856],[127.056347,37.899201]]}},{"type":"Feature","properties":{"color":"#004A85","ref":"1"},"geometry":{"type":"LineString","coordinates":[[127.056347,37.899201],[127.056327,37.898791],[127.056168,37.896422],[127.056041,37.895048],[127.056005,37.894579]]}},{"type":"Feature","properties":{"color":"#004A85","ref":"1"},"geometry":{"type":"LineString","coordinates":[[127.056005,37.894579],[127.055777,37.891526],[127.055633,37.889712]]}},{"type":"Feature","properties":{"color":"#004A85","ref":"1"},"geometry":{"type":"LineString","coordinates":[[127.055633,37.889712],[127.055409,37.886585],[127.055089,37.882432],[127.055081,37.882203],[127.055095,37.881474],[127.05511,37.8811],[127.055194,37.880605],[127.055306,37.880169],[127.055444,37.879747],[127.055822,37.878928],[127.056117,37.878426],[127.056397,37.87804],[127.057585,37.876434],[127.058146,37.875662],[127.058337,37.875336]]}},{"type":"Feature","properties":{"color":"#004A85","ref":"1"},"geometry":{"type":"LineString","coordinates":[[127.058337,37.875336],[127.058444,37.875159],[127.05902,37.874197],[127.059233,37.873637],[127.06042,37.870462]]}},{"type":"Feature","properties":{"color":"#004A85","ref":"1"},"geometry":{"type":"LineString","coordinates":[[127.06042,37.870462],[127.060855,37.869296],[127.061148,37.868328],[127.061275,37.867766],[127.061298,37.867353],[127.061281,37.866333],[127.061134,37.863525],[127.061007,37.861603],[127.060806,37.85704],[127.060679,37.853326],[127.06066,37.852271]]}},{"type":"Feature","properties":{"color":"#004A85","ref":"1"},"geometry":{"type":"LineString","coordinates":[[127.06066,37.852271],[127.060716,37.850609],[127.060969,37.848569],[127.061163,37.846875],[127.061185,37.846678],[127.06122,37.846368],[127.061285,37.845778]]}},{"type":"Feature","properties":{"color":"#004A85","ref":"1"},"geometry":{"type":"LineString","coordinates":[[127.061285,37.845778],[127.061462,37.844369],[127.061681,37.84242],[127.062025,37.839258]]}},{"type":"Feature","properties":{"color":"#004A85","ref":"1"},"geometry":{"type":"LineString","coordinates":[[127.062025,37.839258],[127.062054,37.839009],[127.062113,37.83851],[127.062248,37.837369]]}},{"type":"Feature","properties":{"color":"#004A85","ref":"1"},"geometry":{"type":"LineString","coordinates":[[127.062248,37.837369],[127.062304,37.836891],[127.062547,37.834837],[127.062954,37.831269],[127.062934,37.830577],[127.062931,37.830469],[127.062827,37.829705],[127.062629,37.828994],[127.062381,37.828385],[127.062034,37.827759],[127.061505,37.827014],[127.060105,37.825456],[127.059222,37.824331],[127.058536,37.8232],[127.057259,37.820106],[127.05723,37.820034],[127.05716,37.819864],[127.057092,37.819694]]}},{"type":"Feature","properties":{"color":"#004A85","ref":"1"},"geometry":{"type":"LineString","coordinates":[[127.057092,37.819694],[127.056402,37.817964],[127.056355,37.817852]]}},{"type":"Feature","properties":{"color":"#004A85","ref":"1"},"geometry":{"type":"LineString","coordinates":[[127.056355,37.817852],[127.056279,37.817677],[127.055878,37.816806],[127.055497,37.816064],[127.055127,37.815532],[127.054564,37.81481],[127.052008,37.812202],[127.051727,37.811925],[127.051087,37.81119],[127.050753,37.810603],[127.050468,37.809927],[127.050323,37.809404],[127.050266,37.809123],[127.050241,37.808806],[127.050235,37.808504],[127.050243,37.808332],[127.050262,37.80813],[127.050288,37.807894],[127.050329,37.807621],[127.050381,37.80733],[127.050619,37.806116],[127.050661,37.805851],[127.050712,37.805517],[127.050747,37.805226],[127.050765,37.804918],[127.050763,37.804619],[127.050755,37.804317],[127.050729,37.803988],[127.050686,37.803707],[127.05064,37.80341],[127.050598,37.803196],[127.050549,37.802993],[127.050497,37.802815],[127.050408,37.802533],[127.050243,37.802012]]}},{"type":"Feature","properties":{"color":"#004A85","ref":"1"},"geometry":{"type":"LineString","coordinates":[[127.050243,37.802012],[127.049516,37.799792],[127.049414,37.799465],[127.049312,37.799115],[127.049245,37.798773],[127.049204,37.798439],[127.049183,37.798174],[127.049178,37.797904],[127.049191,37.797616],[127.049213,37.797402],[127.049258,37.797055],[127.049333,37.796688],[127.049412,37.796349],[127.049513,37.795982],[127.049706,37.795359],[127.049853,37.79488],[127.050052,37.794185],[127.05021,37.79354],[127.050334,37.793076],[127.050451,37.792668],[127.050918,37.791064],[127.051021,37.790682],[127.051083,37.790407],[127.051126,37.790154],[127.05116,37.789901],[127.051187,37.789601],[127.05119,37.789255],[127.051172,37.788958],[127.051131,37.788589],[127.050986,37.787592],[127.050897,37.787012],[127.050802,37.786442]]}},{"type":"Feature","properties":{"color":"#004A85","ref":"1"},"geometry":{"type":"LineString","coordinates":[[127.050802,37.786442],[127.050772,37.786273],[127.050744,37.786133],[127.050695,37.785916],[127.050642,37.785729],[127.050595,37.78558],[127.050534,37.785417],[127.050432,37.785171],[127.050265,37.784839],[127.050133,37.784619],[127.050007,37.784428],[127.04982,37.784174],[127.049594,37.783906],[127.049438,37.783737],[127.049245,37.783546],[127.048373,37.782736],[127.047592,37.782018],[127.047176,37.781639],[127.046794,37.781275],[127.046546,37.781038],[127.046319,37.78079],[127.046117,37.780551],[127.045896,37.780258],[127.045713,37.779979],[127.045619,37.779833]]}},{"type":"Feature","properties":{"color":"#004A85","ref":"1"},"geometry":{"type":"LineString","coordinates":[[127.045619,37.779833],[127.045542,37.779686],[127.045447,37.779467],[127.045328,37.779159],[127.04523,37.778842],[127.045167,37.778569],[127.045132,37.778349],[127.045098,37.778098],[127.045061,37.777801],[127.045036,37.777523],[127.045016,37.777297],[127.044978,37.776865],[127.044968,37.776756],[127.044956,37.776615]]}},{"type":"Feature","properties":{"color":"#004A85","ref":"1"},"geometry":{"type":"LineString","coordinates":[[127.044956,37.776615],[127.044931,37.776084],[127.044919,37.775833],[127.044862,37.775131]]}},{"type":"Feature","properties":{"color":"#004A85","ref":"1"},"geometry":{"type":"LineString","coordinates":[[127.044862,37.775131],[127.044779,37.774203],[127.044704,37.773315],[127.044697,37.773254]]}},{"type":"Feature","properties":{"color":"#004A85","ref":"1"},"geometry":{"type":"LineString","coordinates":[[127.044697,37.773254],[127.04469,37.77316],[127.044645,37.772559],[127.044545,37.770999]]}},{"type":"Feature","properties":{"color":"#004A85","ref":"1"},"geometry":{"type":"LineString","coordinates":[[127.044545,37.770999],[127.044534,37.770846]]}},{"type":"Feature","properties":{"color":"#004A85","ref":"1"},"geometry":{"type":"LineString","coordinates":[[127.044534,37.770846],[127.04444,37.769746],[127.044412,37.769254]]}},{"type":"Feature","properties":{"color":"#004A85","ref":"1"},"geometry":{"type":"LineString","coordinates":[[127.044412,37.769254],[127.044405,37.769167],[127.044349,37.768468],[127.044332,37.768253],[127.044293,37.767795],[127.044248,37.767442],[127.044216,37.76721],[127.044181,37.766996],[127.04415,37.766824],[127.044115,37.766667],[127.044069,37.76649],[127.043999,37.766246],[127.04334,37.764131],[127.042798,37.762387],[127.042681,37.761966],[127.042604,37.761654],[127.042541,37.761352],[127.042472,37.760997],[127.042433,37.760752],[127.042419,37.760594],[127.042399,37.760383],[127.042397,37.760357]]}},{"type":"Feature","properties":{"color":"#004A85","ref":"1"},"geometry":{"type":"LineString","coordinates":[[127.042397,37.760357],[127.042323,37.758501],[127.042321,37.758449],[127.042321,37.758437]]}},{"type":"Feature","properties":{"color":"#004A85","ref":"1"},"geometry":{"type":"LineString","coordinates":[[127.042321,37.758437],[127.042274,37.757631],[127.042238,37.75468],[127.042277,37.75422],[127.042336,37.753768],[127.042493,37.753097],[127.042688,37.752544],[127.042981,37.751829],[127.043223,37.751299],[127.043382,37.750927],[127.043457,37.750753],[127.043625,37.750361],[127.043769,37.750024],[127.04386,37.749811],[127.043865,37.7498],[127.043949,37.749603],[127.044068,37.749325]]}},{"type":"Feature","properties":{"color":"#004A85","ref":"1"},"geometry":{"type":"LineString","coordinates":[[127.044068,37.749325],[127.044262,37.74887],[127.04459,37.747983],[127.044704,37.747656],[127.044761,37.747482]]}},{"type":"Feature","properties":{"color":"#004A85","ref":"1"},"geometry":{"type":"LineString","coordinates":[[127.044761,37.747482],[127.044864,37.747143],[127.044978,37.746774],[127.045067,37.746368],[127.045157,37.74588],[127.045226,37.745452],[127.045445,37.743775]]}},{"type":"Feature","properties":{"color":"#004A85","ref":"1"},"geometry":{"type":"LineString","coordinates":[[127.045445,37.743775],[127.045526,37.743145],[127.045814,37.740915]]}},{"type":"Feature","properties":{"color":"#004A85","ref":"1"},"geometry":{"type":"LineString","coordinates":[[127.045814,37.740915],[127.045828,37.74082],[127.045846,37.740705]]}},{"type":"Feature","properties":{"color":"#004A85","ref":"1"},"geometry":{"type":"LineString","coordinates":[[127.045846,37.740705],[127.0459,37.740269],[127.045941,37.739954],[127.045952,37.739874],[127.04601,37.73943],[127.046093,37.738982]]}},{"type":"Feature","properties":{"color":"#004A85","ref":"1"},"geometry":{"type":"LineString","coordinates":[[127.046093,37.738982],[127.046156,37.738541],[127.046427,37.736637],[127.046458,37.736421]]}},{"type":"Feature","properties":{"color":"#004A85","ref":"1"},"geometry":{"type":"LineString","coordinates":[[127.046458,37.736421],[127.046463,37.736366],[127.046561,37.735396],[127.046599,37.734887],[127.046648,37.734059],[127.046673,37.733799]]}},{"type":"Feature","properties":{"color":"#004A85","ref":"1"},"geometry":{"type":"LineString","coordinates":[[127.046673,37.733799],[127.046683,37.733422]]}},{"type":"Feature","properties":{"color":"#004A85","ref":"1"},"geometry":{"type":"LineString","coordinates":[[127.046683,37.733422],[127.046696,37.733286]]}},{"type":"Feature","properties":{"color":"#004A85","ref":"1"},"geometry":{"type":"LineString","coordinates":[[127.046696,37.733286],[127.046706,37.733213]]}},{"type":"Feature","properties":{"color":"#004A85","ref":"1"},"geometry":{"type":"LineString","coordinates":[[127.046706,37.733213],[127.046746,37.7329]]}},{"type":"Feature","properties":{"color":"#004A85","ref":"1"},"geometry":{"type":"LineString","coordinates":[[127.046746,37.7329],[127.046793,37.732547],[127.046849,37.73212],[127.047047,37.7305]]}},{"type":"Feature","properties":{"color":"#004A85","ref":"1"},"geometry":{"type":"LineString","coordinates":[[127.047047,37.7305],[127.047167,37.729552]]}},{"type":"Feature","properties":{"color":"#004A85","ref":"1"},"geometry":{"type":"LineString","coordinates":[[127.047167,37.729552],[127.047182,37.729393],[127.047194,37.729258],[127.047212,37.729062],[127.047215,37.729039]]}},{"type":"Feature","properties":{"color":"#004A85","ref":"1"},"geometry":{"type":"LineString","coordinates":[[127.047215,37.729039],[127.047225,37.728947],[127.047231,37.728896],[127.047246,37.728758],[127.047275,37.728487],[127.047314,37.728123],[127.04744,37.727046],[127.047476,37.726723],[127.047491,37.726418],[127.047505,37.725897]]}},{"type":"Feature","properties":{"color":"#004A85","ref":"1"},"geometry":{"type":"LineString","coordinates":[[127.047505,37.725897],[127.047498,37.725617],[127.047492,37.725371],[127.047472,37.724973],[127.04745,37.724817]]}},{"type":"Feature","properties":{"color":"#004A85","ref":"1"},"geometry":{"type":"LineString","coordinates":[[127.04745,37.724817],[127.047443,37.724722],[127.047413,37.724466]]}},{"type":"Feature","properties":{"color":"#004A85","ref":"1"},"geometry":{"type":"LineString","coordinates":[[127.047413,37.724466],[127.047387,37.724246]]}},{"type":"Feature","properties":{"color":"#004A85","ref":"1"},"geometry":{"type":"LineString","coordinates":[[127.047387,37.724246],[127.047357,37.723995],[127.04724,37.723076],[127.047023,37.721617],[127.046907,37.720817]]}},{"type":"Feature","properties":{"color":"#004A85","ref":"1"},"geometry":{"type":"LineString","coordinates":[[127.046907,37.720817],[127.046904,37.720791],[127.0469,37.720765]]}},{"type":"Feature","properties":{"color":"#004A85","ref":"1"},"geometry":{"type":"LineString","coordinates":[[127.0469,37.720765],[127.04646,37.717717],[127.046436,37.717401],[127.046422,37.716957],[127.04643,37.716135],[127.046437,37.71584],[127.046461,37.715595],[127.046507,37.715284],[127.046566,37.714925]]}},{"type":"Feature","properties":{"color":"#004A85","ref":"1"},"geometry":{"type":"LineString","coordinates":[[127.046566,37.714925],[127.046581,37.714834],[127.046643,37.714481]]}},{"type":"Feature","properties":{"color":"#004A85","ref":"1"},"geometry":{"type":"LineString","coordinates":[[127.046643,37.714481],[127.046819,37.713416]]}},{"type":"Feature","properties":{"color":"#004A85","ref":"1"},"geometry":{"type":"LineString","coordinates":[[127.046819,37.713416],[127.047169,37.711552]]}},{"type":"Feature","properties":{"color":"#004A85","ref":"1"},"geometry":{"type":"LineString","coordinates":[[127.047169,37.711552],[127.047594,37.709404],[127.047646,37.709123],[127.047669,37.708998]]}},{"type":"Feature","properties":{"color":"#004A85","ref":"1"},"geometry":{"type":"LineString","coordinates":[[127.047669,37.708998],[127.04771,37.708753],[127.047736,37.708506],[127.047757,37.708208],[127.04778,37.707798],[127.047775,37.707406],[127.047751,37.707053],[127.04769,37.706597]]}},{"type":"Feature","properties":{"color":"#004A85","ref":"1"},"geometry":{"type":"LineString","coordinates":[[127.04769,37.706597],[127.046838,37.702615]]}},{"type":"Feature","properties":{"color":"#004A85","ref":"1"},"geometry":{"type":"LineString","coordinates":[[127.046838,37.702615],[127.046255,37.699728]]}},{"type":"Feature","properties":{"color":"#004A85","ref":"1"},"geometry":{"type":"LineString","coordinates":[[127.046255,37.699728],[127.046062,37.698819],[127.045786,37.697462],[127.045702,37.696982],[127.045662,37.696673]]}},{"type":"Feature","properties":{"color":"#004A85","ref":"1"},"geometry":{"type":"LineString","coordinates":[[127.045662,37.696673],[127.04564,37.696433]]}},{"type":"Feature","properties":{"color":"#004A85","ref":"1"},"geometry":{"type":"LineString","coordinates":[[127.04564,37.696433],[127.045634,37.696341],[127.045625,37.696192],[127.045612,37.695821],[127.045631,37.695421],[127.045717,37.694481],[127.045774,37.693507],[127.04579,37.693364]]}},{"type":"Feature","properties":{"color":"#004A85","ref":"1"},"geometry":{"type":"LineString","coordinates":[[127.04579,37.693364],[127.045873,37.692377],[127.046001,37.690985],[127.046118,37.689658],[127.046161,37.68908]]}},{"type":"Feature","properties":{"color":"#004A85","ref":"1"},"geometry":{"type":"LineString","coordinates":[[127.046161,37.68908],[127.046186,37.688786],[127.046202,37.688572]]}},{"type":"Feature","properties":{"color":"#004A85","ref":"1"},"geometry":{"type":"LineString","coordinates":[[127.046202,37.688572],[127.046221,37.688324],[127.046236,37.687299]]}},{"type":"Feature","properties":{"color":"#004A85","ref":"1"},"geometry":{"type":"LineString","coordinates":[[127.046236,37.687299],[127.04629,37.686517],[127.046356,37.685943],[127.046387,37.685677]]}},{"type":"Feature","properties":{"color":"#004A85","ref":"1"},"geometry":{"type":"LineString","coordinates":[[127.046387,37.685677],[127.046394,37.685498],[127.046405,37.684935],[127.046384,37.684318],[127.046358,37.683971],[127.046321,37.683614],[127.046273,37.683295],[127.045781,37.680446]]}},{"type":"Feature","properties":{"color":"#004A85","ref":"1"},"geometry":{"type":"LineString","coordinates":[[127.045781,37.680446],[127.045547,37.679101],[127.045385,37.678177],[127.045351,37.677991]]}},{"type":"Feature","properties":{"color":"#004A85","ref":"1"},"geometry":{"type":"LineString","coordinates":[[127.045351,37.677991],[127.045339,37.677919],[127.045314,37.677768],[127.044578,37.673459],[127.044275,37.671581],[127.044219,37.67114]]}},{"type":"Feature","properties":{"color":"#004A85","ref":"1"},"geometry":{"type":"LineString","coordinates":[[127.044219,37.67114],[127.044173,37.67045],[127.044163,37.67007],[127.044171,37.669736],[127.044173,37.669702]]}},{"type":"Feature","properties":{"color":"#004A85","ref":"1"},"geometry":{"type":"LineString","coordinates":[[127.044173,37.669702],[127.044179,37.669458]]}},{"type":"Feature","properties":{"color":"#004A85","ref":"1"},"geometry":{"type":"LineString","coordinates":[[127.044179,37.669458],[127.044182,37.66938],[127.044203,37.669143],[127.044228,37.668891]]}},{"type":"Feature","properties":{"color":"#004A85","ref":"1"},"geometry":{"type":"LineString","coordinates":[[127.044228,37.668891],[127.044253,37.668639],[127.044407,37.66676],[127.044427,37.666534],[127.044466,37.666094]]}},{"type":"Feature","properties":{"color":"#004A85","ref":"1"},"geometry":{"type":"LineString","coordinates":[[127.044466,37.666094],[127.04447,37.666028]]}},{"type":"Feature","properties":{"color":"#004A85","ref":"1"},"geometry":{"type":"LineString","coordinates":[[127.04447,37.666028],[127.044484,37.665867],[127.044503,37.665611],[127.04462,37.664067],[127.044775,37.662244]]}},{"type":"Feature","properties":{"color":"#004A85","ref":"1"},"geometry":{"type":"LineString","coordinates":[[127.044775,37.662244],[127.044787,37.662082]]}},{"type":"Feature","properties":{"color":"#004A85","ref":"1"},"geometry":{"type":"LineString","coordinates":[[127.044787,37.662082],[127.044799,37.661883],[127.044826,37.661542],[127.044841,37.66128],[127.044864,37.661028],[127.044875,37.660908],[127.044895,37.660757],[127.044914,37.660613],[127.044942,37.660443],[127.045142,37.659562],[127.045201,37.659355],[127.045261,37.659132],[127.045354,37.658849],[127.045447,37.658599],[127.045664,37.658086],[127.045769,37.657831],[127.045895,37.657525],[127.045973,37.657336],[127.046057,37.657144],[127.046321,37.656535],[127.046476,37.656167]]}},{"type":"Feature","properties":{"color":"#004A85","ref":"1"},"geometry":{"type":"LineString","coordinates":[[127.046476,37.656167],[127.046658,37.655722],[127.046923,37.6551],[127.047208,37.654433],[127.047304,37.654197],[127.047687,37.653321]]}},{"type":"Feature","properties":{"color":"#004A85","ref":"1"},"geometry":{"type":"LineString","coordinates":[[127.047687,37.653321],[127.04819,37.652219],[127.048315,37.651941],[127.048509,37.651434]]}},{"type":"Feature","properties":{"color":"#004A85","ref":"1"},"geometry":{"type":"LineString","coordinates":[[127.048509,37.651434],[127.048607,37.651174],[127.04881,37.650682],[127.048916,37.650443],[127.049082,37.650045],[127.049248,37.649674],[127.049461,37.649179]]}},{"type":"Feature","properties":{"color":"#004A85","ref":"1"},"geometry":{"type":"LineString","coordinates":[[127.049461,37.649179],[127.049652,37.648738],[127.049933,37.648133],[127.050734,37.646236],[127.050958,37.645712]]}},{"type":"Feature","properties":{"color":"#004A85","ref":"1"},"geometry":{"type":"LineString","coordinates":[[127.050958,37.645712],[127.051012,37.645579]]}},{"type":"Feature","properties":{"color":"#004A85","ref":"1"},"geometry":{"type":"LineString","coordinates":[[127.051012,37.645579],[127.051687,37.643984],[127.051813,37.643683]]}},{"type":"Feature","properties":{"color":"#004A85","ref":"1"},"geometry":{"type":"LineString","coordinates":[[127.051813,37.643683],[127.051831,37.643642],[127.051853,37.64359],[127.051877,37.643534]]}},{"type":"Feature","properties":{"color":"#004A85","ref":"1"},"geometry":{"type":"LineString","coordinates":[[127.051877,37.643534],[127.051927,37.643416],[127.052208,37.642796],[127.052314,37.642576],[127.052388,37.642449],[127.052486,37.642282],[127.052589,37.642124]]}},{"type":"Feature","properties":{"color":"#004A85","ref":"1"},"geometry":{"type":"LineString","coordinates":[[127.052589,37.642124],[127.052802,37.641795],[127.052994,37.641557],[127.053196,37.641297],[127.053392,37.641068],[127.053543,37.640902],[127.053686,37.640749],[127.053905,37.640523],[127.054155,37.640277]]}},{"type":"Feature","properties":{"color":"#004A85","ref":"1"},"geometry":{"type":"LineString","coordinates":[[127.054155,37.640277],[127.054384,37.640062],[127.054583,37.639882],[127.054844,37.639668],[127.05495,37.639588],[127.055655,37.63901],[127.056083,37.638671],[127.056682,37.638187]]}},{"type":"Feature","properties":{"color":"#004A85","ref":"1"},"geometry":{"type":"LineString","coordinates":[[127.056682,37.638187],[127.057154,37.637789],[127.057647,37.637293],[127.058061,37.636792]]}},{"type":"Feature","properties":{"color":"#004A85","ref":"1"},"geometry":{"type":"LineString","coordinates":[[127.058061,37.636792],[127.058158,37.636622],[127.058259,37.636454],[127.058326,37.636334],[127.058394,37.636204],[127.058458,37.636073],[127.058509,37.635954],[127.058575,37.635788],[127.058668,37.635546],[127.058761,37.635225],[127.058828,37.634938],[127.058882,37.634645],[127.058921,37.634373]]}},{"type":"Feature","properties":{"color":"#004A85","ref":"1"},"geometry":{"type":"LineString","coordinates":[[127.058921,37.634373],[127.058939,37.63427],[127.058944,37.634113],[127.058934,37.633917]]}},{"type":"Feature","properties":{"color":"#004A85","ref":"1"},"geometry":{"type":"LineString","coordinates":[[127.058934,37.633917],[127.058863,37.632315],[127.058853,37.632113],[127.058848,37.632028]]}},{"type":"Feature","properties":{"color":"#004A85","ref":"1"},"geometry":{"type":"LineString","coordinates":[[127.058848,37.632028],[127.058839,37.631904]]}},{"type":"Feature","properties":{"color":"#004A85","ref":"1"},"geometry":{"type":"LineString","coordinates":[[127.058839,37.631904],[127.058847,37.631548],[127.058855,37.631163],[127.058881,37.630935],[127.05894,37.630573],[127.059015,37.630222],[127.059079,37.629971],[127.059135,37.629807],[127.059277,37.629425],[127.059481,37.628921],[127.059571,37.628714],[127.059914,37.627963],[127.060041,37.627695]]}},{"type":"Feature","properties":{"color":"#004A85","ref":"1"},"geometry":{"type":"LineString","coordinates":[[127.060041,37.627695],[127.060089,37.627586]]}},{"type":"Feature","properties":{"color":"#004A85","ref":"1"},"geometry":{"type":"LineString","coordinates":[[127.06072,37.626249],[127.060528,37.626646],[127.060351,37.627008],[127.060226,37.627288],[127.060089,37.627586]]}},{"type":"Feature","properties":{"color":"#004A85","ref":"1"},"geometry":{"type":"LineString","coordinates":[[127.06072,37.626249],[127.060894,37.625868],[127.060988,37.625664],[127.061093,37.625422],[127.061269,37.62502]]}},{"type":"Feature","properties":{"color":"#004A85","ref":"1"},"geometry":{"type":"LineString","coordinates":[[127.061269,37.62502],[127.061424,37.624677],[127.062069,37.623203]]}},{"type":"Feature","properties":{"color":"#004A85","ref":"1"},"geometry":{"type":"LineString","coordinates":[[127.062069,37.623203],[127.062112,37.62311],[127.062518,37.622207],[127.063001,37.621108]]}},{"type":"Feature","properties":{"color":"#004A85","ref":"1"},"geometry":{"type":"LineString","coordinates":[[127.063001,37.621108],[127.063243,37.620586],[127.063426,37.620188],[127.063505,37.620022],[127.06365,37.61962],[127.063741,37.619393],[127.06385,37.619151]]}},{"type":"Feature","properties":{"color":"#004A85","ref":"1"},"geometry":{"type":"LineString","coordinates":[[127.06385,37.619151],[127.064013,37.618838],[127.064155,37.618563],[127.064332,37.618173]]}},{"type":"Feature","properties":{"color":"#004A85","ref":"1"},"geometry":{"type":"LineString","coordinates":[[127.064332,37.618173],[127.064438,37.61794]]}},{"type":"Feature","properties":{"color":"#004A85","ref":"1"},"geometry":{"type":"LineString","coordinates":[[127.064438,37.61794],[127.0646,37.617584],[127.064853,37.617038]]}},{"type":"Feature","properties":{"color":"#004A85","ref":"1"},"geometry":{"type":"LineString","coordinates":[[127.064853,37.617038],[127.064976,37.616758]]}},{"type":"Feature","properties":{"color":"#004A85","ref":"1"},"geometry":{"type":"LineString","coordinates":[[127.064976,37.616758],[127.065077,37.616545],[127.065163,37.616372],[127.065292,37.616123],[127.065391,37.61593],[127.06576,37.615115],[127.065859,37.614879]]}},{"type":"Feature","properties":{"color":"#004A85","ref":"1"},"geometry":{"type":"LineString","coordinates":[[127.065859,37.614879],[127.066062,37.614397],[127.066148,37.614182],[127.066195,37.614064]]}},{"type":"Feature","properties":{"color":"#004A85","ref":"1"},"geometry":{"type":"LineString","coordinates":[[127.066195,37.614064],[127.066282,37.61385],[127.066349,37.613686],[127.066378,37.613621]]}},{"type":"Feature","properties":{"color":"#004A85","ref":"1"},"geometry":{"type":"LineString","coordinates":[[127.066378,37.613621],[127.066415,37.613536],[127.067161,37.61185],[127.067276,37.611539],[127.067466,37.610762],[127.067579,37.610304]]}},{"type":"Feature","properties":{"color":"#004A85","ref":"1"},"geometry":{"type":"LineString","coordinates":[[127.067579,37.610304],[127.067665,37.609801],[127.06771,37.609361],[127.067745,37.608555],[127.067792,37.606625],[127.0678,37.606124],[127.067839,37.605015],[127.067839,37.604579],[127.067837,37.604119],[127.067819,37.603746],[127.067788,37.603442],[127.06776,37.603156],[127.067746,37.603039]]}},{"type":"Feature","properties":{"color":"#004A85","ref":"1"},"geometry":{"type":"LineString","coordinates":[[127.067746,37.603039],[127.06773,37.602944],[127.067692,37.602754],[127.067649,37.602581],[127.0676,37.602406],[127.067506,37.602145],[127.067416,37.601898],[127.067337,37.601701]]}},{"type":"Feature","properties":{"color":"#004A85","ref":"1"},"geometry":{"type":"LineString","coordinates":[[127.067337,37.601701],[127.067315,37.601648],[127.067208,37.601395],[127.067106,37.601181]]}},{"type":"Feature","properties":{"color":"#004A85","ref":"1"},"geometry":{"type":"LineString","coordinates":[[127.067106,37.601181],[127.067087,37.601144]]}},{"type":"Feature","properties":{"color":"#004A85","ref":"1"},"geometry":{"type":"LineString","coordinates":[[127.067087,37.601144],[127.06698,37.600931],[127.066786,37.600596],[127.066638,37.600352],[127.06636,37.599939],[127.066058,37.599507],[127.065828,37.59916],[127.065592,37.598831],[127.065368,37.598531],[127.06525,37.598368],[127.065179,37.598261],[127.064903,37.597837],[127.064623,37.597438],[127.063374,37.595633],[127.063104,37.595242],[127.06296,37.595049],[127.062567,37.59449],[127.062166,37.593915],[127.06133,37.592749],[127.061071,37.592363],[127.060808,37.591982],[127.060567,37.59166],[127.06045,37.591516],[127.060335,37.591381],[127.060275,37.591314],[127.060194,37.591238],[127.059949,37.590997],[127.059686,37.590767],[127.059487,37.590617],[127.059218,37.590427],[127.058955,37.590254],[127.058799,37.590166],[127.058718,37.590121],[127.057311,37.589357],[127.05699,37.58919],[127.056799,37.58909],[127.056429,37.588907],[127.056057,37.588706],[127.055684,37.588506],[127.055299,37.588301],[127.054886,37.588068],[127.054491,37.58782],[127.054413,37.58778],[127.054084,37.587556],[127.05377,37.587325],[127.053452,37.587076],[127.053157,37.586827],[127.052856,37.586552],[127.052582,37.586277],[127.052353,37.586031],[127.052192,37.585836],[127.052049,37.585655],[127.052022,37.585621]]}},{"type":"Feature","properties":{"color":"#004A85","ref":"1"},"geometry":{"type":"LineString","coordinates":[[127.051762,37.585291],[127.052022,37.585621]]}},{"type":"Feature","properties":{"color":"#004A85","ref":"1"},"geometry":{"type":"LineString","coordinates":[[127.051762,37.585291],[127.051737,37.585265],[127.051574,37.585101],[127.051449,37.584974],[127.051278,37.584786],[127.051152,37.584652],[127.051047,37.584539],[127.050762,37.584212]]}},{"type":"Feature","properties":{"color":"#004A85","ref":"1"},"geometry":{"type":"LineString","coordinates":[[127.050762,37.584212],[127.050569,37.583981],[127.050372,37.583755],[127.050185,37.583538],[127.049973,37.583308],[127.049832,37.583157],[127.049727,37.583049],[127.049635,37.582963]]}},{"type":"Feature","properties":{"color":"#004A85","ref":"1"},"geometry":{"type":"LineString","coordinates":[[127.049635,37.582963],[127.049478,37.582808],[127.048643,37.582011],[127.04823,37.581624],[127.047843,37.581336],[127.047566,37.581152],[127.047411,37.581057],[127.047222,37.580953],[127.046857,37.58077]]}},{"type":"Feature","properties":{"color":"#004A85","ref":"1"},"geometry":{"type":"LineString","coordinates":[[127.046857,37.58077],[127.046432,37.580601],[127.046212,37.5805],[127.045864,37.580342],[127.045364,37.580128],[127.044991,37.580003],[127.044429,37.579821],[127.043623,37.579581]]}},{"type":"Feature","properties":{"color":"#004A85","ref":"1"},"geometry":{"type":"LineString","coordinates":[[127.043623,37.579581],[127.043267,37.579493],[127.043071,37.579446],[127.04295,37.579411],[127.042765,37.579358],[127.042404,37.579246],[127.039282,37.578234],[127.03905,37.578156],[127.038864,37.578123],[127.038538,37.578062],[127.03828,37.578021],[127.038065,37.577994],[127.037898,37.577973],[127.037699,37.577964],[127.037366,37.577972],[127.037065,37.577994],[127.036852,37.578028],[127.036521,37.578087],[127.036267,37.578139],[127.035922,37.578201],[127.035605,37.578252],[127.035277,37.5783],[127.034964,37.57833],[127.034682,37.578345],[127.034483,37.57835],[127.034289,37.578355],[127.034024,37.578342],[127.03379,37.57833],[127.033546,37.578309],[127.033369,37.578283],[127.033082,37.578244],[127.032746,37.578191],[127.032294,37.578096],[127.031918,37.57802],[127.031343,37.577899],[127.030436,37.577681],[127.026169,37.576486],[127.025522,37.576286],[127.024002,37.575832],[127.023491,37.575647],[127.023372,37.575607],[127.023339,37.575596],[127.022726,37.575349],[127.021919,37.575038],[127.021165,37.57474],[127.018487,37.573821],[127.018166,37.573717],[127.017587,37.573518],[127.017272,37.573424],[127.016917,37.573328],[127.016146,37.573135]]}},{"type":"Feature","properties":{"color":"#004A85","ref":"1"},"geometry":{"type":"LineString","coordinates":[[127.016146,37.573135],[127.015993,37.573091],[127.015213,37.572876],[127.012766,37.572162],[127.012562,37.572102],[127.012279,37.572035],[127.011221,37.571782],[127.010991,37.571733],[127.009959,37.571505],[127.00974,37.571449],[127.00857,37.571158],[127.008309,37.571115],[127.00805,37.571094],[127.007796,37.571087],[127.002902,37.570993],[127.001911,37.570963],[127.001176,37.57093],[126.997443,37.570678],[126.99699,37.57064],[126.995718,37.570559]]}},{"type":"Feature","properties":{"color":"#004A85","ref":"1"},"geometry":{"type":"LineString","coordinates":[[126.995718,37.570559],[126.99511,37.570519],[126.993334,37.570471],[126.992386,37.570431],[126.990832,37.570336],[126.990601,37.570323],[126.988374,37.570223],[126.987662,37.570198],[126.986167,37.570168],[126.984754,37.570162],[126.984239,37.570156],[126.983572,37.570142],[126.982978,37.570136],[126.982112,37.57012],[126.981705,37.57012],[126.981316,37.570123]]}},{"type":"Feature","properties":{"color":"#004A85","ref":"1"},"geometry":{"type":"LineString","coordinates":[[126.981316,37.570123],[126.980752,37.570104],[126.980399,37.570094],[126.980038,37.570087],[126.979722,37.570087],[126.979416,37.570097],[126.979267,37.570104],[126.979098,37.570122],[126.978921,37.570156],[126.978672,37.570201],[126.978445,37.57022],[126.978252,37.570217],[126.978083,37.570199],[126.977956,37.570167],[126.977789,37.57013],[126.9776,37.570052],[126.97738,37.569928],[126.977168,37.569769],[126.977008,37.569596],[126.976928,37.569465],[126.976849,37.569308],[126.976796,37.569109],[126.976789,37.568881],[126.976833,37.568672],[126.976901,37.568439],[126.976979,37.568227],[126.977046,37.568061],[126.977107,37.567881],[126.977176,37.567609]]}},{"type":"Feature","properties":{"color":"#004A85","ref":"1"},"geometry":{"type":"LineString","coordinates":[[126.977176,37.567609],[126.977235,37.567319],[126.977253,37.567163],[126.977263,37.566882],[126.977227,37.566426],[126.977182,37.566069],[126.977167,37.565817],[126.977157,37.565353],[126.977145,37.564777],[126.977121,37.564622],[126.977078,37.564467],[126.977005,37.56424],[126.976826,37.56375],[126.97652,37.562997],[126.976144,37.562051]]}},{"type":"Feature","properties":{"color":"#004A85","ref":"1"},"geometry":{"type":"LineString","coordinates":[[126.976144,37.562051],[126.976047,37.561809],[126.975853,37.561381],[126.975751,37.561207],[126.975622,37.560991],[126.975446,37.560748],[126.975207,37.560455],[126.974897,37.560096],[126.974323,37.559296],[126.973461,37.55823],[126.973377,37.558127],[126.973206,37.557916],[126.973168,37.557869],[126.972967,37.557609],[126.972892,37.557492],[126.972779,37.557248],[126.97262,37.55683],[126.972481,37.556296],[126.97237,37.55586],[126.972275,37.555322],[126.972217,37.554824]]}},{"type":"Feature","properties":{"color":"#004A85","ref":"1"},"geometry":{"type":"LineString","coordinates":[[126.972217,37.554824],[126.972187,37.554627],[126.972121,37.55397],[126.972072,37.553578],[126.972039,37.553171]]}},{"type":"Feature","properties":{"color":"#004A85","ref":"1"},"geometry":{"type":"LineString","coordinates":[[126.972039,37.553171],[126.972042,37.552909],[126.972036,37.552881],[126.97199,37.552639],[126.971904,37.552244],[126.971856,37.551966],[126.971793,37.551691],[126.971718,37.551431],[126.971704,37.551386]]}},{"type":"Feature","properties":{"color":"#004A85","ref":"1"},"geometry":{"type":"LineString","coordinates":[[126.971704,37.551386],[126.971566,37.550996],[126.971538,37.550884],[126.971504,37.550762],[126.971479,37.550644],[126.97146,37.55054],[126.971412,37.550242],[126.971382,37.550002],[126.971379,37.549953]]}},{"type":"Feature","properties":{"color":"#004A85","ref":"1"},"geometry":{"type":"LineString","coordinates":[[126.971379,37.549953],[126.971363,37.549718],[126.971357,37.549559],[126.971358,37.548007]]}},{"type":"Feature","properties":{"color":"#004A85","ref":"1"},"geometry":{"type":"LineString","coordinates":[[126.971358,37.548007],[126.971358,37.547515],[126.971372,37.545545],[126.971373,37.545167],[126.971377,37.544889],[126.971357,37.544243],[126.971347,37.544001],[126.971335,37.543432],[126.971347,37.54307],[126.97136,37.542721],[126.971378,37.542281],[126.971372,37.541872]]}},{"type":"Feature","properties":{"color":"#004A85","ref":"1"},"geometry":{"type":"LineString","coordinates":[[126.971372,37.541872],[126.971372,37.541648]]}},{"type":"Feature","properties":{"color":"#004A85","ref":"1"},"geometry":{"type":"LineString","coordinates":[[126.971372,37.541648],[126.971408,37.539569],[126.971397,37.53899],[126.971381,37.53868],[126.971347,37.538233],[126.971307,37.53782],[126.971264,37.537424],[126.971227,37.537082],[126.971184,37.536691],[126.971129,37.536322],[126.971058,37.535914],[126.97099,37.535577],[126.970931,37.535357],[126.970836,37.535096],[126.97075,37.534874],[126.970626,37.534644],[126.970442,37.534348],[126.970251,37.534087],[126.970096,37.533896],[126.969912,37.533698],[126.969699,37.533496],[126.969505,37.533327],[126.968799,37.53275],[126.968618,37.532614],[126.967937,37.532065],[126.967292,37.531594]]}},{"type":"Feature","properties":{"color":"#004A85","ref":"1"},"geometry":{"type":"LineString","coordinates":[[126.967292,37.531594],[126.966663,37.531131],[126.966319,37.530883],[126.966244,37.53083],[126.96619,37.530791]]}},{"type":"Feature","properties":{"color":"#004A85","ref":"1"},"geometry":{"type":"LineString","coordinates":[[126.96619,37.530791],[126.963351,37.528731],[126.963208,37.528632]]}},{"type":"Feature","properties":{"color":"#004A85","ref":"1"},"geometry":{"type":"LineString","coordinates":[[126.963208,37.528632],[126.96253,37.528127],[126.96229,37.52797],[126.961381,37.527345],[126.960993,37.527082],[126.960095,37.526454],[126.958858,37.525648],[126.957873,37.524929],[126.9571,37.524288],[126.956432,37.523672]]}},{"type":"Feature","properties":{"color":"#004A85","ref":"1"},"geometry":{"type":"LineString","coordinates":[[126.956432,37.523672],[126.948122,37.516157]]}},{"type":"Feature","properties":{"color":"#004A85","ref":"1"},"geometry":{"type":"LineString","coordinates":[[126.948122,37.516157],[126.947981,37.516045],[126.94736,37.515556],[126.946646,37.515122],[126.946267,37.514959],[126.945671,37.514739],[126.944972,37.514564],[126.944513,37.514482],[126.943591,37.51438]]}},{"type":"Feature","properties":{"color":"#004A85","ref":"1"},"geometry":{"type":"LineString","coordinates":[[126.943591,37.51438],[126.942481,37.514271],[126.941298,37.514146],[126.94019,37.514033],[126.93995,37.514007],[126.939504,37.513958]]}},{"type":"Feature","properties":{"color":"#004A85","ref":"1"},"geometry":{"type":"LineString","coordinates":[[126.939504,37.513958],[126.938546,37.513835],[126.937948,37.51378],[126.93659,37.513713],[126.933892,37.513655],[126.930684,37.513573],[126.927681,37.513444],[126.926218,37.513403],[126.926105,37.5134],[126.925799,37.513401],[126.925411,37.513407],[126.92504,37.513426],[126.924625,37.513495],[126.924173,37.513596],[126.923702,37.513753],[126.923228,37.513972],[126.922836,37.514192],[126.922545,37.514391],[126.922142,37.514688],[126.920839,37.515714],[126.92051,37.51594],[126.920105,37.516196],[126.91966,37.516438],[126.919138,37.516664],[126.918737,37.516815],[126.918264,37.516953],[126.917837,37.517044],[126.917477,37.51712],[126.916911,37.517176],[126.916452,37.517197],[126.9158,37.5172],[126.915233,37.517175],[126.914227,37.517106],[126.914118,37.517099]]}},{"type":"Feature","properties":{"color":"#004A85","ref":"1"},"geometry":{"type":"LineString","coordinates":[[126.914118,37.517099],[126.91185,37.516931],[126.910614,37.51685],[126.909988,37.516751],[126.909463,37.51661],[126.908711,37.516308]]}},{"type":"Feature","properties":{"color":"#004A85","ref":"1"},"geometry":{"type":"LineString","coordinates":[[126.908711,37.516308],[126.9066,37.515461],[126.906,37.515213],[126.905808,37.515133],[126.904609,37.514596],[126.903456,37.514056],[126.901728,37.513297],[126.899652,37.512412],[126.898299,37.511871]]}},{"type":"Feature","properties":{"color":"#004A85","ref":"1"},"geometry":{"type":"LineString","coordinates":[[126.898299,37.511871],[126.898217,37.511838]]}},{"type":"Feature","properties":{"color":"#004A85","ref":"1"},"geometry":{"type":"LineString","coordinates":[[126.898217,37.511838],[126.897409,37.511517],[126.896328,37.511062],[126.893866,37.510015],[126.892547,37.509454]]}},{"type":"Feature","properties":{"color":"#004A85","ref":"1"},"geometry":{"type":"LineString","coordinates":[[126.892547,37.509454],[126.892018,37.509228]]}},{"type":"Feature","properties":{"color":"#004A85","ref":"1"},"geometry":{"type":"LineString","coordinates":[[126.892018,37.509228],[126.891323,37.508932],[126.890694,37.508644],[126.890295,37.508449],[126.88996,37.508264],[126.889153,37.507772],[126.888091,37.507109]]}},{"type":"Feature","properties":{"color":"#004A85","ref":"1"},"geometry":{"type":"LineString","coordinates":[[126.888091,37.507109],[126.887576,37.506789]]}},{"type":"Feature","properties":{"color":"#004A85","ref":"1"},"geometry":{"type":"LineString","coordinates":[[126.887576,37.506789],[126.886507,37.506128],[126.885958,37.505787],[126.885031,37.505282],[126.884595,37.505044]]}},{"type":"Feature","properties":{"color":"#004A85","ref":"1"},"geometry":{"type":"LineString","coordinates":[[126.884595,37.505044],[126.883831,37.504628],[126.883531,37.504431],[126.88328,37.504248],[126.88282,37.503908],[126.882256,37.5034]]}},{"type":"Feature","properties":{"color":"#004A85","ref":"1"},"geometry":{"type":"LineString","coordinates":[[126.882256,37.5034],[126.88145,37.502674],[126.881251,37.502494],[126.879696,37.50113],[126.879229,37.500759],[126.878838,37.500498],[126.878362,37.500249],[126.877708,37.499937],[126.87722,37.499713]]}},{"type":"Feature","properties":{"color":"#004A85","ref":"1"},"geometry":{"type":"LineString","coordinates":[[126.87722,37.499713],[126.87688,37.499562],[126.876078,37.499208],[126.872936,37.497769],[126.872346,37.497487],[126.871615,37.49707]]}},{"type":"Feature","properties":{"color":"#004A85","ref":"1"},"geometry":{"type":"LineString","coordinates":[[126.871615,37.49707],[126.870961,37.496733],[126.870562,37.496496],[126.870182,37.496303],[126.86914,37.495824],[126.868919,37.495722],[126.86598,37.494365],[126.865605,37.494212],[126.865206,37.494072],[126.864713,37.493939]]}},{"type":"Feature","properties":{"color":"#004A85","ref":"1"},"geometry":{"type":"LineString","coordinates":[[126.864713,37.493939],[126.864221,37.493841],[126.863727,37.49377],[126.863223,37.49374],[126.8627,37.493753],[126.862123,37.493823],[126.861521,37.49392],[126.860512,37.494111],[126.860406,37.494132],[126.858164,37.494576],[126.857847,37.494639],[126.857666,37.494675],[126.856751,37.494858],[126.856069,37.495],[126.854983,37.495253],[126.853785,37.495533],[126.852924,37.495694],[126.852432,37.495752],[126.85182,37.495769],[126.851174,37.495711],[126.850534,37.495591],[126.849621,37.495405],[126.849053,37.495282]]}},{"type":"Feature","properties":{"color":"#004A85","ref":"1"},"geometry":{"type":"LineString","coordinates":[[126.849053,37.495282],[126.84798,37.495042],[126.846488,37.494662],[126.845967,37.494539],[126.843444,37.493986],[126.84269,37.493808],[126.841898,37.493655],[126.841455,37.493569]]}},{"type":"Feature","properties":{"color":"#004A85","ref":"1"},"geometry":{"type":"LineString","coordinates":[[126.841455,37.493569],[126.841304,37.49354],[126.841189,37.493518],[126.840084,37.49329],[126.8396,37.493203],[126.839114,37.493123],[126.838495,37.493057],[126.837864,37.493025],[126.829184,37.492964],[126.826957,37.492933],[126.826616,37.492909],[126.82631,37.49287],[126.825995,37.492824],[126.825655,37.492748],[126.825432,37.49269],[126.825127,37.492606],[126.824044,37.492299],[126.822957,37.491993],[126.822846,37.491961],[126.822517,37.491855],[126.822249,37.491751],[126.821976,37.491637],[126.821742,37.491503],[126.821471,37.491331],[126.820764,37.490753],[126.816543,37.487323],[126.816211,37.487074],[126.815516,37.486577],[126.815148,37.486375],[126.814747,37.486169],[126.814349,37.485987],[126.813645,37.485698],[126.813252,37.485552],[126.811108,37.484854],[126.810954,37.484804],[126.810139,37.484573],[126.809634,37.484406],[126.808386,37.484001],[126.804735,37.482795],[126.804082,37.482619],[126.803742,37.48253],[126.803101,37.482429],[126.802768,37.482395],[126.802431,37.48239],[126.802097,37.482391],[126.801421,37.48242],[126.799575,37.482679],[126.798702,37.482741],[126.798246,37.48275],[126.79772,37.482745],[126.796931,37.482689],[126.795955,37.482658]]}},{"type":"Feature","properties":{"color":"#004A85","ref":"1"},"geometry":{"type":"LineString","coordinates":[[126.795955,37.482658],[126.795483,37.482645],[126.795067,37.482633],[126.79489,37.482628]]}},{"type":"Feature","properties":{"color":"#004A85","ref":"1"},"geometry":{"type":"LineString","coordinates":[[126.79489,37.482628],[126.79464,37.48262],[126.794435,37.482614],[126.792819,37.482584],[126.792191,37.482606],[126.791698,37.482635],[126.791425,37.482669],[126.790717,37.482783],[126.790241,37.482866],[126.78968,37.482951],[126.787393,37.483301],[126.786032,37.483516],[126.785442,37.483593],[126.784355,37.483737],[126.781324,37.484194],[126.781103,37.484227],[126.780404,37.484378],[126.779834,37.484479],[126.779166,37.484567],[126.778509,37.48466],[126.777859,37.48474],[126.777697,37.48476],[126.775852,37.484965],[126.774187,37.485164],[126.772442,37.485425],[126.769234,37.485909],[126.768543,37.485988],[126.767633,37.486095],[126.766706,37.486197],[126.765355,37.486388],[126.763078,37.486741],[126.762907,37.486767],[126.76225,37.486871],[126.761532,37.486975],[126.761048,37.487045],[126.760262,37.48713],[126.759511,37.487184],[126.757288,37.487322],[126.756042,37.487393],[126.75483,37.487433],[126.753913,37.487456],[126.751629,37.487602],[126.751358,37.48762],[126.750956,37.487647],[126.75035,37.48771],[126.749059,37.487844],[126.746939,37.487999],[126.743983,37.48819],[126.742708,37.488275],[126.742058,37.488291],[126.741301,37.488326],[126.73984,37.488419],[126.739576,37.488435],[126.738002,37.488561],[126.737075,37.488627],[126.735708,37.488705],[126.732582,37.4889],[126.731542,37.488957],[126.730027,37.489059],[126.729693,37.48908]]}},{"type":"Feature","properties":{"color":"#004A85","ref":"1"},"geometry":{"type":"LineString","coordinates":[[126.729693,37.48908],[126.72925,37.489103]]}},{"type":"Feature","properties":{"color":"#004A85","ref":"1"},"geometry":{"type":"LineString","coordinates":[[126.72925,37.489103],[126.728516,37.489161],[126.72805,37.489186],[126.726197,37.489236],[126.725785,37.48925],[126.72552,37.489267],[126.724508,37.489332]]}},{"type":"Feature","properties":{"color":"#004A85","ref":"1"},"geometry":{"type":"LineString","coordinates":[[126.724508,37.489332],[126.724321,37.489344],[126.723708,37.489383],[126.723378,37.489407],[126.723019,37.489433],[126.722584,37.489474],[126.721684,37.489577],[126.721212,37.489618],[126.720396,37.489675],[126.719179,37.489745],[126.718778,37.489746],[126.718156,37.489687],[126.717585,37.489577],[126.717264,37.489483],[126.716825,37.489332],[126.716372,37.489137],[126.715966,37.488889],[126.714761,37.488103],[126.713782,37.487492],[126.713088,37.487036],[126.710056,37.485086],[126.708904,37.484343],[126.708665,37.484165],[126.708036,37.483676],[126.706961,37.482852],[126.706386,37.482402],[126.706077,37.482158]]}},{"type":"Feature","properties":{"color":"#004A85","ref":"1"},"geometry":{"type":"LineString","coordinates":[[126.706077,37.482158],[126.705355,37.481557],[126.704991,37.481254],[126.704779,37.481073]]}},{"type":"Feature","properties":{"color":"#004A85","ref":"1"},"geometry":{"type":"LineString","coordinates":[[126.704779,37.481073],[126.704529,37.48084],[126.704118,37.480388],[126.703806,37.479882],[126.703624,37.479444],[126.703511,37.478984],[126.703469,37.478652],[126.703168,37.474244],[126.70309,37.473316],[126.70306,37.471675],[126.702978,37.469909],[126.702967,37.469688],[126.70289,37.469099],[126.702867,37.468954],[126.702795,37.468296],[126.70275,37.468015],[126.702662,37.467614],[126.702487,37.467197],[126.702221,37.46674],[126.701842,37.466293],[126.701466,37.465959],[126.701115,37.465701],[126.70084,37.465536],[126.70041,37.465325],[126.699933,37.465143],[126.699602,37.465053],[126.699262,37.464979],[126.698945,37.464929],[126.698558,37.464894],[126.696809,37.464806],[126.694584,37.46465],[126.692477,37.464568]]}},{"type":"Feature","properties":{"color":"#004A85","ref":"1"},"geometry":{"type":"LineString","coordinates":[[126.692477,37.464568],[126.692208,37.464557],[126.690088,37.464502],[126.688055,37.464415],[126.686785,37.464406],[126.685614,37.464471],[126.684925,37.464515],[126.682976,37.464727],[126.681702,37.464845],[126.681467,37.464854],[126.680466,37.464892],[126.678429,37.465076],[126.67814,37.465102],[126.676229,37.465278],[126.675062,37.465423],[126.673877,37.465551],[126.671889,37.465747],[126.670595,37.465842],[126.669844,37.465875],[126.669362,37.46591],[126.667409,37.466099],[126.667376,37.466104],[126.665864,37.466319],[126.661831,37.466714],[126.661412,37.466742],[126.660879,37.466761],[126.660222,37.466751],[126.659634,37.466736],[126.65892,37.466695],[126.656587,37.466695],[126.656432,37.466695],[126.655392,37.466717],[126.654448,37.466781],[126.653616,37.466781],[126.649376,37.466728],[126.64877,37.466738],[126.648177,37.466763],[126.647715,37.466807],[126.647186,37.466897],[126.646438,37.467042],[126.646172,37.467109]]}},{"type":"Feature","properties":{"color":"#004A85","ref":"1"},"geometry":{"type":"LineString","coordinates":[[126.646172,37.467109],[126.645659,37.467245]]}},{"type":"Feature","properties":{"color":"#004A85","ref":"1"},"geometry":{"type":"LineString","coordinates":[[126.645659,37.467245],[126.645511,37.467296],[126.644815,37.467535],[126.644268,37.467759],[126.643475,37.468146],[126.641605,37.469062],[126.641353,37.469186],[126.639398,37.470187],[126.638075,37.470841],[126.637749,37.471019],[126.6376,37.4711]]}},{"type":"Feature","properties":{"color":"#004A85","ref":"1"},"geometry":{"type":"LineString","coordinates":[[126.6376,37.4711],[126.637283,37.471297],[126.637269,37.471306],[126.637087,37.471419]]}},{"type":"Feature","properties":{"color":"#004A85","ref":"1"},"geometry":{"type":"LineString","coordinates":[[126.637087,37.471419],[126.636647,37.471742],[126.636368,37.471971],[126.635834,37.472457]]}},{"type":"Feature","properties":{"color":"#004A85","ref":"1"},"geometry":{"type":"LineString","coordinates":[[126.635834,37.472457],[126.635771,37.472513],[126.635236,37.472995]]}},{"type":"Feature","properties":{"color":"#004A85","ref":"1"},"geometry":{"type":"LineString","coordinates":[[126.635236,37.472995],[126.634793,37.473393],[126.633841,37.474257],[126.63231,37.475616]]}},{"type":"Feature","properties":{"color":"#004A85","ref":"1"},"geometry":{"type":"LineString","coordinates":[[126.63231,37.475616],[126.632187,37.475726],[126.631724,37.476159],[126.631,37.476814],[126.630802,37.476994],[126.630793,37.477002]]}},{"type":"Feature","properties":{"color":"#004A85","ref":"1"},"geometry":{"type":"LineString","coordinates":[[126.630793,37.477002],[126.630587,37.477189]]}},{"type":"Feature","properties":{"color":"#004A85","ref":"1"},"geometry":{"type":"LineString","coordinates":[[126.630587,37.477189],[126.629961,37.477756],[126.629536,37.478106],[126.629154,37.478392],[126.628062,37.479076],[126.627226,37.479657],[126.626239,37.480331],[126.625843,37.480581],[126.625485,37.480767],[126.62519,37.480897],[126.624773,37.481045],[126.624459,37.481133],[126.624112,37.481195],[126.623799,37.481237],[126.623392,37.481259],[126.623017,37.481252],[126.622686,37.481218],[126.622301,37.481171],[126.621968,37.481102],[126.62086,37.480796],[126.61985,37.480488],[126.619698,37.480433],[126.619452,37.480323],[126.61918,37.480181],[126.618964,37.480044],[126.618548,37.479695],[126.617989,37.47916],[126.617762,37.478921],[126.617628,37.478722],[126.617446,37.478419],[126.617353,37.478231],[126.617266,37.47795],[126.617018,37.476417]]}},{"type":"Feature","properties":{"color":"#004A85","ref":"1"},"geometry":{"type":"LineString","coordinates":[[127.04593,37.690541],[127.046087,37.688726],[127.046127,37.688728],[127.045972,37.690543],[127.04593,37.690541]]}},{"type":"Feature","properties":{"color":"#004A85","ref":"1"},"geometry":{"type":"LineString","coordinates":[[127.060649,37.947124],[127.060585,37.947127],[127.060651,37.947524],[127.060741,37.948284],[127.060835,37.948949],[127.06088,37.948936],[127.060719,37.947674],[127.060649,37.947124]]}},{"type":"Feature","properties":{"color":"#004A85","ref":"1"},"geometry":{"type":"LineString","coordinates":[[126.617066,37.477461],[126.617087,37.477624],[126.617165,37.477954],[126.617241,37.478171],[126.617348,37.478415],[126.617466,37.478626],[126.6176,37.478803],[126.617796,37.479036]]}},{"type":"Feature","properties":{"color":"#004A85","ref":"1"},"geometry":{"type":"LineString","coordinates":[[126.617796,37.479036],[126.617946,37.479191],[126.618501,37.479703],[126.618929,37.480068],[126.619156,37.480214],[126.619426,37.48036],[126.619682,37.480468],[126.620845,37.480829],[126.62196,37.481142],[126.622293,37.481213],[126.622684,37.481264],[126.623018,37.48129],[126.623394,37.481291],[126.623805,37.481269],[126.624134,37.481226],[126.624477,37.481168],[126.624794,37.481073],[126.625215,37.480923],[126.625511,37.480797],[126.625875,37.480609],[126.626192,37.480408],[126.627262,37.479687],[126.628232,37.479129],[126.629259,37.478471],[126.629656,37.478182],[126.630067,37.477842],[126.630681,37.47731]]}},{"type":"Feature","properties":{"color":"#004A85","ref":"1"},"geometry":{"type":"LineString","coordinates":[[126.630681,37.47731],[126.630892,37.477128]]}},{"type":"Feature","properties":{"color":"#004A85","ref":"1"},"geometry":{"type":"LineString","coordinates":[[126.630892,37.477128],[126.630925,37.4771],[126.630965,37.477064],[126.631887,37.476267],[126.632391,37.475878],[126.633593,37.474822],[126.633841,37.474577]]}},{"type":"Feature","properties":{"color":"#004A85","ref":"1"},"geometry":{"type":"LineString","coordinates":[[126.633841,37.474577],[126.634038,37.474383],[126.634378,37.474003],[126.634908,37.473472],[126.635265,37.473149],[126.63536,37.473064]]}},{"type":"Feature","properties":{"color":"#004A85","ref":"1"},"geometry":{"type":"LineString","coordinates":[[126.635933,37.472536],[126.635876,37.472586],[126.63536,37.473064]]}},{"type":"Feature","properties":{"color":"#004A85","ref":"1"},"geometry":{"type":"LineString","coordinates":[[126.63715,37.471531],[126.636766,37.471814],[126.636485,37.472037],[126.635933,37.472536]]}},{"type":"Feature","properties":{"color":"#004A85","ref":"1"},"geometry":{"type":"LineString","coordinates":[[126.63766,37.471222],[126.637592,37.471263],[126.63715,37.471531]]}},{"type":"Feature","properties":{"color":"#004A85","ref":"1"},"geometry":{"type":"LineString","coordinates":[[126.645762,37.467421],[126.644947,37.467724],[126.644492,37.467926],[126.643646,37.468371],[126.643428,37.468478],[126.641531,37.469406],[126.640909,37.469687],[126.639482,37.470289],[126.63816,37.47094],[126.63766,37.471222]]}},{"type":"Feature","properties":{"color":"#004A85","ref":"1"},"geometry":{"type":"LineString","coordinates":[[126.646268,37.467263],[126.645762,37.467421]]}},{"type":"Feature","properties":{"color":"#004A85","ref":"1"},"geometry":{"type":"LineString","coordinates":[[126.694316,37.464897],[126.692195,37.464815],[126.690105,37.464644],[126.688061,37.464535],[126.686795,37.464519],[126.685633,37.46458],[126.684951,37.464641],[126.682989,37.464845],[126.682605,37.464881],[126.681717,37.464982],[126.681532,37.465013],[126.680991,37.46509],[126.680503,37.465168],[126.680183,37.465196],[126.678181,37.465369],[126.677085,37.465464],[126.675972,37.465534],[126.674741,37.465589],[126.674482,37.465609],[126.673898,37.465668],[126.671921,37.465866],[126.670634,37.466013],[126.669884,37.466098],[126.669826,37.466104],[126.667941,37.466278],[126.667411,37.466322],[126.66667,37.466361],[126.665896,37.466438],[126.66185,37.466839],[126.661435,37.466881],[126.660896,37.466912],[126.660233,37.466938],[126.659647,37.466938],[126.658923,37.466935],[126.658734,37.466935],[126.656125,37.466935],[126.655391,37.466912],[126.653616,37.466893],[126.649385,37.46685],[126.648788,37.46685],[126.648211,37.466891],[126.647761,37.466947],[126.647242,37.467032],[126.646509,37.467207],[126.646268,37.467263]]}},{"type":"Feature","properties":{"color":"#004A85","ref":"1"},"geometry":{"type":"LineString","coordinates":[[126.704702,37.481226],[126.704399,37.48093],[126.703983,37.480444],[126.703664,37.479933],[126.703477,37.479475],[126.703364,37.479012],[126.703319,37.478675],[126.703005,37.474259],[126.70294,37.473329],[126.70275,37.471684],[126.702743,37.471543],[126.702651,37.469712],[126.70263,37.469122],[126.702605,37.468546],[126.702552,37.468073],[126.702469,37.467672],[126.70231,37.467277],[126.702035,37.466823],[126.701695,37.466385],[126.701344,37.466053],[126.701011,37.465813],[126.700744,37.465657],[126.70032,37.465451],[126.699869,37.465256],[126.699546,37.465163],[126.699231,37.465106],[126.69894,37.465058],[126.698558,37.465021],[126.696806,37.46494],[126.695563,37.464933],[126.694578,37.464907],[126.694316,37.464897]]}},{"type":"Feature","properties":{"color":"#004A85","ref":"1"},"geometry":{"type":"LineString","coordinates":[[126.705895,37.482327],[126.705804,37.482243],[126.704899,37.481416],[126.704702,37.481226]]}},{"type":"Feature","properties":{"color":"#004A85","ref":"1"},"geometry":{"type":"LineString","coordinates":[[126.724572,37.48959],[126.723446,37.48966],[126.722931,37.489692],[126.72233,37.489714],[126.721569,37.489725],[126.720873,37.489767],[126.720628,37.489775],[126.720186,37.489809],[126.71919,37.489857],[126.718788,37.489859],[126.718433,37.489842],[126.718118,37.489809],[126.717537,37.489682],[126.717207,37.489585],[126.716762,37.489427],[126.716304,37.489218],[126.715889,37.488971],[126.714649,37.488199],[126.714052,37.487834],[126.713659,37.487591],[126.712972,37.487151],[126.711072,37.485937],[126.710718,37.485693],[126.709963,37.485176],[126.708798,37.484422],[126.70811,37.484012],[126.707862,37.483838],[126.707525,37.483619],[126.707387,37.483529],[126.706729,37.483036],[126.706041,37.48246],[126.705895,37.482327]]}},{"type":"Feature","properties":{"color":"#004A85","ref":"1"},"geometry":{"type":"LineString","coordinates":[[126.729261,37.489227],[126.728709,37.489255],[126.72809,37.4893],[126.726955,37.489418],[126.72619,37.489484],[126.725843,37.489512],[126.724572,37.48959]]}},{"type":"Feature","properties":{"color":"#004A85","ref":"1"},"geometry":{"type":"LineString","coordinates":[[126.729705,37.489203],[126.729465,37.489216],[126.729261,37.489227]]}},{"type":"Feature","properties":{"color":"#004A85","ref":"1"},"geometry":{"type":"LineString","coordinates":[[126.794844,37.482874],[126.794436,37.482862],[126.792822,37.482788],[126.792211,37.482783],[126.791451,37.482832],[126.789933,37.483027],[126.787422,37.483414],[126.786075,37.48365],[126.784973,37.483888],[126.784411,37.483985],[126.784134,37.484025],[126.781157,37.484447],[126.780439,37.484518],[126.779872,37.484589],[126.778535,37.48478],[126.77771,37.484882],[126.775873,37.485078],[126.774214,37.485281],[126.772466,37.485534],[126.768579,37.486131],[126.76692,37.486392],[126.765409,37.486632],[126.765207,37.486663],[126.762966,37.487004],[126.762302,37.487082],[126.761559,37.487149],[126.760279,37.487251],[126.757292,37.487429],[126.756066,37.487539],[126.75486,37.48766],[126.753927,37.487743],[126.753724,37.487755],[126.752947,37.487802],[126.751366,37.487897],[126.750356,37.487933],[126.749071,37.487959],[126.746937,37.488093],[126.743993,37.48829],[126.743668,37.488325],[126.742722,37.488437],[126.742068,37.488516],[126.74168,37.488542],[126.739597,37.48868],[126.738014,37.488771],[126.737453,37.488789],[126.736321,37.488797],[126.735712,37.48882],[126.732583,37.489008],[126.730036,37.48918],[126.729705,37.489203]]}},{"type":"Feature","properties":{"color":"#004A85","ref":"1"},"geometry":{"type":"LineString","coordinates":[[126.795943,37.482908],[126.794844,37.482874]]}},{"type":"Feature","properties":{"color":"#004A85","ref":"1"},"geometry":{"type":"LineString","coordinates":[[126.849001,37.495389],[126.848579,37.495302],[126.848016,37.495173],[126.847232,37.495017],[126.846397,37.494863],[126.845879,37.494767],[126.845768,37.494744],[126.843345,37.494222],[126.842511,37.494017],[126.84176,37.49384],[126.841393,37.493754],[126.840885,37.493632],[126.84003,37.493423],[126.839556,37.493319],[126.839089,37.493236],[126.838487,37.493176],[126.83787,37.493145],[126.829178,37.493074],[126.826951,37.493049],[126.826293,37.493032],[126.825958,37.49301],[126.825609,37.492971],[126.825359,37.492927],[126.825022,37.492855],[126.824906,37.492825],[126.824537,37.492725],[126.823736,37.492497],[126.82328,37.492367],[126.822723,37.492186],[126.822425,37.492062],[126.8221,37.491895],[126.821865,37.49175],[126.821637,37.491601],[126.821378,37.491414],[126.820664,37.490832],[126.816437,37.487404],[126.816088,37.487166],[126.815384,37.486707],[126.815,37.486516],[126.814625,37.486342],[126.814239,37.486184],[126.813509,37.48592],[126.813122,37.485788],[126.812886,37.485718],[126.810844,37.485046],[126.810026,37.484754],[126.809556,37.484574],[126.808336,37.484101],[126.804687,37.4829],[126.804028,37.482722],[126.803707,37.482639],[126.803076,37.482556],[126.80276,37.482527],[126.80244,37.482514],[126.802114,37.482511],[126.801437,37.482545],[126.799605,37.482814],[126.798719,37.482916],[126.798258,37.48295],[126.797711,37.482957],[126.796928,37.482938],[126.796728,37.482932],[126.795943,37.482908]]}},{"type":"Feature","properties":{"color":"#004A85","ref":"1"},"geometry":{"type":"LineString","coordinates":[[126.868366,37.495685],[126.865839,37.494537],[126.865464,37.494394],[126.865104,37.494259],[126.864635,37.494152],[126.864091,37.494064],[126.863672,37.494015],[126.863235,37.493998],[126.862705,37.494011],[126.862162,37.494057],[126.861586,37.494159],[126.860594,37.49437],[126.860449,37.494398],[126.858275,37.494827],[126.857938,37.494893],[126.856157,37.495202],[126.855169,37.495373],[126.852949,37.495796],[126.852462,37.495848],[126.851817,37.495879],[126.851144,37.495826],[126.850511,37.495716],[126.84983,37.49557],[126.849585,37.495517],[126.849001,37.495389]]}},{"type":"Feature","properties":{"color":"#004A85","ref":"1"},"geometry":{"type":"LineString","coordinates":[[126.871655,37.497233],[126.870549,37.496677],[126.870384,37.496602],[126.868366,37.495685]]}},{"type":"Feature","properties":{"color":"#004A85","ref":"1"},"geometry":{"type":"LineString","coordinates":[[126.871655,37.497233],[126.872111,37.497455],[126.87231,37.497555],[126.873594,37.498154],[126.876041,37.49926],[126.877176,37.499773],[126.877669,37.499995],[126.878303,37.50033],[126.878789,37.500626],[126.879117,37.500856],[126.879407,37.501099],[126.880225,37.501788],[126.881107,37.502571],[126.882121,37.503483]]}},{"type":"Feature","properties":{"color":"#004A85","ref":"1"},"geometry":{"type":"LineString","coordinates":[[126.882121,37.503483],[126.88269,37.503994],[126.883131,37.504297],[126.883178,37.504329],[126.883447,37.50451],[126.883779,37.504698],[126.884542,37.505117]]}},{"type":"Feature","properties":{"color":"#004A85","ref":"1"},"geometry":{"type":"LineString","coordinates":[[126.884542,37.505117],[126.88464,37.505169],[126.884947,37.505333],[126.885902,37.505843],[126.886466,37.506169]]}},{"type":"Feature","properties":{"color":"#004A85","ref":"1"},"geometry":{"type":"LineString","coordinates":[[126.886466,37.506169],[126.888051,37.507141],[126.888554,37.507475]]}},{"type":"Feature","properties":{"color":"#004A85","ref":"1"},"geometry":{"type":"LineString","coordinates":[[126.888554,37.507475],[126.889103,37.507839],[126.889911,37.50834],[126.890353,37.508601],[126.891022,37.508945],[126.891815,37.509285],[126.891963,37.509351]]}},{"type":"Feature","properties":{"color":"#004A85","ref":"1"},"geometry":{"type":"LineString","coordinates":[[126.891963,37.509351],[126.892466,37.509563]]}},{"type":"Feature","properties":{"color":"#004A85","ref":"1"},"geometry":{"type":"LineString","coordinates":[[126.892466,37.509563],[126.893817,37.510144],[126.896295,37.511114],[126.897383,37.511552],[126.897717,37.511685]]}},{"type":"Feature","properties":{"color":"#004A85","ref":"1"},"geometry":{"type":"LineString","coordinates":[[126.897717,37.511685],[126.89963,37.512449],[126.901703,37.51333],[126.903437,37.51408],[126.90457,37.514636],[126.906577,37.515494]]}},{"type":"Feature","properties":{"color":"#004A85","ref":"1"},"geometry":{"type":"LineString","coordinates":[[126.906577,37.515494],[126.908428,37.516244],[126.908591,37.51631],[126.90868,37.516348]]}},{"type":"Feature","properties":{"color":"#004A85","ref":"1"},"geometry":{"type":"LineString","coordinates":[[126.90868,37.516348],[126.909447,37.516637],[126.909978,37.516786],[126.910613,37.516892],[126.911843,37.516967],[126.914114,37.51714],[126.914786,37.517183],[126.915232,37.517212],[126.9158,37.517241],[126.916433,37.517237],[126.916915,37.517219],[126.917703,37.517103],[126.918271,37.516978],[126.91875,37.516834],[126.919153,37.516681],[126.919672,37.516458],[126.920132,37.516225],[126.920552,37.515971],[126.920879,37.515742],[126.922177,37.514713],[126.922572,37.514413],[126.922859,37.514215],[126.923249,37.513995],[126.923722,37.513788],[126.924014,37.513685],[126.924244,37.513621]]}},{"type":"Feature","properties":{"color":"#004A85","ref":"1"},"geometry":{"type":"LineString","coordinates":[[126.924244,37.513621],[126.924641,37.513532],[126.925048,37.513461],[126.925346,37.51344],[126.925802,37.513433],[126.926109,37.513434],[126.92748,37.513471],[126.92768,37.513476],[126.929503,37.513561],[126.930681,37.513615],[126.933891,37.513696],[126.936591,37.513758],[126.937944,37.513821],[126.93854,37.513877],[126.939499,37.513999]]}},{"type":"Feature","properties":{"color":"#004A85","ref":"1"},"geometry":{"type":"LineString","coordinates":[[126.939499,37.513999],[126.940177,37.514067],[126.941234,37.514187],[126.942661,37.514335],[126.943584,37.514422]]}},{"type":"Feature","properties":{"color":"#004A85","ref":"1"},"geometry":{"type":"LineString","coordinates":[[126.943584,37.514422],[126.944501,37.514521],[126.94495,37.514607],[126.945648,37.514773],[126.94624,37.514986],[126.946597,37.515147],[126.94732,37.515584],[126.94808,37.516178]]}},{"type":"Feature","properties":{"color":"#004A85","ref":"1"},"geometry":{"type":"LineString","coordinates":[[126.94808,37.516178],[126.956395,37.523698]]}},{"type":"Feature","properties":{"color":"#004A85","ref":"1"},"geometry":{"type":"LineString","coordinates":[[126.956395,37.523698],[126.957062,37.524311],[126.957833,37.524954],[126.958814,37.525665],[126.960949,37.527109],[126.961343,37.527375],[126.96225,37.528003],[126.9625,37.528155],[126.963185,37.528656]]}},{"type":"Feature","properties":{"color":"#004A85","ref":"1"},"geometry":{"type":"LineString","coordinates":[[126.963185,37.528656],[126.966044,37.530757],[126.966164,37.530842]]}},{"type":"Feature","properties":{"color":"#004A85","ref":"1"},"geometry":{"type":"LineString","coordinates":[[126.966164,37.530842],[126.966651,37.531185],[126.966763,37.531264],[126.967287,37.531639],[126.967465,37.531779],[126.967946,37.532122],[126.968123,37.532265],[126.968337,37.532438],[126.968658,37.532697],[126.969459,37.533349],[126.96965,37.533515],[126.969961,37.533816],[126.97014,37.534023],[126.970358,37.534316],[126.970568,37.534651],[126.970722,37.534947],[126.97087,37.535335],[126.970953,37.535638],[126.971024,37.53599],[126.971076,37.536281],[126.971132,37.536681],[126.971184,37.537111],[126.97124,37.537815],[126.97127,37.538331],[126.971283,37.538839],[126.971273,37.539506],[126.971267,37.540488],[126.971256,37.541535],[126.971257,37.54163]]}},{"type":"Feature","properties":{"color":"#004A85","ref":"1"},"geometry":{"type":"LineString","coordinates":[[126.971257,37.54163],[126.971254,37.541919]]}},{"type":"Feature","properties":{"color":"#004A85","ref":"1"},"geometry":{"type":"LineString","coordinates":[[126.971254,37.541919],[126.971258,37.542398],[126.971261,37.542899],[126.971255,37.543407],[126.971261,37.543669],[126.971289,37.544218],[126.971327,37.544884],[126.971326,37.54517],[126.97133,37.546871],[126.971313,37.547581],[126.971315,37.548009],[126.971315,37.548075],[126.971318,37.548561],[126.97132,37.548721]]}},{"type":"Feature","properties":{"color":"#004A85","ref":"1"},"geometry":{"type":"LineString","coordinates":[[126.97132,37.548721],[126.971318,37.548815],[126.971316,37.54888]]}},{"type":"Feature","properties":{"color":"#004A85","ref":"1"},"geometry":{"type":"LineString","coordinates":[[126.971316,37.54888],[126.971318,37.549592],[126.971316,37.549699],[126.971333,37.549905],[126.971336,37.549951]]}},{"type":"Feature","properties":{"color":"#004A85","ref":"1"},"geometry":{"type":"LineString","coordinates":[[126.971336,37.549951],[126.97134,37.549998],[126.971367,37.550249],[126.971435,37.550639],[126.971478,37.550826],[126.971555,37.551108],[126.971644,37.551401]]}},{"type":"Feature","properties":{"color":"#004A85","ref":"1"},"geometry":{"type":"LineString","coordinates":[[126.971644,37.551401],[126.971708,37.5516],[126.971732,37.551729],[126.971741,37.551817],[126.971817,37.552359],[126.971837,37.552497],[126.971892,37.553172]]}},{"type":"Feature","properties":{"color":"#004A85","ref":"1"},"geometry":{"type":"LineString","coordinates":[[126.971892,37.553172],[126.971899,37.553373],[126.971927,37.553819],[126.972033,37.554633],[126.972058,37.554834],[126.972086,37.555113],[126.972119,37.555383],[126.972194,37.555817],[126.972296,37.556186],[126.972421,37.556602],[126.972478,37.556769],[126.972609,37.5571],[126.972668,37.557248]]}},{"type":"Feature","properties":{"color":"#004A85","ref":"1"},"geometry":{"type":"LineString","coordinates":[[126.972668,37.557248],[126.972807,37.557523],[126.972923,37.557692],[126.973063,37.557927],[126.973099,37.557971],[126.973215,37.558121],[126.973291,37.558209],[126.973338,37.55827],[126.973465,37.558443],[126.974257,37.559349],[126.974826,37.560161],[126.975317,37.560791],[126.975517,37.561054],[126.975712,37.561334],[126.97605,37.562097]]}},{"type":"Feature","properties":{"color":"#004A85","ref":"1"},"geometry":{"type":"LineString","coordinates":[[126.97605,37.562097],[126.976444,37.563037],[126.976665,37.563546],[126.976768,37.56387],[126.97686,37.564182],[126.976996,37.564484],[126.977083,37.564777],[126.977106,37.564958],[126.977108,37.5654],[126.977135,37.566311],[126.977149,37.566535],[126.977152,37.566855],[126.977155,37.567078],[126.97714,37.567247],[126.977087,37.567595]]}},{"type":"Feature","properties":{"color":"#004A85","ref":"1"},"geometry":{"type":"LineString","coordinates":[[126.977087,37.567595],[126.977006,37.567836],[126.976907,37.568099],[126.97684,37.56825],[126.976776,37.568423],[126.976688,37.568709],[126.976655,37.568908],[126.976656,37.569106],[126.97669,37.56925],[126.976746,37.569385],[126.976844,37.569566],[126.976944,37.569698],[126.977108,37.569857],[126.977312,37.569998],[126.977444,37.570082],[126.977565,37.57014],[126.977701,37.57019],[126.977838,37.570228],[126.977962,37.570261],[126.978089,37.570284],[126.978237,37.570296],[126.97836,37.570291],[126.978461,37.570292],[126.978675,37.570267],[126.978802,37.570242],[126.978955,37.570218],[126.979127,37.570195],[126.979396,37.57018],[126.979673,37.570169],[126.979968,37.570165],[126.980313,37.570171],[126.980806,37.570181],[126.981232,37.570196],[126.981328,37.570194]]}},{"type":"Feature","properties":{"color":"#004A85","ref":"1"},"geometry":{"type":"LineString","coordinates":[[126.981328,37.570194],[126.98169,37.570192],[126.982022,37.570191],[126.98377,37.570195],[126.98424,37.570203],[126.986145,37.570199],[126.987639,37.570222],[126.988412,37.570255],[126.990598,37.570363],[126.991116,37.57039],[126.992381,37.570458],[126.993332,37.570499],[126.995105,37.570559],[126.995712,37.570592]]}},{"type":"Feature","properties":{"color":"#004A85","ref":"1"},"geometry":{"type":"LineString","coordinates":[[126.995712,37.570592],[126.996983,37.570679],[126.997435,37.570717],[127.000031,37.570881],[127.001223,37.570973],[127.001913,37.571004],[127.003071,37.571033],[127.003787,37.571047],[127.004546,37.571059],[127.007793,37.571127],[127.008046,37.571134],[127.008301,37.571155],[127.008556,37.571197],[127.008776,37.57125],[127.009764,37.571498],[127.010481,37.571659],[127.012156,37.572044],[127.012488,37.572119],[127.015168,37.572906],[127.016198,37.573193],[127.016954,37.573395],[127.017601,37.573569],[127.01813,37.573755]]}},{"type":"Feature","properties":{"color":"#004A85","ref":"1"},"geometry":{"type":"LineString","coordinates":[[127.01813,37.573755],[127.018465,37.57387],[127.019737,37.574301],[127.021141,37.574775],[127.021963,37.575106],[127.022924,37.575493],[127.023274,37.575621],[127.023354,37.575651],[127.023602,37.575731],[127.023771,37.57579],[127.024004,37.575871],[127.025512,37.576334],[127.026148,37.576534],[127.027511,37.57692],[127.027938,37.577038],[127.030447,37.577751],[127.030627,37.577799],[127.030926,37.577877],[127.03143,37.577991],[127.031852,37.578078],[127.032146,37.578135],[127.032333,37.578174],[127.032547,37.578218],[127.032783,37.578256],[127.032959,37.578285],[127.03312,37.57831],[127.03331,37.578335],[127.033486,37.578359],[127.033695,37.578382],[127.033994,37.578402],[127.034155,37.578411],[127.034337,37.578414],[127.034473,37.578408],[127.034627,37.578406],[127.034982,37.578384],[127.03523,37.578363],[127.035397,37.578344],[127.035629,37.578306],[127.035911,37.578263],[127.036141,37.578213],[127.036437,37.578171],[127.036676,37.578125],[127.03695,37.57809],[127.037133,37.57807],[127.037375,37.578056],[127.037539,37.578055],[127.037684,37.578057],[127.037923,37.578072],[127.03817,37.578099],[127.038377,37.578127],[127.038503,37.578146],[127.038755,37.578188],[127.038936,37.578223],[127.039122,37.57827],[127.042365,37.579308],[127.042395,37.579317],[127.042913,37.579471],[127.042975,37.579489],[127.043345,37.579611],[127.043584,37.579698],[127.044234,37.579897],[127.044837,37.580098],[127.045369,37.580261],[127.046164,37.580611]]}},{"type":"Feature","properties":{"color":"#004A85","ref":"1"},"geometry":{"type":"LineString","coordinates":[[127.046164,37.580611],[127.046389,37.58071],[127.046485,37.580753],[127.046876,37.580942],[127.047122,37.581093],[127.047403,37.581273],[127.047577,37.581388]]}},{"type":"Feature","properties":{"color":"#004A85","ref":"1"},"geometry":{"type":"LineString","coordinates":[[127.047577,37.581388],[127.047835,37.581573],[127.047898,37.58162],[127.048147,37.581817],[127.04892,37.582459],[127.049293,37.582756],[127.0496,37.583014]]}},{"type":"Feature","properties":{"color":"#004A85","ref":"1"},"geometry":{"type":"LineString","coordinates":[[127.0496,37.583014],[127.049842,37.583244],[127.050094,37.583508],[127.050592,37.584069],[127.050718,37.584214]]}},{"type":"Feature","properties":{"color":"#004A85","ref":"1"},"geometry":{"type":"LineString","coordinates":[[127.050718,37.584214],[127.050879,37.584391],[127.051018,37.584553],[127.051243,37.584813],[127.051417,37.584998],[127.051537,37.585125],[127.051686,37.585288],[127.052,37.585674],[127.052147,37.585858],[127.052307,37.586055],[127.052433,37.586185]]}},{"type":"Feature","properties":{"color":"#004A85","ref":"1"},"geometry":{"type":"LineString","coordinates":[[127.052433,37.586185],[127.052546,37.586303],[127.05282,37.586581],[127.053049,37.586792],[127.053117,37.586855],[127.053413,37.587104],[127.053735,37.587359],[127.05405,37.587585],[127.054385,37.587812],[127.054846,37.588101],[127.055257,37.588354],[127.055623,37.588571],[127.055997,37.588785],[127.056354,37.588995],[127.056604,37.589131],[127.05826,37.59001],[127.058634,37.590215],[127.058714,37.590259],[127.058874,37.590349],[127.059154,37.590508],[127.059422,37.59068],[127.059621,37.590822],[127.059895,37.591036],[127.060143,37.591263],[127.060218,37.591325],[127.060234,37.591341],[127.060321,37.591433],[127.0604,37.591525],[127.060554,37.591717],[127.060752,37.59197],[127.06098,37.592293],[127.061265,37.592721],[127.062249,37.59414],[127.06283,37.595003],[127.063004,37.595258],[127.064203,37.59699],[127.064423,37.597308],[127.064874,37.597927],[127.065243,37.598427],[127.065568,37.598871],[127.065923,37.599392],[127.066294,37.599922],[127.066503,37.600225],[127.066691,37.600522],[127.066791,37.60069],[127.066957,37.600981],[127.067051,37.601165]]}},{"type":"Feature","properties":{"color":"#004A85","ref":"1"},"geometry":{"type":"LineString","coordinates":[[127.067051,37.601165],[127.067076,37.601216]]}},{"type":"Feature","properties":{"color":"#004A85","ref":"1"},"geometry":{"type":"LineString","coordinates":[[127.067076,37.601216],[127.067188,37.601468],[127.067293,37.601713]]}},{"type":"Feature","properties":{"color":"#004A85","ref":"1"},"geometry":{"type":"LineString","coordinates":[[127.067293,37.601713],[127.067438,37.602089],[127.067525,37.602332],[127.067579,37.602506],[127.06762,37.602666],[127.067653,37.602817],[127.067684,37.602978],[127.067694,37.603047]]}},{"type":"Feature","properties":{"color":"#004A85","ref":"1"},"geometry":{"type":"LineString","coordinates":[[127.067694,37.603047],[127.067706,37.603149],[127.067736,37.603418],[127.067768,37.603795],[127.067785,37.604092],[127.067788,37.604147],[127.067791,37.604472],[127.067793,37.604956],[127.067758,37.605921],[127.067715,37.607704],[127.067681,37.609025],[127.067666,37.609319],[127.067637,37.609617],[127.067605,37.609845],[127.067561,37.610088],[127.067515,37.610296]]}},{"type":"Feature","properties":{"color":"#004A85","ref":"1"},"geometry":{"type":"LineString","coordinates":[[127.067515,37.610296],[127.067488,37.610396],[127.067364,37.610887],[127.06726,37.611288],[127.067159,37.611578],[127.06704,37.611859],[127.066733,37.612534],[127.066265,37.613589]]}},{"type":"Feature","properties":{"color":"#004A85","ref":"1"},"geometry":{"type":"LineString","coordinates":[[127.066265,37.613589],[127.066165,37.613811],[127.066067,37.614026]]}},{"type":"Feature","properties":{"color":"#004A85","ref":"1"},"geometry":{"type":"LineString","coordinates":[[127.066067,37.614026],[127.065703,37.614835]]}},{"type":"Feature","properties":{"color":"#004A85","ref":"1"},"geometry":{"type":"LineString","coordinates":[[127.065703,37.614835],[127.065558,37.615159],[127.065335,37.615731],[127.065312,37.615791],[127.065255,37.615938],[127.065104,37.616336],[127.064927,37.616745]]}},{"type":"Feature","properties":{"color":"#004A85","ref":"1"},"geometry":{"type":"LineString","coordinates":[[127.064927,37.616745],[127.064807,37.617025]]}},{"type":"Feature","properties":{"color":"#004A85","ref":"1"},"geometry":{"type":"LineString","coordinates":[[127.064807,37.617025],[127.064646,37.617376],[127.064615,37.617445]]}},{"type":"Feature","properties":{"color":"#004A85","ref":"1"},"geometry":{"type":"LineString","coordinates":[[127.064615,37.617445],[127.064512,37.617666],[127.064346,37.618023],[127.063918,37.61891],[127.063759,37.619219],[127.063674,37.619402],[127.063599,37.619597],[127.063493,37.619884],[127.063345,37.620245],[127.063192,37.620555],[127.063064,37.620776],[127.062981,37.620909]]}},{"type":"Feature","properties":{"color":"#004A85","ref":"1"},"geometry":{"type":"LineString","coordinates":[[127.062981,37.620909],[127.062788,37.621232],[127.062643,37.621523],[127.062635,37.62154],[127.061948,37.623073],[127.061597,37.623886],[127.06122,37.624762],[127.061042,37.625176],[127.060937,37.625428],[127.060756,37.625832]]}},{"type":"Feature","properties":{"color":"#004A85","ref":"1"},"geometry":{"type":"LineString","coordinates":[[127.060756,37.625832],[127.06071,37.625927],[127.060585,37.626254],[127.060449,37.626611],[127.060324,37.626885],[127.060231,37.627103],[127.060066,37.627502],[127.05987,37.627938],[127.059673,37.62838]]}},{"type":"Feature","properties":{"color":"#004A85","ref":"1"},"geometry":{"type":"LineString","coordinates":[[127.059673,37.62838],[127.059587,37.628561],[127.059485,37.628789],[127.059405,37.628991],[127.059235,37.629402],[127.059144,37.629638],[127.059044,37.629923],[127.058996,37.630096],[127.05893,37.630387],[127.058877,37.630659],[127.058822,37.631021],[127.058797,37.63128],[127.058796,37.631555],[127.058789,37.631905]]}},{"type":"Feature","properties":{"color":"#004A85","ref":"1"},"geometry":{"type":"LineString","coordinates":[[127.058789,37.631905],[127.058792,37.632029]]}},{"type":"Feature","properties":{"color":"#004A85","ref":"1"},"geometry":{"type":"LineString","coordinates":[[127.058792,37.632029],[127.058796,37.632126],[127.058869,37.633669],[127.058882,37.633919]]}},{"type":"Feature","properties":{"color":"#004A85","ref":"1"},"geometry":{"type":"LineString","coordinates":[[127.058882,37.633919],[127.05889,37.634112],[127.05888,37.634219],[127.058875,37.634269],[127.058858,37.634375]]}},{"type":"Feature","properties":{"color":"#004A85","ref":"1"},"geometry":{"type":"LineString","coordinates":[[127.058858,37.634375],[127.058817,37.634638],[127.058776,37.634931],[127.058716,37.635211],[127.058622,37.63553],[127.058529,37.635779],[127.058464,37.635946],[127.058411,37.636052],[127.058341,37.636194],[127.058275,37.636316],[127.058212,37.636432],[127.058115,37.636611],[127.058001,37.636769]]}},{"type":"Feature","properties":{"color":"#004A85","ref":"1"},"geometry":{"type":"LineString","coordinates":[[127.058001,37.636769],[127.057606,37.637258],[127.057126,37.637742],[127.056641,37.638156]]}},{"type":"Feature","properties":{"color":"#004A85","ref":"1"},"geometry":{"type":"LineString","coordinates":[[127.056641,37.638156],[127.056246,37.638473],[127.056041,37.638642],[127.05561,37.638974],[127.054904,37.639555],[127.054803,37.639636],[127.054543,37.639854],[127.054125,37.640252]]}},{"type":"Feature","properties":{"color":"#004A85","ref":"1"},"geometry":{"type":"LineString","coordinates":[[127.054125,37.640252],[127.053866,37.640504],[127.053643,37.640729],[127.0535,37.640877],[127.053345,37.641052],[127.053158,37.641283],[127.052949,37.641543],[127.052757,37.641778],[127.052543,37.642105]]}},{"type":"Feature","properties":{"color":"#004A85","ref":"1"},"geometry":{"type":"LineString","coordinates":[[127.052543,37.642105],[127.05244,37.642267],[127.05234,37.642434],[127.052272,37.642561],[127.052165,37.642781],[127.051887,37.643406],[127.051836,37.643523]]}},{"type":"Feature","properties":{"color":"#004A85","ref":"1"},"geometry":{"type":"LineString","coordinates":[[127.051836,37.643523],[127.051775,37.643673]]}},{"type":"Feature","properties":{"color":"#004A85","ref":"1"},"geometry":{"type":"LineString","coordinates":[[127.051775,37.643673],[127.05111,37.645229],[127.050967,37.645566]]}},{"type":"Feature","properties":{"color":"#004A85","ref":"1"},"geometry":{"type":"LineString","coordinates":[[127.050967,37.645566],[127.050908,37.645699]]}},{"type":"Feature","properties":{"color":"#004A85","ref":"1"},"geometry":{"type":"LineString","coordinates":[[127.050908,37.645699],[127.050688,37.64622],[127.049866,37.648175],[127.049484,37.649066],[127.049033,37.650057]]}},{"type":"Feature","properties":{"color":"#004A85","ref":"1"},"geometry":{"type":"LineString","coordinates":[[127.048454,37.651416],[127.048594,37.651064],[127.048676,37.650886],[127.048865,37.650432],[127.049033,37.650057]]}},{"type":"Feature","properties":{"color":"#004A85","ref":"1"},"geometry":{"type":"LineString","coordinates":[[127.047621,37.653305],[127.048048,37.652331],[127.048124,37.652162],[127.048221,37.651936],[127.048454,37.651416]]}},{"type":"Feature","properties":{"color":"#004A85","ref":"1"},"geometry":{"type":"LineString","coordinates":[[127.046425,37.656153],[127.046589,37.655751],[127.046713,37.655456],[127.046875,37.655093],[127.047266,37.654124],[127.047621,37.653305]]}},{"type":"Feature","properties":{"color":"#004A85","ref":"1"},"geometry":{"type":"LineString","coordinates":[[127.046425,37.656153],[127.046274,37.656524],[127.046028,37.65714],[127.045947,37.657312],[127.045853,37.657524],[127.045726,37.657812],[127.045606,37.658092],[127.045393,37.658597],[127.045308,37.658847],[127.045168,37.659266],[127.045123,37.659428],[127.045034,37.659767],[127.044876,37.660457],[127.044828,37.660767],[127.044799,37.66106],[127.044764,37.661564],[127.044732,37.661897],[127.044721,37.662071]]}},{"type":"Feature","properties":{"color":"#004A85","ref":"1"},"geometry":{"type":"LineString","coordinates":[[127.044721,37.662071],[127.044702,37.662241]]}},{"type":"Feature","properties":{"color":"#004A85","ref":"1"},"geometry":{"type":"LineString","coordinates":[[127.044702,37.662241],[127.044547,37.664064],[127.044432,37.665872],[127.044419,37.666027]]}},{"type":"Feature","properties":{"color":"#004A85","ref":"1"},"geometry":{"type":"LineString","coordinates":[[127.044419,37.666027],[127.044413,37.666085]]}},{"type":"Feature","properties":{"color":"#004A85","ref":"1"},"geometry":{"type":"LineString","coordinates":[[127.044413,37.666085],[127.044214,37.668439],[127.044197,37.668641],[127.044172,37.668895]]}},{"type":"Feature","properties":{"color":"#004A85","ref":"1"},"geometry":{"type":"LineString","coordinates":[[127.044172,37.668895],[127.044117,37.66946]]}},{"type":"Feature","properties":{"color":"#004A85","ref":"1"},"geometry":{"type":"LineString","coordinates":[[127.044117,37.66946],[127.044103,37.669703]]}},{"type":"Feature","properties":{"color":"#004A85","ref":"1"},"geometry":{"type":"LineString","coordinates":[[127.044103,37.669703],[127.044104,37.669781],[127.044104,37.670144],[127.04412,37.670539],[127.044166,37.671144]]}},{"type":"Feature","properties":{"color":"#004A85","ref":"1"},"geometry":{"type":"LineString","coordinates":[[127.044166,37.671144],[127.044256,37.671832],[127.044366,37.672513],[127.045265,37.677771],[127.045306,37.677997]]}},{"type":"Feature","properties":{"color":"#004A85","ref":"1"},"geometry":{"type":"LineString","coordinates":[[127.045306,37.677997],[127.045516,37.679107],[127.045637,37.679855],[127.045734,37.680451]]}},{"type":"Feature","properties":{"color":"#004A85","ref":"1"},"geometry":{"type":"LineString","coordinates":[[127.045734,37.680451],[127.046228,37.683302],[127.04628,37.683643],[127.046317,37.68404],[127.046346,37.684323],[127.046354,37.685091],[127.046332,37.685676]]}},{"type":"Feature","properties":{"color":"#004A85","ref":"1"},"geometry":{"type":"LineString","coordinates":[[127.046332,37.685676],[127.04632,37.685816],[127.046312,37.685921],[127.046275,37.686265],[127.046209,37.687016],[127.04619,37.687308]]}},{"type":"Feature","properties":{"color":"#004A85","ref":"1"},"geometry":{"type":"LineString","coordinates":[[127.04619,37.687308],[127.046173,37.688323],[127.046154,37.688564]]}},{"type":"Feature","properties":{"color":"#004A85","ref":"1"},"geometry":{"type":"LineString","coordinates":[[127.046154,37.688564],[127.046141,37.688766],[127.046114,37.689076]]}},{"type":"Feature","properties":{"color":"#004A85","ref":"1"},"geometry":{"type":"LineString","coordinates":[[127.046114,37.689076],[127.046069,37.689652],[127.045997,37.690471],[127.045951,37.690985],[127.045823,37.692367],[127.045737,37.693359]]}},{"type":"Feature","properties":{"color":"#004A85","ref":"1"},"geometry":{"type":"LineString","coordinates":[[127.045737,37.693359],[127.045697,37.694028],[127.045672,37.694443],[127.045589,37.695288],[127.045568,37.695652],[127.045562,37.696023],[127.045586,37.696435]]}},{"type":"Feature","properties":{"color":"#004A85","ref":"1"},"geometry":{"type":"LineString","coordinates":[[127.045586,37.696435],[127.045611,37.696673]]}},{"type":"Feature","properties":{"color":"#004A85","ref":"1"},"geometry":{"type":"LineString","coordinates":[[127.045611,37.696673],[127.045648,37.696985],[127.04574,37.697485],[127.046002,37.698826],[127.046196,37.699735]]}},{"type":"Feature","properties":{"color":"#004A85","ref":"1"},"geometry":{"type":"LineString","coordinates":[[127.046196,37.699735],[127.046762,37.70261]]}},{"type":"Feature","properties":{"color":"#004A85","ref":"1"},"geometry":{"type":"LineString","coordinates":[[127.046762,37.70261],[127.047635,37.706604]]}},{"type":"Feature","properties":{"color":"#004A85","ref":"1"},"geometry":{"type":"LineString","coordinates":[[127.047635,37.706604],[127.047693,37.707026],[127.047726,37.707523],[127.047717,37.708008],[127.047684,37.7085],[127.047654,37.708784],[127.04762,37.708993]]}},{"type":"Feature","properties":{"color":"#004A85","ref":"1"},"geometry":{"type":"LineString","coordinates":[[127.04762,37.708993],[127.047543,37.70939],[127.047386,37.7102],[127.047187,37.711224],[127.047153,37.711403],[127.047125,37.711547]]}},{"type":"Feature","properties":{"color":"#004A85","ref":"1"},"geometry":{"type":"LineString","coordinates":[[127.047125,37.711547],[127.04678,37.713389]]}},{"type":"Feature","properties":{"color":"#004A85","ref":"1"},"geometry":{"type":"LineString","coordinates":[[127.04678,37.713389],[127.046588,37.71451]]}},{"type":"Feature","properties":{"color":"#004A85","ref":"1"},"geometry":{"type":"LineString","coordinates":[[127.046588,37.71451],[127.04653,37.714845],[127.046517,37.714925]]}},{"type":"Feature","properties":{"color":"#004A85","ref":"1"},"geometry":{"type":"LineString","coordinates":[[127.046517,37.714925],[127.046466,37.715244],[127.046402,37.715676],[127.046383,37.715912],[127.046375,37.716139],[127.046372,37.716944],[127.04638,37.717257],[127.046394,37.717525],[127.046427,37.717829],[127.046432,37.71787],[127.04646,37.718097],[127.046543,37.718693],[127.04685,37.720769]]}},{"type":"Feature","properties":{"color":"#004A85","ref":"1"},"geometry":{"type":"LineString","coordinates":[[127.04685,37.720769],[127.046857,37.720816]]}},{"type":"Feature","properties":{"color":"#004A85","ref":"1"},"geometry":{"type":"LineString","coordinates":[[127.046857,37.720816],[127.046976,37.72162],[127.047046,37.722116],[127.047141,37.722831],[127.047232,37.723742],[127.047247,37.724],[127.047256,37.724162],[127.047261,37.724246]]}},{"type":"Feature","properties":{"color":"#004A85","ref":"1"},"geometry":{"type":"LineString","coordinates":[[127.047261,37.724246],[127.047272,37.724457]]}},{"type":"Feature","properties":{"color":"#004A85","ref":"1"},"geometry":{"type":"LineString","coordinates":[[127.047272,37.724457],[127.047281,37.724627],[127.047287,37.72473],[127.047293,37.72487]]}},{"type":"Feature","properties":{"color":"#004A85","ref":"1"},"geometry":{"type":"LineString","coordinates":[[127.047293,37.72487],[127.047311,37.725435],[127.047321,37.725623],[127.047321,37.725884]]}},{"type":"Feature","properties":{"color":"#004A85","ref":"1"},"geometry":{"type":"LineString","coordinates":[[127.047321,37.725884],[127.047328,37.726003],[127.04732,37.726585],[127.047278,37.727463],[127.047236,37.728123],[127.047212,37.72849],[127.047203,37.728632],[127.047191,37.728759],[127.047178,37.728895],[127.047165,37.729026]]}},{"type":"Feature","properties":{"color":"#004A85","ref":"1"},"geometry":{"type":"LineString","coordinates":[[127.047165,37.729026],[127.047162,37.729062],[127.047144,37.72926],[127.047131,37.729399],[127.047117,37.729552]]}},{"type":"Feature","properties":{"color":"#004A85","ref":"1"},"geometry":{"type":"LineString","coordinates":[[127.047117,37.729552],[127.047091,37.729755],[127.046997,37.730497]]}},{"type":"Feature","properties":{"color":"#004A85","ref":"1"},"geometry":{"type":"LineString","coordinates":[[127.046997,37.730497],[127.046968,37.730729],[127.046829,37.73184],[127.046757,37.732421],[127.04674,37.732539]]}},{"type":"Feature","properties":{"color":"#004A85","ref":"1"},"geometry":{"type":"LineString","coordinates":[[127.04674,37.732539],[127.046696,37.732897]]}},{"type":"Feature","properties":{"color":"#004A85","ref":"1"},"geometry":{"type":"LineString","coordinates":[[127.046696,37.732897],[127.046681,37.733008],[127.046652,37.733232]]}},{"type":"Feature","properties":{"color":"#004A85","ref":"1"},"geometry":{"type":"LineString","coordinates":[[127.046652,37.733232],[127.046645,37.733282]]}},{"type":"Feature","properties":{"color":"#004A85","ref":"1"},"geometry":{"type":"LineString","coordinates":[[127.046645,37.733282],[127.046623,37.733421]]}},{"type":"Feature","properties":{"color":"#004A85","ref":"1"},"geometry":{"type":"LineString","coordinates":[[127.046623,37.733421],[127.046524,37.73427]]}},{"type":"Feature","properties":{"color":"#004A85","ref":"1"},"geometry":{"type":"LineString","coordinates":[[127.046524,37.73427],[127.046252,37.736401]]}},{"type":"Feature","properties":{"color":"#004A85","ref":"1"},"geometry":{"type":"LineString","coordinates":[[127.046252,37.736401],[127.046242,37.736473],[127.046107,37.737498],[127.045943,37.738839]]}},{"type":"Feature","properties":{"color":"#004A85","ref":"1"},"geometry":{"type":"LineString","coordinates":[[127.045943,37.738839],[127.045928,37.738954]]}},{"type":"Feature","properties":{"color":"#004A85","ref":"1"},"geometry":{"type":"LineString","coordinates":[[127.045928,37.738954],[127.045927,37.738985],[127.045906,37.739486]]}},{"type":"Feature","properties":{"color":"#004A85","ref":"1"},"geometry":{"type":"LineString","coordinates":[[127.045906,37.739486],[127.045895,37.739806],[127.045876,37.740042],[127.045853,37.740266]]}},{"type":"Feature","properties":{"color":"#004A85","ref":"1"},"geometry":{"type":"LineString","coordinates":[[127.045853,37.740266],[127.045794,37.740712]]}},{"type":"Feature","properties":{"color":"#004A85","ref":"1"},"geometry":{"type":"LineString","coordinates":[[127.045794,37.740712],[127.045767,37.740909]]}},{"type":"Feature","properties":{"color":"#004A85","ref":"1"},"geometry":{"type":"LineString","coordinates":[[127.045767,37.740909],[127.045393,37.743775]]}},{"type":"Feature","properties":{"color":"#004A85","ref":"1"},"geometry":{"type":"LineString","coordinates":[[127.045393,37.743775],[127.045161,37.745547],[127.045051,37.746181],[127.044986,37.74649],[127.044937,37.746725],[127.044841,37.747056],[127.044713,37.747473]]}},{"type":"Feature","properties":{"color":"#004A85","ref":"1"},"geometry":{"type":"LineString","coordinates":[[127.044713,37.747473],[127.044544,37.747977],[127.044221,37.748858],[127.04411,37.749101],[127.044061,37.74922],[127.044022,37.749309]]}},{"type":"Feature","properties":{"color":"#004A85","ref":"1"},"geometry":{"type":"LineString","coordinates":[[127.044022,37.749309],[127.04397,37.749433],[127.043902,37.749588],[127.043807,37.749806],[127.043716,37.750011],[127.043569,37.750346],[127.043409,37.75071],[127.043394,37.750746],[127.043321,37.75092],[127.04317,37.751279],[127.043152,37.751321],[127.04278,37.752208],[127.042648,37.752537],[127.042448,37.753095],[127.042286,37.753766],[127.042227,37.754216],[127.042193,37.754684],[127.042233,37.757643],[127.042273,37.758439]]}},{"type":"Feature","properties":{"color":"#004A85","ref":"1"},"geometry":{"type":"LineString","coordinates":[[127.042273,37.758439],[127.042273,37.758455],[127.04234,37.760297],[127.042342,37.760359]]}},{"type":"Feature","properties":{"color":"#004A85","ref":"1"},"geometry":{"type":"LineString","coordinates":[[127.042342,37.760359],[127.042343,37.760368],[127.042369,37.760565],[127.042399,37.76084],[127.042439,37.761093],[127.042499,37.761416],[127.042576,37.761774],[127.042649,37.762062],[127.043109,37.763569],[127.043969,37.766321],[127.044057,37.766628],[127.044115,37.766921],[127.044155,37.767142],[127.044195,37.767427],[127.044234,37.767723],[127.044263,37.768009],[127.044281,37.768248],[127.044359,37.769254]]}},{"type":"Feature","properties":{"color":"#004A85","ref":"1"},"geometry":{"type":"LineString","coordinates":[[127.044359,37.769254],[127.044398,37.76986],[127.044416,37.770139]]}},{"type":"Feature","properties":{"color":"#004A85","ref":"1"},"geometry":{"type":"LineString","coordinates":[[127.044416,37.770139],[127.044461,37.770616],[127.044466,37.770667],[127.044498,37.771003]]}},{"type":"Feature","properties":{"color":"#004A85","ref":"1"},"geometry":{"type":"LineString","coordinates":[[127.044498,37.771003],[127.044592,37.772543],[127.044645,37.773252]]}},{"type":"Feature","properties":{"color":"#004A85","ref":"1"},"geometry":{"type":"LineString","coordinates":[[127.044645,37.773252],[127.044793,37.774959],[127.044809,37.775138]]}},{"type":"Feature","properties":{"color":"#004A85","ref":"1"},"geometry":{"type":"LineString","coordinates":[[127.044809,37.775138],[127.044818,37.775242],[127.044871,37.775847],[127.044881,37.776002],[127.044904,37.776623]]}},{"type":"Feature","properties":{"color":"#004A85","ref":"1"},"geometry":{"type":"LineString","coordinates":[[127.044904,37.776623],[127.044919,37.77681],[127.044961,37.777344],[127.044963,37.77737],[127.044992,37.777668],[127.045024,37.777947],[127.045071,37.778308],[127.045129,37.778652],[127.04519,37.778893],[127.045295,37.77922],[127.045396,37.779486],[127.045501,37.779706],[127.045623,37.779929]]}},{"type":"Feature","properties":{"color":"#004A85","ref":"1"},"geometry":{"type":"LineString","coordinates":[[127.045623,37.779929],[127.045837,37.780258],[127.046186,37.780715],[127.046512,37.781065],[127.046765,37.781311],[127.048334,37.78276],[127.049143,37.783507],[127.049375,37.783735],[127.049546,37.783917],[127.049731,37.784127],[127.049859,37.784296],[127.049985,37.784471],[127.050094,37.78464],[127.050216,37.784842],[127.050337,37.785078],[127.050454,37.785332],[127.050549,37.785595],[127.050606,37.785772],[127.050663,37.785983],[127.0507,37.786155],[127.050727,37.786291],[127.050753,37.786445]]}},{"type":"Feature","properties":{"color":"#004A85","ref":"1"},"geometry":{"type":"LineString","coordinates":[[127.050753,37.786445],[127.050846,37.787012],[127.05094,37.7876],[127.050969,37.787775],[127.051088,37.788604],[127.051123,37.788946],[127.051141,37.78926],[127.051141,37.78956],[127.05112,37.78985],[127.051083,37.790134],[127.051021,37.790466],[127.050949,37.790772],[127.050872,37.791061],[127.050353,37.792841],[127.050151,37.793581],[127.050009,37.794157],[127.049886,37.79459],[127.049824,37.794793],[127.049706,37.795181],[127.049494,37.795885],[127.049377,37.796307],[127.049288,37.796694],[127.049213,37.797063],[127.049165,37.79741],[127.049131,37.7978],[127.049131,37.798123],[127.049152,37.798416],[127.049192,37.798737],[127.049253,37.799074],[127.04933,37.799371],[127.049426,37.799673],[127.049968,37.801328],[127.050139,37.801848],[127.050196,37.802022]]}},{"type":"Feature","properties":{"color":"#004A85","ref":"1"},"geometry":{"type":"LineString","coordinates":[[127.050196,37.802022],[127.050398,37.802658],[127.050497,37.802995],[127.050564,37.803292],[127.050634,37.803703],[127.050679,37.804019],[127.050706,37.804298],[127.050714,37.804722],[127.050706,37.805064],[127.050685,37.805352],[127.050644,37.805651],[127.050568,37.806107],[127.050332,37.807324],[127.050274,37.80763],[127.050239,37.807846],[127.050211,37.808093],[127.050199,37.80826],[127.050184,37.808501],[127.050194,37.808802],[127.050217,37.809114],[127.050253,37.809421],[127.050398,37.809944],[127.050684,37.81062],[127.051017,37.811207],[127.051658,37.811943],[127.054549,37.814861],[127.055073,37.815542],[127.055434,37.816054],[127.05584,37.816816],[127.056249,37.817676],[127.05633,37.817863]]}},{"type":"Feature","properties":{"color":"#004A85","ref":"1"},"geometry":{"type":"LineString","coordinates":[[127.05633,37.817863],[127.057001,37.819569],[127.057054,37.819714]]}},{"type":"Feature","properties":{"color":"#004A85","ref":"1"},"geometry":{"type":"LineString","coordinates":[[127.057054,37.819714],[127.057127,37.8199],[127.057193,37.820067],[127.057826,37.821582],[127.058363,37.822857],[127.058514,37.823217],[127.058768,37.823691],[127.059197,37.824362],[127.05988,37.825244],[127.061525,37.827123],[127.06202,37.827835],[127.062332,37.828408],[127.062566,37.828979],[127.062776,37.829717],[127.062884,37.830511],[127.062896,37.83125],[127.06275,37.832609],[127.062502,37.834921],[127.062254,37.836888],[127.062193,37.837367]]}},{"type":"Feature","properties":{"color":"#004A85","ref":"1"},"geometry":{"type":"LineString","coordinates":[[127.062193,37.837367],[127.061995,37.838936],[127.061966,37.839171],[127.061942,37.839414]]}},{"type":"Feature","properties":{"color":"#004A85","ref":"1"},"geometry":{"type":"LineString","coordinates":[[127.061942,37.839414],[127.061458,37.844009],[127.061448,37.844106],[127.06124,37.845759]]}},{"type":"Feature","properties":{"color":"#004A85","ref":"1"},"geometry":{"type":"LineString","coordinates":[[127.06124,37.845759],[127.061185,37.84626],[127.061114,37.84687],[127.060849,37.849151],[127.060667,37.850637],[127.060593,37.852277]]}},{"type":"Feature","properties":{"color":"#004A85","ref":"1"},"geometry":{"type":"LineString","coordinates":[[127.060593,37.852277],[127.060606,37.853268],[127.060745,37.856981],[127.060957,37.861583],[127.061153,37.864813],[127.061242,37.866362],[127.061248,37.867381],[127.061223,37.867759],[127.061108,37.868317],[127.060808,37.869295],[127.060374,37.870458]]}},{"type":"Feature","properties":{"color":"#004A85","ref":"1"},"geometry":{"type":"LineString","coordinates":[[127.060374,37.870458],[127.059182,37.873613],[127.05896,37.874196],[127.058301,37.87533]]}},{"type":"Feature","properties":{"color":"#004A85","ref":"1"},"geometry":{"type":"LineString","coordinates":[[127.058301,37.87533],[127.058117,37.875627],[127.058064,37.875699],[127.056356,37.878026],[127.055782,37.878912],[127.055425,37.879708],[127.05527,37.880153],[127.055167,37.880598],[127.055067,37.881094],[127.055049,37.88147],[127.055046,37.882247],[127.055049,37.882418],[127.055362,37.886702],[127.055581,37.889724]]}},{"type":"Feature","properties":{"color":"#004A85","ref":"1"},"geometry":{"type":"LineString","coordinates":[[127.055581,37.889724],[127.055653,37.890675],[127.055732,37.891736],[127.055853,37.893177],[127.055874,37.893442],[127.055961,37.894573]]}},{"type":"Feature","properties":{"color":"#004A85","ref":"1"},"geometry":{"type":"LineString","coordinates":[[127.055961,37.894573],[127.05599,37.894915],[127.056006,37.89511],[127.056023,37.895319],[127.05611,37.896462],[127.056258,37.89848],[127.056299,37.899205]]}},{"type":"Feature","properties":{"color":"#004A85","ref":"1"},"geometry":{"type":"LineString","coordinates":[[127.056299,37.899205],[127.05635,37.899826],[127.056506,37.90173],[127.05656,37.902599],[127.056584,37.903109],[127.056669,37.904063]]}},{"type":"Feature","properties":{"color":"#004A85","ref":"1"},"geometry":{"type":"LineString","coordinates":[[127.056669,37.904063],[127.056686,37.90425],[127.056735,37.904801],[127.057212,37.911484],[127.057286,37.912514],[127.057278,37.913641],[127.057191,37.914473],[127.057116,37.914935],[127.057043,37.915322],[127.056517,37.918235],[127.055962,37.92136],[127.055795,37.922325]]}},{"type":"Feature","properties":{"color":"#004A85","ref":"1"},"geometry":{"type":"LineString","coordinates":[[127.055795,37.922325],[127.055577,37.923429],[127.055483,37.923902],[127.055459,37.924024]]}},{"type":"Feature","properties":{"color":"#004A85","ref":"1"},"geometry":{"type":"LineString","coordinates":[[127.055459,37.924024],[127.05541,37.924315]]}},{"type":"Feature","properties":{"color":"#004A85","ref":"1"},"geometry":{"type":"LineString","coordinates":[[127.05541,37.924315],[127.055335,37.924713],[127.055138,37.925784],[127.054973,37.926685],[127.054635,37.92844],[127.054581,37.928819],[127.054467,37.929599],[127.054283,37.930555]]}},{"type":"Feature","properties":{"color":"#004A85","ref":"1"},"geometry":{"type":"LineString","coordinates":[[127.054283,37.930555],[127.054242,37.930785],[127.054197,37.931041]]}},{"type":"Feature","properties":{"color":"#004A85","ref":"1"},"geometry":{"type":"LineString","coordinates":[[127.054197,37.931041],[127.054153,37.931268],[127.05407,37.931702]]}},{"type":"Feature","properties":{"color":"#004A85","ref":"1"},"geometry":{"type":"LineString","coordinates":[[127.058907,37.944047],[127.059275,37.944483],[127.059402,37.944654],[127.059844,37.945184],[127.060123,37.945568],[127.060191,37.945701],[127.060195,37.945708],[127.060387,37.946212]]}},{"type":"Feature","properties":{"color":"#004A85","ref":"1"},"geometry":{"type":"LineString","coordinates":[[127.060387,37.946212],[127.060539,37.946572],[127.060657,37.946975],[127.060694,37.947185],[127.060705,37.947266],[127.060721,37.947383],[127.060747,37.947547],[127.06079,37.947977],[127.060901,37.948867]]}},{"type":"Feature","properties":{"color":"#004A85","ref":"1"},"geometry":{"type":"LineString","coordinates":[[127.06243,37.622123],[127.062263,37.622502],[127.062121,37.62282],[127.062082,37.622908],[127.061717,37.623744]]}},{"type":"Feature","properties":{"color":"#004A85","ref":"1"},"geometry":{"type":"LineString","coordinates":[[127.06243,37.622123],[127.06254,37.621921],[127.062639,37.621745],[127.062689,37.621661],[127.062757,37.621545],[127.062852,37.621385],[127.063001,37.621108]]}},{"type":"Feature","properties":{"color":"#004A85","ref":"1"},"geometry":{"type":"LineString","coordinates":[[126.884595,37.505044],[126.884182,37.504852],[126.883807,37.504654],[126.883494,37.504456],[126.883239,37.50428],[126.88279,37.503933],[126.882418,37.503601],[126.881417,37.502705],[126.881206,37.502516],[126.880312,37.501769]]}},{"type":"Feature","properties":{"color":"#004A85","ref":"1"},"geometry":{"type":"LineString","coordinates":[[126.880312,37.501769],[126.879396,37.500984],[126.879198,37.500794],[126.878997,37.500568],[126.878834,37.500315],[126.878717,37.50008],[126.878623,37.499846],[126.878555,37.499605],[126.878512,37.499347],[126.878509,37.499146],[126.878532,37.498891],[126.878569,37.498653],[126.878682,37.498269],[126.879071,37.497231],[126.879388,37.496414],[126.879545,37.495949],[126.879663,37.495527],[126.879727,37.495117],[126.87978,37.494527],[126.879982,37.491516]]}},{"type":"Feature","properties":{"color":"#004A85","ref":"1"},"geometry":{"type":"LineString","coordinates":[[126.879982,37.491516],[126.880052,37.490239]]}},{"type":"Feature","properties":{"color":"#004A85","ref":"1"},"geometry":{"type":"LineString","coordinates":[[126.880052,37.490239],[126.880081,37.489719],[126.880149,37.488363],[126.880208,37.487633],[126.8803,37.487184],[126.880449,37.486734],[126.88073,37.486052],[126.881231,37.484903],[126.882275,37.482596],[126.883021,37.480905]]}},{"type":"Feature","properties":{"color":"#004A85","ref":"1"},"geometry":{"type":"LineString","coordinates":[[126.883021,37.480905],[126.883142,37.480632],[126.88379,37.479105],[126.887176,37.471493],[126.889167,37.466993],[126.889979,37.465173],[126.89103,37.462744],[126.891991,37.460474],[126.892548,37.459141],[126.892635,37.458906],[126.892723,37.458745],[126.892783,37.458611],[126.893195,37.457688],[126.893737,37.45656],[126.894539,37.454749],[126.894548,37.454728],[126.894559,37.454701],[126.894641,37.45449]]}},{"type":"Feature","properties":{"color":"#004A85","ref":"1"},"geometry":{"type":"LineString","coordinates":[[126.894641,37.45449],[126.895038,37.453576],[126.895271,37.453029],[126.895718,37.45202],[126.896126,37.451041],[126.896577,37.450121],[126.89691,37.449386],[126.897026,37.449131],[126.897493,37.448095],[126.897637,37.447742],[126.898267,37.446286],[126.898786,37.444986],[126.899478,37.443444],[126.900683,37.440716],[126.901316,37.439287],[126.90169,37.438369],[126.901875,37.437732],[126.902037,37.437166],[126.902193,37.436451],[126.902564,37.434541],[126.902646,37.434114],[126.902705,37.4337],[126.902819,37.433153],[126.903009,37.432119],[126.903331,37.43029],[126.903682,37.4285],[126.903789,37.428018],[126.903879,37.427676],[126.90406,37.427186],[126.904209,37.426818],[126.904723,37.425853],[126.905275,37.424866],[126.906063,37.42341],[126.907002,37.421674],[126.907209,37.421358],[126.907488,37.420977],[126.907735,37.420676],[126.909006,37.419121],[126.909308,37.418751],[126.909682,37.418256],[126.910185,37.417591],[126.911199,37.416331]]}},{"type":"Feature","properties":{"color":"#004A85","ref":"1"},"geometry":{"type":"LineString","coordinates":[[126.911199,37.416331],[126.91134,37.416155]]}},{"type":"Feature","properties":{"color":"#004A85","ref":"1"},"geometry":{"type":"LineString","coordinates":[[126.91134,37.416155],[126.911406,37.416072],[126.913673,37.413293]]}},{"type":"Feature","properties":{"color":"#004A85","ref":"1"},"geometry":{"type":"LineString","coordinates":[[126.913673,37.413293],[126.913806,37.413144]]}},{"type":"Feature","properties":{"color":"#004A85","ref":"1"},"geometry":{"type":"LineString","coordinates":[[126.913806,37.413144],[126.913865,37.413068],[126.915994,37.410362]]}},{"type":"Feature","properties":{"color":"#004A85","ref":"1"},"geometry":{"type":"LineString","coordinates":[[126.915994,37.410362],[126.916732,37.40944],[126.916851,37.409291]]}},{"type":"Feature","properties":{"color":"#004A85","ref":"1"},"geometry":{"type":"LineString","coordinates":[[126.916851,37.409291],[126.919703,37.405718],[126.920018,37.405324],[126.92062,37.404601],[126.921046,37.404089],[126.923832,37.400675],[126.923882,37.40061],[126.924032,37.400411],[126.924154,37.400247],[126.924637,37.399603],[126.926355,37.397568],[126.927314,37.396609],[126.928227,37.395866],[126.929597,37.394799],[126.93147,37.393302],[126.932354,37.392449],[126.932829,37.3918],[126.933142,37.391184],[126.934982,37.386465],[126.935169,37.38598],[126.93601,37.383752],[126.936124,37.383446],[126.93634,37.382806],[126.93657,37.382254],[126.936722,37.381945],[126.937312,37.381006],[126.937562,37.380703],[126.939931,37.378397],[126.94061,37.377653],[126.941032,37.377143],[126.941288,37.376707],[126.941636,37.376116],[126.94189,37.375594],[126.943002,37.373308],[126.943827,37.37156],[126.943891,37.371423],[126.944717,37.369668],[126.945669,37.367712],[126.946452,37.366055],[126.946635,37.365654],[126.947294,37.364232],[126.948102,37.362501],[126.94842,37.361777],[126.948573,37.361248],[126.948673,37.360715],[126.948698,37.360389],[126.948645,37.357713],[126.948648,37.356611],[126.948651,37.355163],[126.948599,37.353428],[126.948587,37.353103],[126.948512,37.351166],[126.948504,37.350971],[126.948484,37.348741],[126.948464,37.346015],[126.948452,37.344347],[126.948439,37.342446],[126.948442,37.342345],[126.948431,37.341615],[126.948441,37.33986],[126.948431,37.337843],[126.948404,37.336157],[126.948346,37.333984],[126.948155,37.329747],[126.948085,37.328329],[126.947975,37.326006],[126.947941,37.324724],[126.947982,37.323785],[126.948161,37.321513],[126.948285,37.319397],[126.948293,37.319263],[126.948383,37.317716],[126.948471,37.31633],[126.948532,37.315888],[126.948644,37.31555],[126.948751,37.315228],[126.948933,37.314822],[126.949346,37.314129],[126.950729,37.311974],[126.950934,37.311654],[126.951163,37.311298],[126.952388,37.30937],[126.953059,37.308389],[126.95381,37.307565],[126.961025,37.302326],[126.961871,37.301875],[126.962819,37.301472],[126.963681,37.301254],[126.96682,37.300876],[126.969668,37.30059],[126.972123,37.300313],[126.972992,37.30019],[126.973533,37.300118],[126.974353,37.299994],[126.975212,37.299793],[126.975961,37.299532],[126.97657,37.299264],[126.977179,37.29892],[126.977658,37.298594],[126.977959,37.298318],[126.978308,37.297999],[126.979229,37.29694],[126.980531,37.295483],[126.981368,37.294551],[126.981993,37.293826],[126.98351,37.29214],[126.985006,37.290481],[126.985807,37.289648],[126.986103,37.289291]]}},{"type":"Feature","properties":{"color":"#004A85","ref":"1"},"geometry":{"type":"LineString","coordinates":[[126.986469,37.288877],[126.986103,37.289291]]}},{"type":"Feature","properties":{"color":"#004A85","ref":"1"},"geometry":{"type":"LineString","coordinates":[[126.986469,37.288877],[126.987004,37.288238],[126.987405,37.287759],[126.987804,37.287223],[126.98854,37.28608],[126.989118,37.285073],[126.990098,37.283344],[126.992483,37.279132],[126.993225,37.277834],[126.994797,37.275106],[126.995514,37.2739],[126.995772,37.273431],[126.996526,37.272055],[126.996812,37.271511],[126.996908,37.271329],[126.997284,37.270667],[126.997389,37.27047],[126.997604,37.270085],[126.997923,37.269555],[126.998391,37.268918],[126.998626,37.268577],[126.999223,37.267721],[127.000598,37.265366],[127.001585,37.263684],[127.002216,37.262557],[127.002739,37.261477],[127.002922,37.2611],[127.003014,37.260937],[127.003142,37.260708],[127.003265,37.260493],[127.003699,37.259746],[127.003919,37.259353],[127.004785,37.257885]]}},{"type":"Feature","properties":{"color":"#004A85","ref":"1"},"geometry":{"type":"LineString","coordinates":[[127.004785,37.257885],[127.005544,37.25661],[127.006133,37.255622],[127.006397,37.255228],[127.006578,37.254986],[127.009077,37.252147]]}},{"type":"Feature","properties":{"color":"#004A85","ref":"1"},"geometry":{"type":"LineString","coordinates":[[127.009077,37.252147],[127.009122,37.252097],[127.009561,37.251608]]}},{"type":"Feature","properties":{"color":"#004A85","ref":"1"},"geometry":{"type":"LineString","coordinates":[[127.009561,37.251608],[127.010067,37.251023],[127.010606,37.250247],[127.01094,37.249626],[127.012109,37.247398],[127.012564,37.24651],[127.013318,37.24511],[127.014239,37.243313],[127.014304,37.243184],[127.015817,37.24025],[127.01893,37.234301]]}},{"type":"Feature","properties":{"color":"#004A85","ref":"1"},"geometry":{"type":"LineString","coordinates":[[127.01893,37.234301],[127.01907,37.234026],[127.019112,37.233944]]}},{"type":"Feature","properties":{"color":"#004A85","ref":"1"},"geometry":{"type":"LineString","coordinates":[[127.019112,37.233944],[127.02044,37.231408],[127.023042,37.22644]]}},{"type":"Feature","properties":{"color":"#004A85","ref":"1"},"geometry":{"type":"LineString","coordinates":[[127.023042,37.22644],[127.023224,37.226092]]}},{"type":"Feature","properties":{"color":"#004A85","ref":"1"},"geometry":{"type":"LineString","coordinates":[[127.023224,37.226092],[127.023618,37.225336]]}},{"type":"Feature","properties":{"color":"#004A85","ref":"1"},"geometry":{"type":"LineString","coordinates":[[127.023618,37.225336],[127.023692,37.225195]]}},{"type":"Feature","properties":{"color":"#004A85","ref":"1"},"geometry":{"type":"LineString","coordinates":[[127.023692,37.225195],[127.025077,37.222538],[127.026145,37.220464],[127.026281,37.220199]]}},{"type":"Feature","properties":{"color":"#004A85","ref":"1"},"geometry":{"type":"LineString","coordinates":[[127.026281,37.220199],[127.02659,37.219634]]}},{"type":"Feature","properties":{"color":"#004A85","ref":"1"},"geometry":{"type":"LineString","coordinates":[[127.02659,37.219634],[127.0284,37.216105],[127.029601,37.213799],[127.030086,37.212863],[127.030696,37.211684],[127.030908,37.211279],[127.031029,37.211046]]}},{"type":"Feature","properties":{"color":"#004A85","ref":"1"},"geometry":{"type":"LineString","coordinates":[[127.031029,37.211046],[127.031232,37.210736],[127.031737,37.209753],[127.032177,37.208954],[127.032641,37.208128],[127.032924,37.207627],[127.033507,37.206516]]}},{"type":"Feature","properties":{"color":"#004A85","ref":"1"},"geometry":{"type":"LineString","coordinates":[[127.033507,37.206516],[127.033549,37.206436],[127.033842,37.205876],[127.034165,37.205164]]}},{"type":"Feature","properties":{"color":"#004A85","ref":"1"},"geometry":{"type":"LineString","coordinates":[[127.034165,37.205164],[127.034388,37.204594]]}},{"type":"Feature","properties":{"color":"#004A85","ref":"1"},"geometry":{"type":"LineString","coordinates":[[127.034388,37.204594],[127.034565,37.204225],[127.035005,37.20337],[127.035064,37.203254],[127.036351,37.200795]]}},{"type":"Feature","properties":{"color":"#004A85","ref":"1"},"geometry":{"type":"LineString","coordinates":[[127.036351,37.200795],[127.037152,37.199249],[127.037604,37.198405],[127.03784,37.197962],[127.037957,37.197748],[127.038069,37.197527],[127.040702,37.192498],[127.04106,37.191842],[127.041422,37.191191],[127.041598,37.190845],[127.041749,37.190522],[127.042054,37.189944],[127.042695,37.188617],[127.042864,37.188267]]}},{"type":"Feature","properties":{"color":"#004A85","ref":"1"},"geometry":{"type":"LineString","coordinates":[[127.042864,37.188267],[127.042987,37.188032],[127.043344,37.187407],[127.043484,37.18717],[127.043843,37.186641],[127.043966,37.186468],[127.044098,37.18629],[127.044272,37.186084],[127.044813,37.185533],[127.045073,37.185254],[127.045284,37.185045],[127.045576,37.184765],[127.045886,37.184499],[127.046458,37.183989],[127.046746,37.183772],[127.047038,37.183584],[127.047647,37.183194],[127.048268,37.182775],[127.048873,37.182436],[127.051277,37.180904],[127.055094,37.178464]]}},{"type":"Feature","properties":{"color":"#004A85","ref":"1"},"geometry":{"type":"LineString","coordinates":[[127.055094,37.178464],[127.055161,37.178422],[127.056028,37.177863],[127.057036,37.177205],[127.058024,37.176591],[127.059089,37.175832],[127.059316,37.175654],[127.059894,37.1752],[127.060448,37.174656],[127.060912,37.174085],[127.061358,37.173519],[127.062148,37.172341],[127.062224,37.172174]]}},{"type":"Feature","properties":{"color":"#004A85","ref":"1"},"geometry":{"type":"LineString","coordinates":[[127.062224,37.172174],[127.0626,37.17135],[127.062917,37.170358],[127.063337,37.168728],[127.063465,37.168191]]}},{"type":"Feature","properties":{"color":"#004A85","ref":"1"},"geometry":{"type":"LineString","coordinates":[[127.063465,37.168191],[127.063511,37.168003]]}},{"type":"Feature","properties":{"color":"#004A85","ref":"1"},"geometry":{"type":"LineString","coordinates":[[127.063511,37.168003],[127.063784,37.16691],[127.063996,37.165891],[127.06428,37.164849],[127.064914,37.1623],[127.065537,37.159756],[127.066625,37.155378]]}},{"type":"Feature","properties":{"color":"#004A85","ref":"1"},"geometry":{"type":"LineString","coordinates":[[127.066625,37.155378],[127.06694,37.154111],[127.067024,37.153723]]}},{"type":"Feature","properties":{"color":"#004A85","ref":"1"},"geometry":{"type":"LineString","coordinates":[[127.067024,37.153723],[127.067208,37.15287],[127.067405,37.151861],[127.067429,37.151619],[127.06746,37.151108],[127.06744,37.150603],[127.067339,37.149586],[127.067131,37.148038],[127.067008,37.147058],[127.066977,37.14658],[127.066668,37.143872],[127.066625,37.143497],[127.06658,37.143152],[127.066487,37.142527],[127.066331,37.141334],[127.066221,37.140529],[127.066132,37.139844],[127.066092,37.139526],[127.065996,37.138743],[127.065951,37.138364],[127.065931,37.138193]]}},{"type":"Feature","properties":{"color":"#004A85","ref":"1"},"geometry":{"type":"LineString","coordinates":[[127.065931,37.138193],[127.06588,37.137776],[127.065716,37.136602],[127.065462,37.134263],[127.065287,37.133],[127.065136,37.131749],[127.064963,37.130487],[127.064824,37.129226],[127.064223,37.1242],[127.064169,37.123578],[127.064101,37.122968],[127.064094,37.122913]]}},{"type":"Feature","properties":{"color":"#004A85","ref":"1"},"geometry":{"type":"LineString","coordinates":[[127.064094,37.122913],[127.06407,37.12271],[127.064058,37.12261]]}},{"type":"Feature","properties":{"color":"#004A85","ref":"1"},"geometry":{"type":"LineString","coordinates":[[127.064058,37.12261],[127.063963,37.121811],[127.063662,37.1195],[127.063075,37.114866],[127.063045,37.114567],[127.062902,37.113359],[127.062718,37.111908],[127.062388,37.109307],[127.062351,37.109013],[127.06217,37.107538],[127.062088,37.106864],[127.062008,37.10618],[127.061816,37.104727],[127.061789,37.104533],[127.061777,37.104441]]}},{"type":"Feature","properties":{"color":"#004A85","ref":"1"},"geometry":{"type":"LineString","coordinates":[[127.061777,37.104441],[127.061738,37.104149]]}},{"type":"Feature","properties":{"color":"#004A85","ref":"1"},"geometry":{"type":"LineString","coordinates":[[127.061738,37.104149],[127.061615,37.103257],[127.061562,37.102615],[127.061477,37.102037]]}},{"type":"Feature","properties":{"color":"#004A85","ref":"1"},"geometry":{"type":"LineString","coordinates":[[127.061477,37.102037],[127.061407,37.1014],[127.061272,37.100454]]}},{"type":"Feature","properties":{"color":"#004A85","ref":"1"},"geometry":{"type":"LineString","coordinates":[[127.061272,37.100454],[127.061201,37.099708],[127.061154,37.099115],[127.06107,37.098579],[127.060954,37.097655],[127.060912,37.097378]]}},{"type":"Feature","properties":{"color":"#004A85","ref":"1"},"geometry":{"type":"LineString","coordinates":[[127.060912,37.097378],[127.060878,37.097113]]}},{"type":"Feature","properties":{"color":"#004A85","ref":"1"},"geometry":{"type":"LineString","coordinates":[[127.060878,37.097113],[127.060849,37.096746],[127.060735,37.096063],[127.060598,37.09543],[127.060488,37.09508],[127.060346,37.094728],[127.060085,37.094086],[127.059342,37.092304],[127.059056,37.091739],[127.058983,37.091568]]}},{"type":"Feature","properties":{"color":"#004A85","ref":"1"},"geometry":{"type":"LineString","coordinates":[[127.058983,37.091568],[127.058794,37.091068]]}},{"type":"Feature","properties":{"color":"#004A85","ref":"1"},"geometry":{"type":"LineString","coordinates":[[127.058794,37.091068],[127.058582,37.090521],[127.057828,37.088707],[127.057546,37.088112]]}},{"type":"Feature","properties":{"color":"#004A85","ref":"1"},"geometry":{"type":"LineString","coordinates":[[127.057546,37.088112],[127.057274,37.087475]]}},{"type":"Feature","properties":{"color":"#004A85","ref":"1"},"geometry":{"type":"LineString","coordinates":[[127.057274,37.087475],[127.057012,37.086905],[127.056597,37.086011],[127.056357,37.085373],[127.055327,37.082878],[127.054928,37.081949],[127.054599,37.081125],[127.054374,37.080251],[127.054274,37.079571],[127.054241,37.078917],[127.054253,37.0782],[127.054294,37.077617],[127.054353,37.076412],[127.054421,37.075606],[127.054463,37.075104],[127.054529,37.074463],[127.054577,37.073844],[127.054609,37.073529],[127.054677,37.072275],[127.054616,37.071265],[127.05444,37.069807],[127.054359,37.069125],[127.054292,37.068491],[127.054027,37.06632],[127.053833,37.064116],[127.053617,37.06233],[127.053583,37.061981],[127.053387,37.06024],[127.053361,37.060045],[127.053204,37.058479],[127.053122,37.057518],[127.052897,37.055678],[127.052785,37.054825],[127.052641,37.053612],[127.05237,37.051195],[127.052362,37.050739],[127.052386,37.05017],[127.052529,37.049439],[127.052757,37.048751],[127.053025,37.048185],[127.053275,37.047784],[127.05354,37.047405],[127.053784,37.047113],[127.054045,37.04685],[127.054323,37.04658],[127.054604,37.046336],[127.0551,37.045964],[127.058445,37.043813],[127.061802,37.041686],[127.06304,37.04091],[127.064843,37.039794],[127.065694,37.039238],[127.066228,37.038825],[127.066529,37.038566],[127.066831,37.038282],[127.067114,37.037981],[127.067358,37.037686],[127.067597,37.037379],[127.067827,37.03704],[127.068013,37.036713],[127.068192,37.036372],[127.068352,37.036006],[127.068479,37.035672],[127.068594,37.035307],[127.068688,37.034918],[127.068788,37.034335],[127.068917,37.033161],[127.069222,37.030285],[127.069263,37.029975]]}},{"type":"Feature","properties":{"color":"#004A85","ref":"1"},"geometry":{"type":"LineString","coordinates":[[127.069263,37.029975],[127.069288,37.02974],[127.069301,37.029615]]}},{"type":"Feature","properties":{"color":"#004A85","ref":"1"},"geometry":{"type":"LineString","coordinates":[[127.069301,37.029615],[127.069624,37.026921],[127.069854,37.024843]]}},{"type":"Feature","properties":{"color":"#004A85","ref":"1"},"geometry":{"type":"LineString","coordinates":[[127.069854,37.024843],[127.069884,37.024598]]}},{"type":"Feature","properties":{"color":"#004A85","ref":"1"},"geometry":{"type":"LineString","coordinates":[[127.069884,37.024598],[127.070101,37.022547],[127.070349,37.02037],[127.070582,37.018201],[127.070631,37.017855],[127.070668,37.01752],[127.070909,37.015397]]}},{"type":"Feature","properties":{"color":"#004A85","ref":"1"},"geometry":{"type":"LineString","coordinates":[[127.070909,37.015397],[127.07092,37.015303]]}},{"type":"Feature","properties":{"color":"#004A85","ref":"1"},"geometry":{"type":"LineString","coordinates":[[127.07092,37.015303],[127.070926,37.015255],[127.071178,37.013064],[127.071423,37.010804],[127.071708,37.008547],[127.071839,37.007364],[127.071993,37.006178],[127.072091,37.005648],[127.072167,37.005395],[127.072282,37.005099],[127.07237,37.004909],[127.072473,37.004685],[127.072684,37.004305],[127.073134,37.003705],[127.075285,37.001408],[127.077504,36.999105],[127.078575,36.998009]]}},{"type":"Feature","properties":{"color":"#004A85","ref":"1"},"geometry":{"type":"LineString","coordinates":[[127.078575,36.998009],[127.07905,36.997506],[127.079619,36.996904]]}},{"type":"Feature","properties":{"color":"#004A85","ref":"1"},"geometry":{"type":"LineString","coordinates":[[127.079619,36.996904],[127.080601,36.995856],[127.080755,36.995695]]}},{"type":"Feature","properties":{"color":"#004A85","ref":"1"},"geometry":{"type":"LineString","coordinates":[[127.080755,36.995695],[127.081161,36.995272]]}},{"type":"Feature","properties":{"color":"#004A85","ref":"1"},"geometry":{"type":"LineString","coordinates":[[127.081161,36.995272],[127.082714,36.993652]]}},{"type":"Feature","properties":{"color":"#004A85","ref":"1"},"geometry":{"type":"LineString","coordinates":[[127.082714,36.993652],[127.083203,36.993143]]}},{"type":"Feature","properties":{"color":"#004A85","ref":"1"},"geometry":{"type":"LineString","coordinates":[[127.083203,36.993143],[127.083795,36.992525],[127.084558,36.991785],[127.086371,36.989915],[127.086555,36.989725]]}},{"type":"Feature","properties":{"color":"#004A85","ref":"1"},"geometry":{"type":"LineString","coordinates":[[127.086555,36.989725],[127.087027,36.989241],[127.087504,36.988722],[127.087905,36.988288],[127.08858,36.987532],[127.090603,36.98541],[127.091096,36.984893],[127.091445,36.984527],[127.091964,36.983985],[127.092691,36.983225]]}},{"type":"Feature","properties":{"color":"#004A85","ref":"1"},"geometry":{"type":"LineString","coordinates":[[127.092691,36.983225],[127.092811,36.983099],[127.093063,36.982831]]}},{"type":"Feature","properties":{"color":"#004A85","ref":"1"},"geometry":{"type":"LineString","coordinates":[[127.093063,36.982831],[127.093098,36.982795],[127.093909,36.981955]]}},{"type":"Feature","properties":{"color":"#004A85","ref":"1"},"geometry":{"type":"LineString","coordinates":[[127.093909,36.981955],[127.094026,36.981832],[127.094039,36.981817],[127.094139,36.981711]]}},{"type":"Feature","properties":{"color":"#004A85","ref":"1"},"geometry":{"type":"LineString","coordinates":[[127.094139,36.981711],[127.094222,36.98162],[127.09467,36.981124],[127.097424,36.978284],[127.098662,36.977007],[127.099126,36.976519]]}},{"type":"Feature","properties":{"color":"#004A85","ref":"1"},"geometry":{"type":"LineString","coordinates":[[127.099126,36.976519],[127.099463,36.976163]]}},{"type":"Feature","properties":{"color":"#004A85","ref":"1"},"geometry":{"type":"LineString","coordinates":[[127.099463,36.976163],[127.099973,36.975625],[127.102349,36.973229],[127.103712,36.971791],[127.104877,36.970564],[127.105342,36.970082],[127.105936,36.969473]]}},{"type":"Feature","properties":{"color":"#004A85","ref":"1"},"geometry":{"type":"LineString","coordinates":[[127.105936,36.969473],[127.107692,36.96753],[127.108912,36.966348]]}},{"type":"Feature","properties":{"color":"#004A85","ref":"1"},"geometry":{"type":"LineString","coordinates":[[127.108912,36.966348],[127.10915,36.966099],[127.109553,36.965697],[127.109893,36.965333],[127.1105,36.964696],[127.111193,36.963955],[127.111619,36.963504],[127.111944,36.963178],[127.112339,36.962758],[127.113317,36.961717],[127.114213,36.960695],[127.116113,36.958732],[127.118529,36.956174]]}},{"type":"Feature","properties":{"color":"#004A85","ref":"1"},"geometry":{"type":"LineString","coordinates":[[127.119499,36.955173],[127.119392,36.955284],[127.118751,36.955945],[127.118529,36.956174]]}},{"type":"Feature","properties":{"color":"#004A85","ref":"1"},"geometry":{"type":"LineString","coordinates":[[127.119499,36.955173],[127.121493,36.95311],[127.121912,36.952668],[127.122347,36.952169],[127.123131,36.951264],[127.123702,36.950381],[127.123932,36.949938],[127.124134,36.94951],[127.124338,36.948923],[127.124504,36.948343],[127.124593,36.947878],[127.124643,36.947505],[127.124727,36.946634],[127.124795,36.945728],[127.124841,36.945212],[127.124916,36.944145],[127.124985,36.943017],[127.125157,36.940839],[127.125241,36.939818],[127.125348,36.938055],[127.125406,36.937394]]}},{"type":"Feature","properties":{"color":"#004A85","ref":"1"},"geometry":{"type":"LineString","coordinates":[[127.125406,36.937394],[127.125419,36.937246]]}},{"type":"Feature","properties":{"color":"#004A85","ref":"1"},"geometry":{"type":"LineString","coordinates":[[127.125419,36.937246],[127.125535,36.935918],[127.125582,36.934719],[127.125765,36.932295],[127.126019,36.928679],[127.126086,36.927803]]}},{"type":"Feature","properties":{"color":"#004A85","ref":"1"},"geometry":{"type":"LineString","coordinates":[[127.126086,36.927803],[127.126122,36.927149]]}},{"type":"Feature","properties":{"color":"#004A85","ref":"1"},"geometry":{"type":"LineString","coordinates":[[127.126122,36.927149],[127.12624,36.925322],[127.126307,36.924378],[127.126386,36.923493],[127.126549,36.921653],[127.126693,36.919742],[127.126705,36.919577],[127.126751,36.918837],[127.126918,36.917289],[127.127057,36.915378],[127.12707,36.915203],[127.127142,36.914181],[127.127242,36.91209],[127.127287,36.911554],[127.12732,36.911113],[127.127329,36.910931],[127.127431,36.909504]]}},{"type":"Feature","properties":{"color":"#004A85","ref":"1"},"geometry":{"type":"LineString","coordinates":[[127.127431,36.909504],[127.127437,36.909409]]}},{"type":"Feature","properties":{"color":"#004A85","ref":"1"},"geometry":{"type":"LineString","coordinates":[[127.127437,36.909409],[127.127518,36.908307],[127.127591,36.90709],[127.127672,36.906205],[127.127725,36.905857],[127.127795,36.905512],[127.127934,36.904958],[127.128126,36.904391],[127.128327,36.903917],[127.128634,36.903242],[127.128932,36.902614],[127.129346,36.901752],[127.129738,36.900897],[127.130033,36.900284],[127.130622,36.899102],[127.130934,36.898475],[127.131188,36.897911],[127.131708,36.896778],[127.132292,36.895581],[127.132932,36.894219]]}},{"type":"Feature","properties":{"color":"#004A85","ref":"1"},"geometry":{"type":"LineString","coordinates":[[127.132932,36.894219],[127.134538,36.8908]]}},{"type":"Feature","properties":{"color":"#004A85","ref":"1"},"geometry":{"type":"LineString","coordinates":[[127.134538,36.8908],[127.135639,36.888449],[127.135829,36.888042],[127.136234,36.887177],[127.137406,36.884666],[127.13854,36.882276],[127.139635,36.87993],[127.140776,36.877615],[127.141049,36.877027]]}},{"type":"Feature","properties":{"color":"#004A85","ref":"1"},"geometry":{"type":"LineString","coordinates":[[127.146898,36.863167],[127.146868,36.863617],[127.146867,36.863629],[127.14683,36.863875],[127.146763,36.86433],[127.146642,36.864859],[127.146519,36.865301],[127.146373,36.865762],[127.146145,36.866315],[127.14595,36.866778],[127.145539,36.867628],[127.145377,36.867974],[127.14525,36.868242],[127.144768,36.869262],[127.1447,36.869405],[127.144403,36.870028],[127.144326,36.870191],[127.143628,36.871682],[127.143291,36.872395],[127.142993,36.873001],[127.142318,36.874472],[127.14172,36.875718],[127.141626,36.875901],[127.141099,36.87693],[127.141049,36.877027]]}},{"type":"Feature","properties":{"color":"#004A85","ref":"1"},"geometry":{"type":"LineString","coordinates":[[127.146904,36.862466],[127.14691,36.862771],[127.146909,36.86281],[127.146898,36.863167]]}},{"type":"Feature","properties":{"color":"#004A85","ref":"1"},"geometry":{"type":"LineString","coordinates":[[127.146037,36.858239],[127.146099,36.858472],[127.146161,36.858705],[127.146416,36.859713],[127.146587,36.86046],[127.146831,36.861471],[127.146865,36.861713],[127.146889,36.862024],[127.146898,36.862379],[127.146904,36.862466]]}},{"type":"Feature","properties":{"color":"#004A85","ref":"1"},"geometry":{"type":"LineString","coordinates":[[127.145985,36.858048],[127.146014,36.858153],[127.146037,36.858239]]}},{"type":"Feature","properties":{"color":"#004A85","ref":"1"},"geometry":{"type":"LineString","coordinates":[[127.147009,36.846204],[127.146868,36.846807],[127.146633,36.847946],[127.146405,36.849074],[127.146312,36.849551],[127.146138,36.850394],[127.145986,36.851119],[127.145776,36.852145],[127.145658,36.852629],[127.145548,36.853291],[127.145497,36.853566],[127.145456,36.853954],[127.145435,36.85427],[127.145427,36.854568],[127.145424,36.854768],[127.145427,36.854989],[127.145423,36.855258],[127.145449,36.855503],[127.145494,36.855786],[127.14554,36.856044],[127.145592,36.856333],[127.145741,36.857033],[127.145913,36.857763],[127.145985,36.858048]]}},{"type":"Feature","properties":{"color":"#004A85","ref":"1"},"geometry":{"type":"LineString","coordinates":[[127.147063,36.845976],[127.147031,36.846109],[127.147009,36.846204]]}},{"type":"Feature","properties":{"color":"#004A85","ref":"1"},"geometry":{"type":"LineString","coordinates":[[127.147495,36.844045],[127.147412,36.844472],[127.147291,36.844974],[127.147082,36.845892],[127.147063,36.845976]]}},{"type":"Feature","properties":{"color":"#004A85","ref":"1"},"geometry":{"type":"LineString","coordinates":[[127.147525,36.84389],[127.147511,36.843962],[127.147495,36.844045]]}},{"type":"Feature","properties":{"color":"#004A85","ref":"1"},"geometry":{"type":"LineString","coordinates":[[127.147525,36.84389],[127.147682,36.843097],[127.147871,36.842188],[127.148045,36.841353],[127.148317,36.839858]]}},{"type":"Feature","properties":{"color":"#004A85","ref":"1"},"geometry":{"type":"LineString","coordinates":[[127.148317,36.839858],[127.148413,36.839455],[127.148521,36.839117],[127.148617,36.838609],[127.148737,36.838149],[127.148801,36.837785],[127.148965,36.836074],[127.149045,36.835307],[127.149136,36.834173],[127.149214,36.833282],[127.149339,36.83174],[127.149409,36.830973],[127.149449,36.830747],[127.149488,36.830611],[127.149578,36.830314],[127.149662,36.830074],[127.149832,36.829673],[127.1501,36.829085],[127.150271,36.828648],[127.150363,36.828332],[127.150414,36.827956],[127.150411,36.827721],[127.150411,36.827554],[127.150398,36.82737],[127.150382,36.827221],[127.150318,36.82693],[127.150198,36.826592],[127.149933,36.825978]]}},{"type":"Feature","properties":{"color":"#004A85","ref":"1"},"geometry":{"type":"LineString","coordinates":[[127.149933,36.825978],[127.149691,36.825411],[127.149254,36.824435],[127.149073,36.823976],[127.148988,36.823648],[127.148949,36.823445],[127.148921,36.823289],[127.148903,36.823156],[127.148883,36.82299],[127.148845,36.822655],[127.148799,36.822188],[127.148776,36.821951],[127.148741,36.821601]]}},{"type":"Feature","properties":{"color":"#004A85","ref":"1"},"geometry":{"type":"LineString","coordinates":[[127.148741,36.821601],[127.148706,36.821275],[127.148536,36.819652],[127.148394,36.818335],[127.148306,36.817581],[127.148035,36.816449],[127.147896,36.815965]]}},{"type":"Feature","properties":{"color":"#004A85","ref":"1"},"geometry":{"type":"LineString","coordinates":[[127.147896,36.815965],[127.147845,36.815779],[127.147715,36.815295],[127.147703,36.815249]]}},{"type":"Feature","properties":{"color":"#004A85","ref":"1"},"geometry":{"type":"LineString","coordinates":[[127.147703,36.815249],[127.147691,36.81521],[127.147678,36.815164]]}},{"type":"Feature","properties":{"color":"#004A85","ref":"1"},"geometry":{"type":"LineString","coordinates":[[127.147678,36.815164],[127.147506,36.814548]]}},{"type":"Feature","properties":{"color":"#004A85","ref":"1"},"geometry":{"type":"LineString","coordinates":[[127.147506,36.814548],[127.147254,36.813438],[127.147079,36.812579],[127.146932,36.811868],[127.146699,36.810663]]}},{"type":"Feature","properties":{"color":"#004A85","ref":"1"},"geometry":{"type":"LineString","coordinates":[[127.146699,36.810663],[127.14653,36.809765],[127.14642,36.809158],[127.146391,36.809011],[127.146363,36.808574],[127.146233,36.807958]]}},{"type":"Feature","properties":{"color":"#004A85","ref":"1"},"geometry":{"type":"LineString","coordinates":[[127.146233,36.807958],[127.146153,36.80755],[127.146094,36.807247]]}},{"type":"Feature","properties":{"color":"#004A85","ref":"1"},"geometry":{"type":"LineString","coordinates":[[127.146094,36.807247],[127.146082,36.807189],[127.145977,36.806684],[127.145822,36.806305],[127.145668,36.806045],[127.145509,36.805828],[127.145307,36.805611],[127.145015,36.805359],[127.144705,36.805148],[127.144429,36.805],[127.143966,36.804804]]}},{"type":"Feature","properties":{"color":"#004A85","ref":"1"},"geometry":{"type":"LineString","coordinates":[[127.143966,36.804804],[127.142206,36.804111],[127.140693,36.803502],[127.139343,36.802945],[127.138613,36.80264],[127.138053,36.802392]]}},{"type":"Feature","properties":{"color":"#004A85","ref":"1"},"geometry":{"type":"LineString","coordinates":[[127.138053,36.802392],[127.137298,36.80203],[127.135265,36.800947],[127.134566,36.800574],[127.133655,36.800212],[127.132736,36.799879],[127.131673,36.799561]]}},{"type":"Feature","properties":{"color":"#004A85","ref":"1"},"geometry":{"type":"LineString","coordinates":[[127.131673,36.799561],[127.130876,36.799319]]}},{"type":"Feature","properties":{"color":"#004A85","ref":"1"},"geometry":{"type":"LineString","coordinates":[[127.130876,36.799319],[127.130543,36.799211],[127.130069,36.799043],[127.129605,36.798855]]}},{"type":"Feature","properties":{"color":"#004A85","ref":"1"},"geometry":{"type":"LineString","coordinates":[[127.129605,36.798855],[127.129444,36.798782],[127.129113,36.798613]]}},{"type":"Feature","properties":{"color":"#004A85","ref":"1"},"geometry":{"type":"LineString","coordinates":[[127.129113,36.798613],[127.128983,36.798541],[127.128283,36.798117],[127.126941,36.797028],[127.126332,36.796525],[127.125635,36.796019],[127.125012,36.795646],[127.124187,36.795208]]}},{"type":"Feature","properties":{"color":"#004A85","ref":"1"},"geometry":{"type":"LineString","coordinates":[[127.124187,36.795208],[127.122952,36.794559],[127.122395,36.794255],[127.120576,36.793331],[127.120371,36.793227],[127.119817,36.793001],[127.119515,36.792903],[127.119176,36.7928],[127.119049,36.792768],[127.118774,36.792699],[127.11823,36.792595],[127.11765,36.792524],[127.117071,36.792493],[127.116619,36.792494]]}},{"type":"Feature","properties":{"color":"#004A85","ref":"1"},"geometry":{"type":"LineString","coordinates":[[127.116619,36.792494],[127.116014,36.792523],[127.115345,36.792583]]}},{"type":"Feature","properties":{"color":"#004A85","ref":"1"},"geometry":{"type":"LineString","coordinates":[[127.115345,36.792583],[127.114974,36.792618],[127.113626,36.792745],[127.112392,36.792793],[127.111535,36.792827],[127.110552,36.792817],[127.109386,36.792769],[127.108319,36.792677]]}},{"type":"Feature","properties":{"color":"#004A85","ref":"1"},"geometry":{"type":"LineString","coordinates":[[127.108319,36.792677],[127.107447,36.792549]]}},{"type":"Feature","properties":{"color":"#004A85","ref":"1"},"geometry":{"type":"LineString","coordinates":[[127.099235,36.79122],[127.099906,36.791318],[127.100286,36.791358],[127.100373,36.791367],[127.10146,36.791487],[127.101895,36.791545],[127.102368,36.791605],[127.102867,36.791672],[127.103546,36.791782],[127.105383,36.792077],[127.106005,36.792248],[127.106755,36.792409],[127.107447,36.792549]]}},{"type":"Feature","properties":{"color":"#004A85","ref":"1"},"geometry":{"type":"LineString","coordinates":[[127.099235,36.79122],[127.098455,36.791081]]}},{"type":"Feature","properties":{"color":"#004A85","ref":"1"},"geometry":{"type":"LineString","coordinates":[[127.098455,36.791081],[127.098276,36.791047]]}},{"type":"Feature","properties":{"color":"#004A85","ref":"1"},"geometry":{"type":"LineString","coordinates":[[127.098276,36.791047],[127.097861,36.790973],[127.097177,36.79084],[127.096574,36.790704]]}},{"type":"Feature","properties":{"color":"#004A85","ref":"1"},"geometry":{"type":"LineString","coordinates":[[127.096574,36.790704],[127.094677,36.790404]]}},{"type":"Feature","properties":{"color":"#004A85","ref":"1"},"geometry":{"type":"LineString","coordinates":[[127.094677,36.790404],[127.094461,36.790379],[127.093758,36.790298],[127.09297,36.790178],[127.092137,36.790046]]}},{"type":"Feature","properties":{"color":"#004A85","ref":"1"},"geometry":{"type":"LineString","coordinates":[[127.092137,36.790046],[127.091951,36.790016]]}},{"type":"Feature","properties":{"color":"#004A85","ref":"1"},"geometry":{"type":"LineString","coordinates":[[127.091951,36.790016],[127.091165,36.789895]]}},{"type":"Feature","properties":{"color":"#004A85","ref":"1"},"geometry":{"type":"LineString","coordinates":[[127.091165,36.789895],[127.089431,36.789582],[127.08826,36.789339],[127.087613,36.78916],[127.086232,36.788715],[127.084739,36.788244],[127.083836,36.787973],[127.083533,36.787885],[127.082696,36.787642],[127.080894,36.787154],[127.07873,36.786496],[127.076725,36.785867],[127.074862,36.785311],[127.07329,36.784832],[127.072011,36.784431],[127.071658,36.784324],[127.068732,36.78342],[127.06539,36.782397],[127.063736,36.781879],[127.063262,36.781732],[127.062284,36.7814],[127.061416,36.781081],[127.059763,36.780422],[127.058569,36.779921],[127.057573,36.779524]]}},{"type":"Feature","properties":{"color":"#004A85","ref":"1"},"geometry":{"type":"LineString","coordinates":[[127.057573,36.779524],[127.057494,36.779495]]}},{"type":"Feature","properties":{"color":"#004A85","ref":"1"},"geometry":{"type":"LineString","coordinates":[[127.056984,36.779256],[127.057494,36.779495]]}},{"type":"Feature","properties":{"color":"#004A85","ref":"1"},"geometry":{"type":"LineString","coordinates":[[127.050676,36.776687],[127.05153,36.776992],[127.051916,36.777146],[127.054104,36.778015],[127.055901,36.778754],[127.056582,36.779074],[127.056984,36.779256]]}},{"type":"Feature","properties":{"color":"#004A85","ref":"1"},"geometry":{"type":"LineString","coordinates":[[127.050213,36.776524],[127.050676,36.776687]]}},{"type":"Feature","properties":{"color":"#004A85","ref":"1"},"geometry":{"type":"LineString","coordinates":[[127.049845,36.776394],[127.050213,36.776524]]}},{"type":"Feature","properties":{"color":"#004A85","ref":"1"},"geometry":{"type":"LineString","coordinates":[[127.049845,36.776394],[127.049358,36.776218]]}},{"type":"Feature","properties":{"color":"#004A85","ref":"1"},"geometry":{"type":"LineString","coordinates":[[127.049358,36.776218],[127.049041,36.776092],[127.048478,36.775867],[127.048253,36.775743]]}},{"type":"Feature","properties":{"color":"#004A85","ref":"1"},"geometry":{"type":"LineString","coordinates":[[127.048253,36.775743],[127.040817,36.772719],[127.039653,36.77224],[127.037943,36.771552],[127.03685,36.771178],[127.036389,36.771067],[127.035749,36.770939],[127.035116,36.770859],[127.034503,36.770808],[127.033581,36.770803],[127.032998,36.770835],[127.03243,36.7709],[127.031852,36.770989],[127.031369,36.771085]]}},{"type":"Feature","properties":{"color":"#004A85","ref":"1"},"geometry":{"type":"LineString","coordinates":[[127.031369,36.771085],[127.030777,36.77125],[127.030077,36.77149],[127.029582,36.771684],[127.02948,36.771725]]}},{"type":"Feature","properties":{"color":"#004A85","ref":"1"},"geometry":{"type":"LineString","coordinates":[[127.02948,36.771725],[127.029105,36.771882]]}},{"type":"Feature","properties":{"color":"#004A85","ref":"1"},"geometry":{"type":"LineString","coordinates":[[127.029105,36.771882],[127.028007,36.772348],[127.025273,36.773683],[127.023473,36.774617],[127.018739,36.776924],[127.015389,36.778557],[127.014782,36.778793],[127.014343,36.778938],[127.014194,36.778983],[127.01382,36.779065],[127.01337,36.779154],[127.012108,36.779307],[127.011227,36.779402],[127.010713,36.779458]]}},{"type":"Feature","properties":{"color":"#004A85","ref":"1"},"geometry":{"type":"LineString","coordinates":[[127.010713,36.779458],[127.009834,36.779555],[127.009098,36.779619],[127.008691,36.779656],[127.008118,36.779722],[127.007594,36.779794],[127.006805,36.779915],[127.005793,36.780074]]}},{"type":"Feature","properties":{"color":"#004A85","ref":"1"},"geometry":{"type":"LineString","coordinates":[[127.005793,36.780074],[127.005397,36.780147],[127.004528,36.780297],[127.002185,36.780684],[126.999975,36.78105],[126.999637,36.781142],[126.999137,36.7813],[126.998771,36.78143],[126.997404,36.782009]]}},{"type":"Feature","properties":{"color":"#004A85","ref":"1"},"geometry":{"type":"LineString","coordinates":[[126.997404,36.782009],[126.996511,36.7824],[126.996174,36.782551],[126.995908,36.782659],[126.995524,36.782802],[126.995399,36.782851],[126.994925,36.782989],[126.994399,36.783101],[126.994101,36.783156],[126.993734,36.783212],[126.993462,36.783234],[126.993161,36.783264],[126.992859,36.783277],[126.992529,36.783283],[126.991848,36.78331],[126.991507,36.783328],[126.988071,36.783477],[126.987606,36.783492],[126.987022,36.7835],[126.986618,36.783496]]}},{"type":"Feature","properties":{"color":"#004A85","ref":"1"},"geometry":{"type":"LineString","coordinates":[[126.986618,36.783496],[126.986309,36.783503],[126.985694,36.783477],[126.984947,36.783409],[126.984436,36.783344],[126.983926,36.783254]]}},{"type":"Feature","properties":{"color":"#004A85","ref":"1"},"geometry":{"type":"LineString","coordinates":[[126.983926,36.783254],[126.983479,36.783143],[126.983078,36.783043],[126.982558,36.782896],[126.981888,36.782684],[126.981329,36.782466],[126.980839,36.78226],[126.980172,36.78194],[126.979268,36.781512],[126.978285,36.781038],[126.977076,36.780475],[126.975799,36.779872],[126.975159,36.779583],[126.974718,36.779381],[126.974271,36.779164],[126.973329,36.778714],[126.972776,36.778472],[126.971317,36.777798],[126.969979,36.777211]]}},{"type":"Feature","properties":{"color":"#004A85","ref":"1"},"geometry":{"type":"LineString","coordinates":[[126.969979,36.777211],[126.963673,36.774264]]}},{"type":"Feature","properties":{"color":"#004A85","ref":"1"},"geometry":{"type":"LineString","coordinates":[[126.963673,36.774264],[126.961985,36.773484],[126.960965,36.773015],[126.960013,36.77262],[126.958899,36.772149]]}},{"type":"Feature","properties":{"color":"#004A85","ref":"1"},"geometry":{"type":"LineString","coordinates":[[126.958899,36.772149],[126.957885,36.771792],[126.957025,36.771503]]}},{"type":"Feature","properties":{"color":"#004A85","ref":"1"},"geometry":{"type":"LineString","coordinates":[[126.957025,36.771503],[126.955108,36.770892],[126.954685,36.77075]]}},{"type":"Feature","properties":{"color":"#004A85","ref":"1"},"geometry":{"type":"LineString","coordinates":[[126.954685,36.77075],[126.954166,36.770572],[126.953109,36.770209],[126.95079,36.769423]]}},{"type":"Feature","properties":{"color":"#004A85","ref":"1"},"geometry":{"type":"LineString","coordinates":[[126.95079,36.769423],[126.950478,36.769325],[126.950087,36.769189],[126.947583,36.768316]]}},{"type":"Feature","properties":{"color":"#004A85","ref":"1"},"geometry":{"type":"LineString","coordinates":[[126.952931,36.770197],[126.953089,36.770247],[126.953431,36.770365],[126.953924,36.770537],[126.95467,36.770796]]}},{"type":"Feature","properties":{"color":"#004A85","ref":"1"},"geometry":{"type":"LineString","coordinates":[[126.95467,36.770796],[126.955075,36.770935],[126.957035,36.771548]]}},{"type":"Feature","properties":{"color":"#004A85","ref":"1"},"geometry":{"type":"LineString","coordinates":[[126.957035,36.771548],[126.958879,36.772189]]}},{"type":"Feature","properties":{"color":"#004A85","ref":"1"},"geometry":{"type":"LineString","coordinates":[[126.958879,36.772189],[126.959982,36.772666],[126.960939,36.773058],[126.961965,36.773526],[126.963638,36.774295]]}},{"type":"Feature","properties":{"color":"#004A85","ref":"1"},"geometry":{"type":"LineString","coordinates":[[126.963638,36.774295],[126.969942,36.777249]]}},{"type":"Feature","properties":{"color":"#004A85","ref":"1"},"geometry":{"type":"LineString","coordinates":[[126.969942,36.777249],[126.971522,36.777923],[126.973712,36.778931],[126.977895,36.780891],[126.980198,36.782003],[126.981684,36.78265],[126.982562,36.782936],[126.983908,36.783286]]}},{"type":"Feature","properties":{"color":"#004A85","ref":"1"},"geometry":{"type":"LineString","coordinates":[[126.983908,36.783286],[126.984493,36.783374],[126.985027,36.783441],[126.985774,36.7835],[126.986564,36.783531]]}},{"type":"Feature","properties":{"color":"#004A85","ref":"1"},"geometry":{"type":"LineString","coordinates":[[126.986564,36.783531],[126.987286,36.783524],[126.987624,36.78352],[126.99156,36.783405],[126.9937,36.783257],[126.994487,36.783121],[126.994986,36.783015],[126.995852,36.782719],[126.997267,36.782117],[126.997437,36.78204]]}},{"type":"Feature","properties":{"color":"#004A85","ref":"1"},"geometry":{"type":"LineString","coordinates":[[126.997437,36.78204],[126.998783,36.781472],[126.999164,36.781337],[126.999662,36.781182],[126.999994,36.781095],[127.004211,36.780393],[127.005807,36.780131]]}},{"type":"Feature","properties":{"color":"#004A85","ref":"1"},"geometry":{"type":"LineString","coordinates":[[127.005807,36.780131],[127.007605,36.779835],[127.00871,36.779693],[127.010724,36.779493]]}},{"type":"Feature","properties":{"color":"#004A85","ref":"1"},"geometry":{"type":"LineString","coordinates":[[127.010724,36.779493],[127.012111,36.779343],[127.013361,36.779193],[127.013835,36.779103],[127.014239,36.779016],[127.014804,36.77883],[127.015208,36.778672],[127.022991,36.774906],[127.028895,36.772035],[127.029126,36.771937]]}},{"type":"Feature","properties":{"color":"#004A85","ref":"1"},"geometry":{"type":"LineString","coordinates":[[127.029126,36.771937],[127.029497,36.771772]]}},{"type":"Feature","properties":{"color":"#004A85","ref":"1"},"geometry":{"type":"LineString","coordinates":[[127.029497,36.771772],[127.029951,36.771565],[127.030782,36.77128],[127.031398,36.771116]]}},{"type":"Feature","properties":{"color":"#004A85","ref":"1"},"geometry":{"type":"LineString","coordinates":[[127.031398,36.771116],[127.031824,36.771031],[127.032415,36.770929],[127.033002,36.770867],[127.033558,36.770839],[127.03443,36.770846],[127.035047,36.770891],[127.035732,36.770979],[127.036392,36.771104],[127.037043,36.771286],[127.037771,36.771541],[127.039656,36.772281],[127.040753,36.772731],[127.048217,36.77577]]}},{"type":"Feature","properties":{"color":"#004A85","ref":"1"},"geometry":{"type":"LineString","coordinates":[[127.048217,36.77577],[127.048236,36.775814],[127.049341,36.77625]]}},{"type":"Feature","properties":{"color":"#004A85","ref":"1"},"geometry":{"type":"LineString","coordinates":[[127.049341,36.77625],[127.050206,36.776658]]}},{"type":"Feature","properties":{"color":"#004A85","ref":"1"},"geometry":{"type":"LineString","coordinates":[[127.050206,36.776658],[127.0506,36.776848]]}},{"type":"Feature","properties":{"color":"#004A85","ref":"1"},"geometry":{"type":"LineString","coordinates":[[127.0506,36.776848],[127.050871,36.776968],[127.053723,36.778102],[127.054104,36.778277],[127.05594,36.77899],[127.057478,36.779529]]}},{"type":"Feature","properties":{"color":"#004A85","ref":"1"},"geometry":{"type":"LineString","coordinates":[[127.057478,36.779529],[127.057549,36.779556]]}},{"type":"Feature","properties":{"color":"#004A85","ref":"1"},"geometry":{"type":"LineString","coordinates":[[127.057549,36.779556],[127.058474,36.779933],[127.058547,36.779962],[127.059741,36.780454],[127.061397,36.781117],[127.062263,36.781435],[127.063249,36.78176],[127.063727,36.781909],[127.065377,36.782431],[127.068719,36.783451],[127.071645,36.784359],[127.071995,36.784463],[127.073276,36.784861],[127.074841,36.785344],[127.076713,36.785906],[127.078719,36.786523],[127.080878,36.787186],[127.082677,36.787686],[127.083823,36.788029],[127.084708,36.788291],[127.085452,36.788525],[127.08547,36.788531],[127.086204,36.788763],[127.087601,36.789206],[127.088252,36.789369],[127.089418,36.789614],[127.091157,36.789926]]}},{"type":"Feature","properties":{"color":"#004A85","ref":"1"},"geometry":{"type":"LineString","coordinates":[[127.091157,36.789926],[127.091947,36.790052]]}},{"type":"Feature","properties":{"color":"#004A85","ref":"1"},"geometry":{"type":"LineString","coordinates":[[127.091947,36.790052],[127.092131,36.790083]]}},{"type":"Feature","properties":{"color":"#004A85","ref":"1"},"geometry":{"type":"LineString","coordinates":[[127.092131,36.790083],[127.092963,36.790217],[127.093749,36.790341],[127.094664,36.79045]]}},{"type":"Feature","properties":{"color":"#004A85","ref":"1"},"geometry":{"type":"LineString","coordinates":[[127.094664,36.79045],[127.096563,36.790747]]}},{"type":"Feature","properties":{"color":"#004A85","ref":"1"},"geometry":{"type":"LineString","coordinates":[[127.096563,36.790747],[127.097167,36.79087],[127.097852,36.791004],[127.098238,36.791079]]}},{"type":"Feature","properties":{"color":"#004A85","ref":"1"},"geometry":{"type":"LineString","coordinates":[[127.098238,36.791079],[127.098461,36.791112]]}},{"type":"Feature","properties":{"color":"#004A85","ref":"1"},"geometry":{"type":"LineString","coordinates":[[127.098461,36.791112],[127.099226,36.791246]]}},{"type":"Feature","properties":{"color":"#004A85","ref":"1"},"geometry":{"type":"LineString","coordinates":[[127.107441,36.79258],[127.106378,36.792494],[127.10591,36.792454],[127.105544,36.792419],[127.105348,36.792389],[127.103252,36.792068],[127.103127,36.792047],[127.101989,36.791863],[127.101627,36.791788],[127.099532,36.791319],[127.099226,36.791246]]}},{"type":"Feature","properties":{"color":"#004A85","ref":"1"},"geometry":{"type":"LineString","coordinates":[[127.107441,36.79258],[127.108315,36.792708]]}},{"type":"Feature","properties":{"color":"#004A85","ref":"1"},"geometry":{"type":"LineString","coordinates":[[127.108315,36.792708],[127.109382,36.7928],[127.11055,36.792849],[127.111535,36.792859],[127.112394,36.792825],[127.113631,36.792777],[127.11535,36.792614]]}},{"type":"Feature","properties":{"color":"#004A85","ref":"1"},"geometry":{"type":"LineString","coordinates":[[127.11535,36.792614],[127.116044,36.792557],[127.116606,36.792529]]}},{"type":"Feature","properties":{"color":"#004A85","ref":"1"},"geometry":{"type":"LineString","coordinates":[[127.116606,36.792529],[127.117071,36.792529],[127.117633,36.79256],[127.118216,36.792636],[127.118757,36.792736],[127.119156,36.792835],[127.119493,36.792936],[127.1198,36.793038],[127.120347,36.793264],[127.122154,36.794172],[127.122367,36.79428],[127.122933,36.794585],[127.124159,36.795242]]}},{"type":"Feature","properties":{"color":"#004A85","ref":"1"},"geometry":{"type":"LineString","coordinates":[[127.124159,36.795242],[127.12499,36.795681],[127.125605,36.796047],[127.126295,36.79656],[127.126911,36.797066],[127.12744,36.797475],[127.128057,36.797974],[127.128272,36.798149],[127.12859,36.798351],[127.129092,36.798645]]}},{"type":"Feature","properties":{"color":"#004A85","ref":"1"},"geometry":{"type":"LineString","coordinates":[[127.129092,36.798645],[127.129425,36.798813],[127.129586,36.798886]]}},{"type":"Feature","properties":{"color":"#004A85","ref":"1"},"geometry":{"type":"LineString","coordinates":[[127.129586,36.798886],[127.130052,36.799078],[127.130522,36.799242],[127.130859,36.799353]]}},{"type":"Feature","properties":{"color":"#004A85","ref":"1"},"geometry":{"type":"LineString","coordinates":[[127.130859,36.799353],[127.131652,36.7996]]}},{"type":"Feature","properties":{"color":"#004A85","ref":"1"},"geometry":{"type":"LineString","coordinates":[[127.131652,36.7996],[127.132722,36.799915],[127.133636,36.80025],[127.134543,36.800611],[127.136878,36.801853],[127.137272,36.802062],[127.138037,36.802421]]}},{"type":"Feature","properties":{"color":"#004A85","ref":"1"},"geometry":{"type":"LineString","coordinates":[[127.138037,36.802421],[127.13823,36.802507],[127.138593,36.80267],[127.139329,36.802974],[127.140675,36.803531],[127.142189,36.804143],[127.143945,36.80484]]}},{"type":"Feature","properties":{"color":"#004A85","ref":"1"},"geometry":{"type":"LineString","coordinates":[[127.143945,36.80484],[127.144397,36.805042],[127.144673,36.805185],[127.14498,36.805391],[127.145271,36.805638],[127.145465,36.805844],[127.145624,36.806067],[127.145774,36.806329],[127.145921,36.8067],[127.146006,36.807053],[127.146044,36.807251]]}},{"type":"Feature","properties":{"color":"#004A85","ref":"1"},"geometry":{"type":"LineString","coordinates":[[127.146044,36.807251],[127.146104,36.807558],[127.146182,36.808035]]}},{"type":"Feature","properties":{"color":"#004A85","ref":"1"},"geometry":{"type":"LineString","coordinates":[[127.146182,36.808035],[127.14617,36.808424]]}},{"type":"Feature","properties":{"color":"#004A85","ref":"1"},"geometry":{"type":"LineString","coordinates":[[127.14617,36.808424],[127.14613,36.809085],[127.146114,36.809268],[127.146119,36.809533],[127.146433,36.811205]]}},{"type":"Feature","properties":{"color":"#004A85","ref":"1"},"geometry":{"type":"LineString","coordinates":[[127.146433,36.811205],[127.146497,36.811507],[127.146599,36.81204],[127.146705,36.812397],[127.146873,36.812817],[127.146956,36.813064]]}},{"type":"Feature","properties":{"color":"#004A85","ref":"1"},"geometry":{"type":"LineString","coordinates":[[127.146956,36.813064],[127.147157,36.813592],[127.147192,36.813732]]}},{"type":"Feature","properties":{"color":"#004A85","ref":"1"},"geometry":{"type":"LineString","coordinates":[[127.147192,36.813732],[127.147286,36.814005],[127.147392,36.814294]]}},{"type":"Feature","properties":{"color":"#004A85","ref":"1"},"geometry":{"type":"LineString","coordinates":[[127.147392,36.814294],[127.147444,36.814484],[127.147573,36.814964],[127.147625,36.815172]]}},{"type":"Feature","properties":{"color":"#004A85","ref":"1"},"geometry":{"type":"LineString","coordinates":[[127.147625,36.815172],[127.147646,36.815255]]}},{"type":"Feature","properties":{"color":"#004A85","ref":"1"},"geometry":{"type":"LineString","coordinates":[[127.147646,36.815255],[127.147692,36.815413],[127.147839,36.815956]]}},{"type":"Feature","properties":{"color":"#004A85","ref":"1"},"geometry":{"type":"LineString","coordinates":[[127.147839,36.815956],[127.147911,36.816184],[127.148139,36.817073],[127.148252,36.817586],[127.148342,36.818338],[127.14848,36.819648],[127.148693,36.821601]]}},{"type":"Feature","properties":{"color":"#004A85","ref":"1"},"geometry":{"type":"LineString","coordinates":[[127.148693,36.821601],[127.148807,36.822656],[127.148876,36.823285],[127.148922,36.823692],[127.148945,36.823914],[127.148996,36.824403],[127.149036,36.824798]]}},{"type":"Feature","properties":{"color":"#004A85","ref":"1"},"geometry":{"type":"LineString","coordinates":[[127.149036,36.824798],[127.14907,36.825108],[127.149194,36.826219],[127.149253,36.826846],[127.149278,36.82733],[127.14928,36.827625],[127.149278,36.827955],[127.149261,36.828272],[127.149222,36.828725],[127.149172,36.82932],[127.149023,36.831154],[127.148928,36.831993],[127.148872,36.832448],[127.148766,36.833186],[127.148618,36.834952],[127.148611,36.835151],[127.148617,36.835832],[127.148624,36.836366]]}},{"type":"Feature","properties":{"color":"#004A85","ref":"1"},"geometry":{"type":"LineString","coordinates":[[127.148624,36.836366],[127.148404,36.83812],[127.148267,36.838984]]}},{"type":"Feature","properties":{"color":"#004A85","ref":"1"},"geometry":{"type":"LineString","coordinates":[[127.148267,36.838984],[127.148161,36.8396],[127.148123,36.839979],[127.147989,36.840752],[127.147878,36.841318],[127.147485,36.843076],[127.147305,36.84388]]}},{"type":"Feature","properties":{"color":"#004A85","ref":"1"},"geometry":{"type":"LineString","coordinates":[[127.147305,36.84388],[127.147271,36.844026]]}},{"type":"Feature","properties":{"color":"#004A85","ref":"1"},"geometry":{"type":"LineString","coordinates":[[127.147271,36.844026],[127.147238,36.844175],[127.147068,36.844931],[127.14688,36.845852],[127.146861,36.84594]]}},{"type":"Feature","properties":{"color":"#004A85","ref":"1"},"geometry":{"type":"LineString","coordinates":[[127.146861,36.84594],[127.14681,36.846176]]}},{"type":"Feature","properties":{"color":"#004A85","ref":"1"},"geometry":{"type":"LineString","coordinates":[[127.14681,36.846176],[127.146678,36.846791],[127.14644,36.847921],[127.146225,36.849052],[127.146017,36.849976],[127.145801,36.85093],[127.145471,36.852578],[127.145302,36.853456],[127.145222,36.854251],[127.145181,36.854799],[127.14519,36.855448],[127.145238,36.855807],[127.145368,36.85633],[127.145543,36.857098],[127.14573,36.857848],[127.145789,36.858106]]}},{"type":"Feature","properties":{"color":"#004A85","ref":"1"},"geometry":{"type":"LineString","coordinates":[[127.145789,36.858106],[127.145829,36.858255]]}},{"type":"Feature","properties":{"color":"#004A85","ref":"1"},"geometry":{"type":"LineString","coordinates":[[127.145829,36.858255],[127.145948,36.858806],[127.146211,36.859743],[127.146388,36.860461],[127.146477,36.860824],[127.146573,36.861286],[127.14667,36.861789],[127.146701,36.862445]]}},{"type":"Feature","properties":{"color":"#004A85","ref":"1"},"geometry":{"type":"LineString","coordinates":[[127.146701,36.862445],[127.146682,36.863139]]}},{"type":"Feature","properties":{"color":"#004A85","ref":"1"},"geometry":{"type":"LineString","coordinates":[[127.146682,36.863139],[127.146647,36.863596],[127.146529,36.864257],[127.146405,36.864785],[127.146258,36.86525],[127.14611,36.865701],[127.145889,36.866229],[127.145671,36.866692],[127.145264,36.867536],[127.144861,36.868393],[127.144486,36.869181],[127.14442,36.86932],[127.143294,36.871714],[127.142951,36.872444],[127.142385,36.873655],[127.141879,36.874744],[127.141409,36.875813],[127.140907,36.876949],[127.140531,36.877759],[127.139619,36.879553],[127.13912,36.880629],[127.138739,36.881432],[127.138354,36.882225],[127.137794,36.883408],[127.137248,36.884561],[127.136306,36.886498],[127.136006,36.887137],[127.135797,36.887576],[127.134985,36.889247],[127.134612,36.890017],[127.134318,36.890676]]}},{"type":"Feature","properties":{"color":"#004A85","ref":"1"},"geometry":{"type":"LineString","coordinates":[[127.134318,36.890676],[127.133491,36.892405],[127.133082,36.893267],[127.132836,36.893798],[127.132671,36.894152]]}},{"type":"Feature","properties":{"color":"#004A85","ref":"1"},"geometry":{"type":"LineString","coordinates":[[127.132671,36.894152],[127.132353,36.894817],[127.132035,36.895481],[127.131705,36.896204],[127.131545,36.896568],[127.131386,36.896913],[127.131166,36.897377],[127.130957,36.897817],[127.130726,36.898356],[127.130576,36.898693],[127.13045,36.899012],[127.130173,36.899621],[127.129582,36.900863],[127.129193,36.901715],[127.128792,36.902575],[127.128523,36.903166],[127.128042,36.904184],[127.12791,36.904552],[127.12778,36.904917],[127.127676,36.905284],[127.12757,36.905755],[127.127485,36.906253],[127.12741,36.907041],[127.127335,36.908324],[127.127259,36.909306],[127.127251,36.909406]]}},{"type":"Feature","properties":{"color":"#004A85","ref":"1"},"geometry":{"type":"LineString","coordinates":[[127.127251,36.909406],[127.127244,36.9095]]}},{"type":"Feature","properties":{"color":"#004A85","ref":"1"},"geometry":{"type":"LineString","coordinates":[[127.127244,36.9095],[127.127151,36.910926],[127.12714,36.911101],[127.127072,36.912086],[127.126971,36.913141],[127.126873,36.914167],[127.126668,36.917071],[127.12666,36.91718],[127.12657,36.918834],[127.12652,36.919569],[127.126512,36.919728],[127.126207,36.923479],[127.125956,36.92716]]}},{"type":"Feature","properties":{"color":"#004A85","ref":"1"},"geometry":{"type":"LineString","coordinates":[[127.125956,36.92716],[127.125911,36.927799]]}},{"type":"Feature","properties":{"color":"#004A85","ref":"1"},"geometry":{"type":"LineString","coordinates":[[127.125911,36.927799],[127.125855,36.928504],[127.125401,36.934669],[127.125226,36.937129],[127.125218,36.93724]]}},{"type":"Feature","properties":{"color":"#004A85","ref":"1"},"geometry":{"type":"LineString","coordinates":[[127.125218,36.93724],[127.125209,36.93737]]}},{"type":"Feature","properties":{"color":"#004A85","ref":"1"},"geometry":{"type":"LineString","coordinates":[[127.125209,36.93737],[127.12516,36.938063],[127.12479,36.943011],[127.124723,36.944137],[127.124666,36.945271],[127.12463,36.945867],[127.124571,36.946431],[127.124446,36.947496],[127.124369,36.947994],[127.124252,36.948362],[127.123983,36.949122],[127.123756,36.949646],[127.123427,36.950261],[127.122854,36.951095],[127.122071,36.952001],[127.121597,36.952503],[127.121184,36.952936],[127.119218,36.954974]]}},{"type":"Feature","properties":{"color":"#004A85","ref":"1"},"geometry":{"type":"LineString","coordinates":[[127.119218,36.954974],[127.118914,36.95531],[127.11826,36.955986]]}},{"type":"Feature","properties":{"color":"#004A85","ref":"1"},"geometry":{"type":"LineString","coordinates":[[127.11826,36.955986],[127.118072,36.956181],[127.117847,36.956415],[127.115897,36.958447],[127.11401,36.960406],[127.113203,36.961351],[127.112093,36.962513],[127.111493,36.963047],[127.110853,36.963706],[127.110145,36.964542],[127.10957,36.965135],[127.108661,36.966114],[127.108486,36.966304]]}},{"type":"Feature","properties":{"color":"#004A85","ref":"1"},"geometry":{"type":"LineString","coordinates":[[127.108486,36.966304],[127.105644,36.969278]]}},{"type":"Feature","properties":{"color":"#004A85","ref":"1"},"geometry":{"type":"LineString","coordinates":[[127.105644,36.969278],[127.105093,36.969868],[127.104675,36.9703],[127.103448,36.971579],[127.102139,36.972856],[127.099554,36.975553],[127.099161,36.97598]]}},{"type":"Feature","properties":{"color":"#004A85","ref":"1"},"geometry":{"type":"LineString","coordinates":[[127.099161,36.97598],[127.099008,36.976155],[127.098849,36.976335]]}},{"type":"Feature","properties":{"color":"#004A85","ref":"1"},"geometry":{"type":"LineString","coordinates":[[127.098849,36.976335],[127.097131,36.978184],[127.094518,36.981028],[127.09401,36.981625]]}},{"type":"Feature","properties":{"color":"#004A85","ref":"1"},"geometry":{"type":"LineString","coordinates":[[127.09401,36.981625],[127.093784,36.981874]]}},{"type":"Feature","properties":{"color":"#004A85","ref":"1"},"geometry":{"type":"LineString","coordinates":[[127.093784,36.981874],[127.093025,36.98267],[127.093022,36.982673],[127.092945,36.982754]]}},{"type":"Feature","properties":{"color":"#004A85","ref":"1"},"geometry":{"type":"LineString","coordinates":[[127.092945,36.982754],[127.092646,36.983068],[127.092568,36.983149]]}},{"type":"Feature","properties":{"color":"#004A85","ref":"1"},"geometry":{"type":"LineString","coordinates":[[127.092568,36.983149],[127.09246,36.983261],[127.091834,36.983903],[127.091302,36.984452],[127.090483,36.985317],[127.089617,36.986234],[127.089512,36.986343],[127.089045,36.98683],[127.088465,36.987419],[127.087269,36.988581],[127.08629,36.989604]]}},{"type":"Feature","properties":{"color":"#004A85","ref":"1"},"geometry":{"type":"LineString","coordinates":[[127.08629,36.989604],[127.086167,36.989726],[127.086122,36.989776],[127.086092,36.989807],[127.086042,36.989861],[127.084671,36.991315],[127.084474,36.991523],[127.084262,36.991748],[127.083623,36.992482],[127.082865,36.993292],[127.082293,36.993901],[127.081787,36.994407],[127.081146,36.995076],[127.081031,36.995195]]}},{"type":"Feature","properties":{"color":"#004A85","ref":"1"},"geometry":{"type":"LineString","coordinates":[[127.081031,36.995195],[127.080771,36.995467],[127.080618,36.995627]]}},{"type":"Feature","properties":{"color":"#004A85","ref":"1"},"geometry":{"type":"LineString","coordinates":[[127.080618,36.995627],[127.080452,36.9958]]}},{"type":"Feature","properties":{"color":"#004A85","ref":"1"},"geometry":{"type":"LineString","coordinates":[[127.080452,36.9958],[127.079442,36.996868]]}},{"type":"Feature","properties":{"color":"#004A85","ref":"1"},"geometry":{"type":"LineString","coordinates":[[127.079442,36.996868],[127.078398,36.997967]]}},{"type":"Feature","properties":{"color":"#004A85","ref":"1"},"geometry":{"type":"LineString","coordinates":[[127.078398,36.997967],[127.07736,36.999043],[127.075149,37.001339],[127.072971,37.003641],[127.07253,37.004243],[127.072316,37.004617],[127.07221,37.004841],[127.072122,37.005043],[127.072011,37.005324],[127.071935,37.005577],[127.071827,37.006108],[127.071523,37.008476],[127.071267,37.010733],[127.07102,37.012989],[127.070841,37.014656],[127.070778,37.015232],[127.070772,37.015291]]}},{"type":"Feature","properties":{"color":"#004A85","ref":"1"},"geometry":{"type":"LineString","coordinates":[[127.070772,37.015291],[127.070763,37.015385]]}},{"type":"Feature","properties":{"color":"#004A85","ref":"1"},"geometry":{"type":"LineString","coordinates":[[127.070763,37.015385],[127.070531,37.017496],[127.070467,37.018115],[127.070271,37.019803],[127.070209,37.020337],[127.069958,37.022531],[127.069733,37.0246]]}},{"type":"Feature","properties":{"color":"#004A85","ref":"1"},"geometry":{"type":"LineString","coordinates":[[127.069733,37.0246],[127.069705,37.024825]]}},{"type":"Feature","properties":{"color":"#004A85","ref":"1"},"geometry":{"type":"LineString","coordinates":[[127.069705,37.024825],[127.069454,37.026852],[127.069142,37.029585]]}},{"type":"Feature","properties":{"color":"#004A85","ref":"1"},"geometry":{"type":"LineString","coordinates":[[127.069142,37.029585],[127.069105,37.029958]]}},{"type":"Feature","properties":{"color":"#004A85","ref":"1"},"geometry":{"type":"LineString","coordinates":[[127.069105,37.029958],[127.068739,37.033462],[127.068661,37.034225],[127.06855,37.034894],[127.068447,37.035282],[127.068327,37.035638],[127.0682,37.035979],[127.068043,37.036311],[127.067861,37.03666],[127.06766,37.036985],[127.067443,37.037299],[127.067204,37.03762],[127.066961,37.037906],[127.06668,37.038195],[127.066383,37.03847],[127.066083,37.038728],[127.065778,37.038967],[127.065042,37.039467],[127.062855,37.040839],[127.061617,37.041615],[127.054913,37.04592],[127.054427,37.046309],[127.053872,37.046805],[127.05337,37.047372],[127.05312,37.047727],[127.05287,37.048125],[127.052596,37.048685],[127.052374,37.049376],[127.052232,37.050093],[127.052199,37.050662],[127.052207,37.051101],[127.052491,37.053618],[127.05258,37.05446],[127.05265,37.055426],[127.052864,37.057294],[127.052912,37.057717],[127.05304,37.058666],[127.053138,37.059361],[127.0532,37.059908],[127.05322,37.060092],[127.053411,37.061903],[127.053649,37.064045],[127.054119,37.06842],[127.054197,37.069049],[127.05428,37.069714],[127.054449,37.071192],[127.054519,37.07221],[127.05447,37.07352],[127.05438,37.074459],[127.054337,37.07486],[127.05422,37.07631],[127.054212,37.076405],[127.054124,37.077485],[127.05412,37.077542],[127.054068,37.078129],[127.054056,37.078846],[127.054089,37.0795],[127.054189,37.08018],[127.054414,37.081054],[127.054744,37.081878],[127.055143,37.082807],[127.056172,37.085302],[127.056412,37.08594],[127.056828,37.086834],[127.057089,37.087529]]}},{"type":"Feature","properties":{"color":"#004A85","ref":"1"},"geometry":{"type":"LineString","coordinates":[[127.057089,37.087529],[127.057207,37.087791],[127.057289,37.087975],[127.05735,37.08811]]}},{"type":"Feature","properties":{"color":"#004A85","ref":"1"},"geometry":{"type":"LineString","coordinates":[[127.05735,37.08811],[127.057596,37.088687],[127.05814,37.089969],[127.058356,37.090477],[127.058646,37.091128]]}},{"type":"Feature","properties":{"color":"#004A85","ref":"1"},"geometry":{"type":"LineString","coordinates":[[127.058646,37.091128],[127.058842,37.091589]]}},{"type":"Feature","properties":{"color":"#004A85","ref":"1"},"geometry":{"type":"LineString","coordinates":[[127.058842,37.091589],[127.058875,37.091664],[127.059129,37.092249],[127.059861,37.094034],[127.060135,37.094672],[127.060248,37.095045],[127.06036,37.095396],[127.0605,37.096022],[127.060588,37.096684],[127.060644,37.0971]]}},{"type":"Feature","properties":{"color":"#004A85","ref":"1"},"geometry":{"type":"LineString","coordinates":[[127.060644,37.0971],[127.060677,37.097375]]}},{"type":"Feature","properties":{"color":"#004A85","ref":"1"},"geometry":{"type":"LineString","coordinates":[[127.060677,37.097375],[127.060712,37.097611],[127.060811,37.098541],[127.060883,37.099089],[127.060952,37.09968],[127.061047,37.100452]]}},{"type":"Feature","properties":{"color":"#004A85","ref":"1"},"geometry":{"type":"LineString","coordinates":[[127.061047,37.100452],[127.061084,37.100758],[127.06109,37.100803],[127.061123,37.101087],[127.061164,37.101364],[127.06121,37.101669],[127.061247,37.101978],[127.061258,37.102085]]}},{"type":"Feature","properties":{"color":"#004A85","ref":"1"},"geometry":{"type":"LineString","coordinates":[[127.061258,37.102085],[127.061271,37.102212],[127.061309,37.102573],[127.061387,37.103213],[127.06151,37.104157]]}},{"type":"Feature","properties":{"color":"#004A85","ref":"1"},"geometry":{"type":"LineString","coordinates":[[127.06151,37.104157],[127.06153,37.104323],[127.061547,37.104459]]}},{"type":"Feature","properties":{"color":"#004A85","ref":"1"},"geometry":{"type":"LineString","coordinates":[[127.061547,37.104459],[127.061577,37.104678],[127.061763,37.106142],[127.06185,37.106818],[127.061962,37.107591],[127.062166,37.10899],[127.0624,37.110887],[127.062521,37.111869],[127.062718,37.113288],[127.06286,37.114496],[127.06289,37.114795],[127.063478,37.119429],[127.063779,37.12174],[127.063853,37.122415],[127.063869,37.122562]]}},{"type":"Feature","properties":{"color":"#004A85","ref":"1"},"geometry":{"type":"LineString","coordinates":[[127.063869,37.122562],[127.063895,37.122795]]}},{"type":"Feature","properties":{"color":"#004A85","ref":"1"},"geometry":{"type":"LineString","coordinates":[[127.063895,37.122795],[127.06396,37.123508],[127.064024,37.124129],[127.064639,37.129155],[127.064779,37.130416],[127.064951,37.131679],[127.065102,37.13293],[127.065277,37.134192],[127.065537,37.136567],[127.065668,37.137361],[127.065768,37.138207]]}},{"type":"Feature","properties":{"color":"#004A85","ref":"1"},"geometry":{"type":"LineString","coordinates":[[127.065768,37.138207],[127.065782,37.138319],[127.06594,37.139536],[127.065963,37.139653],[127.066066,37.140515],[127.066143,37.141274],[127.066249,37.142456],[127.066318,37.143066],[127.066344,37.143411],[127.066415,37.143949],[127.066675,37.14578],[127.066862,37.147066],[127.066989,37.148057],[127.067154,37.149515],[127.067256,37.150532],[127.067276,37.151037],[127.067245,37.151548],[127.067221,37.15179],[127.067024,37.152799],[127.066864,37.15361]]}},{"type":"Feature","properties":{"color":"#004A85","ref":"1"},"geometry":{"type":"LineString","coordinates":[[127.066864,37.15361],[127.06678,37.154037],[127.066612,37.154709],[127.06647,37.155276]]}},{"type":"Feature","properties":{"color":"#004A85","ref":"1"},"geometry":{"type":"LineString","coordinates":[[127.06647,37.155276],[127.065367,37.159684],[127.064728,37.16224],[127.064122,37.164772],[127.06384,37.165822],[127.06362,37.16687],[127.063384,37.16786],[127.063357,37.167975]]}},{"type":"Feature","properties":{"color":"#004A85","ref":"1"},"geometry":{"type":"LineString","coordinates":[[127.063357,37.167975],[127.063311,37.168171]]}},{"type":"Feature","properties":{"color":"#004A85","ref":"1"},"geometry":{"type":"LineString","coordinates":[[127.063311,37.168171],[127.062823,37.170176],[127.062784,37.170328],[127.062465,37.171288],[127.062193,37.171886],[127.062076,37.172144]]}},{"type":"Feature","properties":{"color":"#004A85","ref":"1"},"geometry":{"type":"LineString","coordinates":[[127.062076,37.172144],[127.062012,37.172284],[127.061845,37.172534],[127.061221,37.173463],[127.060757,37.174042],[127.060253,37.174605],[127.059711,37.175164],[127.05921,37.175539],[127.057857,37.176549],[127.055835,37.177811],[127.054972,37.178353]]}},{"type":"Feature","properties":{"color":"#004A85","ref":"1"},"geometry":{"type":"LineString","coordinates":[[127.054972,37.178353],[127.051093,37.180834],[127.048688,37.182365],[127.048084,37.182704],[127.047453,37.183071],[127.04684,37.183487],[127.046561,37.183701],[127.046273,37.183918],[127.045701,37.184428],[127.045392,37.184694],[127.045099,37.184974],[127.044889,37.185183],[127.044628,37.185462],[127.044153,37.186018],[127.043944,37.186285],[127.043359,37.187118],[127.043205,37.187354],[127.042949,37.187812],[127.042894,37.187908],[127.042849,37.187995],[127.042728,37.188227]]}},{"type":"Feature","properties":{"color":"#004A85","ref":"1"},"geometry":{"type":"LineString","coordinates":[[127.042728,37.188227],[127.04187,37.189874],[127.041568,37.190493],[127.041415,37.190807],[127.041253,37.19112],[127.040885,37.191787],[127.040552,37.192426],[127.039226,37.194924],[127.037904,37.197472],[127.037783,37.197709],[127.037675,37.19793],[127.03745,37.19837],[127.036998,37.199184],[127.036198,37.200782]]}},{"type":"Feature","properties":{"color":"#004A85","ref":"1"},"geometry":{"type":"LineString","coordinates":[[127.036198,37.200782],[127.035818,37.201493],[127.034931,37.203153],[127.03459,37.20381],[127.03451,37.203963]]}},{"type":"Feature","properties":{"color":"#004A85","ref":"1"},"geometry":{"type":"LineString","coordinates":[[127.03451,37.203963],[127.033723,37.205479],[127.033577,37.205796],[127.0333,37.206308],[127.032699,37.207476],[127.03265,37.207574],[127.03085,37.210988]]}},{"type":"Feature","properties":{"color":"#004A85","ref":"1"},"geometry":{"type":"LineString","coordinates":[[127.03085,37.210988],[127.030774,37.211147],[127.030641,37.211426],[127.028227,37.216067],[127.026574,37.219291],[127.026474,37.219485]]}},{"type":"Feature","properties":{"color":"#004A85","ref":"1"},"geometry":{"type":"LineString","coordinates":[[127.026474,37.219485],[127.026336,37.219738],[127.026157,37.220066]]}},{"type":"Feature","properties":{"color":"#004A85","ref":"1"},"geometry":{"type":"LineString","coordinates":[[127.026157,37.220066],[127.024902,37.222477],[127.02356,37.225077],[127.023524,37.225147]]}},{"type":"Feature","properties":{"color":"#004A85","ref":"1"},"geometry":{"type":"LineString","coordinates":[[127.023524,37.225147],[127.023476,37.22524],[127.023448,37.225293]]}},{"type":"Feature","properties":{"color":"#004A85","ref":"1"},"geometry":{"type":"LineString","coordinates":[[127.023448,37.225293],[127.023104,37.22596]]}},{"type":"Feature","properties":{"color":"#004A85","ref":"1"},"geometry":{"type":"LineString","coordinates":[[127.023104,37.22596],[127.022919,37.2263]]}},{"type":"Feature","properties":{"color":"#004A85","ref":"1"},"geometry":{"type":"LineString","coordinates":[[127.022919,37.2263],[127.022845,37.226443],[127.019001,37.233854]]}},{"type":"Feature","properties":{"color":"#004A85","ref":"1"},"geometry":{"type":"LineString","coordinates":[[127.019001,37.233854],[127.018801,37.234222]]}},{"type":"Feature","properties":{"color":"#004A85","ref":"1"},"geometry":{"type":"LineString","coordinates":[[127.018801,37.234222],[127.017175,37.237283],[127.016859,37.237882],[127.016496,37.23857],[127.015654,37.24019],[127.014151,37.243115],[127.013185,37.244991],[127.013153,37.245054],[127.012397,37.246455],[127.012187,37.246846],[127.011925,37.24735],[127.010445,37.25017],[127.009929,37.2509],[127.00943,37.251501]]}},{"type":"Feature","properties":{"color":"#004A85","ref":"1"},"geometry":{"type":"LineString","coordinates":[[127.00943,37.251501],[127.008951,37.252018]]}},{"type":"Feature","properties":{"color":"#004A85","ref":"1"},"geometry":{"type":"LineString","coordinates":[[127.008951,37.252018],[127.008922,37.25205],[127.006785,37.254434],[127.006193,37.255164],[127.00594,37.255563],[127.005342,37.256563],[127.004543,37.257898],[127.003677,37.259344],[127.003,37.260556],[127.002675,37.261139]]}},{"type":"Feature","properties":{"color":"#004A85","ref":"1"},"geometry":{"type":"LineString","coordinates":[[127.002675,37.261139],[127.001435,37.262782],[127.000859,37.263546],[126.998908,37.266886],[126.998438,37.267719],[126.998149,37.268409]]}},{"type":"Feature","properties":{"color":"#004A85","ref":"1"},"geometry":{"type":"LineString","coordinates":[[126.998149,37.268409],[126.998008,37.268844]]}},{"type":"Feature","properties":{"color":"#004A85","ref":"1"},"geometry":{"type":"LineString","coordinates":[[126.998008,37.268844],[126.997778,37.269313],[126.997376,37.270108],[126.997236,37.270371],[126.997092,37.270649]]}},{"type":"Feature","properties":{"color":"#004A85","ref":"1"},"geometry":{"type":"LineString","coordinates":[[126.997092,37.270649],[126.996914,37.270994],[126.996382,37.271993],[126.995813,37.273037],[126.995566,37.273489],[126.99464,37.275092],[126.99354,37.276992],[126.992184,37.279282],[126.991473,37.280533],[126.990624,37.281958],[126.990052,37.282966],[126.989018,37.284778],[126.988919,37.284951],[126.987627,37.28704],[126.987079,37.287751],[126.986896,37.287989],[126.986321,37.28867],[126.986271,37.288729]]}},{"type":"Feature","properties":{"color":"#004A85","ref":"1"},"geometry":{"type":"LineString","coordinates":[[126.986271,37.288729],[126.986168,37.288848],[126.985885,37.289175]]}},{"type":"Feature","properties":{"color":"#004A85","ref":"1"},"geometry":{"type":"LineString","coordinates":[[126.985885,37.289175],[126.98482,37.290372],[126.983276,37.292098],[126.981795,37.293743],[126.981181,37.294454],[126.980372,37.295407],[126.979072,37.296845],[126.978116,37.297919],[126.977813,37.298181],[126.977481,37.298456],[126.977009,37.298757],[126.976423,37.299101],[126.975842,37.299343],[126.975156,37.299608],[126.974287,37.299789],[126.973515,37.299905],[126.972968,37.299962],[126.972096,37.300045],[126.969791,37.300319],[126.969619,37.300339],[126.967128,37.300628],[126.965249,37.300852],[126.963717,37.30107],[126.963249,37.30116],[126.962587,37.301368],[126.962038,37.301591],[126.96155,37.301815],[126.960915,37.302176],[126.958767,37.303719],[126.953798,37.307342],[126.953252,37.307877],[126.952751,37.308484],[126.952222,37.309303],[126.950231,37.312383],[126.949624,37.313322],[126.949028,37.314283],[126.948777,37.314705],[126.94856,37.315144],[126.948399,37.315533],[126.948295,37.315901],[126.948229,37.316352],[126.948173,37.316975],[126.947992,37.31925],[126.94786,37.321363],[126.947852,37.321485],[126.947725,37.323495],[126.947718,37.323917],[126.947725,37.324763],[126.9478,37.326297],[126.947828,37.327022],[126.947882,37.32846],[126.947987,37.330498],[126.948106,37.333466],[126.948221,37.33621],[126.948278,37.339855],[126.94827,37.342391],[126.948274,37.344243],[126.948271,37.344346],[126.948277,37.345989],[126.948259,37.347907],[126.948289,37.351055],[126.948285,37.351187],[126.948261,37.352146],[126.948295,37.353101],[126.948344,37.354953],[126.94835,37.355188],[126.948438,37.356649],[126.948457,37.357707],[126.948518,37.359969],[126.948488,37.36035],[126.948471,37.360703],[126.948423,37.361031],[126.948327,37.361403],[126.948237,37.361733],[126.947688,37.362936],[126.946648,37.365247],[126.945776,37.367157],[126.944545,37.369723],[126.943739,37.37137],[126.942935,37.373114],[126.942855,37.373288],[126.942059,37.374883],[126.941842,37.375318],[126.941455,37.376083],[126.941165,37.376645],[126.940909,37.377086],[126.940172,37.377924],[126.939775,37.378365],[126.938518,37.37954],[126.937435,37.380556],[126.937161,37.380913],[126.936664,37.381583],[126.936254,37.382304],[126.935822,37.383423],[126.935291,37.384859],[126.935053,37.385504],[126.93437,37.387319],[126.933966,37.38846],[126.933705,37.389148],[126.933132,37.390725],[126.932816,37.391303],[126.932582,37.39173],[126.932096,37.392371],[126.931317,37.393201],[126.929257,37.394888],[126.928415,37.395535],[126.927062,37.396638],[126.926441,37.397285],[126.924504,37.399562],[126.923921,37.400178],[126.92376,37.400348],[126.923325,37.400907],[126.922262,37.402231],[126.920996,37.403806],[126.919857,37.405229],[126.919528,37.405659],[126.916647,37.409276]]}},{"type":"Feature","properties":{"color":"#004A85","ref":"1"},"geometry":{"type":"LineString","coordinates":[[126.916647,37.409276],[126.916397,37.409594],[126.915801,37.410353]]}},{"type":"Feature","properties":{"color":"#004A85","ref":"1"},"geometry":{"type":"LineString","coordinates":[[126.915801,37.410353],[126.913726,37.412977],[126.913651,37.413079]]}},{"type":"Feature","properties":{"color":"#004A85","ref":"1"},"geometry":{"type":"LineString","coordinates":[[126.913651,37.413079],[126.913543,37.413221]]}},{"type":"Feature","properties":{"color":"#004A85","ref":"1"},"geometry":{"type":"LineString","coordinates":[[126.913543,37.413221],[126.912503,37.41442],[126.911291,37.415939],[126.911224,37.416024]]}},{"type":"Feature","properties":{"color":"#004A85","ref":"1"},"geometry":{"type":"LineString","coordinates":[[126.911224,37.416024],[126.911051,37.416241]]}},{"type":"Feature","properties":{"color":"#004A85","ref":"1"},"geometry":{"type":"LineString","coordinates":[[126.911051,37.416241],[126.910032,37.417518],[126.90945,37.418154],[126.909079,37.418633],[126.907686,37.420334],[126.907503,37.420562],[126.907108,37.421113],[126.905883,37.423345],[126.905123,37.424713],[126.90456,37.425785],[126.90404,37.426764],[126.903875,37.427145],[126.903705,37.427654],[126.903601,37.428005],[126.903503,37.428482],[126.903286,37.429559],[126.903144,37.430267],[126.902783,37.432105],[126.902367,37.434092],[126.902338,37.434253],[126.901942,37.436245],[126.901668,37.437723],[126.901488,37.438346],[126.901156,37.439212],[126.900515,37.440651],[126.900239,37.441237],[126.899291,37.443414],[126.898623,37.444939],[126.897433,37.447446],[126.897027,37.448361],[126.896061,37.45062],[126.895494,37.451933],[126.894626,37.453853]]}},{"type":"Feature","properties":{"color":"#004A85","ref":"1"},"geometry":{"type":"LineString","coordinates":[[126.879564,37.493812],[126.879551,37.49401],[126.879481,37.495017],[126.879425,37.495464],[126.879356,37.495877],[126.879238,37.496401],[126.879061,37.496876]]}},{"type":"Feature","properties":{"color":"#004A85","ref":"1"},"geometry":{"type":"LineString","coordinates":[[126.879061,37.496876],[126.87861,37.49826],[126.878492,37.498644],[126.878442,37.498898],[126.878411,37.499149],[126.878411,37.499339],[126.878431,37.499611],[126.878479,37.499845],[126.878571,37.500104],[126.878698,37.500365],[126.878866,37.50062],[126.879065,37.50086],[126.87928,37.50109],[126.879788,37.501525],[126.880162,37.501845]]}},{"type":"Feature","properties":{"color":"#004A85","ref":"1"},"geometry":{"type":"LineString","coordinates":[[126.880162,37.501845],[126.881072,37.5026],[126.88266,37.504017],[126.883072,37.504314]]}},{"type":"Feature","properties":{"color":"#004A85","ref":"1"},"geometry":{"type":"LineString","coordinates":[[126.883072,37.504314],[126.883138,37.504362],[126.883413,37.504534],[126.883753,37.504728],[126.884542,37.505117]]}},{"type":"Feature","properties":{"color":"#004A85","ref":"1"},"geometry":{"type":"LineString","coordinates":[[127.064615,37.617445],[127.064438,37.61794]]}},{"type":"Feature","properties":{"color":"#004A85","ref":"1"},"geometry":{"type":"LineString","coordinates":[[127.051822,37.195669],[127.051252,37.195956],[127.050768,37.1962],[127.050588,37.196284]]}},{"type":"Feature","properties":{"color":"#004A85","ref":"1"},"geometry":{"type":"LineString","coordinates":[[127.050588,37.196284],[127.050512,37.19632],[127.050053,37.196542]]}},{"type":"Feature","properties":{"color":"#004A85","ref":"1"},"geometry":{"type":"LineString","coordinates":[[127.050053,37.196542],[127.049738,37.196686],[127.049168,37.196909],[127.04883,37.197082],[127.047016,37.198043],[127.046593,37.198235],[127.046257,37.198343],[127.045883,37.198428],[127.045871,37.19843],[127.045552,37.19848],[127.045106,37.198554]]}},{"type":"Feature","properties":{"color":"#004A85","ref":"1"},"geometry":{"type":"LineString","coordinates":[[127.044537,37.19869],[127.044575,37.198674],[127.044607,37.198661],[127.04479,37.198621],[127.045106,37.198554]]}},{"type":"Feature","properties":{"color":"#004A85","ref":"1"},"geometry":{"type":"LineString","coordinates":[[127.044537,37.19869],[127.043954,37.19892],[127.043772,37.198991]]}},{"type":"Feature","properties":{"color":"#004A85","ref":"1"},"geometry":{"type":"LineString","coordinates":[[127.043772,37.198991],[127.04337,37.199188],[127.042846,37.199386],[127.039421,37.200126],[127.038542,37.200267],[127.038176,37.200334],[127.037701,37.200446],[127.036779,37.200806],[127.036366,37.201055]]}},{"type":"Feature","properties":{"color":"#004A85","ref":"1"},"geometry":{"type":"LineString","coordinates":[[127.036366,37.201055],[127.03577,37.201542],[127.035498,37.201808],[127.035451,37.201858]]}},{"type":"Feature","properties":{"color":"#004A85","ref":"1"},"geometry":{"type":"LineString","coordinates":[[127.035451,37.201858],[127.035173,37.202229],[127.034941,37.202687],[127.034649,37.203458],[127.034474,37.203906],[127.03423,37.204404],[127.034047,37.204749]]}},{"type":"Feature","properties":{"color":"#004A85","ref":"1"},"geometry":{"type":"LineString","coordinates":[[127.034047,37.204749],[127.033993,37.204849],[127.033976,37.204877],[127.033757,37.205219]]}},{"type":"Feature","properties":{"color":"#004A85","ref":"1"},"geometry":{"type":"LineString","coordinates":[[127.033757,37.205219],[127.033717,37.205287],[127.033446,37.205762],[127.032578,37.207429]]}},{"type":"Feature","properties":{"color":"#004A85","ref":"1"},"geometry":{"type":"LineString","coordinates":[[127.032578,37.207429],[127.032521,37.207534],[127.032471,37.207631],[127.032078,37.208398],[127.031947,37.208654],[127.031228,37.210017],[127.03085,37.210988]]}},{"type":"Feature","properties":{"color":"#004A85","ref":"1"},"geometry":{"type":"LineString","coordinates":[[127.034165,37.205164],[127.034411,37.204668],[127.034562,37.204344],[127.034748,37.20401],[127.034857,37.203773],[127.03533,37.202878],[127.035887,37.202041],[127.036323,37.201647],[127.036815,37.201242],[127.037099,37.201037],[127.037516,37.200813],[127.03767,37.200735],[127.037833,37.200671],[127.038138,37.200521],[127.038924,37.200249],[127.041251,37.199772],[127.042299,37.199531],[127.042813,37.199432],[127.043244,37.199284],[127.043628,37.199122],[127.043805,37.199027],[127.044048,37.198897],[127.044537,37.19869]]}},{"type":"Feature","properties":{"color":"#004A85","ref":"1"},"geometry":{"type":"LineString","coordinates":[[126.63532,37.473037],[126.635286,37.473068],[126.63487,37.473445],[126.634119,37.474164],[126.633948,37.474328],[126.633797,37.47447],[126.633747,37.474518]]}},{"type":"Feature","properties":{"color":"#004A85","ref":"1"},"geometry":{"type":"LineString","coordinates":[[126.635904,37.472516],[126.63532,37.473037]]}},{"type":"Feature","properties":{"color":"#004A85","ref":"1"},"geometry":{"type":"LineString","coordinates":[[126.637131,37.471495],[126.637018,37.471577],[126.636726,37.47179],[126.636446,37.472015],[126.635904,37.472516]]}},{"type":"Feature","properties":{"color":"#004A85","ref":"1"},"geometry":{"type":"LineString","coordinates":[[126.637637,37.471176],[126.637338,37.471365],[126.637131,37.471495]]}},{"type":"Feature","properties":{"color":"#004A85","ref":"1"},"geometry":{"type":"LineString","coordinates":[[126.645724,37.467355],[126.644892,37.467645],[126.644344,37.467876],[126.643573,37.468272],[126.643352,37.46838],[126.641452,37.469309],[126.639454,37.470255],[126.638132,37.470907],[126.637637,37.471176]]}},{"type":"Feature","properties":{"color":"#004A85","ref":"1"},"geometry":{"type":"LineString","coordinates":[[126.646225,37.46721],[126.645724,37.467355]]}},{"type":"Feature","properties":{"color":"#004A85","ref":"1"},"geometry":{"type":"LineString","coordinates":[[126.69356,37.464742],[126.692205,37.464689],[126.690099,37.464593],[126.688058,37.464482],[126.686792,37.464481],[126.685627,37.464543],[126.684942,37.464599],[126.682985,37.464806],[126.682594,37.464843],[126.681719,37.464927],[126.680487,37.465049],[126.680162,37.465078],[126.678164,37.465259],[126.677067,37.465355],[126.675706,37.465444],[126.675079,37.465499],[126.673891,37.465629],[126.673483,37.465669],[126.672548,37.465763],[126.67191,37.465827],[126.669871,37.465996],[126.669803,37.466002],[126.667397,37.466226],[126.665885,37.466398],[126.661844,37.466799],[126.661426,37.466828],[126.660889,37.466844],[126.660228,37.466841],[126.659634,37.466834],[126.658922,37.466828],[126.658734,37.466828],[126.655394,37.466828],[126.654446,37.466859],[126.653616,37.466855],[126.649382,37.466809],[126.648782,37.466813],[126.648198,37.466841],[126.647744,37.466894],[126.647223,37.466986],[126.646484,37.467149],[126.646225,37.46721]]}},{"type":"Feature","properties":{"color":"#004A85","ref":"1"},"geometry":{"type":"LineString","coordinates":[[126.704729,37.481167],[126.704443,37.4809],[126.704028,37.480425],[126.703711,37.479916],[126.703526,37.479465],[126.703413,37.479003],[126.703369,37.478667],[126.703352,37.478417],[126.703141,37.475408],[126.70312,37.475116],[126.70308,37.474543],[126.703071,37.474422],[126.70306,37.474254],[126.70299,37.473324],[126.702987,37.473277],[126.702878,37.471683],[126.702871,37.471538],[126.702782,37.469714],[126.702678,37.468535],[126.702619,37.468053],[126.702533,37.467653],[126.702369,37.46725],[126.702103,37.466796],[126.701744,37.466354],[126.701384,37.466022],[126.701052,37.465778],[126.700776,37.465617],[126.70035,37.465409],[126.69989,37.465219],[126.699565,37.465127],[126.699242,37.465063],[126.698942,37.465015],[126.698558,37.464979],[126.696807,37.464895],[126.694584,37.464782],[126.69356,37.464742]]}},{"type":"Feature","properties":{"color":"#004A85","ref":"1"},"geometry":{"type":"LineString","coordinates":[[126.70597,37.482259],[126.705886,37.482185],[126.704921,37.481345],[126.704729,37.481167]]}},{"type":"Feature","properties":{"color":"#004A85","ref":"1"},"geometry":{"type":"LineString","coordinates":[[126.725746,37.489408],[126.723418,37.489555],[126.722254,37.489629],[126.72087,37.489727],[126.720625,37.489736],[126.719993,37.489782],[126.719186,37.489819],[126.718785,37.489822],[126.718427,37.489799],[126.718131,37.489768],[126.717553,37.489647],[126.717226,37.489551],[126.716783,37.489396],[126.716326,37.489191],[126.715914,37.488944],[126.714679,37.488177],[126.714077,37.487813],[126.713691,37.487571],[126.712998,37.487122],[126.711105,37.485908],[126.710746,37.485672],[126.709994,37.485146],[126.707944,37.483785],[126.707805,37.483679],[126.707622,37.483538],[126.706092,37.482363],[126.70597,37.482259]]}},{"type":"Feature","properties":{"color":"#004A85","ref":"1"},"geometry":{"type":"LineString","coordinates":[[126.729257,37.489186],[126.725746,37.489408]]}},{"type":"Feature","properties":{"color":"#004A85","ref":"1"},"geometry":{"type":"LineString","coordinates":[[126.729701,37.489162],[126.729532,37.489171],[126.729257,37.489186]]}},{"type":"Feature","properties":{"color":"#004A85","ref":"1"},"geometry":{"type":"LineString","coordinates":[[126.784109,37.483928],[126.783946,37.483952],[126.781137,37.484367],[126.780426,37.484464],[126.778526,37.48474],[126.777706,37.484841],[126.777104,37.48491],[126.77697,37.484925],[126.775866,37.48504],[126.774205,37.485242],[126.772458,37.485498],[126.768576,37.486094],[126.767659,37.486202],[126.766396,37.486372],[126.765387,37.486528],[126.765186,37.486559],[126.762286,37.487007],[126.761553,37.487101],[126.760273,37.487214],[126.75729,37.487393],[126.756057,37.48748],[126.753947,37.487616],[126.753715,37.487631],[126.750373,37.487844],[126.749067,37.48792],[126.746938,37.488062],[126.743989,37.488257],[126.742712,37.488358],[126.74206,37.488414],[126.74167,37.48844],[126.738019,37.488676],[126.735711,37.488782],[126.732583,37.488972],[126.731813,37.48902],[126.730939,37.48908],[126.730781,37.489091],[126.729701,37.489162]]}},{"type":"Feature","properties":{"color":"#004A85","ref":"1"},"geometry":{"type":"LineString","coordinates":[[126.794863,37.48277],[126.794436,37.482756],[126.794426,37.482756],[126.792821,37.482724],[126.792206,37.482736],[126.791444,37.482785],[126.789923,37.482992],[126.78931,37.483084],[126.788528,37.483201],[126.787412,37.483376],[126.786061,37.483601],[126.78536,37.483727],[126.784947,37.483797],[126.784383,37.483888],[126.784109,37.483928]]}},{"type":"Feature","properties":{"color":"#004A85","ref":"1"},"geometry":{"type":"LineString","coordinates":[[126.795948,37.482803],[126.795072,37.482777],[126.794863,37.48277]]}},{"type":"Feature","properties":{"color":"#004A85","ref":"1"},"geometry":{"type":"LineString","coordinates":[[126.849597,37.49548],[126.849018,37.495354],[126.848032,37.495139],[126.847253,37.49497],[126.845713,37.494626],[126.843391,37.49411],[126.842824,37.493985],[126.84055,37.493483],[126.840046,37.493372],[126.839571,37.493281],[126.839097,37.493198],[126.838489,37.493137],[126.837868,37.493105],[126.82918,37.493038],[126.826953,37.493007],[126.826299,37.492972],[126.825972,37.492939],[126.825628,37.492879],[126.825391,37.492824],[126.825069,37.492743],[126.824953,37.492711],[126.824527,37.492595],[126.824009,37.492451],[126.823326,37.492258],[126.822885,37.492129],[126.822772,37.492089],[126.822461,37.491981],[126.822152,37.491845],[126.821903,37.491712],[126.821672,37.491568],[126.821415,37.491382],[126.820697,37.490806],[126.816472,37.487377],[126.816146,37.487123],[126.815441,37.486652],[126.815066,37.486452],[126.814681,37.486263],[126.814291,37.486101],[126.813575,37.485822],[126.813185,37.485685],[126.812947,37.485604],[126.810888,37.484937],[126.810085,37.484682],[126.809582,37.484509],[126.808351,37.484069],[126.804703,37.482865],[126.804046,37.482688],[126.803719,37.482603],[126.803084,37.482514],[126.802763,37.482483],[126.802437,37.482473],[126.802109,37.482476],[126.801432,37.482509],[126.799594,37.482763],[126.798705,37.482851],[126.798257,37.482864],[126.797714,37.48286],[126.796929,37.482836],[126.796734,37.48283],[126.795948,37.482803]]}},{"type":"Feature","properties":{"color":"#004A85","ref":"1"},"geometry":{"type":"LineString","coordinates":[[126.868397,37.495646],[126.868202,37.495557],[126.865877,37.494491],[126.865511,37.494333],[126.865143,37.494188],[126.864669,37.49406],[126.86411,37.493957],[126.863695,37.493913],[126.86323,37.493891],[126.862707,37.493913],[126.862147,37.493968],[126.861558,37.494057],[126.860771,37.494215],[126.860556,37.494258],[126.860417,37.494286],[126.857898,37.494781],[126.856155,37.495153],[126.855142,37.495343],[126.852941,37.495762],[126.852452,37.495816],[126.851818,37.495842],[126.851154,37.495788],[126.850518,37.495676],[126.849597,37.49548]]}},{"type":"Feature","properties":{"color":"#004A85","ref":"1"},"geometry":{"type":"LineString","coordinates":[[126.87163,37.497137],[126.870577,37.496645],[126.870406,37.496566],[126.868397,37.495646]]}},{"type":"Feature","properties":{"color":"#004A85","ref":"1"},"geometry":{"type":"LineString","coordinates":[[126.87163,37.497137],[126.872369,37.497457],[126.872861,37.497692],[126.875293,37.498769],[126.876145,37.499104],[126.877671,37.499634],[126.87816,37.499842],[126.8786,37.500056],[126.878996,37.500303],[126.879297,37.500519],[126.879703,37.500858],[126.880423,37.501506]]}},{"type":"Feature","properties":{"color":"#004A85","ref":"1"},"geometry":{"type":"LineString","coordinates":[[126.880423,37.501506],[126.880567,37.501636],[126.881148,37.502181],[126.881291,37.502316],[126.881377,37.502397],[126.881607,37.502605],[126.882398,37.503325],[126.882967,37.503833],[126.883191,37.504012]]}},{"type":"Feature","properties":{"color":"#004A85","ref":"1"},"geometry":{"type":"LineString","coordinates":[[126.883191,37.504012],[126.883398,37.504175],[126.883623,37.504352],[126.883923,37.504559],[126.884253,37.504759],[126.884646,37.504968],[126.885107,37.505245]]}},{"type":"Feature","properties":{"color":"#004A85","ref":"1"},"geometry":{"type":"LineString","coordinates":[[126.899818,37.512437],[126.901754,37.513263],[126.903491,37.514012],[126.904668,37.514527],[126.905555,37.514899],[126.906669,37.515357]]}},{"type":"Feature","properties":{"color":"#004A85","ref":"1"},"geometry":{"type":"LineString","coordinates":[[126.906669,37.515357],[126.908506,37.516106],[126.908733,37.516202],[126.90878,37.516219]]}},{"type":"Feature","properties":{"color":"#004A85","ref":"1"},"geometry":{"type":"LineString","coordinates":[[126.90878,37.516219],[126.909519,37.516498],[126.910025,37.516664],[126.910633,37.51679],[126.911231,37.516854],[126.911856,37.516894],[126.913371,37.517004]]}},{"type":"Feature","properties":{"color":"#004A85","ref":"1"},"geometry":{"type":"LineString","coordinates":[[126.913371,37.517004],[126.913642,37.517024]]}},{"type":"Feature","properties":{"color":"#004A85","ref":"1"},"geometry":{"type":"LineString","coordinates":[[126.913642,37.517024],[126.914121,37.517058],[126.914797,37.517094],[126.915243,37.517118],[126.915798,37.517145],[126.916482,37.51713],[126.916904,37.517102],[126.917449,37.517009],[126.918211,37.516831],[126.918669,37.516691],[126.91906,37.516541],[126.919578,37.516323],[126.920018,37.516106],[126.920435,37.515885],[126.920759,37.515657],[126.922077,37.514641],[126.922489,37.514346],[126.922794,37.514142],[126.923189,37.513928],[126.923676,37.513707],[126.924149,37.513544],[126.924594,37.513424],[126.925025,37.513354],[126.925413,37.513316],[126.926093,37.513291],[126.926752,37.513305],[126.927489,37.513348],[126.927744,37.513363],[126.929085,37.513468],[126.930688,37.513531],[126.933894,37.513613],[126.93659,37.513669],[126.937288,37.513666],[126.937957,37.513698],[126.938558,37.513753],[126.939289,37.513822],[126.939938,37.513883]]}},{"type":"Feature","properties":{"color":"#004A85","ref":"1"},"geometry":{"type":"LineString","coordinates":[[126.939938,37.513883],[126.941061,37.513979],[126.942436,37.514132],[126.942584,37.514147],[126.943417,37.514227]]}},{"type":"Feature","properties":{"color":"#004A85","ref":"1"},"geometry":{"type":"LineString","coordinates":[[126.943417,37.514227],[126.943622,37.514245],[126.94499,37.514402],[126.945459,37.514468],[126.945974,37.514575],[126.946321,37.514678],[126.946709,37.514825],[126.947089,37.515001],[126.947421,37.5152],[126.947784,37.515462],[126.948333,37.515966]]}},{"type":"Feature","properties":{"color":"#004A85","ref":"1"},"geometry":{"type":"LineString","coordinates":[[126.948333,37.515966],[126.94837,37.516],[126.948379,37.516009],[126.956518,37.52361]]}},{"type":"Feature","properties":{"color":"#004A85","ref":"1"},"geometry":{"type":"LineString","coordinates":[[126.956518,37.52361],[126.956595,37.523683],[126.957185,37.524243],[126.957914,37.524903],[126.958886,37.525622],[126.960132,37.526415],[126.960697,37.526814],[126.961037,37.527054],[126.961419,37.527316],[126.96233,37.527937],[126.962576,37.528086],[126.963285,37.528542],[126.963309,37.52856]]}},{"type":"Feature","properties":{"color":"#004A85","ref":"1"},"geometry":{"type":"LineString","coordinates":[[126.963309,37.52856],[126.964925,37.529737]]}},{"type":"Feature","properties":{"color":"#004A85","ref":"1"},"geometry":{"type":"LineString","coordinates":[[126.963456,37.528604],[126.963346,37.528531]]}},{"type":"Feature","properties":{"color":"#004A85","ref":"1"},"geometry":{"type":"LineString","coordinates":[[126.963346,37.528531],[126.963053,37.528359],[126.962612,37.528057],[126.96237,37.527903],[126.961786,37.527508],[126.961457,37.527286],[126.961082,37.527027],[126.960169,37.526376],[126.958923,37.525596],[126.957954,37.524878],[126.957222,37.524222],[126.956997,37.524006],[126.956912,37.523924],[126.956556,37.523582]]}},{"type":"Feature","properties":{"color":"#004A85","ref":"1"},"geometry":{"type":"LineString","coordinates":[[126.956556,37.523582],[126.955459,37.52257],[126.954141,37.521132],[126.953241,37.520179],[126.951294,37.518292],[126.948641,37.515843]]}},{"type":"Feature","properties":{"color":"#004A85","ref":"1"},"geometry":{"type":"LineString","coordinates":[[126.948641,37.515843],[126.948033,37.515321],[126.947578,37.515026],[126.947198,37.514848],[126.946763,37.514686],[126.946358,37.514577],[126.945987,37.514504],[126.945497,37.514409],[126.945076,37.514335],[126.944952,37.514319],[126.943666,37.514155]]}},{"type":"Feature","properties":{"color":"#004A85","ref":"1"},"geometry":{"type":"LineString","coordinates":[[126.943666,37.514155],[126.942527,37.514041],[126.941067,37.513885],[126.940363,37.513848],[126.939947,37.513819]]}},{"type":"Feature","properties":{"color":"#004A85","ref":"1"},"geometry":{"type":"LineString","coordinates":[[126.939947,37.513819],[126.938564,37.513712],[126.937962,37.513657],[126.93729,37.513628],[126.936589,37.513624],[126.933895,37.513571],[126.930691,37.513488],[126.929085,37.513433],[126.927746,37.513338],[126.926752,37.513281],[126.926091,37.513268],[126.925404,37.513286],[126.925013,37.513323],[126.924581,37.513393],[126.924132,37.513509],[126.923658,37.513676],[126.923164,37.513899],[126.922765,37.514115],[126.922452,37.514317],[126.922045,37.514618],[126.920721,37.51563],[126.920396,37.515855],[126.920003,37.51608],[126.919564,37.516302],[126.919045,37.516518],[126.918656,37.516665],[126.918199,37.516803],[126.917799,37.516894],[126.91744,37.516976],[126.916899,37.517058],[126.916504,37.517083],[126.915798,37.517104],[126.915244,37.51708],[126.914221,37.517023],[126.914125,37.517017],[126.912882,37.51693]]}},{"type":"Feature","properties":{"color":"#004A85","ref":"1"},"geometry":{"type":"LineString","coordinates":[[126.912882,37.51693],[126.911862,37.516857],[126.911231,37.516824],[126.910642,37.516754],[126.91005,37.516635],[126.909542,37.516461],[126.908811,37.516179]]}},{"type":"Feature","properties":{"color":"#004A85","ref":"1"},"geometry":{"type":"LineString","coordinates":[[126.908811,37.516179],[126.90714,37.515496],[126.906695,37.515319]]}},{"type":"Feature","properties":{"color":"#004A85","ref":"1"},"geometry":{"type":"LineString","coordinates":[[126.906695,37.515319],[126.906108,37.515071],[126.905584,37.514855],[126.901779,37.51323],[126.900756,37.512792]]}},{"type":"Feature","properties":{"color":"#004A85","ref":"1"},"geometry":{"type":"LineString","coordinates":[[126.900425,37.51265],[126.899695,37.512338],[126.89861,37.511905],[126.897462,37.511447],[126.896385,37.510973],[126.893961,37.509875],[126.892631,37.50931]]}},{"type":"Feature","properties":{"color":"#004A85","ref":"1"},"geometry":{"type":"LineString","coordinates":[[126.892631,37.50931],[126.892107,37.509085]]}},{"type":"Feature","properties":{"color":"#004A85","ref":"1"},"geometry":{"type":"LineString","coordinates":[[126.892107,37.509085],[126.891413,37.508788],[126.890791,37.508504],[126.890396,37.508316],[126.889834,37.508032],[126.889208,37.507697],[126.888169,37.507044],[126.886577,37.50606],[126.886028,37.505712],[126.885152,37.505171],[126.884934,37.505036]]}},{"type":"Feature","properties":{"color":"#004A85","ref":"1"},"geometry":{"type":"LineString","coordinates":[[126.884934,37.505036],[126.884387,37.50471]]}},{"type":"Feature","properties":{"color":"#004A85","ref":"1"},"geometry":{"type":"LineString","coordinates":[[126.884387,37.50471],[126.88401,37.504489],[126.883709,37.504285],[126.883483,37.504103],[126.883191,37.503851],[126.882509,37.503229]]}},{"type":"Feature","properties":{"color":"#004A85","ref":"1"},"geometry":{"type":"LineString","coordinates":[[126.882509,37.503229],[126.881665,37.502459]]}},{"type":"Feature","properties":{"color":"#004A85","ref":"1"},"geometry":{"type":"LineString","coordinates":[[126.881665,37.502459],[126.881607,37.502407],[126.881342,37.502162]]}},{"type":"Feature","properties":{"color":"#004A85","ref":"1"},"geometry":{"type":"LineString","coordinates":[[126.881342,37.502162],[126.881211,37.502039]]}},{"type":"Feature","properties":{"color":"#004A85","ref":"1"},"geometry":{"type":"LineString","coordinates":[[126.881211,37.502039],[126.880853,37.501699],[126.880414,37.501319],[126.880224,37.501141],[126.879807,37.500772],[126.879425,37.50045],[126.879082,37.500227],[126.878633,37.499987],[126.878199,37.499796],[126.877688,37.4996],[126.87616,37.499064],[126.875314,37.498732],[126.874024,37.498157],[126.873588,37.497962],[126.872882,37.497648],[126.87164,37.497035]]}},{"type":"Feature","properties":{"color":"#004A85","ref":"1"},"geometry":{"type":"LineString","coordinates":[[126.87164,37.497035],[126.870627,37.496556],[126.869021,37.495823],[126.86857,37.495617],[126.86845,37.495562]]}},{"type":"Feature","properties":{"color":"#004A85","ref":"1"},"geometry":{"type":"LineString","coordinates":[[126.86845,37.495562],[126.865932,37.494424],[126.865556,37.494275],[126.865166,37.494147],[126.864684,37.494018],[126.86412,37.493905],[126.863707,37.493857],[126.863228,37.493836],[126.862702,37.493846],[126.862139,37.493915],[126.861548,37.494019],[126.860548,37.494227],[126.860401,37.494255],[126.858239,37.494679],[126.857885,37.494747],[126.856573,37.495019],[126.856139,37.495107],[126.853797,37.495567],[126.852932,37.495728],[126.852442,37.495784],[126.851819,37.495806],[126.851164,37.495749],[126.850526,37.495631],[126.849609,37.495442]]}},{"type":"Feature","properties":{"color":"#004A85","ref":"1"},"geometry":{"type":"LineString","coordinates":[[126.849609,37.495442],[126.849036,37.495318],[126.848047,37.495104],[126.847265,37.494939],[126.845924,37.494634],[126.845752,37.494596],[126.843408,37.494072],[126.842444,37.49387],[126.842166,37.493807]]}},{"type":"Feature","properties":{"color":"#004A85","ref":"1"},"geometry":{"type":"LineString","coordinates":[[126.842166,37.493807],[126.840062,37.493322],[126.839585,37.493242],[126.839106,37.493161],[126.838492,37.493097],[126.837866,37.493065],[126.829182,37.493001],[126.826955,37.492977],[126.826302,37.492943],[126.82598,37.492902],[126.825634,37.492848],[126.825399,37.492797],[126.825082,37.492714],[126.824682,37.492614],[126.824073,37.492439],[126.823455,37.492262],[126.82287,37.492083],[126.822787,37.492053],[126.822481,37.491936],[126.822188,37.49181],[126.821936,37.491677],[126.821707,37.491536],[126.821448,37.491357],[126.820731,37.490779],[126.816508,37.48735]]}},{"type":"Feature","properties":{"color":"#004A85","ref":"1"},"geometry":{"type":"LineString","coordinates":[[126.816508,37.48735],[126.816171,37.487104],[126.815472,37.486623],[126.815096,37.486424],[126.814703,37.486236],[126.814314,37.486061],[126.813582,37.485796],[126.813197,37.485659],[126.811057,37.484955],[126.810904,37.484905],[126.810106,37.484647],[126.809601,37.484474],[126.808372,37.484032],[126.804719,37.48283],[126.804064,37.482654],[126.80373,37.482566],[126.803093,37.482471],[126.802766,37.482439],[126.802434,37.482432],[126.802103,37.482432],[126.801426,37.482462],[126.799585,37.482724],[126.798705,37.482808],[126.79825,37.482817],[126.797722,37.482824],[126.797032,37.482805],[126.79693,37.482802],[126.79595,37.482769]]}},{"type":"Feature","properties":{"color":"#004A85","ref":"1"},"geometry":{"type":"LineString","coordinates":[[126.79595,37.482769],[126.794869,37.482736]]}},{"type":"Feature","properties":{"color":"#004A85","ref":"1"},"geometry":{"type":"LineString","coordinates":[[126.794869,37.482736],[126.794627,37.482729],[126.794437,37.482723],[126.794326,37.48272],[126.793612,37.482701],[126.792821,37.482681],[126.792202,37.482699],[126.791437,37.482745],[126.790255,37.482904],[126.789693,37.482988],[126.789069,37.483084],[126.787403,37.483339],[126.786048,37.483565],[126.785354,37.483688],[126.784376,37.483836],[126.781342,37.484298]]}},{"type":"Feature","properties":{"color":"#004A85","ref":"1"},"geometry":{"type":"LineString","coordinates":[[126.781342,37.484298],[126.781128,37.48433],[126.780417,37.484431],[126.778518,37.4847],[126.777701,37.484801],[126.777095,37.48487],[126.776465,37.484943],[126.775859,37.485003],[126.774196,37.485203],[126.77245,37.485461],[126.768565,37.486057],[126.767645,37.486172],[126.766383,37.486331],[126.765378,37.486492],[126.763097,37.486834],[126.762272,37.486958],[126.761541,37.487054],[126.760267,37.487178],[126.757289,37.487357],[126.756057,37.487443],[126.753925,37.487581],[126.751642,37.487722],[126.750362,37.487801],[126.749063,37.487882],[126.746939,37.48803],[126.743986,37.488223],[126.742708,37.488326],[126.742057,37.48838],[126.739854,37.488517],[126.738001,37.488632],[126.735709,37.488743],[126.732582,37.488936],[126.731808,37.488983],[126.731632,37.488994],[126.730781,37.489051],[126.729697,37.489121]]}},{"type":"Feature","properties":{"color":"#004A85","ref":"1"},"geometry":{"type":"LineString","coordinates":[[126.729697,37.489121],[126.729253,37.489144]]}},{"type":"Feature","properties":{"color":"#004A85","ref":"1"},"geometry":{"type":"LineString","coordinates":[[126.729253,37.489144],[126.725702,37.489369],[126.723417,37.489514]]}},{"type":"Feature","properties":{"color":"#004A85","ref":"1"},"geometry":{"type":"LineString","coordinates":[[126.723417,37.489514],[126.723291,37.489522],[126.72303,37.489538],[126.722246,37.489595],[126.721559,37.489637],[126.720525,37.489703],[126.719984,37.489738],[126.719182,37.489782],[126.718781,37.489784],[126.71844,37.489762],[126.718144,37.489728],[126.717569,37.489612],[126.717245,37.489517],[126.716804,37.489364],[126.716349,37.489164],[126.71594,37.488916],[126.714714,37.488117],[126.713752,37.487518],[126.713054,37.487063],[126.710841,37.485644],[126.710025,37.485116],[126.708854,37.484369],[126.708179,37.483927],[126.707966,37.483766],[126.706303,37.482475],[126.706136,37.482346],[126.706007,37.482227]]}},{"type":"Feature","properties":{"color":"#004A85","ref":"1"},"geometry":{"type":"LineString","coordinates":[[126.706007,37.482227],[126.704953,37.481313],[126.704757,37.481122]]}},{"type":"Feature","properties":{"color":"#004A85","ref":"1"},"geometry":{"type":"LineString","coordinates":[[126.704757,37.481122],[126.704486,37.48087],[126.704073,37.480407],[126.703759,37.479899],[126.703575,37.479455],[126.703462,37.478993],[126.703419,37.47866],[126.703265,37.476435],[126.703114,37.474249],[126.703106,37.474157],[126.70304,37.47332],[126.703036,37.473269],[126.702973,37.472298],[126.702933,37.47168],[126.702846,37.469914],[126.702837,37.469712],[126.702746,37.468525],[126.70267,37.468038],[126.702598,37.467634],[126.702428,37.467224],[126.702151,37.466771],[126.701793,37.466324],[126.701425,37.46599],[126.701081,37.46575],[126.700808,37.465576],[126.70038,37.465367],[126.699912,37.465181],[126.699583,37.46509],[126.699252,37.465021],[126.698943,37.464972],[126.698558,37.464936],[126.696808,37.464851],[126.694584,37.464763],[126.693562,37.464723]]}},{"type":"Feature","properties":{"color":"#004A85","ref":"1"},"geometry":{"type":"LineString","coordinates":[[126.693562,37.464723],[126.692205,37.464671],[126.690095,37.464562],[126.688057,37.464453],[126.686788,37.464444],[126.68562,37.464507],[126.684934,37.464557],[126.684185,37.464637],[126.683704,37.464689],[126.68298,37.464767],[126.682434,37.464818],[126.680481,37.465003],[126.678449,37.465195],[126.678159,37.465223],[126.677062,37.465319],[126.675703,37.465408],[126.675074,37.465463],[126.67443,37.465531],[126.673884,37.46559],[126.672966,37.465681],[126.672542,37.465723],[126.671899,37.465787],[126.669865,37.465962],[126.667492,37.466184],[126.667392,37.466192],[126.665874,37.466358],[126.661838,37.466757],[126.66142,37.466788],[126.660884,37.466802],[126.660225,37.466805],[126.65963,37.466809],[126.65892,37.466802],[126.656587,37.466802],[126.655394,37.466802],[126.654442,37.46683],[126.653616,37.466818],[126.649379,37.466768],[126.648776,37.466775],[126.648189,37.466809],[126.647733,37.466862],[126.647209,37.466953],[126.646468,37.467111],[126.646207,37.467175]]}},{"type":"Feature","properties":{"color":"#004A85","ref":"1"},"geometry":{"type":"LineString","coordinates":[[126.646207,37.467175],[126.645702,37.467318]]}},{"type":"Feature","properties":{"color":"#004A85","ref":"1"},"geometry":{"type":"LineString","coordinates":[[126.645702,37.467318],[126.645555,37.467369],[126.644868,37.467611],[126.64432,37.467851],[126.643554,37.468248],[126.641688,37.469156],[126.64143,37.469282],[126.639426,37.470221],[126.638104,37.470874],[126.637617,37.471135]]}},{"type":"Feature","properties":{"color":"#004A85","ref":"1"},"geometry":{"type":"LineString","coordinates":[[126.637617,37.471135],[126.637536,37.471182],[126.637108,37.471456]]}},{"type":"Feature","properties":{"color":"#004A85","ref":"1"},"geometry":{"type":"LineString","coordinates":[[126.637108,37.471456],[126.636686,37.471766],[126.636407,37.471993],[126.63587,37.472488]]}},{"type":"Feature","properties":{"color":"#004A85","ref":"1"},"geometry":{"type":"LineString","coordinates":[[126.63587,37.472488],[126.635282,37.473012]]}},{"type":"Feature","properties":{"color":"#004A85","ref":"1"},"geometry":{"type":"LineString","coordinates":[[126.635282,37.473012],[126.635239,37.47305],[126.634832,37.473419],[126.634348,37.473887],[126.633917,37.474312],[126.633476,37.474734],[126.632412,37.475681]]}},{"type":"Feature","properties":{"color":"#A49D87","ref":"9"},"geometry":{"type":"LineString","coordinates":[[127.013951,37.504746],[127.014416,37.504577],[127.014612,37.504507],[127.014845,37.504406],[127.015541,37.504082],[127.015986,37.503839]]}},{"type":"Feature","properties":{"color":"#A49D87","ref":"9"},"geometry":{"type":"LineString","coordinates":[[127.05183,37.512606],[127.052376,37.512766],[127.053168,37.513004],[127.053436,37.51307],[127.0537,37.513118],[127.054055,37.513175],[127.054689,37.513263]]}},{"type":"Feature","properties":{"color":"#A49D87","ref":"9"},"geometry":{"type":"LineString","coordinates":[[127.085365,37.505033],[127.087201,37.504514],[127.087903,37.504315],[127.088092,37.504262],[127.090787,37.503494]]}},{"type":"Feature","properties":{"color":"#A49D87","ref":"9"},"geometry":{"type":"LineString","coordinates":[[127.112192,37.509971],[127.112444,37.510397],[127.112947,37.511211],[127.113443,37.512025],[127.113764,37.512477]]}},{"type":"Feature","properties":{"color":"#004A85","ref":"1"},"geometry":{"type":"LineString","coordinates":[[127.046152,37.73751],[127.046293,37.736406]]}},{"type":"Feature","properties":{"color":"#004A85","ref":"1"},"geometry":{"type":"LineString","coordinates":[[127.046293,37.736406],[127.046484,37.734929],[127.046507,37.734765]]}},{"type":"Feature","properties":{"color":"#004A85","ref":"1"},"geometry":{"type":"LineString","coordinates":[[127.046507,37.734765],[127.046576,37.734261],[127.04665,37.733679],[127.046661,37.73359],[127.046683,37.733422]]}},{"type":"Feature","properties":{"color":"#004A85","ref":"1"},"geometry":{"type":"LineString","coordinates":[[127.044822,37.773247],[127.044903,37.774206]]}},{"type":"Feature","properties":{"color":"#004A85","ref":"1"},"geometry":{"type":"LineString","coordinates":[[127.044545,37.770999],[127.044594,37.771358],[127.044663,37.771747],[127.044739,37.772207],[127.044751,37.77235],[127.044802,37.77302],[127.044805,37.773062],[127.044822,37.773247]]}},{"type":"Feature","properties":{"color":"#957326","ref":"김포 골드라인"},"geometry":{"type":"LineString","coordinates":[[126.801897,37.562311],[126.802871,37.562231],[126.804027,37.562141],[126.804386,37.562111],[126.8046,37.562103],[126.804824,37.562116],[126.80498,37.562131],[126.805135,37.562156],[126.805365,37.562214],[126.805496,37.562259],[126.805615,37.56232],[126.805728,37.562387],[126.805841,37.562488],[126.805971,37.562653],[126.806051,37.562793],[126.806121,37.56295],[126.806358,37.563578],[126.80639,37.563676],[126.806395,37.563768],[126.80639,37.563867],[126.806358,37.564093],[126.806234,37.564612],[126.806186,37.564777],[126.804968,37.568421],[126.804319,37.57039],[126.803697,37.572252],[126.80345,37.573022],[126.803171,37.573877],[126.803091,37.574051],[126.803,37.574234],[126.802903,37.57437],[126.801803,37.575956],[126.800714,37.577571],[126.800135,37.578455],[126.799743,37.579055],[126.799207,37.579875],[126.798966,37.580152],[126.798632,37.580514],[126.797913,37.581238],[126.797367,37.581715],[126.792979,37.585387],[126.789728,37.588023],[126.789385,37.588329],[126.788977,37.588652],[126.788644,37.588873],[126.783924,37.59178],[126.781547,37.593204],[126.780938,37.593559],[126.78028,37.593975],[126.778631,37.595313],[126.778195,37.595631],[126.777084,37.596409],[126.776703,37.59666],[126.776456,37.59683],[126.773367,37.598768],[126.772658,37.599202],[126.771768,37.599788],[126.77136,37.600111],[126.771135,37.60033],[126.770915,37.600538],[126.770776,37.600674],[126.770609,37.600853],[126.770443,37.60104],[126.770188,37.601332],[126.770105,37.601427],[126.769858,37.601728],[126.769697,37.601903],[126.769569,37.602047],[126.769418,37.602213],[126.769306,37.602311],[126.769161,37.602417],[126.769016,37.602498],[126.768227,37.602804],[126.766489,37.603475],[126.766291,37.603543],[126.766082,37.60359],[126.765856,37.603641],[126.765695,37.603671],[126.765449,37.603717],[126.76525,37.603734],[126.76488,37.603756],[126.764596,37.60376],[126.764279,37.603781],[126.763957,37.603807],[126.763539,37.603832],[126.763163,37.603862],[126.762954,37.603883],[126.762611,37.603917],[126.762257,37.603968],[126.761908,37.604019],[126.761694,37.604062],[126.761366,37.60413],[126.761007,37.60421],[126.760674,37.604295],[126.760352,37.60438],[126.760095,37.604448],[126.7598,37.604529],[126.759542,37.604606],[126.759328,37.604644],[126.758958,37.604703],[126.758169,37.604814],[126.757912,37.604848],[126.757654,37.604873],[126.757381,37.604894],[126.757027,37.604911],[126.756141,37.604967],[126.755154,37.605018],[126.754725,37.60506],[126.75428,37.605115],[126.753711,37.605196],[126.74964,37.605846],[126.748894,37.605991],[126.74802,37.606182],[126.747666,37.606276],[126.747151,37.606441],[126.746598,37.606662],[126.744227,37.607665],[126.74083,37.60912],[126.73999,37.609476],[126.739007,37.60991],[126.736229,37.611075],[126.734856,37.611565],[126.733176,37.612127],[126.732768,37.612285],[126.732446,37.612431],[126.732161,37.612607],[126.731756,37.612818],[126.731475,37.613014],[126.730845,37.613465],[126.729337,37.614521],[126.728244,37.615236],[126.727664,37.61563],[126.726916,37.616115],[126.726236,37.616515],[126.724671,37.617404],[126.723904,37.61786],[126.723844,37.617895],[126.722408,37.618747],[126.722017,37.619003],[126.721524,37.619345],[126.72126,37.619522],[126.72111,37.619601],[126.719692,37.620309],[126.718807,37.620751],[126.7186,37.620845],[126.717464,37.621316],[126.716528,37.621703],[126.715961,37.621927],[126.715706,37.622035],[126.71549,37.622138],[126.71532,37.622242],[126.71515,37.622376],[126.714991,37.622511],[126.714852,37.622641],[126.714736,37.622763],[126.714634,37.622879],[126.714515,37.623019],[126.71443,37.623149],[126.714101,37.623661],[126.713993,37.623849],[126.713903,37.624016],[126.713829,37.624173],[126.713755,37.624299],[126.713676,37.62442],[126.712117,37.6268],[126.711972,37.626986],[126.711751,37.62726],[126.711497,37.627533],[126.711243,37.627798],[126.710965,37.62808],[126.710807,37.62823],[126.710665,37.62834],[126.71056,37.628426],[126.710444,37.628511],[126.709922,37.628851],[126.705884,37.631593],[126.70542,37.631906],[126.703805,37.633041],[126.703355,37.633381],[126.703011,37.633721],[126.7027,37.634052],[126.702545,37.634218],[126.702389,37.634417],[126.702228,37.634664],[126.700619,37.638071],[126.700493,37.638357],[126.699744,37.640343],[126.698806,37.642582],[126.69821,37.644081],[126.697282,37.646218],[126.696649,37.647705],[126.696349,37.648274],[126.69615,37.648626],[126.695995,37.648851],[126.695882,37.648989],[126.695769,37.649106],[126.695609,37.649246],[126.695356,37.649455],[126.69512,37.649616],[126.69497,37.649705],[126.69475,37.649816],[126.693908,37.650185],[126.689847,37.652092],[126.687825,37.653035],[126.687315,37.653264],[126.686993,37.653392],[126.686645,37.653506],[126.686258,37.653608],[126.685894,37.653685],[126.685663,37.653731],[126.685309,37.653782],[126.68503,37.653812],[126.684665,37.653842],[126.684204,37.65385],[126.683853,37.653835],[126.683415,37.653799],[126.683088,37.653753],[126.682782,37.653702],[126.682321,37.653608],[126.682101,37.653545],[126.681843,37.653464],[126.681387,37.653303],[126.681028,37.653154],[126.680813,37.653056],[126.680594,37.652937],[126.680421,37.652839],[126.679296,37.652181],[126.678218,37.651498],[126.676932,37.650652],[126.675668,37.649874],[126.674548,37.649123],[126.673532,37.648384],[126.672671,37.647829],[126.672423,37.647683],[126.672171,37.647539],[126.672021,37.647429],[126.671887,37.647305],[126.671758,37.647169],[126.67163,37.647021],[126.670283,37.645516],[126.66975,37.644941],[126.669344,37.644468],[126.668962,37.644036],[126.667569,37.642433],[126.665021,37.639519],[126.664913,37.639422],[126.664784,37.639356],[126.664643,37.639329],[126.66448,37.639326],[126.664337,37.639345],[126.664221,37.639392],[126.663975,37.639519],[126.661378,37.640964],[126.659737,37.641902],[126.659452,37.642043],[126.659254,37.642132],[126.659023,37.642212],[126.65876,37.642293],[126.658481,37.642365],[126.658256,37.642416],[126.658063,37.642455],[126.657859,37.642484],[126.657465,37.642537],[126.657081,37.642582],[126.656666,37.642627],[126.656261,37.642663],[126.655992,37.642684],[126.655724,37.642701],[126.655322,37.642705],[126.654882,37.642692],[126.654426,37.642671],[126.654195,37.64265],[126.653873,37.642624],[126.653584,37.642591],[126.653315,37.642557],[126.652956,37.642493],[126.649319,37.641758],[126.645749,37.641041],[126.645601,37.641004],[126.645457,37.640955],[126.645243,37.640888],[126.645019,37.640812],[126.644679,37.640736],[126.644111,37.640616],[126.643445,37.640475],[126.643102,37.640403],[126.642801,37.640382],[126.642571,37.640399],[126.642364,37.64046],[126.642157,37.640539],[126.641404,37.64086],[126.64103,37.641043],[126.640682,37.641223],[126.640435,37.641363],[126.639035,37.6422],[126.637453,37.643184],[126.636182,37.644004],[126.636026,37.644116],[126.635909,37.644217],[126.635793,37.644326],[126.635275,37.644875],[126.634771,37.645452],[126.634336,37.64592],[126.634207,37.646056],[126.634025,37.6462],[126.633864,37.646281],[126.633655,37.646327],[126.633456,37.646344],[126.633301,37.646332],[126.63314,37.646302],[126.628714,37.645419],[126.626166,37.6449],[126.619976,37.643656],[126.61819,37.643308],[126.615693,37.643037],[126.6154,37.643008],[126.615106,37.642957],[126.614953,37.642908],[126.614827,37.642841],[126.614674,37.642709]]}},{"type":"Feature","properties":{"color":"#957326","ref":"김포 골드라인"},"geometry":{"type":"LineString","coordinates":[[126.614674,37.642709],[126.61463,37.642662],[126.61454,37.642554],[126.614499,37.642453],[126.614466,37.642351],[126.614455,37.642237],[126.614478,37.642113],[126.614502,37.642034],[126.614581,37.641903],[126.614753,37.641645]]}},{"type":"Feature","properties":{"color":"#957326","ref":"김포 골드라인"},"geometry":{"type":"LineString","coordinates":[[126.614701,37.642702],[126.6146,37.642587],[126.614512,37.642412],[126.61449,37.642286],[126.614511,37.642157],[126.614556,37.642029],[126.61474,37.641771],[126.614822,37.641659]]}},{"type":"Feature","properties":{"color":"#957326","ref":"김포 골드라인"},"geometry":{"type":"LineString","coordinates":[[126.801895,37.562389],[126.804072,37.562195],[126.804524,37.562152],[126.804801,37.562152],[126.805207,37.562214],[126.805496,37.562308],[126.805664,37.562409],[126.805892,37.562668],[126.806068,37.562953],[126.806304,37.56363],[126.80633,37.563824],[126.806227,37.564433],[126.80572,37.565978],[126.804853,37.568536],[126.80418,37.570577],[126.803518,37.572491],[126.80315,37.573647],[126.802854,37.574242],[126.801512,37.576192],[126.799585,37.579104],[126.799014,37.579905],[126.797333,37.581632],[126.795183,37.583375],[126.791792,37.586225],[126.788809,37.588589],[126.783858,37.591679],[126.780817,37.593491],[126.778806,37.594963],[126.775978,37.596887],[126.772536,37.599156],[126.771369,37.599951],[126.770678,37.600575],[126.7702,37.601245],[126.770147,37.601304],[126.769357,37.602169],[126.769005,37.602428],[126.766471,37.603404],[126.765381,37.603642],[126.763578,37.603765],[126.7626,37.603826],[126.761141,37.604084],[126.759544,37.604519],[126.758094,37.604751],[126.756266,37.604873],[126.754489,37.605029],[126.748817,37.605894],[126.74702,37.606371],[126.743152,37.608045],[126.737456,37.610479],[126.735672,37.611146],[126.733254,37.611997],[126.73244,37.612354],[126.732396,37.612374],[126.731789,37.612741],[126.72655,37.616235],[126.724549,37.617387],[126.722398,37.618656],[126.72112,37.619456],[126.719728,37.620157],[126.718529,37.62076],[126.716558,37.621588],[126.715631,37.621942],[126.714876,37.622424],[126.714026,37.623573],[126.71164,37.62723],[126.710464,37.628345],[126.707984,37.630017],[126.705881,37.631465],[126.703623,37.633063],[126.702525,37.634075],[126.702018,37.634823],[126.700774,37.637467],[126.699899,37.639523],[126.697508,37.645414],[126.696112,37.648403],[126.695627,37.649028],[126.694898,37.649586],[126.691026,37.651412],[126.687335,37.653155],[126.685696,37.653674],[126.684988,37.653773],[126.684327,37.653788],[126.683932,37.653783],[126.683678,37.653773],[126.682853,37.653637],[126.681724,37.653363],[126.680614,37.652839],[126.679339,37.652051],[126.677121,37.650663],[126.67452,37.648993],[126.672663,37.64774],[126.671992,37.647271],[126.670608,37.645699],[126.669169,37.644084],[126.66907,37.643975],[126.667324,37.642066],[126.665192,37.639479],[126.664677,37.639228],[126.664265,37.639255],[126.662754,37.640064],[126.660625,37.641233],[126.65902,37.642075],[126.65757,37.642422],[126.655501,37.642619],[126.653004,37.642429],[126.649339,37.641668],[126.644884,37.640689],[126.644145,37.64056],[126.642996,37.640329],[126.64262,37.640303],[126.642223,37.640335],[126.641115,37.640855],[126.638464,37.642456],[126.635897,37.644067],[126.634456,37.645528],[126.633949,37.646078],[126.633714,37.646201],[126.633406,37.646227],[126.63297,37.64617],[126.632413,37.646017],[126.628743,37.645315],[126.627864,37.645147],[126.627094,37.644992],[126.620007,37.643567],[126.617994,37.643214],[126.615352,37.642965],[126.615064,37.642904],[126.614865,37.642815],[126.614701,37.642702]]}},{"type":"Feature","properties":{"color":"#6b7280","ref":""},"geometry":{"type":"LineString","coordinates":[[126.435877,37.465772],[126.436348,37.466035],[126.435911,37.46653],[126.435439,37.466267],[126.435877,37.465772]]}},{"type":"Feature","properties":{"color":"#6b7280","ref":""},"geometry":{"type":"LineString","coordinates":[[126.444558,37.455893],[126.444864,37.455546]]}},{"type":"Feature","properties":{"color":"#6b7280","ref":""},"geometry":{"type":"LineString","coordinates":[[126.445367,37.455826],[126.44506,37.456172],[126.444605,37.455919],[126.444911,37.455572],[126.445367,37.455826]]}},{"type":"Feature","properties":{"color":"#6b7280","ref":""},"geometry":{"type":"LineString","coordinates":[[126.450021,37.449711],[126.450327,37.449364]]}},{"type":"Feature","properties":{"color":"#6b7280","ref":""},"geometry":{"type":"LineString","coordinates":[[126.435363,37.466312],[126.435636,37.466005],[126.444736,37.455737]]}},{"type":"Feature","properties":{"color":"#6b7280","ref":""},"geometry":{"type":"LineString","coordinates":[[126.444736,37.455737],[126.450198,37.449551],[126.450375,37.449351]]}},{"type":"Feature","properties":{"color":"#004A85","ref":"1"},"geometry":{"type":"LineString","coordinates":[[127.031029,37.211046],[127.031837,37.209471],[127.032819,37.207621],[127.033709,37.20589],[127.034388,37.204594]]}},{"type":"Feature","properties":{"color":"#004A85","ref":"1"},"geometry":{"type":"LineString","coordinates":[[126.971301,37.55071],[126.971332,37.550828],[126.971334,37.550837],[126.971379,37.551013],[126.971458,37.551265],[126.971497,37.551407],[126.971521,37.551511],[126.971535,37.551624],[126.97155,37.551743],[126.971555,37.551872],[126.971546,37.552345],[126.971532,37.553096]]}},{"type":"Feature","properties":{"color":"#004A85","ref":"1"},"geometry":{"type":"LineString","coordinates":[[126.971301,37.55071],[126.971261,37.550532],[126.971235,37.55038],[126.971215,37.550219],[126.97119,37.549999],[126.971175,37.549655]]}},{"type":"Feature","properties":{"color":"#004A85","ref":"1"},"geometry":{"type":"LineString","coordinates":[[126.971175,37.549655],[126.971172,37.549431]]}},{"type":"Feature","properties":{"color":"#004A85","ref":"1"},"geometry":{"type":"LineString","coordinates":[[126.971172,37.549431],[126.971174,37.549183],[126.971178,37.548735]]}},{"type":"Feature","properties":{"color":"#004A85","ref":"1"},"geometry":{"type":"LineString","coordinates":[[126.971178,37.548735],[126.971181,37.548585],[126.971181,37.548415]]}},{"type":"Feature","properties":{"color":"#004A85","ref":"1"},"geometry":{"type":"LineString","coordinates":[[126.971181,37.548415],[126.971177,37.547279],[126.971191,37.546],[126.971191,37.54517]]}},{"type":"Feature","properties":{"color":"#004A85","ref":"1"},"geometry":{"type":"LineString","coordinates":[[126.971191,37.54517],[126.971198,37.544868]]}},{"type":"Feature","properties":{"color":"#004A85","ref":"1"},"geometry":{"type":"LineString","coordinates":[[126.971198,37.544868],[126.971208,37.544416]]}},{"type":"Feature","properties":{"color":"#004A85","ref":"1"},"geometry":{"type":"LineString","coordinates":[[126.971208,37.544416],[126.971209,37.543403],[126.97121,37.541911]]}},{"type":"Feature","properties":{"color":"#004A85","ref":"1"},"geometry":{"type":"LineString","coordinates":[[126.97121,37.541911],[126.971211,37.541622]]}},{"type":"Feature","properties":{"color":"#004A85","ref":"1"},"geometry":{"type":"LineString","coordinates":[[126.971211,37.541622],[126.971218,37.538636],[126.971213,37.538248],[126.97119,37.537918],[126.971163,37.537559],[126.971091,37.536794],[126.970981,37.53605],[126.970865,37.535544],[126.970782,37.535258],[126.970653,37.534949],[126.970555,37.534758],[126.970421,37.534543],[126.970207,37.534218],[126.970018,37.533983],[126.969861,37.533811],[126.96972,37.533664],[126.969421,37.533401],[126.968781,37.532918],[126.967798,37.532186]]}},{"type":"Feature","properties":{"color":"#004A85","ref":"1"},"geometry":{"type":"LineString","coordinates":[[126.967798,37.532186],[126.966777,37.531425],[126.966069,37.530921],[126.966046,37.530904]]}},{"type":"Feature","properties":{"color":"#004A85","ref":"1"},"geometry":{"type":"LineString","coordinates":[[126.966046,37.530904],[126.963051,37.52876]]}},{"type":"Feature","properties":{"color":"#004A85","ref":"1"},"geometry":{"type":"LineString","coordinates":[[126.963051,37.52876],[126.960881,37.527199],[126.960354,37.526816]]}},{"type":"Feature","properties":{"color":"#004A85","ref":"1"},"geometry":{"type":"LineString","coordinates":[[126.960354,37.526816],[126.96002,37.526532],[126.959488,37.526173],[126.95878,37.525695],[126.957792,37.524979],[126.956969,37.524363],[126.956275,37.523765]]}},{"type":"Feature","properties":{"color":"#004A85","ref":"1"},"geometry":{"type":"LineString","coordinates":[[126.956275,37.523765],[126.947841,37.516347]]}},{"type":"Feature","properties":{"color":"#004A85","ref":"1"},"geometry":{"type":"LineString","coordinates":[[126.947841,37.516347],[126.947306,37.515879],[126.946765,37.515475],[126.946461,37.515267],[126.946181,37.515103],[126.945599,37.514878],[126.944856,37.5147],[126.944329,37.514611],[126.942449,37.514431],[126.941029,37.514277],[126.940158,37.514144],[126.939493,37.514041],[126.93903,37.513979],[126.938534,37.513918],[126.937939,37.513862],[126.937388,37.513848],[126.936805,37.513871],[126.936155,37.513978],[126.93486,37.514249],[126.934279,37.514368],[126.933798,37.514435],[126.933329,37.514458],[126.932667,37.51443],[126.93182,37.514314],[126.931365,37.514208],[126.928933,37.513612]]}},{"type":"Feature","properties":{"color":"#004A85","ref":"1"},"geometry":{"type":"LineString","coordinates":[[126.928933,37.513612],[126.927436,37.513212],[126.927035,37.513138]]}},{"type":"Feature","properties":{"color":"#004A85","ref":"1"},"geometry":{"type":"LineString","coordinates":[[126.927035,37.513138],[126.926731,37.513097],[126.926457,37.51308],[126.926079,37.51307],[126.925668,37.513085],[126.925285,37.513116],[126.924957,37.513163],[126.924516,37.513244],[126.924065,37.513363],[126.923572,37.513524],[126.923036,37.513755],[126.922638,37.513967],[126.922287,37.514184],[126.921863,37.514486],[126.920561,37.515518],[126.920244,37.515742],[126.919899,37.515949],[126.919473,37.51616],[126.918962,37.516385],[126.918588,37.516534],[126.918149,37.516675],[126.917409,37.516855]]}},{"type":"Feature","properties":{"color":"#004A85","ref":"1"},"geometry":{"type":"LineString","coordinates":[[126.917409,37.516855],[126.916889,37.516955],[126.916547,37.516989],[126.915796,37.517023],[126.915246,37.517005],[126.914132,37.516936],[126.912794,37.516843],[126.912485,37.516822],[126.911875,37.516784],[126.911475,37.516752],[126.911067,37.516694],[126.910645,37.516608],[126.910117,37.516444],[126.909434,37.51615],[126.908984,37.515956]]}},{"type":"Feature","properties":{"color":"#004A85","ref":"1"},"geometry":{"type":"LineString","coordinates":[[126.908984,37.515956],[126.906812,37.515028]]}},{"type":"Feature","properties":{"color":"#004A85","ref":"1"},"geometry":{"type":"LineString","coordinates":[[126.906812,37.515028],[126.906636,37.514958],[126.905199,37.514357],[126.903724,37.513728],[126.902521,37.513253],[126.901445,37.512879],[126.900865,37.512651],[126.900767,37.512613],[126.900524,37.512524],[126.9,37.512331],[126.899267,37.512062],[126.897514,37.511377],[126.896433,37.510906],[126.893999,37.50982],[126.89268,37.509256]]}},{"type":"Feature","properties":{"color":"#004A85","ref":"1"},"geometry":{"type":"LineString","coordinates":[[126.89268,37.509256],[126.892146,37.50903]]}},{"type":"Feature","properties":{"color":"#004A85","ref":"1"},"geometry":{"type":"LineString","coordinates":[[126.892146,37.50903],[126.891448,37.508737],[126.890829,37.508452],[126.890444,37.508263],[126.889264,37.507622],[126.888247,37.506979],[126.886646,37.505991],[126.885376,37.505215],[126.884718,37.504809],[126.884094,37.50436],[126.883559,37.503899],[126.88167,37.502176],[126.881372,37.501912],[126.881058,37.501554],[126.880784,37.501228],[126.880529,37.500864],[126.88026,37.500432],[126.879982,37.499881],[126.879809,37.499416],[126.879645,37.498825],[126.879539,37.498308],[126.879482,37.497524],[126.87949,37.496957],[126.87958,37.496084],[126.879698,37.494003],[126.879848,37.492076],[126.879929,37.490942],[126.879974,37.490235],[126.880094,37.488362],[126.880166,37.487631],[126.880249,37.487176],[126.880406,37.486721],[126.880682,37.486038],[126.88307,37.480612],[126.883739,37.47909],[126.887118,37.471477],[126.889114,37.466976],[126.889951,37.465071],[126.890763,37.463273],[126.89191,37.460481],[126.8922,37.459765],[126.893613,37.456529],[126.89442,37.454697],[126.894439,37.454656],[126.894641,37.454234],[126.895198,37.452955]]}},{"type":"Feature","properties":{"color":"#004A85","ref":"1"},"geometry":{"type":"LineString","coordinates":[[126.895198,37.452955],[126.895516,37.452243],[126.89564,37.451965]]}},{"type":"Feature","properties":{"color":"#004A85","ref":"1"},"geometry":{"type":"LineString","coordinates":[[126.89564,37.451965],[126.896389,37.450427],[126.896533,37.450111],[126.89699,37.449105],[126.897019,37.44904],[126.897395,37.448184],[126.897435,37.448094],[126.898221,37.446265],[126.898741,37.444971],[126.899388,37.443438],[126.900371,37.441268],[126.901273,37.439244],[126.901638,37.438365],[126.901826,37.437703],[126.901947,37.437141],[126.902084,37.43643],[126.902528,37.434085],[126.903269,37.430282],[126.903622,37.428494],[126.903726,37.428014],[126.903821,37.427669],[126.903998,37.427172],[126.904153,37.4268],[126.904669,37.425831],[126.905224,37.424815],[126.906003,37.423389],[126.907084,37.4214],[126.907627,37.420623],[126.909201,37.418695],[126.909595,37.418218],[126.909982,37.417717],[126.910612,37.416909],[126.91112,37.416294]]}},{"type":"Feature","properties":{"color":"#004A85","ref":"1"},"geometry":{"type":"LineString","coordinates":[[126.91112,37.416294],[126.911306,37.416072]]}},{"type":"Feature","properties":{"color":"#004A85","ref":"1"},"geometry":{"type":"LineString","coordinates":[[126.911306,37.416072],[126.912452,37.414681],[126.913639,37.413274]]}},{"type":"Feature","properties":{"color":"#004A85","ref":"1"},"geometry":{"type":"LineString","coordinates":[[126.913639,37.413274],[126.913748,37.41312]]}},{"type":"Feature","properties":{"color":"#004A85","ref":"1"},"geometry":{"type":"LineString","coordinates":[[126.913748,37.41312],[126.915393,37.411017],[126.915938,37.41036]]}},{"type":"Feature","properties":{"color":"#004A85","ref":"1"},"geometry":{"type":"LineString","coordinates":[[126.915938,37.41036],[126.91679,37.409286]]}},{"type":"Feature","properties":{"color":"#004A85","ref":"1"},"geometry":{"type":"LineString","coordinates":[[126.91679,37.409286],[126.919082,37.406407],[126.919381,37.406033],[126.921011,37.403986],[126.923042,37.401471],[126.923733,37.400616],[126.923779,37.400561],[126.924798,37.399357],[126.925424,37.398617],[126.926336,37.397538],[126.927206,37.39665],[126.928175,37.395842],[126.929541,37.394777],[126.931438,37.393277],[126.932304,37.392424],[126.932778,37.391781],[126.933088,37.391166],[126.934779,37.386685],[126.935163,37.385708],[126.935982,37.38345],[126.936411,37.382351],[126.936779,37.381639],[126.937246,37.38096],[126.937494,37.380653],[126.93989,37.378367],[126.940583,37.377616],[126.940994,37.377119],[126.941249,37.376691],[126.941616,37.376018],[126.942957,37.373306],[126.943839,37.371408],[126.944846,37.369289],[126.945635,37.367696],[126.946401,37.366053],[126.947239,37.364232],[126.948063,37.362483],[126.948369,37.361759],[126.948517,37.361231],[126.948615,37.360708],[126.948648,37.360382],[126.948602,37.358109],[126.94853,37.355148],[126.948479,37.353428],[126.948469,37.353125],[126.948423,37.350456],[126.948402,37.347295],[126.948399,37.346014],[126.948389,37.344354],[126.948378,37.342362],[126.948369,37.341637],[126.948387,37.339845],[126.948373,37.338696],[126.948371,37.338572],[126.948362,37.337836],[126.948339,37.336187],[126.948323,37.335412],[126.948238,37.333262],[126.948096,37.329742],[126.948026,37.328306],[126.947908,37.326009],[126.947852,37.324721],[126.947834,37.323927],[126.948023,37.321503],[126.948149,37.319385],[126.94816,37.319238],[126.948393,37.316321],[126.948462,37.315877],[126.948571,37.315535],[126.948723,37.315156],[126.948889,37.314799],[126.949286,37.314093],[126.951101,37.311282],[126.951449,37.310724],[126.952338,37.309345],[126.953006,37.308379],[126.953798,37.307507],[126.960992,37.302286],[126.961856,37.301831],[126.962801,37.30141],[126.963642,37.301189],[126.966791,37.30078],[126.969651,37.300482],[126.97211,37.3002],[126.972982,37.300093],[126.973526,37.300031],[126.974327,37.299915],[126.975189,37.299717],[126.975917,37.299462],[126.976517,37.299205],[126.977124,37.298867],[126.977584,37.298536],[126.977896,37.298259],[126.978237,37.297969],[126.97918,37.29691],[126.980483,37.29546],[126.981309,37.29452],[126.981933,37.293801],[126.983422,37.292124],[126.984951,37.290449],[126.985669,37.289669],[126.986025,37.289254]]}},{"type":"Feature","properties":{"color":"#004A85","ref":"1"},"geometry":{"type":"LineString","coordinates":[[126.986025,37.289254],[126.986318,37.288923],[126.986394,37.288837]]}},{"type":"Feature","properties":{"color":"#004A85","ref":"1"},"geometry":{"type":"LineString","coordinates":[[126.986394,37.288837],[126.986945,37.288189],[126.987324,37.287739],[126.987751,37.287167],[126.988319,37.286288],[126.989065,37.285062],[126.990223,37.28303],[126.990911,37.281761],[126.991669,37.28042],[126.992439,37.279101],[126.99318,37.277806],[126.993836,37.276665],[126.994753,37.275085],[126.995445,37.273921],[126.99576,37.273348],[126.995954,37.272995],[126.996345,37.272284],[126.996481,37.272036],[126.996569,37.271874],[126.99699,37.27109],[126.997488,37.270105],[126.997733,37.269624]]}},{"type":"Feature","properties":{"color":"#004A85","ref":"1"},"geometry":{"type":"LineString","coordinates":[[126.997733,37.269624],[126.997868,37.269525]]}},{"type":"Feature","properties":{"color":"#004A85","ref":"1"},"geometry":{"type":"LineString","coordinates":[[126.997868,37.269525],[126.998209,37.269023],[126.998401,37.268762],[126.999064,37.267704],[127.000439,37.265315],[127.001511,37.263462],[127.002007,37.262577],[127.002257,37.262128],[127.002472,37.261699]]}},{"type":"Feature","properties":{"color":"#004A85","ref":"1"},"geometry":{"type":"LineString","coordinates":[[127.002472,37.261699],[127.002657,37.261413],[127.003018,37.260827],[127.003182,37.260537],[127.003384,37.26018],[127.003598,37.259805],[127.003867,37.259366],[127.004389,37.258467],[127.004542,37.258202]]}},{"type":"Feature","properties":{"color":"#004A85","ref":"1"},"geometry":{"type":"LineString","coordinates":[[127.004785,37.257885],[127.004542,37.258202]]}},{"type":"Feature","properties":{"color":"#004A85","ref":"1"},"geometry":{"type":"LineString","coordinates":[[127.002675,37.261139],[127.002208,37.26191],[127.001868,37.262405],[127.001376,37.263056],[127.00109,37.263482],[126.999558,37.26604],[126.999015,37.266923],[126.998851,37.267199],[126.998532,37.267734],[126.998156,37.268511],[126.998008,37.268844]]}},{"type":"Feature","properties":{"color":"#004A85","ref":"1"},"geometry":{"type":"LineString","coordinates":[[126.997092,37.270649],[126.996872,37.271206]]}},{"type":"Feature","properties":{"color":"#004A85","ref":"1"},"geometry":{"type":"LineString","coordinates":[[126.996872,37.271206],[126.996572,37.271742],[126.996111,37.272626],[126.995514,37.27369],[126.995259,37.274145],[126.994402,37.275589],[126.993273,37.277521],[126.992254,37.279276],[126.991547,37.280546],[126.990784,37.281777],[126.990102,37.282969],[126.988967,37.284973],[126.988359,37.286012],[126.987689,37.287084],[126.987243,37.287698],[126.986828,37.288202],[126.986321,37.288777]]}},{"type":"Feature","properties":{"color":"#004A85","ref":"1"},"geometry":{"type":"LineString","coordinates":[[126.986321,37.288777],[126.985947,37.289204]]}},{"type":"Feature","properties":{"color":"#004A85","ref":"1"},"geometry":{"type":"LineString","coordinates":[[126.985947,37.289204],[126.984881,37.290408],[126.984766,37.290535],[126.983341,37.29211],[126.981857,37.293769],[126.981255,37.294492],[126.980428,37.295434],[126.979132,37.296881],[126.978175,37.297943],[126.977862,37.298227],[126.977546,37.298506],[126.977086,37.298831],[126.976475,37.299159],[126.975881,37.299406],[126.975177,37.299678],[126.974315,37.299877],[126.973523,37.299994],[126.972978,37.300057],[126.972104,37.300169],[126.969807,37.300442],[126.969654,37.300461],[126.967122,37.300703],[126.965209,37.300937],[126.963757,37.301134],[126.963262,37.301219],[126.962654,37.3014],[126.962092,37.301618],[126.96167,37.30182],[126.960981,37.302208],[126.958841,37.303762],[126.953851,37.30738],[126.953283,37.307922],[126.952781,37.308523],[126.951711,37.310189],[126.950742,37.311706],[126.950589,37.311947],[126.949234,37.314068],[126.948826,37.314748],[126.948652,37.315124],[126.948503,37.315526],[126.948393,37.315841],[126.948325,37.316337],[126.94812,37.319243],[126.947992,37.321359],[126.947982,37.321515],[126.947798,37.323907],[126.947799,37.324748],[126.947867,37.32632],[126.947957,37.328463],[126.948043,37.330501],[126.948204,37.333463],[126.948291,37.336188],[126.948332,37.33982],[126.948334,37.342403],[126.948325,37.344335],[126.948342,37.346005],[126.948337,37.347719],[126.948358,37.350453],[126.948373,37.351181],[126.948427,37.353101],[126.948479,37.354953],[126.948485,37.355186],[126.948539,37.358112],[126.948584,37.360002],[126.948572,37.360445],[126.948539,37.360722],[126.948506,37.360979],[126.948405,37.361403],[126.948297,37.361746],[126.947754,37.362956],[126.946707,37.365254],[126.945826,37.367164],[126.944681,37.369528],[126.943797,37.371384],[126.94291,37.373292],[126.941913,37.375296],[126.941561,37.375997],[126.941201,37.37667],[126.94095,37.377102],[126.940195,37.377947],[126.939815,37.378383],[126.938561,37.379559],[126.937976,37.380105],[126.937464,37.380633],[126.937217,37.380929],[126.936738,37.381626],[126.936373,37.382337],[126.93593,37.383443],[126.935107,37.385692],[126.934473,37.387335],[126.933788,37.389161],[126.933203,37.390738],[126.932966,37.391319],[126.932697,37.391778],[126.932223,37.392431],[126.931372,37.393251],[126.929506,37.39475],[126.928462,37.395566],[126.927232,37.396543],[126.926489,37.397297],[126.925207,37.398803],[126.924746,37.399345],[126.923412,37.400951],[126.922345,37.402274],[126.922039,37.402651],[126.921071,37.40385],[126.919873,37.405301],[126.919332,37.406005],[126.91883,37.406635],[126.916724,37.409281]]}},{"type":"Feature","properties":{"color":"#004A85","ref":"1"},"geometry":{"type":"LineString","coordinates":[[126.916724,37.409281],[126.915864,37.410356]]}},{"type":"Feature","properties":{"color":"#004A85","ref":"1"},"geometry":{"type":"LineString","coordinates":[[126.915864,37.410356],[126.913785,37.412968],[126.913689,37.413095]]}},{"type":"Feature","properties":{"color":"#004A85","ref":"1"},"geometry":{"type":"LineString","coordinates":[[126.913689,37.413095],[126.913576,37.41324]]}},{"type":"Feature","properties":{"color":"#004A85","ref":"1"},"geometry":{"type":"LineString","coordinates":[[126.913576,37.41324],[126.911277,37.416059]]}},{"type":"Feature","properties":{"color":"#004A85","ref":"1"},"geometry":{"type":"LineString","coordinates":[[126.911277,37.416059],[126.911101,37.416277]]}},{"type":"Feature","properties":{"color":"#004A85","ref":"1"},"geometry":{"type":"LineString","coordinates":[[126.911101,37.416277],[126.910083,37.417543],[126.909553,37.418199],[126.907595,37.420607],[126.907034,37.421385],[126.905943,37.423367],[126.905174,37.424764],[126.904614,37.425808],[126.904096,37.426782],[126.903937,37.427159],[126.903763,37.427661],[126.903664,37.428009],[126.903563,37.428488],[126.903207,37.430275],[126.902485,37.434082],[126.902266,37.435251],[126.902047,37.436419],[126.901909,37.437135],[126.90176,37.437723],[126.901563,37.438341],[126.901206,37.439228],[126.900304,37.441252],[126.899344,37.443425],[126.898669,37.444956],[126.897482,37.44744],[126.897067,37.448374],[126.896116,37.450609],[126.895589,37.451951]]}},{"type":"Feature","properties":{"color":"#004A85","ref":"1"},"geometry":{"type":"LineString","coordinates":[[126.895154,37.452941],[126.894609,37.454215],[126.894405,37.454642],[126.893621,37.456431],[126.892201,37.459609],[126.891862,37.460444],[126.89165,37.460929],[126.891565,37.461137],[126.891247,37.461934],[126.890847,37.462917],[126.889908,37.465064],[126.88906,37.466966],[126.88706,37.471462],[126.883688,37.479075],[126.883028,37.480601],[126.880609,37.486016],[126.880345,37.486703],[126.880196,37.487168],[126.880105,37.487623],[126.880033,37.488361],[126.879898,37.490454],[126.879883,37.490675],[126.879866,37.490944],[126.879784,37.492075],[126.879656,37.494008],[126.879509,37.496086],[126.879447,37.496957],[126.879431,37.497527],[126.879492,37.498311],[126.879598,37.49883],[126.879774,37.499426],[126.879941,37.499887],[126.880223,37.500446],[126.880486,37.50088],[126.88074,37.501245],[126.881005,37.501577],[126.881332,37.501928],[126.881628,37.5022],[126.883517,37.503927],[126.884059,37.504383],[126.884695,37.504831],[126.886611,37.506025],[126.888208,37.507012],[126.889236,37.507659],[126.89042,37.508289],[126.89081,37.508478],[126.891431,37.508762],[126.892124,37.509063]]}},{"type":"Feature","properties":{"color":"#004A85","ref":"1"},"geometry":{"type":"LineString","coordinates":[[126.892124,37.509063],[126.892662,37.509281]]}},{"type":"Feature","properties":{"color":"#004A85","ref":"1"},"geometry":{"type":"LineString","coordinates":[[126.892662,37.509281],[126.89398,37.509847],[126.896409,37.510939],[126.897488,37.511412],[126.899238,37.512099],[126.899982,37.512372],[126.90051,37.512567],[126.900738,37.512651]]}},{"type":"Feature","properties":{"color":"#004A85","ref":"1"},"geometry":{"type":"LineString","coordinates":[[126.900738,37.512651],[126.901242,37.512889],[126.901927,37.513171]]}},{"type":"Feature","properties":{"color":"#004A85","ref":"1"},"geometry":{"type":"LineString","coordinates":[[126.907286,37.515449],[126.907975,37.51572],[126.90825,37.515804]]}},{"type":"Feature","properties":{"color":"#004A85","ref":"1"},"geometry":{"type":"LineString","coordinates":[[126.90825,37.515804],[126.90854,37.515909],[126.908606,37.515925],[126.90894,37.516014]]}},{"type":"Feature","properties":{"color":"#004A85","ref":"1"},"geometry":{"type":"LineString","coordinates":[[126.90894,37.516014],[126.90941,37.516177]]}},{"type":"Feature","properties":{"color":"#004A85","ref":"1"},"geometry":{"type":"LineString","coordinates":[[126.90941,37.516177],[126.910103,37.516482],[126.910642,37.516647],[126.911067,37.516733],[126.911478,37.516789],[126.911868,37.516821],[126.913454,37.51693],[126.913643,37.516944],[126.914128,37.516977],[126.915245,37.517043],[126.915797,37.517062],[126.916526,37.517036],[126.916894,37.517002],[126.917418,37.51689]]}},{"type":"Feature","properties":{"color":"#004A85","ref":"1"},"geometry":{"type":"LineString","coordinates":[[126.917418,37.51689],[126.918161,37.516707],[126.918604,37.516568],[126.918984,37.51642],[126.919496,37.516195],[126.919918,37.515983],[126.920279,37.515768],[126.920601,37.515546],[126.921903,37.514515],[126.922325,37.514215],[126.922672,37.514],[126.92306,37.513783],[126.923597,37.513567],[126.924084,37.513403],[126.924534,37.513285],[126.924969,37.513205],[126.925432,37.513153],[126.925878,37.513127],[126.926259,37.513123],[126.926605,37.513134],[126.92683,37.513153],[126.927027,37.513184]]}},{"type":"Feature","properties":{"color":"#004A85","ref":"1"},"geometry":{"type":"LineString","coordinates":[[126.927027,37.513184],[126.927058,37.513189],[126.927421,37.513254],[126.928921,37.513661]]}},{"type":"Feature","properties":{"color":"#004A85","ref":"1"},"geometry":{"type":"LineString","coordinates":[[126.928921,37.513661],[126.931345,37.514258],[126.931815,37.514362],[126.932655,37.514475],[126.933331,37.514504],[126.933808,37.514476],[126.934289,37.514414],[126.934877,37.514302],[126.936168,37.514023],[126.936814,37.513921],[126.937386,37.513894],[126.937935,37.513904],[126.938528,37.513959],[126.939024,37.514019],[126.939487,37.514083],[126.939805,37.514127],[126.940155,37.514182],[126.941026,37.514303],[126.942443,37.514462],[126.943603,37.514579],[126.944316,37.514651],[126.944843,37.514741],[126.945577,37.514917],[126.946143,37.515135],[126.946419,37.515297],[126.946721,37.515503],[126.947264,37.51592],[126.9478,37.516378]]}},{"type":"Feature","properties":{"color":"#004A85","ref":"1"},"geometry":{"type":"LineString","coordinates":[[126.9478,37.516378],[126.956246,37.523792]]}},{"type":"Feature","properties":{"color":"#004A85","ref":"1"},"geometry":{"type":"LineString","coordinates":[[126.956246,37.523792],[126.956931,37.524384],[126.957752,37.525005],[126.958745,37.525725],[126.959006,37.525903],[126.959983,37.526571],[126.960986,37.52747],[126.961066,37.527541]]}},{"type":"Feature","properties":{"color":"#004A85","ref":"1"},"geometry":{"type":"LineString","coordinates":[[126.961066,37.527541],[126.961498,37.527901],[126.961796,37.528183],[126.962389,37.528725],[126.962754,37.529012]]}},{"type":"Feature","properties":{"color":"#004A85","ref":"1"},"geometry":{"type":"LineString","coordinates":[[126.962754,37.529012],[126.965731,37.531174]]}},{"type":"Feature","properties":{"color":"#004A85","ref":"1"},"geometry":{"type":"LineString","coordinates":[[126.965731,37.531174],[126.966095,37.531439],[126.966657,37.531841],[126.967175,37.532241],[126.967553,37.532489],[126.967842,37.532705]]}},{"type":"Feature","properties":{"color":"#004A85","ref":"1"},"geometry":{"type":"LineString","coordinates":[[126.967842,37.532705],[126.967986,37.532807],[126.968448,37.533147],[126.96873,37.533359],[126.969155,37.533658],[126.969622,37.534016],[126.969733,37.534111],[126.969839,37.53421],[126.969925,37.534304],[126.970038,37.534432],[126.970229,37.534675],[126.970346,37.53485],[126.97048,37.535075],[126.970619,37.535353],[126.970728,37.535623],[126.970838,37.536008],[126.970877,37.536167],[126.970943,37.536513],[126.970988,37.536881],[126.971039,37.537302],[126.971078,37.537744],[126.971119,37.538395],[126.971127,37.539943],[126.971115,37.540942],[126.97111,37.541606]]}},{"type":"Feature","properties":{"color":"#004A85","ref":"1"},"geometry":{"type":"LineString","coordinates":[[126.97111,37.541606],[126.97111,37.541709],[126.971111,37.541886]]}},{"type":"Feature","properties":{"color":"#004A85","ref":"1"},"geometry":{"type":"LineString","coordinates":[[126.971111,37.541886],[126.971113,37.542821],[126.971107,37.544866],[126.971102,37.545078],[126.9711,37.545187],[126.971096,37.545481],[126.971096,37.546142]]}},{"type":"Feature","properties":{"color":"#004A85","ref":"1"},"geometry":{"type":"LineString","coordinates":[[126.971096,37.546142],[126.97109,37.546569],[126.971093,37.546769]]}},{"type":"Feature","properties":{"color":"#004A85","ref":"1"},"geometry":{"type":"LineString","coordinates":[[126.971093,37.546769],[126.971139,37.54747]]}},{"type":"Feature","properties":{"color":"#004A85","ref":"1"},"geometry":{"type":"LineString","coordinates":[[126.971138,37.547637],[126.971139,37.54747]]}},{"type":"Feature","properties":{"color":"#004A85","ref":"1"},"geometry":{"type":"LineString","coordinates":[[126.971136,37.548734],[126.971134,37.54837],[126.971138,37.547637]]}},{"type":"Feature","properties":{"color":"#004A85","ref":"1"},"geometry":{"type":"LineString","coordinates":[[126.971172,37.549431],[126.971152,37.549049],[126.971136,37.548734]]}},{"type":"Feature","properties":{"color":"#004A85","ref":"1"},"geometry":{"type":"LineString","coordinates":[[126.88721,37.506495],[126.887576,37.506789]]}},{"type":"Feature","properties":{"color":"#004A85","ref":"1"},"geometry":{"type":"LineString","coordinates":[[126.884291,37.504718],[126.88467,37.504945],[126.885126,37.505215],[126.885655,37.505524]]}},{"type":"Feature","properties":{"color":"#004A85","ref":"1"},"geometry":{"type":"LineString","coordinates":[[126.882481,37.503256],[126.883048,37.503775],[126.883279,37.50397],[126.883456,37.504119],[126.883674,37.504307],[126.883676,37.504309],[126.883973,37.504521],[126.884291,37.504718]]}},{"type":"Feature","properties":{"color":"#004A85","ref":"1"},"geometry":{"type":"LineString","coordinates":[[127.05497,37.927548],[127.055083,37.926965],[127.055184,37.926436],[127.055264,37.925974],[127.055287,37.925861],[127.05537,37.925453],[127.055449,37.924936],[127.055494,37.924497],[127.055516,37.924305]]}},{"type":"Feature","properties":{"color":"#004A85","ref":"1"},"geometry":{"type":"LineString","coordinates":[[127.055516,37.924305],[127.055521,37.92403]]}},{"type":"Feature","properties":{"color":"#004A85","ref":"1"},"geometry":{"type":"LineString","coordinates":[[127.044416,37.770139],[127.044534,37.770846]]}},{"type":"Feature","properties":{"color":"#004A85","ref":"1"},"geometry":{"type":"LineString","coordinates":[[127.046524,37.73427],[127.046507,37.734765]]}},{"type":"Feature","properties":{"color":"#004A85","ref":"1"},"geometry":{"type":"LineString","coordinates":[[127.055795,37.922325],[127.055797,37.92243],[127.055802,37.922593]]}},{"type":"Feature","properties":{"color":"#6E7E31","ref":"7"},"geometry":{"type":"LineString","coordinates":[[127.04674,37.688807],[127.046754,37.688779],[127.046793,37.688715],[127.046885,37.688594],[127.04725,37.688181]]}},{"type":"Feature","properties":{"color":"#6E7E31","ref":"7"},"geometry":{"type":"LineString","coordinates":[[127.04725,37.688181],[127.047549,37.687873],[127.051743,37.685088],[127.052481,37.684538],[127.054843,37.682588],[127.055028,37.68239],[127.055166,37.682208],[127.055279,37.682012],[127.055346,37.681799],[127.055344,37.681524],[127.055322,37.679525],[127.055261,37.677939],[127.055234,37.677011],[127.055288,37.676007],[127.055276,37.675653],[127.05526,37.675283]]}},{"type":"Feature","properties":{"color":"#6E7E31","ref":"7"},"geometry":{"type":"LineString","coordinates":[[127.05526,37.675283],[127.055248,37.674924],[127.055264,37.674635],[127.055308,37.674218],[127.055418,37.673597],[127.056573,37.669066],[127.057338,37.666259],[127.057757,37.664742],[127.058578,37.661274],[127.059498,37.657897],[127.060196,37.655508],[127.060254,37.655284],[127.060382,37.654792],[127.060516,37.65433],[127.060742,37.653516],[127.060862,37.653091],[127.06124,37.65145],[127.061629,37.650132],[127.06203,37.649102],[127.062845,37.647584],[127.063855,37.645523],[127.064756,37.643645],[127.065249,37.642556],[127.068207,37.635975],[127.068805,37.634624],[127.069967,37.632012],[127.070775,37.63016],[127.07135,37.628939],[127.072987,37.625606],[127.075081,37.619255],[127.075457,37.618118],[127.075576,37.617765],[127.075622,37.617632],[127.075741,37.617256]]}},{"type":"Feature","properties":{"color":"#6E7E31","ref":"7"},"geometry":{"type":"LineString","coordinates":[[127.075741,37.617256],[127.076157,37.615944],[127.076283,37.615545],[127.077411,37.612043],[127.077587,37.611436],[127.07945,37.60163],[127.07954,37.601355],[127.079656,37.601044],[127.07979,37.600793],[127.0799,37.600609],[127.080024,37.600487],[127.08027,37.600284],[127.080567,37.600089],[127.080959,37.599851],[127.083314,37.598505],[127.083987,37.598135],[127.084226,37.597965],[127.084453,37.597768],[127.084831,37.597413],[127.085125,37.59708],[127.085315,37.596877],[127.085498,37.596372],[127.085631,37.595837],[127.086247,37.593437],[127.087264,37.589477],[127.087546,37.588379],[127.088006,37.586772],[127.088294,37.58563],[127.08841,37.58523],[127.088529,37.584806],[127.088681,37.584258],[127.088807,37.583388],[127.088798,37.582843],[127.088728,37.582483],[127.08856,37.581424],[127.088391,37.580715],[127.088301,37.58034],[127.086657,37.574449],[127.086488,37.573897],[127.086365,37.573567],[127.086237,37.573234],[127.086161,37.572929],[127.086138,37.572745],[127.086119,37.572606],[127.086112,37.572443],[127.086137,37.57086],[127.086115,37.569374],[127.086086,37.569234],[127.086027,37.569092],[127.08449,37.566296],[127.079518,37.557224],[127.079407,37.557023],[127.079107,37.556522],[127.078565,37.555517]]}},{"type":"Feature","properties":{"color":"#6E7E31","ref":"7"},"geometry":{"type":"LineString","coordinates":[[127.078565,37.555517],[127.078481,37.555361],[127.077669,37.553818],[127.077517,37.553557],[127.07666,37.551792],[127.07608,37.550428],[127.075243,37.548984],[127.074386,37.547628],[127.073641,37.546393],[127.070711,37.540145],[127.070567,37.539854],[127.070486,37.539691],[127.070317,37.539349],[127.070148,37.538948]]}},{"type":"Feature","properties":{"color":"#6E7E31","ref":"7"},"geometry":{"type":"LineString","coordinates":[[127.070148,37.538948],[127.066407,37.530871],[127.066387,37.530811]]}},{"type":"Feature","properties":{"color":"#6E7E31","ref":"7"},"geometry":{"type":"LineString","coordinates":[[127.066387,37.530811],[127.063104,37.523627],[127.06295,37.523308],[127.062739,37.523015],[127.062653,37.52289],[127.062482,37.522659],[127.062356,37.522503],[127.062247,37.522367],[127.062211,37.52233]]}},{"type":"Feature","properties":{"color":"#6E7E31","ref":"7"},"geometry":{"type":"LineString","coordinates":[[127.062211,37.52233],[127.062122,37.522208],[127.061967,37.522042],[127.061748,37.521858],[127.061625,37.521761],[127.061498,37.521675],[127.061345,37.52158],[127.06113,37.521464],[127.059882,37.521035],[127.056887,37.520008],[127.054839,37.519679],[127.054572,37.519634],[127.053173,37.519401],[127.0523,37.519272],[127.051119,37.519053],[127.050527,37.518945],[127.050037,37.518857],[127.048621,37.518586],[127.047698,37.51842],[127.041372,37.517209],[127.041303,37.517196],[127.041207,37.517169],[127.03536,37.51541],[127.030733,37.51397],[127.021477,37.511131],[127.015893,37.509453],[127.011619,37.508186],[127.010156,37.50773],[127.010004,37.50767],[127.009873,37.507595],[127.009719,37.507487],[127.009553,37.507341],[127.009394,37.507162],[127.007837,37.505096],[127.007751,37.504996],[127.007585,37.504843],[127.007398,37.504715],[127.007231,37.50462],[127.007087,37.504553],[127.006901,37.504461],[127.006714,37.504368],[127.005308,37.503833],[127.00497,37.503739],[127.004667,37.503628],[127.00446,37.503531],[127.004052,37.503284],[127.003636,37.502957],[127.003107,37.502453],[127.002907,37.502187],[127.002697,37.501756],[127.002581,37.501461],[127.002486,37.501198],[127.002385,37.500747],[127.001797,37.495459],[127.00138,37.49445],[127.000901,37.493554],[127.000133,37.492445],[126.999902,37.492138],[126.999723,37.491857],[126.999576,37.49162],[126.999344,37.491197],[126.999091,37.490748],[126.998785,37.490258],[126.998504,37.489926],[126.998039,37.489462],[126.997557,37.489093],[126.997073,37.488852],[126.9966,37.488658],[126.995073,37.488148],[126.994795,37.488063],[126.994677,37.488027],[126.994235,37.48789],[126.992117,37.487238],[126.99129,37.486973],[126.990031,37.48657],[126.989877,37.486521]]}},{"type":"Feature","properties":{"color":"#6E7E31","ref":"7"},"geometry":{"type":"LineString","coordinates":[[126.989877,37.486521],[126.989607,37.486434],[126.988692,37.486212],[126.988617,37.486193],[126.988434,37.486158],[126.988203,37.486119],[126.987952,37.486081],[126.983447,37.485516],[126.982198,37.485411],[126.981957,37.485338],[126.981686,37.485262],[126.975948,37.483375],[126.975702,37.483309],[126.975438,37.483259],[126.975243,37.483231],[126.975043,37.48322],[126.974506,37.483237],[126.974347,37.483251],[126.974233,37.483261],[126.973959,37.483297],[126.973686,37.483361],[126.973406,37.48346],[126.972885,37.483691],[126.97279,37.48374],[126.972702,37.483793],[126.972608,37.483857],[126.972554,37.483903],[126.97253,37.483923],[126.97246,37.483995],[126.972398,37.484067],[126.972326,37.484131],[126.972248,37.484189],[126.972164,37.484241],[126.972066,37.484291],[126.971879,37.484379],[126.970051,37.48508],[126.96998,37.485111],[126.9699,37.485144],[126.969871,37.48516],[126.96976,37.485221],[126.969613,37.485317],[126.96942,37.485475],[126.966594,37.487778],[126.966251,37.488063],[126.965001,37.488811],[126.964462,37.489058],[126.95727,37.492437],[126.956872,37.492676],[126.956645,37.492836],[126.956578,37.492884],[126.956359,37.493071],[126.956247,37.493186],[126.954829,37.494898],[126.954745,37.495001],[126.954139,37.495656],[126.953397,37.496552],[126.951925,37.498296],[126.95165,37.498622],[126.94769,37.503215],[126.946448,37.504656],[126.94639,37.504721],[126.946209,37.504798],[126.945895,37.504908],[126.945084,37.505144],[126.944902,37.505177],[126.944735,37.505205],[126.944546,37.505222],[126.944396,37.505234],[126.944196,37.505241],[126.944078,37.505238],[126.943959,37.505235],[126.942163,37.50522],[126.941579,37.505192],[126.940852,37.505124],[126.940709,37.505111],[126.940556,37.505102],[126.94007,37.505093],[126.939676,37.505092],[126.939611,37.50509],[126.939541,37.505085],[126.939477,37.505078],[126.939414,37.505069],[126.939356,37.505056],[126.939287,37.505036],[126.939195,37.504993],[126.93193,37.500521],[126.931142,37.500033],[126.930917,37.499928],[126.93073,37.499854],[126.930518,37.499815],[126.930244,37.499768],[126.93006,37.499754],[126.929383,37.499753],[126.928209,37.49972],[126.920806,37.499958],[126.92033,37.499971],[126.919781,37.499983],[126.918819,37.499997],[126.917274,37.50002],[126.914537,37.500064],[126.914297,37.500068],[126.912972,37.500089]]}},{"type":"Feature","properties":{"color":"#6E7E31","ref":"7"},"geometry":{"type":"LineString","coordinates":[[126.912972,37.500089],[126.908937,37.500155],[126.906019,37.500221],[126.905953,37.500216],[126.905889,37.500207],[126.905831,37.500194],[126.905774,37.500175],[126.905732,37.50015],[126.905696,37.50012],[126.90566,37.500083],[126.905612,37.500026],[126.903862,37.497451],[126.903787,37.497368],[126.90372,37.497311],[126.903394,37.497055],[126.90334,37.497013],[126.903281,37.496967],[126.896253,37.492516],[126.895458,37.492013],[126.892504,37.490193],[126.889125,37.488025],[126.888907,37.487861],[126.888837,37.487809],[126.88857,37.487588],[126.888325,37.487346],[126.888093,37.487086],[126.886673,37.485404],[126.886334,37.485002],[126.886221,37.484806],[126.886131,37.484606],[126.88605,37.484398],[126.885984,37.484167],[126.885359,37.481412],[126.885337,37.481353],[126.88531,37.481301],[126.885274,37.481253],[126.885233,37.48121],[126.885183,37.481169],[126.88513,37.481141],[126.885062,37.481117],[126.881614,37.480102],[126.878497,37.479196],[126.867866,37.476089],[126.867763,37.476059],[126.866705,37.47575],[126.866443,37.475677],[126.866333,37.475661],[126.866214,37.475652],[126.866096,37.475657],[126.865988,37.475677],[126.865883,37.475709],[126.865749,37.475781],[126.865494,37.475895],[126.865431,37.475923],[126.865384,37.475941],[126.862477,37.477093],[126.861903,37.477292],[126.856395,37.478878]]}},{"type":"Feature","properties":{"color":"#6E7E31","ref":"7"},"geometry":{"type":"LineString","coordinates":[[126.856395,37.478878],[126.854855,37.479322],[126.854445,37.479439],[126.853812,37.479621],[126.84837,37.481169],[126.846683,37.48165],[126.846344,37.481745],[126.84541,37.48201],[126.842746,37.482778],[126.842486,37.482863],[126.842189,37.482998],[126.841902,37.483174],[126.841605,37.483379],[126.841144,37.483705],[126.840474,37.484158],[126.840354,37.484259],[126.84024,37.484377],[126.840031,37.484649],[126.839831,37.484943],[126.838951,37.486354],[126.838349,37.487317],[126.838204,37.487499],[126.838025,37.487676],[126.837907,37.487767],[126.837797,37.487853],[126.837722,37.487892],[126.837479,37.48802],[126.836805,37.488331],[126.836374,37.488535],[126.836059,37.488684],[126.835582,37.488912],[126.834398,37.48942],[126.833487,37.489718],[126.832458,37.490023],[126.829765,37.490623],[126.826468,37.491371]]}},{"type":"Feature","properties":{"color":"#6E7E31","ref":"7"},"geometry":{"type":"LineString","coordinates":[[126.825739,37.49154],[126.826468,37.491371]]}},{"type":"Feature","properties":{"color":"#6E7E31","ref":"7"},"geometry":{"type":"LineString","coordinates":[[126.823201,37.492198],[126.824337,37.491901],[126.824412,37.491883],[126.825739,37.49154]]}},{"type":"Feature","properties":{"color":"#6E7E31","ref":"7"},"geometry":{"type":"LineString","coordinates":[[127.051649,37.698569],[127.051726,37.698708],[127.051858,37.698897],[127.051965,37.699039],[127.05205,37.699139],[127.052117,37.699218],[127.052165,37.699273],[127.052285,37.699414],[127.052314,37.699448],[127.052418,37.699554],[127.053075,37.70018]]}},{"type":"Feature","properties":{"color":"#6E7E31","ref":"7"},"geometry":{"type":"LineString","coordinates":[[127.051649,37.698569],[127.051449,37.6983],[127.051264,37.698051]]}},{"type":"Feature","properties":{"color":"#6E7E31","ref":"7"},"geometry":{"type":"LineString","coordinates":[[127.051264,37.698051],[127.051036,37.697657],[127.050569,37.696852]]}},{"type":"Feature","properties":{"color":"#6E7E31","ref":"7"},"geometry":{"type":"LineString","coordinates":[[127.050569,37.696852],[127.05029,37.696383],[127.050143,37.696159],[127.050004,37.695955],[127.04987,37.69579],[127.049696,37.695598],[127.049501,37.695434],[127.049341,37.695322],[127.049178,37.695221],[127.049035,37.695144],[127.047948,37.694619],[127.047634,37.69447],[127.047434,37.694366],[127.047212,37.694239],[127.047048,37.694125],[127.04688,37.693991],[127.046719,37.693839],[127.046561,37.693661],[127.046427,37.693463],[127.046323,37.693281],[127.046229,37.693068],[127.046172,37.692861]]}},{"type":"Feature","properties":{"color":"#6E7E31","ref":"7"},"geometry":{"type":"LineString","coordinates":[[127.046172,37.692861],[127.046131,37.692621],[127.04613,37.692583],[127.046125,37.692387],[127.046146,37.691892],[127.046153,37.691797],[127.046219,37.690849],[127.046257,37.69034],[127.046272,37.69022],[127.046273,37.690212],[127.046282,37.690135],[127.046321,37.689912],[127.046372,37.689693],[127.04643,37.689492],[127.046517,37.689258],[127.04662,37.68905],[127.04674,37.688807]]}},{"type":"Feature","properties":{"color":"#009BCE","ref":"4"},"geometry":{"type":"LineString","coordinates":[[126.791936,37.32561],[126.791545,37.325729]]}},{"type":"Feature","properties":{"color":"#009BCE","ref":"4"},"geometry":{"type":"LineString","coordinates":[[126.791545,37.325729],[126.791022,37.325949],[126.790429,37.326182],[126.787889,37.327315]]}},{"type":"Feature","properties":{"color":"#004A85","ref":"1"},"geometry":{"type":"LineString","coordinates":[[127.060089,37.627586],[127.060209,37.62738],[127.060318,37.627211]]}},{"type":"Feature","properties":{"color":"#004A85","ref":"1"},"geometry":{"type":"LineString","coordinates":[[127.061137,37.625572],[127.061087,37.625682],[127.061006,37.625858],[127.060925,37.626045],[127.060905,37.626088],[127.060639,37.626666],[127.060603,37.626734],[127.060318,37.627211]]}},{"type":"Feature","properties":{"color":"#004A85","ref":"1"},"geometry":{"type":"LineString","coordinates":[[127.061137,37.625572],[127.061155,37.62553],[127.061319,37.625139],[127.061458,37.624839],[127.061477,37.624798],[127.06205,37.623502]]}},{"type":"Feature","properties":{"color":"#6E7E31","ref":"7"},"geometry":{"type":"LineString","coordinates":[[126.825739,37.49154],[126.82649,37.491272]]}},{"type":"Feature","properties":{"color":"#6E7E31","ref":"7"},"geometry":{"type":"LineString","coordinates":[[126.856367,37.478845],[126.855355,37.479136],[126.854827,37.47929],[126.854433,37.479403],[126.853802,37.479585],[126.846668,37.481616],[126.846327,37.481712],[126.845395,37.481977],[126.84273,37.482745],[126.842466,37.48283],[126.842164,37.482968],[126.841873,37.483146],[126.841575,37.483352],[126.841305,37.483543],[126.841114,37.483678],[126.840443,37.484132],[126.84032,37.484236],[126.840202,37.484357],[126.839995,37.484632],[126.83979,37.484926],[126.838911,37.486338],[126.83831,37.4873],[126.838167,37.487478],[126.837991,37.487652],[126.837876,37.487742],[126.837768,37.487824],[126.837697,37.487862],[126.837455,37.48799],[126.836782,37.4883],[126.836351,37.488504],[126.836035,37.488653],[126.835559,37.488881],[126.834378,37.489388],[126.833471,37.489684],[126.832457,37.48994],[126.829797,37.490535],[126.82649,37.491272]]}},{"type":"Feature","properties":{"color":"#6E7E31","ref":"7"},"geometry":{"type":"LineString","coordinates":[[126.912972,37.5],[126.911813,37.500025],[126.908934,37.500102],[126.90602,37.500185],[126.905959,37.50018],[126.905899,37.500172],[126.905846,37.50016],[126.905797,37.500144],[126.905762,37.500123],[126.905731,37.500097],[126.905697,37.500062],[126.905651,37.500007],[126.903901,37.497432],[126.903822,37.497346],[126.903753,37.497286],[126.903426,37.497029],[126.903372,37.496987],[126.903311,37.49694],[126.896282,37.492489],[126.895486,37.491985],[126.889155,37.487998],[126.888939,37.487835],[126.888869,37.487783],[126.888604,37.487564],[126.888361,37.487324],[126.88813,37.487066],[126.887313,37.486098],[126.88671,37.485383],[126.886374,37.484984],[126.886263,37.484793],[126.886173,37.484595],[126.886093,37.484389],[126.886028,37.48416],[126.885403,37.481404],[126.88538,37.481341],[126.885351,37.481285],[126.885312,37.481233],[126.885268,37.481186],[126.885212,37.481141],[126.885152,37.481109],[126.885079,37.481084],[126.883927,37.480735],[126.878212,37.479075],[126.867771,37.476023],[126.866721,37.475716],[126.866455,37.475642],[126.86634,37.475625],[126.866215,37.475616],[126.866089,37.475621],[126.865974,37.475643],[126.865862,37.475677],[126.865725,37.47575],[126.865471,37.475863],[126.86541,37.475891],[126.865364,37.475909],[126.862457,37.477061],[126.861887,37.477258],[126.856367,37.478845]]}},{"type":"Feature","properties":{"color":"#6E7E31","ref":"7"},"geometry":{"type":"LineString","coordinates":[[126.989904,37.486488],[126.989622,37.4864],[126.988706,37.486178],[126.988629,37.486159],[126.988445,37.486123],[126.988212,37.486084],[126.98796,37.486046],[126.983454,37.48548],[126.982197,37.485374],[126.981968,37.485303],[126.981702,37.485229],[126.975964,37.483341],[126.975715,37.483275],[126.975448,37.483224],[126.975248,37.483196],[126.975044,37.483184],[126.974503,37.483201],[126.974342,37.483215],[126.974227,37.483225],[126.973948,37.483261],[126.973671,37.483328],[126.973386,37.483427],[126.972861,37.48366],[126.972764,37.48371],[126.972674,37.483765],[126.972577,37.483831],[126.972521,37.483878],[126.972495,37.4839],[126.972423,37.483974],[126.972362,37.484045],[126.972294,37.484106],[126.972219,37.484162],[126.972138,37.484212],[126.972043,37.48426],[126.971858,37.484348],[126.970031,37.485048],[126.969958,37.485079],[126.969877,37.485113],[126.969845,37.485131],[126.969732,37.485192],[126.969582,37.485291],[126.969387,37.48545],[126.966563,37.487752],[126.96623,37.488024],[126.965016,37.488724],[126.964438,37.489028],[126.957245,37.492407],[126.956843,37.492648],[126.956615,37.492809],[126.956546,37.492858],[126.956324,37.493048],[126.95621,37.493165],[126.954101,37.495636],[126.952432,37.497531],[126.949181,37.501338],[126.947652,37.503194],[126.946411,37.504635],[126.946359,37.504693],[126.946189,37.504766],[126.945878,37.504874],[126.945071,37.50511],[126.944892,37.505142],[126.944728,37.50517],[126.944541,37.505186],[126.944393,37.505199],[126.944196,37.505205],[126.944079,37.505202],[126.94396,37.505199],[126.942165,37.505184],[126.941583,37.505157],[126.940858,37.505089],[126.940714,37.505075],[126.940559,37.505066],[126.940071,37.505057],[126.939677,37.505056],[126.939613,37.505054],[126.939547,37.505049],[126.939485,37.505042],[126.939424,37.505034],[126.93937,37.505022],[126.939306,37.505003],[126.939221,37.504963],[126.931957,37.500492],[126.931168,37.500004],[126.930938,37.499896],[126.93075,37.499821],[126.930566,37.499754],[126.930422,37.499717],[126.93026,37.499687],[126.930088,37.499666],[126.929872,37.499652],[126.929656,37.499649],[126.929408,37.499655],[126.928207,37.499684],[126.920797,37.499859],[126.920306,37.499869],[126.919748,37.499878],[126.918961,37.499889],[126.917227,37.499911],[126.914344,37.499972],[126.912972,37.5]]}},{"type":"Feature","properties":{"color":"#6E7E31","ref":"7"},"geometry":{"type":"LineString","coordinates":[[127.062256,37.522305],[127.062001,37.522019],[127.06178,37.521832],[127.061656,37.521735],[127.061527,37.521647],[127.061372,37.521551],[127.061152,37.521433],[127.0599,37.521002],[127.056901,37.519973],[127.055588,37.519747],[127.054608,37.519566],[127.053397,37.519344],[127.052353,37.519149],[127.052296,37.519139],[127.051509,37.518999],[127.050074,37.518744],[127.048606,37.5185],[127.047865,37.518351],[127.041382,37.517174],[127.041316,37.517161],[127.041223,37.517135],[127.035377,37.515377],[127.03075,37.513937],[127.021489,37.511097],[127.015909,37.509419],[127.011635,37.508152],[127.010174,37.507697],[127.010027,37.507639],[127.009901,37.507566],[127.00975,37.507461],[127.009589,37.507318],[127.009433,37.507142],[127.007921,37.505072],[127.00783,37.504966],[127.007764,37.504896],[127.007684,37.504829],[127.007595,37.504771],[127.007509,37.504714],[127.007378,37.504631],[127.007231,37.504547],[127.007105,37.504473],[127.006959,37.504388],[127.006779,37.504297],[127.005326,37.503786],[127.004765,37.503574],[127.00447,37.503424],[127.004135,37.503206],[127.003626,37.502807],[127.003472,37.502669],[127.003335,37.502547],[127.003131,37.50231],[127.002994,37.502111],[127.002769,37.501723],[127.002656,37.501377],[127.002552,37.501015],[127.002498,37.500696],[127.001955,37.49539],[127.00143,37.494259],[127.001019,37.493488],[126.999797,37.491718],[126.999456,37.491082],[126.999292,37.49082],[126.999059,37.490437],[126.998727,37.489993],[126.998394,37.489613],[126.998001,37.48927],[126.997649,37.48903],[126.997202,37.488775],[126.996565,37.488539],[126.995306,37.488159],[126.995106,37.488102],[126.994803,37.488012],[126.994264,37.487852],[126.992149,37.487188],[126.989904,37.486488]]}},{"type":"Feature","properties":{"color":"#6E7E31","ref":"7"},"geometry":{"type":"LineString","coordinates":[[127.06643,37.530799],[127.063147,37.523614],[127.062992,37.523294],[127.062787,37.522995],[127.062693,37.522871],[127.062526,37.522629],[127.062393,37.522479],[127.062286,37.522343],[127.062256,37.522305]]}},{"type":"Feature","properties":{"color":"#6E7E31","ref":"7"},"geometry":{"type":"LineString","coordinates":[[127.070184,37.538935],[127.067077,37.532213],[127.06643,37.530799]]}},{"type":"Feature","properties":{"color":"#6E7E31","ref":"7"},"geometry":{"type":"LineString","coordinates":[[127.078588,37.555513],[127.0779,37.554219],[127.077542,37.553545],[127.076697,37.551781],[127.076117,37.550416],[127.075279,37.54897],[127.074421,37.547613],[127.073677,37.546381],[127.071747,37.542288],[127.071539,37.541847],[127.070592,37.539842],[127.070521,37.539691],[127.070355,37.539339],[127.070184,37.538935]]}},{"type":"Feature","properties":{"color":"#6E7E31","ref":"7"},"geometry":{"type":"LineString","coordinates":[[127.074713,37.620537],[127.0749,37.619973],[127.07513,37.61928],[127.075211,37.619036],[127.075545,37.617998],[127.07566,37.61764],[127.076187,37.615977],[127.076322,37.615553],[127.07745,37.61205],[127.077626,37.611442],[127.079489,37.601634],[127.079579,37.601371],[127.079691,37.60108],[127.079859,37.600791],[127.079962,37.600632],[127.080066,37.60054],[127.080297,37.600364],[127.080537,37.600198],[127.080992,37.599899],[127.083344,37.59856],[127.084042,37.598194],[127.084229,37.598042],[127.084482,37.59784],[127.084852,37.597448],[127.085155,37.597138],[127.085351,37.596891],[127.085537,37.596379],[127.085681,37.595847],[127.086191,37.593848],[127.087226,37.589791],[127.087584,37.588387],[127.08825,37.586174],[127.088434,37.585431],[127.088628,37.5848],[127.08877,37.584311],[127.08886,37.583849],[127.088918,37.583451],[127.088939,37.583081],[127.088926,37.58281],[127.088869,37.582542],[127.088764,37.582005],[127.088625,37.581394],[127.08844,37.580721],[127.086695,37.574412],[127.086528,37.573871],[127.086409,37.573553],[127.086292,37.573246],[127.086206,37.572941],[127.086178,37.57274],[127.086159,37.572604],[127.086151,37.572443],[127.086177,37.570861],[127.086155,37.569371],[127.086125,37.569227],[127.086064,37.569081],[127.084526,37.566283],[127.079553,37.557214],[127.078588,37.555513]]}},{"type":"Feature","properties":{"color":"#6E7E31","ref":"7"},"geometry":{"type":"LineString","coordinates":[[127.055429,37.680449],[127.055424,37.680112],[127.055419,37.679728],[127.05539,37.678728],[127.055348,37.677137],[127.055344,37.67677],[127.055368,37.675815],[127.055359,37.675098],[127.055364,37.674807],[127.055375,37.674598],[127.055427,37.674231],[127.055554,37.673619],[127.056767,37.669062],[127.057477,37.666294],[127.057891,37.664758],[127.057976,37.664464],[127.058764,37.661235],[127.059656,37.657926],[127.060292,37.655521],[127.060353,37.655299],[127.060549,37.654608],[127.060665,37.654213],[127.060853,37.653528],[127.06139,37.651423],[127.062125,37.649131],[127.062882,37.647596],[127.063892,37.645534],[127.064793,37.643656],[127.065286,37.642566],[127.068244,37.635986],[127.068843,37.634635],[127.070004,37.632023],[127.070813,37.630171],[127.071388,37.628949],[127.073025,37.625616],[127.074713,37.620537]]}},{"type":"Feature","properties":{"color":"#6E7E31","ref":"7"},"geometry":{"type":"LineString","coordinates":[[127.047281,37.6882],[127.047578,37.687895],[127.05177,37.685111],[127.052508,37.68456],[127.054874,37.682609],[127.05506,37.682408],[127.055211,37.682228],[127.055336,37.682029],[127.055423,37.681806],[127.055454,37.681534],[127.055429,37.680449]]}},{"type":"Feature","properties":{"color":"#6E7E31","ref":"7"},"geometry":{"type":"LineString","coordinates":[[127.047281,37.6882],[127.046965,37.688562],[127.046918,37.688615],[127.046823,37.688757],[127.046798,37.688798]]}},{"type":"Feature","properties":{"color":"#6E7E31","ref":"7"},"geometry":{"type":"LineString","coordinates":[[127.046798,37.688798],[127.046607,37.689159],[127.046466,37.689495],[127.046399,37.689732],[127.046347,37.689987],[127.046326,37.690185]]}},{"type":"Feature","properties":{"color":"#6E7E31","ref":"7"},"geometry":{"type":"LineString","coordinates":[[127.046326,37.690185],[127.046322,37.690223],[127.046317,37.690245],[127.046306,37.690347],[127.046275,37.69081],[127.04623,37.69142],[127.046201,37.691895],[127.04618,37.692387],[127.046184,37.692632],[127.046222,37.692858]]}},{"type":"Feature","properties":{"color":"#6E7E31","ref":"7"},"geometry":{"type":"LineString","coordinates":[[127.046222,37.692858],[127.046269,37.693042],[127.046355,37.693245],[127.04644,37.693406],[127.046547,37.693566],[127.046649,37.693698],[127.046766,37.693826],[127.046943,37.693991],[127.047158,37.694157],[127.047428,37.69432],[127.04798,37.694593],[127.048962,37.69506],[127.049186,37.695176],[127.049432,37.695323],[127.049651,37.695486],[127.049865,37.69569],[127.049992,37.695831],[127.050095,37.695968],[127.050207,37.696134],[127.050639,37.696833]]}},{"type":"Feature","properties":{"color":"#6E7E31","ref":"7"},"geometry":{"type":"LineString","coordinates":[[127.050639,37.696833],[127.051109,37.697641],[127.051327,37.698025],[127.051505,37.698325],[127.051594,37.698475],[127.051649,37.698569]]}},{"type":"Feature","properties":{"color":"#004A85","ref":"1"},"geometry":{"type":"LineString","coordinates":[[126.884387,37.50471],[126.883787,37.504231],[126.883474,37.503956],[126.881784,37.502409]]}},{"type":"Feature","properties":{"color":"#004A85","ref":"1"},"geometry":{"type":"LineString","coordinates":[[126.881784,37.502409],[126.881609,37.502249],[126.881142,37.501821],[126.880678,37.501357],[126.880272,37.500918]]}},{"type":"Feature","properties":{"color":"#004A85","ref":"1"},"geometry":{"type":"LineString","coordinates":[[126.880272,37.500918],[126.880116,37.500749],[126.879694,37.500289],[126.879415,37.499928],[126.879207,37.499579]]}},{"type":"Feature","properties":{"color":"#004A85","ref":"1"},"geometry":{"type":"LineString","coordinates":[[126.880055,37.491521],[126.879851,37.494536],[126.879818,37.495121],[126.87979,37.49554],[126.879719,37.495979],[126.87958,37.496454],[126.879386,37.496957],[126.879194,37.497386],[126.879107,37.497608],[126.879025,37.497876],[126.878985,37.498124],[126.878959,37.498348],[126.878957,37.49856],[126.878976,37.498812],[126.879032,37.49909],[126.879122,37.499365],[126.879207,37.499579]]}},{"type":"Feature","properties":{"color":"#004A85","ref":"1"},"geometry":{"type":"LineString","coordinates":[[126.880052,37.490239],[126.880078,37.491032],[126.880055,37.491521]]}},{"type":"Feature","properties":{"color":"#004A85","ref":"1"},"geometry":{"type":"LineString","coordinates":[[126.894641,37.45449],[126.895,37.453501],[126.895198,37.452955]]}},{"type":"Feature","properties":{"color":"#004A85","ref":"1"},"geometry":{"type":"LineString","coordinates":[[126.89564,37.451965],[126.896176,37.45074]]}},{"type":"Feature","properties":{"color":"#004A85","ref":"1"},"geometry":{"type":"LineString","coordinates":[[126.896176,37.45074],[126.896597,37.449807],[126.897209,37.448393]]}},{"type":"Feature","properties":{"color":"#004A85","ref":"1"},"geometry":{"type":"LineString","coordinates":[[126.897209,37.448393],[126.898071,37.446433],[126.898405,37.445433],[126.898592,37.444458],[126.898659,37.443598],[126.898594,37.442814],[126.898462,37.442044],[126.89828,37.441354],[126.898033,37.440647],[126.897658,37.43988]]}},{"type":"Feature","properties":{"color":"#004A85","ref":"1"},"geometry":{"type":"LineString","coordinates":[[126.897658,37.43988],[126.897175,37.438969],[126.889749,37.425438],[126.888258,37.422494]]}},{"type":"Feature","properties":{"color":"#004A85","ref":"1"},"geometry":{"type":"LineString","coordinates":[[126.888258,37.422494],[126.887871,37.421617],[126.887629,37.421081],[126.887267,37.420323],[126.886466,37.418949]]}},{"type":"Feature","properties":{"color":"#004A85","ref":"1"},"geometry":{"type":"LineString","coordinates":[[126.886466,37.418949],[126.886264,37.418461],[126.886082,37.418141]]}},{"type":"Feature","properties":{"color":"#004A85","ref":"1"},"geometry":{"type":"LineString","coordinates":[[126.886082,37.418141],[126.885781,37.417581]]}},{"type":"Feature","properties":{"color":"#004A85","ref":"1"},"geometry":{"type":"LineString","coordinates":[[126.885781,37.417581],[126.884787,37.41576]]}},{"type":"Feature","properties":{"color":"#009BCE","ref":"4"},"geometry":{"type":"LineString","coordinates":[[126.789133,37.327028],[126.790179,37.326553],[126.79055,37.326373],[126.791602,37.32584],[126.791791,37.325755]]}},{"type":"Feature","properties":{"color":"#009BCE","ref":"4"},"geometry":{"type":"LineString","coordinates":[[126.791791,37.325755],[126.792009,37.325624]]}},{"type":"Feature","properties":{"color":"#004A85","ref":"1"},"geometry":{"type":"LineString","coordinates":[[127.059673,37.62838],[127.059788,37.628152],[127.060041,37.627695]]}},{"type":"Feature","properties":{"color":"#7C4932","ref":"6"},"geometry":{"type":"LineString","coordinates":[[127.103408,37.61279],[127.103892,37.612638],[127.104646,37.612403]]}},{"type":"Feature","properties":{"color":"#7C4932","ref":"6"},"geometry":{"type":"LineString","coordinates":[[127.103408,37.61279],[127.102959,37.612989]]}},{"type":"Feature","properties":{"color":"#7C4932","ref":"6"},"geometry":{"type":"LineString","coordinates":[[127.102452,37.613148],[127.102653,37.613082],[127.102731,37.613058],[127.102959,37.612989]]}},{"type":"Feature","properties":{"color":"#7C4932","ref":"6"},"geometry":{"type":"LineString","coordinates":[[127.102016,37.613344],[127.102353,37.6132],[127.102452,37.613148]]}},{"type":"Feature","properties":{"color":"#7C4932","ref":"6"},"geometry":{"type":"LineString","coordinates":[[127.102016,37.613344],[127.101987,37.613353],[127.10193,37.613371],[127.101832,37.613403]]}},{"type":"Feature","properties":{"color":"#7C4932","ref":"6"},"geometry":{"type":"LineString","coordinates":[[127.101832,37.613403],[127.101096,37.613635]]}},{"type":"Feature","properties":{"color":"#7C4932","ref":"6"},"geometry":{"type":"LineString","coordinates":[[127.101096,37.613635],[127.100402,37.613858]]}},{"type":"Feature","properties":{"color":"#7C4932","ref":"6"},"geometry":{"type":"LineString","coordinates":[[127.100402,37.613858],[127.100312,37.613888]]}},{"type":"Feature","properties":{"color":"#7C4932","ref":"6"},"geometry":{"type":"LineString","coordinates":[[127.100312,37.613888],[127.099098,37.61427]]}},{"type":"Feature","properties":{"color":"#7C4932","ref":"6"},"geometry":{"type":"LineString","coordinates":[[127.099098,37.61427],[127.09862,37.614423]]}},{"type":"Feature","properties":{"color":"#7C4932","ref":"6"},"geometry":{"type":"LineString","coordinates":[[127.09862,37.614423],[127.097754,37.61471],[127.097485,37.614805],[127.097312,37.614864],[127.097012,37.614999],[127.096237,37.615324]]}},{"type":"Feature","properties":{"color":"#7C4932","ref":"6"},"geometry":{"type":"LineString","coordinates":[[127.091107,37.617441],[127.091231,37.617388],[127.095184,37.615708],[127.095866,37.615459],[127.096237,37.615324]]}},{"type":"Feature","properties":{"color":"red","ref":"CK"},"geometry":{"type":"LineString","coordinates":[[130.7647,33.866566],[130.764459,33.866569]]}},{"type":"Feature","properties":{"color":"red","ref":"CK"},"geometry":{"type":"LineString","coordinates":[[130.764459,33.866569],[130.764148,33.866567],[130.763882,33.866553],[130.763601,33.866558],[130.763361,33.866559],[130.763078,33.866534],[130.762818,33.866497],[130.762618,33.866449],[130.762275,33.866363],[130.761895,33.866287],[130.761608,33.86626],[130.76073,33.866223],[130.760689,33.866221]]}},{"type":"Feature","properties":{"color":"red","ref":"CK"},"geometry":{"type":"LineString","coordinates":[[130.760689,33.866221],[130.760511,33.866215]]}},{"type":"Feature","properties":{"color":"red","ref":"CK"},"geometry":{"type":"LineString","coordinates":[[130.760511,33.866215],[130.757973,33.866097]]}},{"type":"Feature","properties":{"color":"red","ref":"CK"},"geometry":{"type":"LineString","coordinates":[[130.757973,33.866097],[130.757489,33.866088],[130.756119,33.866023],[130.755827,33.866019],[130.755395,33.866033],[130.754842,33.86606],[130.754533,33.866069],[130.754301,33.866063],[130.754018,33.866036],[130.75388,33.866011],[130.753712,33.86598],[130.753329,33.865875],[130.753086,33.865782],[130.752922,33.865711],[130.752652,33.86557],[130.752341,33.865351],[130.752063,33.865141],[130.7518,33.864927],[130.75166,33.864808],[130.751537,33.864689],[130.751489,33.864636],[130.751401,33.864537],[130.751285,33.864387],[130.751179,33.864233],[130.751077,33.864071]]}},{"type":"Feature","properties":{"color":"red","ref":"CK"},"geometry":{"type":"LineString","coordinates":[[130.751077,33.864071],[130.750954,33.863884]]}},{"type":"Feature","properties":{"color":"red","ref":"CK"},"geometry":{"type":"LineString","coordinates":[[130.750954,33.863884],[130.750823,33.863675],[130.75062,33.863368],[130.750369,33.862958],[130.750161,33.862641],[130.749918,33.862245],[130.749557,33.861671],[130.749462,33.861525]]}},{"type":"Feature","properties":{"color":"red","ref":"CK"},"geometry":{"type":"LineString","coordinates":[[130.749462,33.861525],[130.749259,33.861215],[130.749024,33.860919]]}},{"type":"Feature","properties":{"color":"red","ref":"CK"},"geometry":{"type":"LineString","coordinates":[[130.749024,33.860919],[130.748714,33.860548],[130.748508,33.860322]]}},{"type":"Feature","properties":{"color":"red","ref":"CK"},"geometry":{"type":"LineString","coordinates":[[130.748508,33.860322],[130.748208,33.860014],[130.747807,33.859647],[130.747639,33.859504],[130.746285,33.858451],[130.744897,33.857361]]}},{"type":"Feature","properties":{"color":"red","ref":"CK"},"geometry":{"type":"LineString","coordinates":[[130.744897,33.857361],[130.743144,33.856075]]}},{"type":"Feature","properties":{"color":"red","ref":"CK"},"geometry":{"type":"LineString","coordinates":[[130.743144,33.856075],[130.742767,33.855805],[130.742528,33.855618],[130.742269,33.855404],[130.742025,33.855174],[130.741938,33.855084]]}},{"type":"Feature","properties":{"color":"red","ref":"CK"},"geometry":{"type":"LineString","coordinates":[[130.741938,33.855084],[130.741801,33.854951]]}},{"type":"Feature","properties":{"color":"red","ref":"CK"},"geometry":{"type":"LineString","coordinates":[[130.741801,33.854951],[130.741783,33.85493],[130.741608,33.854729],[130.74151,33.854596],[130.741294,33.854303],[130.741128,33.854041],[130.740991,33.853774],[130.740971,33.853734],[130.740866,33.853525],[130.740722,33.853152],[130.740656,33.852922]]}},{"type":"Feature","properties":{"color":"red","ref":"CK"},"geometry":{"type":"LineString","coordinates":[[130.740656,33.852922],[130.740536,33.852393],[130.7404,33.851349],[130.740364,33.851085],[130.740176,33.849671],[130.740154,33.849484],[130.740084,33.848895],[130.739998,33.84825],[130.739939,33.847774],[130.739703,33.845967],[130.739681,33.845785],[130.739652,33.845548]]}},{"type":"Feature","properties":{"color":"red","ref":"CK"},"geometry":{"type":"LineString","coordinates":[[130.739652,33.845548],[130.739607,33.845091],[130.73959,33.844476],[130.739573,33.843738],[130.739546,33.843328],[130.739489,33.842905],[130.739398,33.84249],[130.739281,33.842106],[130.738985,33.841288],[130.738647,33.840467],[130.7384,33.839728],[130.738288,33.839351]]}},{"type":"Feature","properties":{"color":"red","ref":"CK"},"geometry":{"type":"LineString","coordinates":[[130.738288,33.839351],[130.738165,33.838925]]}},{"type":"Feature","properties":{"color":"red","ref":"CK"},"geometry":{"type":"LineString","coordinates":[[130.738165,33.838925],[130.738155,33.83889],[130.738116,33.838767],[130.738042,33.838539],[130.737915,33.838083],[130.737791,33.837683],[130.737683,33.837346],[130.737539,33.836934]]}},{"type":"Feature","properties":{"color":"red","ref":"CK"},"geometry":{"type":"LineString","coordinates":[[130.737539,33.836934],[130.737497,33.836821]]}},{"type":"Feature","properties":{"color":"red","ref":"CK"},"geometry":{"type":"LineString","coordinates":[[130.737497,33.836821],[130.737364,33.83655],[130.737197,33.836229]]}},{"type":"Feature","properties":{"color":"red","ref":"CK"},"geometry":{"type":"LineString","coordinates":[[130.737197,33.836229],[130.737062,33.836004]]}},{"type":"Feature","properties":{"color":"red","ref":"CK"},"geometry":{"type":"LineString","coordinates":[[130.737062,33.836004],[130.736708,33.835482]]}},{"type":"Feature","properties":{"color":"red","ref":"CK"},"geometry":{"type":"LineString","coordinates":[[130.736708,33.835482],[130.736588,33.835323]]}},{"type":"Feature","properties":{"color":"red","ref":"CK"},"geometry":{"type":"LineString","coordinates":[[130.736588,33.835323],[130.736053,33.834713]]}},{"type":"Feature","properties":{"color":"red","ref":"CK"},"geometry":{"type":"LineString","coordinates":[[130.736053,33.834713],[130.735851,33.834511],[130.735828,33.834488],[130.735805,33.834467],[130.734258,33.833054],[130.733922,33.832697],[130.733626,33.83233],[130.733412,33.832043],[130.733102,33.831608],[130.732769,33.830981],[130.732628,33.830651],[130.732518,33.830315],[130.732406,33.82981],[130.73237,33.829677],[130.732249,33.829027],[130.732106,33.828475],[130.732061,33.828297],[130.731845,33.827736],[130.731595,33.82719],[130.731113,33.826127],[130.730972,33.825858],[130.730796,33.825536],[130.730581,33.825249],[130.730389,33.82499],[130.730059,33.824626],[130.729778,33.824359],[130.729515,33.824129],[130.729192,33.82392],[130.728855,33.823691],[130.728629,33.823552],[130.728416,33.823447],[130.72824,33.82336],[130.727912,33.823218],[130.727566,33.823095],[130.727033,33.822926],[130.726761,33.822848],[130.726502,33.822776],[130.725358,33.822474],[130.724645,33.822251],[130.72441,33.822156]]}},{"type":"Feature","properties":{"color":"red","ref":"CK"},"geometry":{"type":"LineString","coordinates":[[130.72441,33.822156],[130.724285,33.822106]]}},{"type":"Feature","properties":{"color":"red","ref":"CK"},"geometry":{"type":"LineString","coordinates":[[130.724285,33.822106],[130.723998,33.821978],[130.723654,33.821792],[130.723273,33.821551],[130.722951,33.82133],[130.722673,33.821104],[130.721622,33.820207],[130.721465,33.820086],[130.719887,33.818991],[130.717809,33.817574],[130.717229,33.817172],[130.716886,33.816895],[130.716566,33.816586],[130.71649,33.816499],[130.716475,33.816481]]}},{"type":"Feature","properties":{"color":"red","ref":"CK"},"geometry":{"type":"LineString","coordinates":[[130.716475,33.816481],[130.716327,33.816305],[130.7163,33.816263]]}},{"type":"Feature","properties":{"color":"red","ref":"CK"},"geometry":{"type":"LineString","coordinates":[[130.7163,33.816263],[130.716197,33.816105],[130.716183,33.816084]]}},{"type":"Feature","properties":{"color":"red","ref":"CK"},"geometry":{"type":"LineString","coordinates":[[130.716183,33.816084],[130.71613,33.816003],[130.716099,33.815939]]}},{"type":"Feature","properties":{"color":"red","ref":"CK"},"geometry":{"type":"LineString","coordinates":[[130.716099,33.815939],[130.715964,33.815663]]}},{"type":"Feature","properties":{"color":"red","ref":"CK"},"geometry":{"type":"LineString","coordinates":[[130.715964,33.815663],[130.71592,33.815574],[130.715707,33.815028],[130.715696,33.814999],[130.715689,33.814983],[130.715468,33.814485],[130.71525,33.814085],[130.715193,33.813993]]}},{"type":"Feature","properties":{"color":"red","ref":"CK"},"geometry":{"type":"LineString","coordinates":[[130.715193,33.813993],[130.715105,33.813853]]}},{"type":"Feature","properties":{"color":"red","ref":"CK"},"geometry":{"type":"LineString","coordinates":[[130.715105,33.813853],[130.715076,33.813806],[130.714953,33.81363],[130.71464,33.813253],[130.714274,33.812874],[130.713616,33.812272],[130.713167,33.811857],[130.712848,33.811523],[130.712747,33.811411]]}},{"type":"Feature","properties":{"color":"red","ref":"CK"},"geometry":{"type":"LineString","coordinates":[[130.712747,33.811411],[130.712588,33.811212],[130.712529,33.811137]]}},{"type":"Feature","properties":{"color":"red","ref":"CK"},"geometry":{"type":"LineString","coordinates":[[130.712529,33.811137],[130.712434,33.810998],[130.712289,33.810764],[130.712133,33.8105],[130.711951,33.810123],[130.711935,33.810083]]}},{"type":"Feature","properties":{"color":"red","ref":"CK"},"geometry":{"type":"LineString","coordinates":[[130.711935,33.810083],[130.711906,33.810009]]}},{"type":"Feature","properties":{"color":"red","ref":"CK"},"geometry":{"type":"LineString","coordinates":[[130.711906,33.810009],[130.7119,33.809994]]}},{"type":"Feature","properties":{"color":"red","ref":"CK"},"geometry":{"type":"LineString","coordinates":[[130.7119,33.809994],[130.711779,33.809625],[130.711645,33.809078],[130.711547,33.808673],[130.711435,33.808145],[130.71126,33.807359],[130.711203,33.807071],[130.711169,33.806789],[130.71114,33.806444],[130.711159,33.805936],[130.711171,33.805772],[130.711216,33.805477],[130.711271,33.805224],[130.711362,33.804911],[130.711448,33.804648],[130.711561,33.804383],[130.711599,33.80431],[130.711684,33.804146],[130.711939,33.803717],[130.712143,33.803426],[130.712336,33.803189],[130.712539,33.802968],[130.712701,33.802798],[130.712854,33.802649],[130.71312,33.802435],[130.71343,33.802195],[130.713831,33.801928],[130.714405,33.80163],[130.714641,33.801518],[130.714893,33.801414],[130.716864,33.800623],[130.71692,33.8006],[130.717413,33.800396],[130.71798,33.800161],[130.718289,33.800019],[130.718594,33.799837],[130.718797,33.799718],[130.719159,33.799474],[130.719521,33.79919],[130.719744,33.799001],[130.719965,33.798779],[130.720182,33.798548],[130.72033,33.798363],[130.720672,33.79787],[130.720912,33.797426],[130.721099,33.79697],[130.721218,33.796599],[130.721289,33.796349],[130.721443,33.795636],[130.72152,33.795305],[130.721635,33.794817],[130.721712,33.794538],[130.721865,33.794103],[130.722056,33.793631],[130.722213,33.793289],[130.722469,33.792833],[130.722677,33.792489],[130.723146,33.791781],[130.723492,33.791246],[130.724213,33.790137],[130.724422,33.789733],[130.724549,33.789434],[130.724653,33.789169],[130.724707,33.788947],[130.724783,33.788632],[130.724813,33.788435],[130.724838,33.788218],[130.724865,33.787879]]}},{"type":"Feature","properties":{"color":"red","ref":"CK"},"geometry":{"type":"LineString","coordinates":[[130.724865,33.787879],[130.724865,33.787702],[130.724849,33.787374]]}},{"type":"Feature","properties":{"color":"red","ref":"CK"},"geometry":{"type":"LineString","coordinates":[[130.724849,33.787374],[130.724823,33.787049],[130.724792,33.786666],[130.724597,33.784542],[130.724493,33.783578],[130.724482,33.78347],[130.724416,33.78284],[130.724364,33.782454],[130.724337,33.782143],[130.724328,33.781773],[130.724325,33.781669],[130.724333,33.781522],[130.724354,33.78102],[130.724404,33.78059],[130.724468,33.78025],[130.724496,33.78012]]}},{"type":"Feature","properties":{"color":"red","ref":"CK"},"geometry":{"type":"LineString","coordinates":[[130.724496,33.78012],[130.724501,33.780098]]}},{"type":"Feature","properties":{"color":"red","ref":"CK"},"geometry":{"type":"LineString","coordinates":[[130.724501,33.780098],[130.724566,33.779793],[130.724748,33.77919],[130.724773,33.779109],[130.724792,33.779047],[130.724819,33.778982],[130.725063,33.778412],[130.725178,33.778159],[130.725317,33.777921],[130.725489,33.777612],[130.725704,33.777271],[130.725933,33.77695],[130.726453,33.776178],[130.726697,33.775815],[130.726921,33.775503],[130.727432,33.77474],[130.727597,33.774465],[130.727785,33.774133],[130.728246,33.773327],[130.728407,33.77304],[130.728924,33.772123],[130.72951,33.771091],[130.729876,33.770442],[130.730134,33.769986],[130.730577,33.769194],[130.730641,33.769078],[130.731172,33.768141],[130.731668,33.76727],[130.731699,33.767215],[130.731717,33.767184],[130.732403,33.765973],[130.732804,33.765246],[130.732816,33.765225],[130.733057,33.764692],[130.733216,33.76428],[130.733333,33.763933]]}},{"type":"Feature","properties":{"color":"red","ref":"CK"},"geometry":{"type":"LineString","coordinates":[[130.733333,33.763933],[130.733343,33.763901]]}},{"type":"Feature","properties":{"color":"red","ref":"CK"},"geometry":{"type":"LineString","coordinates":[[130.733343,33.763901],[130.733354,33.76387],[130.733364,33.763832],[130.733436,33.763565],[130.733543,33.762994],[130.73364,33.762383],[130.733718,33.761892],[130.73386,33.760961],[130.73388,33.760659],[130.733876,33.760492],[130.733853,33.760278],[130.733832,33.760157],[130.73371,33.759771],[130.733553,33.75945],[130.733398,33.759196],[130.733091,33.758768]]}},{"type":"Feature","properties":{"color":"red","ref":"CK"},"geometry":{"type":"LineString","coordinates":[[130.733091,33.758768],[130.73307,33.758738]]}},{"type":"Feature","properties":{"color":"red","ref":"CK"},"geometry":{"type":"LineString","coordinates":[[130.73307,33.758738],[130.732815,33.758383],[130.732703,33.758227]]}},{"type":"Feature","properties":{"color":"red","ref":"CK"},"geometry":{"type":"LineString","coordinates":[[130.732703,33.758227],[130.732464,33.75788]]}},{"type":"Feature","properties":{"color":"red","ref":"CK"},"geometry":{"type":"LineString","coordinates":[[130.732464,33.75788],[130.73233,33.757702]]}},{"type":"Feature","properties":{"color":"red","ref":"CK"},"geometry":{"type":"LineString","coordinates":[[130.73233,33.757702],[130.732305,33.757662],[130.731843,33.757026],[130.731684,33.756824],[130.731503,33.756623],[130.731294,33.756428]]}},{"type":"Feature","properties":{"color":"red","ref":"CK"},"geometry":{"type":"LineString","coordinates":[[130.731294,33.756428],[130.731147,33.756319],[130.727779,33.754374],[130.727415,33.754167],[130.726932,33.753893],[130.726598,33.753701]]}},{"type":"Feature","properties":{"color":"red","ref":"CK"},"geometry":{"type":"LineString","coordinates":[[130.726598,33.753701],[130.726252,33.753517]]}},{"type":"Feature","properties":{"color":"red","ref":"CK"},"geometry":{"type":"LineString","coordinates":[[130.726239,33.753546],[130.726579,33.753722],[130.726912,33.753916],[130.727395,33.754197],[130.727759,33.754394],[130.731023,33.75628],[130.731126,33.756342],[130.731281,33.756461]]}},{"type":"Feature","properties":{"color":"red","ref":"CK"},"geometry":{"type":"LineString","coordinates":[[130.731281,33.756461],[130.731477,33.756648],[130.731659,33.756847],[130.731805,33.757039],[130.7323,33.757719]]}},{"type":"Feature","properties":{"color":"red","ref":"CK"},"geometry":{"type":"LineString","coordinates":[[130.7323,33.757719],[130.732423,33.757906]]}},{"type":"Feature","properties":{"color":"red","ref":"CK"},"geometry":{"type":"LineString","coordinates":[[130.732423,33.757906],[130.732679,33.758253],[130.732805,33.758428],[130.733044,33.75876]]}},{"type":"Feature","properties":{"color":"red","ref":"CK"},"geometry":{"type":"LineString","coordinates":[[130.733044,33.75876],[130.733066,33.758791]]}},{"type":"Feature","properties":{"color":"red","ref":"CK"},"geometry":{"type":"LineString","coordinates":[[130.733066,33.758791],[130.733368,33.759211],[130.733523,33.759467],[130.733666,33.759776],[130.73374,33.759964],[130.733791,33.760177],[130.733838,33.7605],[130.73384,33.760756],[130.733819,33.760967],[130.733677,33.761898],[130.733605,33.762372],[130.73351,33.762991],[130.7334,33.763553],[130.733325,33.763827],[130.733317,33.763858],[130.733309,33.763883]]}},{"type":"Feature","properties":{"color":"red","ref":"CK"},"geometry":{"type":"LineString","coordinates":[[130.733309,33.763883],[130.733297,33.763919]]}},{"type":"Feature","properties":{"color":"red","ref":"CK"},"geometry":{"type":"LineString","coordinates":[[130.733297,33.763919],[130.733186,33.764264],[130.733028,33.764673],[130.732914,33.764936],[130.732777,33.765217],[130.732765,33.76524],[130.732653,33.765447],[130.732377,33.765937],[130.731682,33.767172],[130.731665,33.767202],[130.731634,33.767258],[130.731143,33.768128],[130.730665,33.768961],[130.730608,33.769068],[130.7301,33.769973],[130.729841,33.770429],[130.729474,33.771077],[130.728889,33.772109],[130.72837,33.773025],[130.727843,33.773972],[130.727729,33.774159],[130.727411,33.774697],[130.727141,33.775105],[130.726655,33.775814],[130.72642,33.776154],[130.725902,33.776926],[130.725673,33.777255],[130.725453,33.777601],[130.725282,33.777905],[130.725146,33.778146],[130.725032,33.7784],[130.724824,33.778877],[130.724783,33.778974],[130.724752,33.779045],[130.724734,33.779107],[130.72471,33.779191],[130.724527,33.779787],[130.724463,33.780099]]}},{"type":"Feature","properties":{"color":"red","ref":"CK"},"geometry":{"type":"LineString","coordinates":[[130.724463,33.780099],[130.724458,33.780124]]}},{"type":"Feature","properties":{"color":"red","ref":"CK"},"geometry":{"type":"LineString","coordinates":[[130.724458,33.780124],[130.724434,33.780242],[130.724372,33.780589],[130.724324,33.781019],[130.724296,33.781514],[130.72429,33.781676],[130.724293,33.78177],[130.724303,33.782144],[130.724332,33.782458],[130.724378,33.782838],[130.724439,33.783471],[130.72445,33.783584],[130.724543,33.78452],[130.724739,33.786461],[130.724743,33.786531],[130.724784,33.787038],[130.724808,33.787377]]}},{"type":"Feature","properties":{"color":"red","ref":"CK"},"geometry":{"type":"LineString","coordinates":[[130.724808,33.787377],[130.724826,33.787696],[130.724824,33.787918]]}},{"type":"Feature","properties":{"color":"red","ref":"CK"},"geometry":{"type":"LineString","coordinates":[[130.724824,33.787918],[130.724808,33.788139],[130.724771,33.788425],[130.724721,33.788711],[130.724714,33.78875],[130.724667,33.788942],[130.724618,33.789161],[130.724525,33.789422],[130.724419,33.789662],[130.724377,33.789765],[130.724242,33.790027],[130.724123,33.790211],[130.72311,33.791763],[130.722638,33.792476],[130.722414,33.792847],[130.722172,33.793275],[130.72202,33.793621],[130.721828,33.794091],[130.721677,33.794526],[130.721598,33.79481],[130.721483,33.795293],[130.721423,33.795546],[130.721253,33.796338],[130.721184,33.796585],[130.721069,33.796953],[130.720879,33.797411],[130.720635,33.797855],[130.720456,33.79813],[130.720297,33.798348],[130.720163,33.798521],[130.719951,33.798751],[130.719715,33.79898],[130.719481,33.799178],[130.719153,33.799443],[130.718791,33.799678],[130.718697,33.79974],[130.718558,33.799822],[130.718265,33.799989],[130.717965,33.800131],[130.717384,33.80038],[130.716894,33.800578],[130.716857,33.800593],[130.714873,33.801387],[130.714625,33.801484],[130.714378,33.801603],[130.714095,33.801742],[130.713829,33.801887],[130.713421,33.80216],[130.713096,33.802413],[130.712835,33.802625],[130.712662,33.80278],[130.712505,33.802949],[130.712303,33.803172],[130.712111,33.803408],[130.712017,33.803535],[130.711813,33.803843],[130.711632,33.804162],[130.711565,33.804299],[130.711473,33.804485],[130.711335,33.804842],[130.711241,33.805191],[130.71118,33.805466],[130.711123,33.805801],[130.711115,33.805985],[130.71111,33.806447],[130.711127,33.80679],[130.711169,33.80709],[130.711217,33.807366],[130.711394,33.808154],[130.711514,33.808675],[130.711603,33.809084],[130.711691,33.809449],[130.7118,33.809791],[130.711871,33.809994],[130.711882,33.810022]]}},{"type":"Feature","properties":{"color":"red","ref":"CK"},"geometry":{"type":"LineString","coordinates":[[130.711882,33.810022],[130.711912,33.810098]]}},{"type":"Feature","properties":{"color":"red","ref":"CK"},"geometry":{"type":"LineString","coordinates":[[130.711912,33.810098],[130.711941,33.810197],[130.712098,33.810513],[130.712249,33.810774],[130.712399,33.811007],[130.712501,33.811151]]}},{"type":"Feature","properties":{"color":"red","ref":"CK"},"geometry":{"type":"LineString","coordinates":[[130.712501,33.811151],[130.71272,33.811423]]}},{"type":"Feature","properties":{"color":"red","ref":"CK"},"geometry":{"type":"LineString","coordinates":[[130.71272,33.811423],[130.712808,33.811533],[130.712911,33.81164],[130.713141,33.811875],[130.713583,33.812292],[130.714246,33.81289],[130.714608,33.81327],[130.714718,33.813392],[130.714917,33.813647],[130.715039,33.81382],[130.715076,33.813877]]}},{"type":"Feature","properties":{"color":"red","ref":"CK"},"geometry":{"type":"LineString","coordinates":[[130.715076,33.813877],[130.715163,33.814011]]}},{"type":"Feature","properties":{"color":"red","ref":"CK"},"geometry":{"type":"LineString","coordinates":[[130.715163,33.814011],[130.715217,33.814094],[130.715345,33.814322],[130.715459,33.814562],[130.71564,33.81497],[130.715654,33.815007],[130.715817,33.815424],[130.715868,33.815555],[130.715924,33.815689]]}},{"type":"Feature","properties":{"color":"red","ref":"CK"},"geometry":{"type":"LineString","coordinates":[[130.715924,33.815689],[130.716066,33.815974]]}},{"type":"Feature","properties":{"color":"red","ref":"CK"},"geometry":{"type":"LineString","coordinates":[[130.716066,33.815974],[130.716074,33.815988],[130.716114,33.816049]]}},{"type":"Feature","properties":{"color":"red","ref":"CK"},"geometry":{"type":"LineString","coordinates":[[130.716114,33.816049],[130.716215,33.816204]]}},{"type":"Feature","properties":{"color":"red","ref":"CK"},"geometry":{"type":"LineString","coordinates":[[130.716215,33.816204],[130.716343,33.816365],[130.716463,33.816513],[130.716562,33.816633],[130.716803,33.816875],[130.717191,33.817183],[130.717983,33.817727],[130.719861,33.819012],[130.721277,33.819987],[130.721438,33.82011],[130.721594,33.820233],[130.722644,33.821123],[130.722929,33.82136],[130.723244,33.821575],[130.723619,33.821804],[130.723968,33.821995],[130.724184,33.822097],[130.724263,33.822135]]}},{"type":"Feature","properties":{"color":"red","ref":"CK"},"geometry":{"type":"LineString","coordinates":[[130.724263,33.822135],[130.724382,33.822188]]}},{"type":"Feature","properties":{"color":"red","ref":"CK"},"geometry":{"type":"LineString","coordinates":[[130.724382,33.822188],[130.724632,33.822283],[130.725348,33.822504],[130.726477,33.822802],[130.726747,33.822872],[130.727027,33.82295],[130.727559,33.823118],[130.727901,33.823242],[130.728218,33.823383],[130.728412,33.823483],[130.728612,33.823587],[130.728829,33.823711],[130.72917,33.823936],[130.729504,33.824177],[130.729738,33.824371],[130.73002,33.824643],[130.730368,33.825015],[130.730564,33.825267],[130.730765,33.82556],[130.730941,33.825868],[130.731083,33.826146],[130.731556,33.827207],[130.731809,33.827749],[130.732028,33.828295],[130.732074,33.828484],[130.732213,33.829037],[130.732335,33.829682],[130.732364,33.829819],[130.732486,33.830327],[130.732597,33.830662],[130.732736,33.830987],[130.733066,33.831617],[130.733382,33.832062],[130.733592,33.832346],[130.733893,33.832713],[130.734233,33.833077],[130.735778,33.834497],[130.735802,33.834519],[130.735826,33.834542],[130.736015,33.83473]]}},{"type":"Feature","properties":{"color":"red","ref":"CK"},"geometry":{"type":"LineString","coordinates":[[130.736015,33.83473],[130.736565,33.835349]]}},{"type":"Feature","properties":{"color":"red","ref":"CK"},"geometry":{"type":"LineString","coordinates":[[130.736565,33.835349],[130.736682,33.835511]]}},{"type":"Feature","properties":{"color":"red","ref":"CK"},"geometry":{"type":"LineString","coordinates":[[130.736682,33.835511],[130.736767,33.835628],[130.737023,33.836009]]}},{"type":"Feature","properties":{"color":"red","ref":"CK"},"geometry":{"type":"LineString","coordinates":[[130.737023,33.836009],[130.737157,33.836255]]}},{"type":"Feature","properties":{"color":"red","ref":"CK"},"geometry":{"type":"LineString","coordinates":[[130.737157,33.836255],[130.737325,33.836558],[130.737457,33.83686]]}},{"type":"Feature","properties":{"color":"red","ref":"CK"},"geometry":{"type":"LineString","coordinates":[[130.737457,33.83686],[130.737505,33.836986]]}},{"type":"Feature","properties":{"color":"red","ref":"CK"},"geometry":{"type":"LineString","coordinates":[[130.737505,33.836986],[130.737651,33.837362],[130.737755,33.837697],[130.737875,33.838087],[130.738004,33.838535],[130.738069,33.838771],[130.738112,33.838897],[130.738126,33.838937]]}},{"type":"Feature","properties":{"color":"red","ref":"CK"},"geometry":{"type":"LineString","coordinates":[[130.738126,33.838937],[130.738247,33.839352]]}},{"type":"Feature","properties":{"color":"red","ref":"CK"},"geometry":{"type":"LineString","coordinates":[[130.738247,33.839352],[130.738332,33.839636],[130.738608,33.840479],[130.738931,33.841294],[130.739248,33.842118],[130.739362,33.842498],[130.739452,33.842911],[130.739507,33.843329],[130.739532,33.843749],[130.73955,33.844454],[130.739572,33.845101],[130.739622,33.845548],[130.739632,33.84565],[130.739649,33.845789],[130.739901,33.847774],[130.739955,33.848252],[130.740034,33.8489],[130.740114,33.849488],[130.74014,33.849677],[130.740328,33.851092],[130.74036,33.851352],[130.740496,33.852396],[130.740614,33.852931],[130.740729,33.853286],[130.74083,33.853537],[130.740936,33.853754],[130.740957,33.85379],[130.741094,33.854052],[130.741254,33.854308],[130.741476,33.854614],[130.741604,33.854777],[130.74175,33.854951],[130.741773,33.854972]]}},{"type":"Feature","properties":{"color":"red","ref":"CK"},"geometry":{"type":"LineString","coordinates":[[130.741773,33.854972],[130.741897,33.855104]]}},{"type":"Feature","properties":{"color":"red","ref":"CK"},"geometry":{"type":"LineString","coordinates":[[130.741897,33.855104],[130.741997,33.855198],[130.742243,33.855428],[130.742499,33.855637],[130.742726,33.855812],[130.743116,33.856093]]}},{"type":"Feature","properties":{"color":"red","ref":"CK"},"geometry":{"type":"LineString","coordinates":[[130.743116,33.856093],[130.744084,33.856801],[130.744872,33.857389],[130.746965,33.859017],[130.747616,33.859534],[130.748028,33.859893],[130.748214,33.860069],[130.748478,33.860345]]}},{"type":"Feature","properties":{"color":"red","ref":"CK"},"geometry":{"type":"LineString","coordinates":[[130.748478,33.860345],[130.748683,33.86057],[130.748982,33.860928],[130.749221,33.861229],[130.749325,33.861387],[130.749426,33.861543],[130.749518,33.861687],[130.74988,33.862256],[130.750132,33.862667],[130.750329,33.862969],[130.750576,33.863361],[130.750779,33.863678],[130.750908,33.863889]]}},{"type":"Feature","properties":{"color":"red","ref":"CK"},"geometry":{"type":"LineString","coordinates":[[130.750908,33.863889],[130.751025,33.864069]]}},{"type":"Feature","properties":{"color":"red","ref":"CK"},"geometry":{"type":"LineString","coordinates":[[130.751025,33.864069],[130.751137,33.864242],[130.751234,33.864384],[130.751371,33.864568],[130.751458,33.864654],[130.751513,33.864709],[130.751613,33.864816],[130.751763,33.864945],[130.752046,33.865168],[130.752307,33.86537],[130.752623,33.865593],[130.752904,33.865745],[130.753081,33.865817],[130.753383,33.86593],[130.753702,33.866013],[130.753855,33.866041],[130.754011,33.866069],[130.754289,33.866098],[130.754562,33.866102],[130.754854,33.86609],[130.755269,33.866077],[130.755531,33.866069],[130.755822,33.86606],[130.756118,33.866062],[130.757971,33.866135],[130.760508,33.866241]]}},{"type":"Feature","properties":{"color":"red","ref":"CK"},"geometry":{"type":"LineString","coordinates":[[130.760508,33.866241],[130.760686,33.866247]]}},{"type":"Feature","properties":{"color":"red","ref":"CK"},"geometry":{"type":"LineString","coordinates":[[130.760686,33.866247],[130.760737,33.866249],[130.76159,33.86629],[130.761818,33.866312],[130.762053,33.866348],[130.762185,33.866372],[130.7623,33.8664],[130.762598,33.866476],[130.762829,33.866529],[130.763127,33.866579],[130.763283,33.866602],[130.763454,33.866618],[130.763591,33.866622],[130.763806,33.866621],[130.763883,33.86662],[130.764151,33.866619],[130.764459,33.866621]]}},{"type":"Feature","properties":{"color":"red","ref":"CK"},"geometry":{"type":"LineString","coordinates":[[130.764459,33.866621],[130.764699,33.866615]]}},{"type":"Feature","properties":{"color":"#7C4932","ref":"6"},"geometry":{"type":"LineString","coordinates":[[127.091075,37.617393],[127.09513,37.615658],[127.096137,37.615168]]}},{"type":"Feature","properties":{"color":"#7C4932","ref":"6"},"geometry":{"type":"LineString","coordinates":[[127.096137,37.615168],[127.097611,37.614694],[127.098537,37.614394],[127.098606,37.614373]]}},{"type":"Feature","properties":{"color":"#7C4932","ref":"6"},"geometry":{"type":"LineString","coordinates":[[127.098606,37.614373],[127.099082,37.614232]]}},{"type":"Feature","properties":{"color":"#7C4932","ref":"6"},"geometry":{"type":"LineString","coordinates":[[127.099082,37.614232],[127.09922,37.614191],[127.099937,37.613959],[127.100305,37.613842]]}},{"type":"Feature","properties":{"color":"#7C4932","ref":"6"},"geometry":{"type":"LineString","coordinates":[[127.100305,37.613842],[127.100387,37.613814]]}},{"type":"Feature","properties":{"color":"#7C4932","ref":"6"},"geometry":{"type":"LineString","coordinates":[[127.100387,37.613814],[127.101067,37.613603]]}},{"type":"Feature","properties":{"color":"#7C4932","ref":"6"},"geometry":{"type":"LineString","coordinates":[[127.101067,37.613603],[127.101807,37.613358]]}},{"type":"Feature","properties":{"color":"#7C4932","ref":"6"},"geometry":{"type":"LineString","coordinates":[[127.101807,37.613358],[127.101991,37.613299]]}},{"type":"Feature","properties":{"color":"#7C4932","ref":"6"},"geometry":{"type":"LineString","coordinates":[[127.101991,37.613299],[127.102191,37.613212],[127.102235,37.613193],[127.102433,37.613113],[127.102628,37.613035],[127.103408,37.61279]]}},{"type":"Feature","properties":{"color":"#794698","ref":"5"},"geometry":{"type":"LineString","coordinates":[[127.204301,37.55277],[127.203709,37.552017],[127.203305,37.551558],[127.201717,37.5498],[127.201303,37.549067],[127.201141,37.548161],[127.201227,37.547157],[127.20133,37.546561],[127.201632,37.545678],[127.202212,37.544655],[127.20281,37.543978],[127.203517,37.54342],[127.203973,37.543208],[127.204057,37.543166],[127.205178,37.542609],[127.205879,37.542255],[127.206895,37.541759],[127.207028,37.541695],[127.208549,37.54096],[127.209123,37.540691],[127.210415,37.540049],[127.211095,37.539711],[127.211698,37.539411],[127.212046,37.539252],[127.212406,37.539172],[127.212642,37.539167],[127.213235,37.539169],[127.213979,37.539349],[127.214603,37.539646],[127.215217,37.539936],[127.216393,37.54045],[127.21685,37.540624],[127.217046,37.540689],[127.217286,37.540759],[127.21749,37.540777],[127.217857,37.540784],[127.218082,37.540768],[127.218394,37.540714],[127.218923,37.540598],[127.220411,37.540323],[127.220941,37.540223],[127.222625,37.539904],[127.223705,37.539712]]}},{"type":"Feature","properties":{"color":"#794698","ref":"5"},"geometry":{"type":"LineString","coordinates":[[127.181823,37.558877],[127.182539,37.559055],[127.184233,37.559429],[127.186432,37.559929],[127.187135,37.560065],[127.187677,37.560251],[127.188169,37.560624],[127.1885,37.561083],[127.188796,37.561492],[127.189263,37.561886],[127.189791,37.562193],[127.190277,37.562413],[127.190577,37.562533],[127.192775,37.563058],[127.194476,37.563485],[127.195441,37.563732],[127.196292,37.563791],[127.197179,37.563776],[127.197894,37.563669],[127.198415,37.56352],[127.198706,37.563322],[127.19898,37.56305],[127.199664,37.562242],[127.200724,37.561151],[127.202677,37.559383],[127.203998,37.558218],[127.20512,37.55721],[127.205597,37.556745],[127.205804,37.556511],[127.205998,37.555977],[127.206069,37.555595],[127.206067,37.555221],[127.205871,37.554779],[127.204846,37.553469],[127.20463,37.553192],[127.20446,37.552975],[127.204326,37.552805],[127.204301,37.55277]]}},{"type":"Feature","properties":{"color":"#794698","ref":"5"},"geometry":{"type":"LineString","coordinates":[[127.181823,37.558877],[127.18169,37.558847],[127.18007,37.558479],[127.179175,37.558278],[127.17846,37.558117],[127.176375,37.557648],[127.176095,37.557585],[127.175752,37.557508],[127.174935,37.55732],[127.174275,37.5572],[127.173084,37.557133],[127.171279,37.557095],[127.170409,37.557125]]}},{"type":"Feature","properties":{"color":"#794698","ref":"5"},"geometry":{"type":"LineString","coordinates":[[127.169178,37.55705],[127.169787,37.557104],[127.170409,37.557125]]}},{"type":"Feature","properties":{"color":"#794698","ref":"5"},"geometry":{"type":"LineString","coordinates":[[127.168477,37.557053],[127.169178,37.55705]]}},{"type":"Feature","properties":{"color":"#794698","ref":"5"},"geometry":{"type":"LineString","coordinates":[[127.168477,37.557053],[127.1667,37.556892],[127.165091,37.556661]]}},{"type":"Feature","properties":{"color":"#794698","ref":"5"},"geometry":{"type":"LineString","coordinates":[[127.168043,37.55686],[127.166288,37.556653],[127.1649,37.556452],[127.16264,37.556177]]}},{"type":"Feature","properties":{"color":"#794698","ref":"5"},"geometry":{"type":"LineString","coordinates":[[127.170175,37.557039],[127.169248,37.556979],[127.168043,37.55686]]}},{"type":"Feature","properties":{"color":"#794698","ref":"5"},"geometry":{"type":"LineString","coordinates":[[127.176539,37.557577],[127.176141,37.55749],[127.17522,37.55729],[127.174686,37.557179],[127.174302,37.557109],[127.173176,37.557044],[127.17229,37.557022],[127.171201,37.557013],[127.170175,37.557039]]}},{"type":"Feature","properties":{"color":"#794698","ref":"5"},"geometry":{"type":"LineString","coordinates":[[127.181833,37.558842],[127.180905,37.558626],[127.180097,37.558413],[127.179757,37.558341],[127.176539,37.557577]]}},{"type":"Feature","properties":{"color":"#794698","ref":"5"},"geometry":{"type":"LineString","coordinates":[[127.181833,37.558842],[127.18648,37.559905],[127.187154,37.560029],[127.187705,37.560216],[127.188209,37.560609],[127.188841,37.561473],[127.189282,37.561865],[127.189798,37.562156],[127.190246,37.562366],[127.190576,37.562492]]}},{"type":"Feature","properties":{"color":"#794698","ref":"5"},"geometry":{"type":"LineString","coordinates":[[127.190576,37.562492],[127.192823,37.562947],[127.194512,37.563446],[127.195491,37.563698],[127.196338,37.56374],[127.197207,37.563734],[127.197865,37.563642],[127.198391,37.563501],[127.198643,37.563313],[127.198903,37.562994],[127.199589,37.562219],[127.200625,37.561085],[127.202561,37.559359],[127.20394,37.558171],[127.205069,37.557158],[127.20554,37.556741],[127.205723,37.556486],[127.205939,37.55596],[127.206016,37.555578],[127.206,37.555225],[127.205833,37.554793],[127.205695,37.554634],[127.20476,37.553414],[127.204462,37.553026],[127.204414,37.552964],[127.204301,37.552817],[127.204272,37.55278]]}},{"type":"Feature","properties":{"color":"#794698","ref":"5"},"geometry":{"type":"LineString","coordinates":[[127.204272,37.55278],[127.203884,37.552296],[127.203806,37.552204],[127.203536,37.551894],[127.203341,37.551669],[127.203019,37.551297],[127.201658,37.54982],[127.201469,37.549481],[127.20133,37.549238],[127.201241,37.54908],[127.201064,37.548168],[127.201136,37.547136],[127.201247,37.546548],[127.201551,37.545663],[127.202145,37.544633],[127.202734,37.543945],[127.203452,37.543352],[127.203895,37.543115],[127.205527,37.542309],[127.206869,37.541667],[127.206984,37.541611],[127.208502,37.540867],[127.209043,37.54061],[127.210354,37.539976],[127.210999,37.539655],[127.211626,37.539348],[127.212016,37.53919],[127.212408,37.5391],[127.213241,37.539105],[127.213999,37.539279],[127.214652,37.539577],[127.216412,37.540373],[127.216857,37.540543],[127.217307,37.540669],[127.217465,37.54068],[127.217852,37.540687],[127.218083,37.540666],[127.218334,37.540621],[127.218979,37.540497],[127.220391,37.540244],[127.221525,37.540041],[127.223675,37.539641]]}},{"type":"Feature","properties":{"color":"#004A85","ref":"1"},"geometry":{"type":"LineString","coordinates":[[126.888554,37.507475],[126.888091,37.507109]]}},{"type":"Feature","properties":{"color":"#6E7E31","ref":"7"},"geometry":{"type":"LineString","coordinates":[[126.826468,37.491371],[126.825579,37.491713],[126.824341,37.491984],[126.823998,37.492068],[126.823347,37.492246],[126.822164,37.492567]]}},{"type":"Feature","properties":{"color":"#6E7E31","ref":"7"},"geometry":{"type":"LineString","coordinates":[[126.822164,37.492567],[126.822049,37.492595],[126.821024,37.492888],[126.820561,37.493048],[126.81999,37.493244],[126.819145,37.493568],[126.818435,37.49399],[126.817622,37.49467],[126.81699,37.495311],[126.816483,37.496092],[126.816178,37.49674],[126.81602,37.497638],[126.815994,37.498288],[126.816369,37.502859],[126.816314,37.503614],[126.816137,37.504165],[126.815902,37.504591],[126.815579,37.504926],[126.815215,37.505223],[126.814796,37.505521],[126.81434,37.505761],[126.813861,37.505904],[126.81324,37.505991],[126.811377,37.506256]]}},{"type":"Feature","properties":{"color":"#6E7E31","ref":"7"},"geometry":{"type":"LineString","coordinates":[[126.811377,37.506256],[126.808903,37.506584],[126.808426,37.506633],[126.808297,37.506647],[126.807226,37.506758],[126.807053,37.506767],[126.805693,37.506838],[126.805624,37.506837],[126.805082,37.506835],[126.804639,37.506816],[126.80437,37.506805],[126.803641,37.506721],[126.797253,37.505465],[126.787177,37.503744],[126.78629,37.503588],[126.786107,37.503533],[126.78234,37.502785],[126.78055,37.502542],[126.780317,37.502532],[126.779742,37.502595],[126.776219,37.50306],[126.763183,37.504783],[126.761426,37.505015],[126.760282,37.50516],[126.758314,37.505401],[126.755264,37.505775],[126.754645,37.505826],[126.753166,37.505846],[126.752541,37.505855],[126.752129,37.505848],[126.751833,37.505844],[126.751097,37.505833],[126.750194,37.505881],[126.749524,37.505954],[126.746921,37.506277],[126.745851,37.506399],[126.744799,37.506473],[126.744271,37.506492],[126.742307,37.506518],[126.740696,37.506567],[126.733372,37.50692],[126.731318,37.507036],[126.730589,37.50707],[126.722124,37.507458],[126.72106,37.507507],[126.719859,37.507571]]}},{"type":"Feature","properties":{"color":"#6E7E31","ref":"7"},"geometry":{"type":"LineString","coordinates":[[126.719859,37.507571],[126.718544,37.507645],[126.71674,37.507747],[126.70915,37.508262],[126.70368,37.508616],[126.701484,37.508777],[126.696402,37.509176],[126.695486,37.509317],[126.694695,37.509327],[126.693595,37.509182],[126.693055,37.5091],[126.692023,37.50877],[126.691336,37.508521],[126.690502,37.508105],[126.68977,37.507713],[126.688723,37.507244],[126.686806,37.506655],[126.685556,37.50633],[126.684337,37.506053],[126.683609,37.505922],[126.682711,37.505912],[126.681057,37.506072],[126.676543,37.506265],[126.675471,37.506311],[126.674894,37.50633],[126.673176,37.506395]]}},{"type":"Feature","properties":{"color":"#6E7E31","ref":"7"},"geometry":{"type":"LineString","coordinates":[[126.675398,37.506243],[126.675935,37.506222],[126.677083,37.506169],[126.678332,37.506111],[126.680999,37.505966],[126.682638,37.505824],[126.683488,37.505837],[126.684363,37.505956],[126.685717,37.506254],[126.687008,37.506605],[126.688789,37.507164],[126.689718,37.507579],[126.690549,37.508023],[126.691319,37.508365],[126.691996,37.508667],[126.693158,37.508972],[126.69463,37.509179],[126.69546,37.509177],[126.696478,37.509029],[126.70142,37.508704],[126.703677,37.508553],[126.714788,37.507794],[126.716038,37.507726],[126.718571,37.507583],[126.719859,37.507511],[126.720318,37.507488],[126.721036,37.507457],[126.721186,37.507449],[126.722055,37.507406]]}},{"type":"Feature","properties":{"color":"#6E7E31","ref":"7"},"geometry":{"type":"LineString","coordinates":[[126.81137,37.506221],[126.808896,37.506548],[126.80842,37.506598],[126.808292,37.506611],[126.807222,37.506722],[126.80705,37.506731],[126.805691,37.506802],[126.805624,37.506802],[126.805083,37.506799],[126.804641,37.50678],[126.804375,37.506769],[126.80365,37.506685],[126.797264,37.50543],[126.787187,37.503709],[126.786608,37.503595],[126.786118,37.503498],[126.782349,37.50275],[126.780555,37.502506],[126.780315,37.502496],[126.779735,37.50256],[126.776211,37.503024],[126.763173,37.504748],[126.761418,37.50498],[126.760274,37.505125],[126.758307,37.505366],[126.755258,37.505739],[126.754642,37.50579],[126.753166,37.50581],[126.752541,37.505819],[126.752133,37.505812],[126.75206,37.505811],[126.751841,37.505808],[126.751096,37.505797],[126.75019,37.505845],[126.749517,37.505918],[126.746914,37.506241],[126.745846,37.506363],[126.744796,37.506437],[126.74427,37.506456],[126.742303,37.506473],[126.740693,37.506531],[126.733369,37.506884],[126.731315,37.507],[126.722055,37.507406]]}},{"type":"Feature","properties":{"color":"#6E7E31","ref":"7"},"geometry":{"type":"LineString","coordinates":[[126.824298,37.491816],[126.823672,37.491986],[126.823052,37.492151],[126.822093,37.49239],[126.822038,37.492407],[126.821202,37.492632],[126.820513,37.492859],[126.819709,37.493163],[126.818925,37.493514],[126.818264,37.493946],[126.817587,37.494647],[126.816951,37.495292],[126.816441,37.496078],[126.816133,37.496731],[126.815974,37.497635],[126.815949,37.498288],[126.816323,37.502859],[126.816269,37.503609],[126.816094,37.504154],[126.815863,37.504572],[126.815544,37.504903],[126.815183,37.505198],[126.814768,37.505492],[126.814319,37.505729],[126.813849,37.50587],[126.813233,37.505956],[126.81137,37.506221]]}},{"type":"Feature","properties":{"color":"#6E7E31","ref":"7"},"geometry":{"type":"LineString","coordinates":[[126.82649,37.491272],[126.82532,37.491563],[126.824983,37.491646],[126.824809,37.491689],[126.824298,37.491816]]}},{"type":"Feature","properties":{"color":"#B81B30","ref":"신분당"},"geometry":{"type":"LineString","coordinates":[[127.044758,37.301872],[127.044983,37.301761],[127.045148,37.30168]]}},{"type":"Feature","properties":{"color":"#B81B30","ref":"신분당"},"geometry":{"type":"LineString","coordinates":[[127.045148,37.30168],[127.045468,37.301509]]}},{"type":"Feature","properties":{"color":"#B81B30","ref":"신분당"},"geometry":{"type":"LineString","coordinates":[[127.045468,37.301509],[127.046007,37.301227],[127.046538,37.300922],[127.04672,37.300822],[127.046859,37.300752],[127.047292,37.300471],[127.047473,37.300348],[127.047723,37.300155],[127.04787,37.300041]]}},{"type":"Feature","properties":{"color":"#B81B30","ref":"신분당"},"geometry":{"type":"LineString","coordinates":[[127.04787,37.300041],[127.048083,37.299847]]}},{"type":"Feature","properties":{"color":"#B81B30","ref":"신분당"},"geometry":{"type":"LineString","coordinates":[[127.048083,37.299847],[127.048498,37.299424],[127.048829,37.299085],[127.049246,37.298671]]}},{"type":"Feature","properties":{"color":"#B81B30","ref":"신분당"},"geometry":{"type":"LineString","coordinates":[[127.049246,37.298671],[127.049682,37.298031],[127.049808,37.297743],[127.049879,37.297489],[127.049896,37.297302],[127.049858,37.29704],[127.049805,37.296818],[127.049304,37.295134],[127.048913,37.293981],[127.048478,37.293286],[127.048291,37.292669],[127.048255,37.292332],[127.048235,37.291599],[127.048319,37.291372],[127.048495,37.290989],[127.049145,37.290394],[127.049487,37.290134],[127.050957,37.289018],[127.051535,37.288574],[127.052404,37.287979],[127.05361,37.287081],[127.054123,37.286707],[127.05472,37.286353],[127.0552,37.286136],[127.055682,37.285967],[127.055981,37.285907],[127.056262,37.285891],[127.056599,37.285976],[127.056921,37.286069],[127.057395,37.286344],[127.058069,37.286845],[127.059223,37.287799],[127.061807,37.289903],[127.062705,37.290677],[127.062975,37.290867],[127.063419,37.291104],[127.065015,37.291722],[127.066894,37.292534],[127.067469,37.292836],[127.067906,37.293247],[127.068173,37.293692],[127.068935,37.296518],[127.069239,37.297444],[127.069669,37.2989],[127.069821,37.2994],[127.070131,37.300274],[127.070346,37.300651],[127.071988,37.301773],[127.073612,37.302937],[127.074167,37.303468],[127.07465,37.304306],[127.074841,37.304869],[127.074809,37.305991],[127.074804,37.306405],[127.074821,37.306665],[127.07488,37.306818],[127.07614,37.309604],[127.076878,37.311137],[127.076959,37.311342],[127.077149,37.311553],[127.077411,37.311716],[127.078441,37.312318],[127.079769,37.313082],[127.080254,37.313451],[127.080496,37.313755],[127.080678,37.314059],[127.081175,37.314892],[127.081922,37.316077],[127.082314,37.316583],[127.082812,37.316847],[127.086861,37.318214],[127.088346,37.319014],[127.089785,37.319799],[127.094467,37.322403],[127.094685,37.322541],[127.095529,37.323032],[127.096389,37.323553],[127.100322,37.32598],[127.100713,37.326227],[127.101598,37.32674],[127.101907,37.326993],[127.10214,37.327254],[127.102604,37.328276],[127.10269,37.328965],[127.102767,37.332243],[127.102798,37.332948],[127.102766,37.334194],[127.10277,37.336757],[127.102771,37.337878],[127.102863,37.339064],[127.102858,37.339904],[127.102897,37.340772],[127.102909,37.341162],[127.102963,37.341326],[127.103057,37.341473],[127.10324,37.341677],[127.103615,37.342059],[127.103912,37.342265],[127.104301,37.342451],[127.104764,37.342587],[127.105572,37.342775],[127.10634,37.342971],[127.107519,37.343443],[127.107863,37.343654],[127.108267,37.344013],[127.108598,37.344443],[127.108721,37.344666],[127.108793,37.344878],[127.108874,37.345248],[127.108897,37.345614],[127.108909,37.345842],[127.10891,37.34627],[127.108881,37.347465],[127.108875,37.348526],[127.108873,37.349878],[127.108874,37.349986],[127.108848,37.350566],[127.108843,37.351204],[127.108819,37.352171],[127.108803,37.353188],[127.108775,37.354123],[127.108725,37.355276],[127.108686,37.356567],[127.108671,37.357844],[127.108655,37.358446],[127.108632,37.359344],[127.108585,37.360884],[127.108491,37.36356],[127.108438,37.36566],[127.108437,37.366255],[127.108407,37.36737]]}},{"type":"Feature","properties":{"color":"#B81B30","ref":"신분당"},"geometry":{"type":"LineString","coordinates":[[127.108407,37.36737],[127.10839,37.367859],[127.108369,37.369098],[127.10838,37.371008],[127.108359,37.37273],[127.108359,37.374575],[127.108329,37.375774],[127.108543,37.37737],[127.109118,37.379205],[127.109822,37.381047],[127.110904,37.383359],[127.111075,37.38417],[127.111152,37.38666],[127.111127,37.389626],[127.111152,37.39142],[127.111139,37.393344],[127.111122,37.394355],[127.111117,37.394632],[127.11112,37.395411],[127.111099,37.397534],[127.111086,37.399161],[127.111056,37.401066],[127.111044,37.402464],[127.110995,37.403221],[127.110826,37.403867],[127.110603,37.404505],[127.110397,37.404996],[127.109589,37.405945],[127.108625,37.406657],[127.1072,37.407353],[127.105295,37.40828],[127.102419,37.409671],[127.099458,37.411062],[127.094998,37.413031],[127.086871,37.417491],[127.084691,37.41874],[127.081414,37.420953],[127.074327,37.426341],[127.070343,37.430422],[127.066015,37.434798],[127.064959,37.435866],[127.061682,37.439121],[127.057333,37.445178],[127.055795,37.446975],[127.054516,37.448339],[127.054407,37.448454],[127.052978,37.449954]]}},{"type":"Feature","properties":{"color":"#B81B30","ref":"신분당"},"geometry":{"type":"LineString","coordinates":[[127.052978,37.449954],[127.051725,37.451367],[127.050542,37.452643],[127.049279,37.454118],[127.04807,37.455457],[127.046122,37.457678],[127.042741,37.461494],[127.041169,37.463223],[127.03896,37.465757],[127.038772,37.466041],[127.038651,37.466528],[127.038473,37.468354],[127.038272,37.470128],[127.038154,37.471034],[127.03795,37.473096],[127.038026,37.474007],[127.038345,37.476018],[127.038418,37.477936],[127.038345,37.478853],[127.037884,37.480096],[127.037436,37.480949],[127.035227,37.483156],[127.034639,37.483758],[127.034042,37.484378],[127.033819,37.484688],[127.033266,37.485863],[127.032114,37.488209],[127.030641,37.491262],[127.029193,37.494395],[127.029082,37.494635],[127.027935,37.497112]]}},{"type":"Feature","properties":{"color":"#B81B30","ref":"신분당"},"geometry":{"type":"LineString","coordinates":[[127.027935,37.497112],[127.027752,37.497491],[127.027716,37.497567],[127.02763,37.497745],[127.026775,37.499519],[127.026716,37.49964]]}},{"type":"Feature","properties":{"color":"#B81B30","ref":"신분당"},"geometry":{"type":"LineString","coordinates":[[127.026716,37.49964],[127.026635,37.499812],[127.026355,37.5004],[127.02489,37.503563],[127.024164,37.505008],[127.022123,37.509282],[127.021815,37.509927],[127.020315,37.513157],[127.019898,37.5146],[127.019647,37.515516],[127.019589,37.515728]]}},{"type":"Feature","properties":{"color":"#009088","ref":"1"},"geometry":{"type":"LineString","coordinates":[[126.770401,35.124835],[126.770611,35.124865],[126.770728,35.124878],[126.774647,35.125227],[126.775367,35.125344],[126.776006,35.125512],[126.77673,35.125763],[126.777385,35.126069],[126.781847,35.128411],[126.782104,35.128556]]}},{"type":"Feature","properties":{"color":"#009088","ref":"1"},"geometry":{"type":"LineString","coordinates":[[126.782104,35.128556],[126.785052,35.130124],[126.785116,35.130159]]}},{"type":"Feature","properties":{"color":"#009088","ref":"1"},"geometry":{"type":"LineString","coordinates":[[126.785116,35.130159],[126.786154,35.130714],[126.786902,35.131122],[126.787612,35.131573],[126.787935,35.131815],[126.78836,35.132177],[126.788768,35.13258],[126.789038,35.132871],[126.789325,35.133304],[126.789768,35.134197],[126.790549,35.135518],[126.791382,35.137135],[126.791684,35.137626],[126.792418,35.138755],[126.79283,35.139382],[126.793461,35.140206],[126.794639,35.141507],[126.795503,35.14234],[126.796105,35.142844],[126.796831,35.143154],[126.797607,35.143317],[126.799245,35.143533],[126.799525,35.14355],[126.799739,35.143558],[126.800167,35.143582],[126.802515,35.143678],[126.803459,35.143766],[126.806892,35.144051],[126.809757,35.144152],[126.811434,35.144115],[126.811701,35.144072],[126.815363,35.143511],[126.818364,35.14308],[126.821446,35.142612],[126.82456,35.142025],[126.8262,35.141642],[126.828522,35.141033],[126.830794,35.14038],[126.832298,35.140084],[126.832962,35.140062],[126.833737,35.140122],[126.8343,35.140169],[126.834785,35.140259],[126.836013,35.140599],[126.83677,35.140917],[126.839018,35.14201],[126.841362,35.143175],[126.84343,35.144202],[126.846812,35.14584],[126.848662,35.146717],[126.849621,35.147176],[126.850472,35.147593],[126.851779,35.148252],[126.853169,35.148932],[126.853913,35.149269],[126.85433,35.149332],[126.855414,35.149713],[126.856185,35.149917],[126.858711,35.150363],[126.860646,35.150736],[126.864558,35.151261],[126.869576,35.151426],[126.871725,35.151497],[126.875182,35.151633],[126.876863,35.151887],[126.878647,35.152176],[126.882181,35.152897],[126.884136,35.153187],[126.88491,35.153302],[126.885979,35.153472],[126.886352,35.153499],[126.88699,35.153406],[126.887363,35.153259],[126.887798,35.152938],[126.888805,35.151999],[126.889925,35.150974],[126.890341,35.150757],[126.891006,35.15055],[126.891642,35.150518],[126.892345,35.15063],[126.895118,35.151518],[126.895561,35.151671],[126.896409,35.151964],[126.899114,35.152849],[126.900028,35.153179],[126.90182,35.154471],[126.902156,35.154714],[126.903488,35.155878],[126.904384,35.156377],[126.905019,35.156503],[126.905363,35.156496],[126.905766,35.156356],[126.906272,35.156181],[126.907277,35.155507],[126.909993,35.153736],[126.910832,35.153152],[126.912934,35.151721],[126.914538,35.150688],[126.914967,35.150411],[126.916393,35.149478],[126.918121,35.148327],[126.918541,35.148022],[126.918758,35.147873],[126.919173,35.147479],[126.919483,35.147126],[126.919643,35.146904],[126.91979,35.146671],[126.919931,35.146405],[126.920194,35.145715],[126.920278,35.145316],[126.920305,35.144959],[126.920305,35.144494],[126.920304,35.143197],[126.920321,35.142853],[126.9204,35.142507],[126.920683,35.141904],[126.921275,35.141076],[126.922236,35.140008],[126.922816,35.139364],[126.922938,35.139227],[126.923482,35.138529],[126.9238,35.138205],[126.925589,35.136451],[126.927211,35.134429],[126.928095,35.133169],[126.928124,35.133112],[126.928563,35.132232],[126.929135,35.13102],[126.929222,35.130771],[126.930066,35.128855],[126.931127,35.126485],[126.931745,35.124913],[126.932166,35.123624],[126.932277,35.123284],[126.932972,35.121354],[126.933316,35.120308],[126.933608,35.118588],[126.934389,35.116688],[126.934733,35.115889]]}},{"type":"Feature","properties":{"color":"#009088","ref":"1"},"geometry":{"type":"LineString","coordinates":[[126.934733,35.115889],[126.934881,35.115577],[126.935166,35.114836],[126.935225,35.114655],[126.935263,35.114519]]}},{"type":"Feature","properties":{"color":"#009088","ref":"1"},"geometry":{"type":"LineString","coordinates":[[126.935263,35.114519],[126.935309,35.114053],[126.935288,35.113576]]}},{"type":"Feature","properties":{"color":"#009088","ref":"1"},"geometry":{"type":"LineString","coordinates":[[126.935288,35.113576],[126.935284,35.113498],[126.935285,35.113216],[126.935255,35.112613],[126.935206,35.111527],[126.935184,35.111186]]}},{"type":"Feature","properties":{"color":"#009088","ref":"1"},"geometry":{"type":"LineString","coordinates":[[126.935184,35.111186],[126.935159,35.110582],[126.935145,35.110244],[126.935124,35.109805]]}},{"type":"Feature","properties":{"color":"#009088","ref":"1"},"geometry":{"type":"LineString","coordinates":[[126.934043,35.106815],[126.934053,35.10716],[126.934062,35.107319],[126.93407,35.107404],[126.934115,35.107574],[126.934243,35.107898],[126.934516,35.108407],[126.93464,35.108612],[126.934674,35.108678],[126.934919,35.109165],[126.935003,35.109414],[126.935104,35.1097],[126.935124,35.109805]]}},{"type":"Feature","properties":{"color":"#009088","ref":"1"},"geometry":{"type":"LineString","coordinates":[[126.935124,35.109805],[126.935169,35.110059],[126.935199,35.110192],[126.935212,35.110583],[126.935239,35.111069],[126.935251,35.111214]]}},{"type":"Feature","properties":{"color":"#009088","ref":"1"},"geometry":{"type":"LineString","coordinates":[[126.935251,35.111214],[126.935273,35.111964],[126.935328,35.113506]]}},{"type":"Feature","properties":{"color":"#009088","ref":"1"},"geometry":{"type":"LineString","coordinates":[[126.935328,35.113506],[126.935327,35.11358]]}},{"type":"Feature","properties":{"color":"#009088","ref":"1"},"geometry":{"type":"LineString","coordinates":[[126.935327,35.11358],[126.935359,35.114115],[126.935306,35.114515]]}},{"type":"Feature","properties":{"color":"#009088","ref":"1"},"geometry":{"type":"LineString","coordinates":[[126.935306,35.114515],[126.935254,35.114736],[126.934793,35.115896]]}},{"type":"Feature","properties":{"color":"#009088","ref":"1"},"geometry":{"type":"LineString","coordinates":[[126.934793,35.115896],[126.934736,35.11604],[126.933924,35.117983],[126.933745,35.118546],[126.93354,35.119754],[126.933429,35.120463],[126.933112,35.121358],[126.932549,35.122876],[126.932338,35.123452],[126.93227,35.123655],[126.932204,35.123855],[126.931596,35.125608],[126.930898,35.127293],[126.929962,35.129216],[126.92904,35.131324],[126.928197,35.133133],[126.928101,35.133304],[126.927844,35.133721],[126.927624,35.134065],[126.927189,35.134722],[126.926561,35.135469],[126.925393,35.136787],[126.923779,35.138282],[126.923033,35.139213],[126.922869,35.139406],[126.922545,35.139748],[126.922127,35.140236],[126.92129,35.141239],[126.920951,35.141739],[126.920778,35.142033],[126.920546,35.142452],[126.920491,35.142697],[126.920424,35.143033],[126.92041,35.143732],[126.920428,35.144264],[126.920427,35.144898],[126.920377,35.145324],[126.92033,35.145541],[126.920236,35.145842],[126.920109,35.146181],[126.920005,35.14645],[126.919869,35.146721],[126.919674,35.147059],[126.919417,35.147373],[126.91912,35.147648],[126.918884,35.14789],[126.918675,35.148052],[126.914603,35.150763],[126.910029,35.153779],[126.907529,35.155473],[126.906351,35.156215],[126.906064,35.156372],[126.90559,35.156542],[126.905301,35.156614],[126.905015,35.156638],[126.90479,35.156617],[126.904615,35.156592],[126.904283,35.156478],[126.903733,35.156212],[126.903181,35.155807],[126.901722,35.154561],[126.900567,35.153692],[126.900073,35.1533],[126.899782,35.153168],[126.897926,35.15252],[126.895531,35.151751],[126.894188,35.151315],[126.8929,35.150907],[126.891956,35.150631],[126.891576,35.150601],[126.891132,35.150639],[126.890767,35.150745],[126.890172,35.150977],[126.889443,35.151477],[126.88853,35.152404],[126.88786,35.153005],[126.887361,35.153337],[126.887144,35.153415],[126.886929,35.153474],[126.886566,35.153526],[126.886202,35.15356],[126.884117,35.153257],[126.883798,35.153208],[126.882502,35.153],[126.882141,35.152931],[126.87896,35.15232],[126.876847,35.151954],[126.875172,35.15172],[126.872433,35.151597],[126.869556,35.151535],[126.866739,35.151466],[126.864573,35.151347],[126.863979,35.151303],[126.862234,35.151055],[126.860066,35.150694],[126.858693,35.150442],[126.85701,35.15015],[126.856038,35.149976],[126.854894,35.149636],[126.854241,35.149365],[126.853846,35.149327],[126.853123,35.148991],[126.852249,35.148544],[126.851985,35.148422],[126.851723,35.148292],[126.851253,35.148054],[126.848818,35.146851],[126.84864,35.14677],[126.847805,35.146391],[126.846655,35.145889],[126.842445,35.143804],[126.841278,35.143198],[126.839405,35.14231],[126.837007,35.141134],[126.836212,35.140766],[126.834744,35.140334],[126.833663,35.140186],[126.832923,35.140136],[126.83214,35.140196],[126.830538,35.140528],[126.828717,35.141074],[126.826004,35.141828],[126.823139,35.142404],[126.820008,35.142935],[126.812895,35.143957],[126.811721,35.144158],[126.811414,35.144211],[126.809381,35.144235],[126.805691,35.144106],[126.800775,35.14367],[126.799507,35.14361],[126.798561,35.143565],[126.797145,35.143438],[126.796055,35.143109],[126.795342,35.142596],[126.79433,35.141501],[126.793051,35.140013],[126.792275,35.13883],[126.791573,35.137641],[126.791355,35.137292],[126.789215,35.13334],[126.788953,35.132924],[126.788638,35.132621],[126.787895,35.131852],[126.787552,35.131636],[126.786862,35.13124],[126.785097,35.130216]]}},{"type":"Feature","properties":{"color":"#009088","ref":"1"},"geometry":{"type":"LineString","coordinates":[[126.785097,35.130216],[126.78235,35.128718],[126.782229,35.128658],[126.782069,35.128577]]}},{"type":"Feature","properties":{"color":"#009088","ref":"1"},"geometry":{"type":"LineString","coordinates":[[126.782069,35.128577],[126.781584,35.128325],[126.779862,35.127409],[126.778459,35.126686],[126.777017,35.125928],[126.776489,35.125714],[126.775654,35.125454],[126.775284,35.125353],[126.77436,35.125241],[126.771373,35.124987],[126.770416,35.124896],[126.769735,35.124826],[126.768777,35.124746]]}},{"type":"Feature","properties":{"color":"#009BCE","ref":"4"},"geometry":{"type":"LineString","coordinates":[[127.08076,37.671931],[127.080698,37.671871],[127.080674,37.671847],[127.080615,37.67179],[127.080525,37.671701],[127.080426,37.671606],[127.0801,37.671288],[127.07988,37.671081],[127.079787,37.670989],[127.079716,37.670916]]}},{"type":"Feature","properties":{"color":"#009BCE","ref":"4"},"geometry":{"type":"LineString","coordinates":[[127.08076,37.671931],[127.081041,37.672227],[127.081141,37.672342],[127.081187,37.672394],[127.081394,37.672647],[127.081518,37.67285],[127.081594,37.67299],[127.081663,37.67313],[127.08173,37.673364],[127.081765,37.673592],[127.081775,37.673831],[127.081773,37.674009],[127.081763,37.674245],[127.08162,37.674962],[127.081525,37.675469]]}},{"type":"Feature","properties":{"color":"#009BCE","ref":"4"},"geometry":{"type":"LineString","coordinates":[[127.081525,37.675469],[127.081481,37.675977],[127.081458,37.676339],[127.081462,37.676604],[127.081509,37.67687],[127.081597,37.677122],[127.081688,37.677382],[127.081808,37.677644],[127.081957,37.677868],[127.082239,37.678134],[127.082641,37.678449],[127.083144,37.678714],[127.083761,37.6789],[127.084413,37.678981],[127.084947,37.679006],[127.085492,37.678983],[127.085957,37.678893],[127.086447,37.678749],[127.086874,37.67856],[127.087756,37.678054],[127.091277,37.675874],[127.097798,37.672475],[127.09836,37.672181],[127.098878,37.671911],[127.099373,37.671653],[127.09971,37.671478],[127.100321,37.671159],[127.108502,37.666894],[127.10888,37.66672],[127.109463,37.666506],[127.109963,37.666363],[127.110557,37.666247],[127.110865,37.666202],[127.111233,37.666156],[127.111468,37.666133],[127.111658,37.666124],[127.111885,37.666117],[127.11215,37.666147],[127.112354,37.666203],[127.112661,37.666302],[127.113699,37.666699],[127.114861,37.667188],[127.116952,37.668094],[127.117169,37.668201],[127.11744,37.668309],[127.118169,37.668622],[127.141578,37.679582],[127.143441,37.680552],[127.145675,37.681923],[127.152796,37.686574],[127.15442,37.687574],[127.161114,37.691832]]}},{"type":"Feature","properties":{"color":"#009BCE","ref":"4"},"geometry":{"type":"LineString","coordinates":[[127.161114,37.691832],[127.162353,37.692617],[127.163001,37.693006],[127.163623,37.693369],[127.165732,37.694505],[127.166423,37.694866],[127.166806,37.695058],[127.167145,37.695219],[127.168363,37.695792],[127.168975,37.696066],[127.169506,37.696293],[127.171376,37.697072],[127.17316,37.697802],[127.174726,37.69845],[127.178374,37.699955],[127.179019,37.700207],[127.17907,37.700227]]}},{"type":"Feature","properties":{"color":"#009BCE","ref":"4"},"geometry":{"type":"LineString","coordinates":[[127.17907,37.700227],[127.179538,37.700412],[127.179783,37.700509],[127.179913,37.70056]]}},{"type":"Feature","properties":{"color":"#009BCE","ref":"4"},"geometry":{"type":"LineString","coordinates":[[127.179913,37.70056],[127.180124,37.700643],[127.185057,37.702575],[127.18788,37.7038],[127.18987,37.704642],[127.19219,37.705662],[127.192346,37.705734],[127.192983,37.706032],[127.197487,37.708133],[127.198166,37.708519],[127.198726,37.708839],[127.201419,37.710374],[127.202245,37.710998],[127.202657,37.711517],[127.203204,37.712611],[127.203434,37.713207],[127.203514,37.713591],[127.20359,37.713927],[127.203625,37.714712],[127.203644,37.715704],[127.203633,37.716019],[127.203654,37.71718],[127.203641,37.717309],[127.203593,37.717814],[127.203569,37.718096],[127.203253,37.720292],[127.203163,37.721203]]}},{"type":"Feature","properties":{"color":"#F0831E","ref":""},"geometry":{"type":"LineString","coordinates":[[127.088939,37.73348],[127.089011,37.733289]]}},{"type":"Feature","properties":{"color":"#F0831E","ref":""},"geometry":{"type":"LineString","coordinates":[[127.089011,37.733289],[127.089244,37.732671],[127.0893,37.732538],[127.089405,37.732256],[127.08955,37.731901],[127.089708,37.73166],[127.089862,37.731474],[127.090081,37.731293],[127.090388,37.731106],[127.091568,37.730463],[127.091611,37.730439],[127.091737,37.730367]]}},{"type":"Feature","properties":{"color":"#F0831E","ref":""},"geometry":{"type":"LineString","coordinates":[[127.091737,37.730367],[127.091779,37.73035],[127.091875,37.73031],[127.092012,37.730244]]}},{"type":"Feature","properties":{"color":"#F0831E","ref":""},"geometry":{"type":"LineString","coordinates":[[127.093873,37.729232],[127.092737,37.729844],[127.092424,37.730014],[127.092172,37.730154],[127.092012,37.730244]]}},{"type":"Feature","properties":{"color":"#F0831E","ref":""},"geometry":{"type":"LineString","coordinates":[[127.094907,37.728663],[127.093873,37.729232]]}},{"type":"Feature","properties":{"color":"#F0831E","ref":""},"geometry":{"type":"LineString","coordinates":[[127.092012,37.730244],[127.091762,37.730395]]}},{"type":"Feature","properties":{"color":"#F0831E","ref":""},"geometry":{"type":"LineString","coordinates":[[127.091762,37.730395],[127.091586,37.730491],[127.091267,37.730666],[127.090865,37.730895],[127.090458,37.731121],[127.090113,37.731329],[127.090001,37.731423],[127.089911,37.731513],[127.089731,37.731733],[127.089571,37.732017],[127.089478,37.732215],[127.089362,37.732495],[127.089175,37.732978],[127.089036,37.733339]]}},{"type":"Feature","properties":{"color":"#F0831E","ref":""},"geometry":{"type":"LineString","coordinates":[[127.089036,37.733339],[127.088981,37.733486]]}},{"type":"Feature","properties":{"color":"#009BCE","ref":"4"},"geometry":{"type":"LineString","coordinates":[[127.203314,37.718868],[127.203354,37.718566],[127.203372,37.718445],[127.203431,37.717981],[127.203486,37.717563],[127.20352,37.717134],[127.203529,37.716953],[127.203545,37.716756],[127.203538,37.715688],[127.203493,37.714002],[127.203417,37.713566],[127.203288,37.713089],[127.20289,37.712206],[127.202743,37.711888],[127.202511,37.71155],[127.202275,37.711222],[127.202007,37.710943],[127.201198,37.710365],[127.20046,37.709888],[127.197799,37.708396],[127.197567,37.708266],[127.197387,37.708165],[127.192579,37.705898],[127.192167,37.705707],[127.190118,37.70481],[127.189816,37.704681],[127.185025,37.702643],[127.18369,37.702088],[127.179891,37.700593]]}},{"type":"Feature","properties":{"color":"#009BCE","ref":"4"},"geometry":{"type":"LineString","coordinates":[[127.179891,37.700593],[127.179042,37.700265]]}},{"type":"Feature","properties":{"color":"#009BCE","ref":"4"},"geometry":{"type":"LineString","coordinates":[[127.179042,37.700265],[127.178313,37.699983],[127.174702,37.698486],[127.173135,37.697847],[127.171887,37.697335],[127.171415,37.697134],[127.169655,37.696403],[127.169072,37.696159],[127.168542,37.695923],[127.167102,37.695253],[127.166538,37.694975],[127.165754,37.694575],[127.163561,37.693402],[127.162308,37.692633],[127.161091,37.691853]]}},{"type":"Feature","properties":{"color":"#009BCE","ref":"4"},"geometry":{"type":"LineString","coordinates":[[127.161091,37.691853],[127.160613,37.691561],[127.154403,37.687625],[127.152742,37.686623],[127.145595,37.681974],[127.143407,37.680617],[127.141552,37.679651],[127.118086,37.66867],[127.117644,37.668475],[127.11741,37.668369],[127.117151,37.668249],[127.115423,37.667498],[127.11482,37.667233],[127.113087,37.666523],[127.112363,37.666277],[127.112121,37.666215],[127.111883,37.666192],[127.11166,37.666189],[127.111378,37.666214],[127.110973,37.666258],[127.110154,37.666381],[127.109534,37.66656],[127.108928,37.666765],[127.098766,37.672045],[127.098451,37.672209],[127.098013,37.672436],[127.097294,37.67281],[127.091298,37.675925],[127.087787,37.678106],[127.086913,37.67862],[127.086482,37.678833],[127.086124,37.678966],[127.085853,37.679062],[127.085599,37.679128],[127.085255,37.679196],[127.084948,37.679231],[127.084593,37.679249],[127.084195,37.679228],[127.083594,37.679128],[127.083241,37.679045],[127.08295,37.678943],[127.082673,37.678827],[127.082398,37.678674],[127.082104,37.678472],[127.081711,37.678111],[127.081472,37.677776],[127.081285,37.677384],[127.08114,37.676875],[127.081102,37.676587],[127.081114,37.676227],[127.081191,37.675897],[127.081405,37.675451]]}},{"type":"Feature","properties":{"color":"#009BCE","ref":"4"},"geometry":{"type":"LineString","coordinates":[[127.080722,37.671961],[127.080902,37.672143],[127.080938,37.672181],[127.080975,37.672218],[127.081135,37.672386],[127.081156,37.672412],[127.081348,37.672679],[127.081496,37.672918],[127.081578,37.673116],[127.081648,37.67338],[127.08169,37.673597],[127.081706,37.673794],[127.081712,37.674004],[127.081685,37.674241],[127.081521,37.67501],[127.081405,37.675451]]}},{"type":"Feature","properties":{"color":"#009BCE","ref":"4"},"geometry":{"type":"LineString","coordinates":[[127.080722,37.671961],[127.080393,37.671637],[127.080063,37.671312],[127.079797,37.67105],[127.078909,37.670112],[127.07844,37.669575]]}},{"type":"Feature","properties":{"color":"#004A85","ref":"1"},"geometry":{"type":"LineString","coordinates":[[127.034047,37.204749],[127.03451,37.203963]]}},{"type":"Feature","properties":{"color":"#6789CA","ref":"Silim"},"geometry":{"type":"LineString","coordinates":[[126.945308,37.468819],[126.944743,37.46936],[126.944693,37.469408],[126.944268,37.469815],[126.94357,37.470475],[126.943141,37.470784],[126.94281,37.470924],[126.942501,37.471003],[126.942008,37.471007],[126.940496,37.470878],[126.93956,37.470755],[126.937149,37.471013],[126.935152,37.471296],[126.934578,37.471507],[126.933929,37.471868],[126.933742,37.472048],[126.933599,37.472233],[126.933485,37.472475],[126.933421,37.472746],[126.933413,37.472891],[126.933427,37.473095],[126.933624,37.473421],[126.933906,37.473638],[126.934194,37.473804],[126.935268,37.474382],[126.936106,37.474913],[126.93649,37.475161],[126.936685,37.475318],[126.936872,37.475454],[126.93706,37.475696],[126.937102,37.47607],[126.937009,37.476447],[126.936852,37.476773],[126.93664,37.476997],[126.936375,37.47714],[126.935897,37.477303],[126.934774,37.477662],[126.933824,37.477946],[126.933482,37.478042],[126.933298,37.478108],[126.9331,37.478197],[126.932865,37.478354],[126.931331,37.47957],[126.930608,37.480261],[126.9303,37.48068],[126.930028,37.481254],[126.929897,37.482149],[126.929724,37.483791],[126.929651,37.484852],[126.929643,37.485173],[126.92949,37.485857],[126.929044,37.487054],[126.928312,37.488725],[126.927818,37.48973],[126.927504,37.490379],[126.927032,37.491821],[126.926925,37.492244],[126.926682,37.492585],[126.926367,37.492744],[126.925915,37.492824],[126.924322,37.49304],[126.921125,37.493474],[126.919487,37.493676],[126.918979,37.493885],[126.918786,37.494096],[126.918449,37.494867],[126.91828,37.495305],[126.918039,37.495927],[126.917858,37.49643],[126.917815,37.496654],[126.917847,37.496889],[126.917912,37.497034],[126.918021,37.497178],[126.918422,37.497337],[126.919168,37.497511],[126.919635,37.497646],[126.919932,37.497837],[126.920217,37.498178],[126.920288,37.498304],[126.92037,37.499384],[126.920396,37.499895],[126.920468,37.500142],[126.920526,37.500284],[126.920556,37.50036],[126.920766,37.500903],[126.921616,37.502956],[126.922217,37.504577],[126.922577,37.505432],[126.922749,37.50586],[126.922782,37.505941],[126.92282,37.506035],[126.923332,37.507294],[126.924895,37.51106],[126.92521,37.512497],[126.925247,37.512667],[126.925339,37.512886],[126.925476,37.513174],[126.92583,37.513541],[126.926047,37.513694],[126.926737,37.514122],[126.927173,37.514373],[126.927862,37.514734],[126.928066,37.5149],[126.928183,37.5151],[126.92828,37.515332],[126.928349,37.515656],[126.928405,37.51592],[126.928526,37.516156],[126.928765,37.516502],[126.929446,37.517269]]}},{"type":"Feature","properties":{"color":"#6789CA","ref":"Silim"},"geometry":{"type":"LineString","coordinates":[[126.929347,37.51734],[126.928698,37.516588],[126.928536,37.516403],[126.928394,37.516176],[126.928293,37.515865],[126.928232,37.515618],[126.928172,37.515391],[126.928103,37.515169],[126.927989,37.515025],[126.92783,37.51482],[126.92705,37.514385],[126.926223,37.513896],[126.925953,37.513737],[126.925814,37.513633],[126.925698,37.513547],[126.925345,37.513211],[126.925153,37.512755],[126.925097,37.512611],[126.925068,37.512516],[126.925015,37.512345],[126.924739,37.511002],[126.92355,37.508286],[126.922796,37.50635],[126.922649,37.50597],[126.922615,37.505884],[126.920428,37.50038],[126.920397,37.500301],[126.920295,37.49991],[126.920265,37.499414],[126.920203,37.498467],[126.920111,37.49823],[126.919974,37.49805],[126.919818,37.49791],[126.919484,37.497697],[126.919065,37.497548],[126.918361,37.497408],[126.918099,37.497344],[126.917869,37.497247],[126.917733,37.497109],[126.917662,37.497005],[126.917651,37.49672],[126.917677,37.49648],[126.917875,37.495878],[126.918121,37.495248],[126.918594,37.494232],[126.918784,37.493879],[126.919082,37.49371],[126.919328,37.49361],[126.920193,37.493498],[126.920634,37.493436],[126.920778,37.493416],[126.921016,37.493382],[126.921241,37.49335],[126.923046,37.493095],[126.923442,37.493039],[126.924284,37.492916],[126.92588,37.492685],[126.926234,37.492591],[126.926484,37.492444],[126.926818,37.49217],[126.927444,37.490422],[126.927764,37.489725],[126.928291,37.488625],[126.92926,37.486209],[126.929511,37.485166],[126.92956,37.484843],[126.929697,37.483499],[126.929839,37.481388],[126.930042,37.480894],[126.930243,37.480493],[126.930604,37.480104],[126.931799,37.479033],[126.932347,37.478607],[126.932733,37.478342],[126.932955,37.478183],[126.933254,37.478042],[126.933767,37.477888],[126.935093,37.47746],[126.935877,37.477211],[126.936398,37.476961],[126.936741,37.476702],[126.936856,37.476458],[126.936964,37.476054],[126.936931,37.475815],[126.936763,37.47554],[126.93653,37.47531],[126.935239,37.474479],[126.93463,37.47416],[126.934134,37.473863],[126.93379,37.473653],[126.933645,37.473546],[126.933502,37.4734],[126.93337,37.473184],[126.933317,37.473022],[126.933314,37.472789],[126.933327,37.472692],[126.933355,37.47256],[126.933448,37.472319],[126.933536,37.472169],[126.933603,37.472047],[126.933708,37.471936],[126.933847,37.47184],[126.933979,37.471749],[126.934228,37.471634],[126.934507,37.471483],[126.935144,37.471242],[126.937124,37.470934],[126.939089,37.470687],[126.939555,37.47067],[126.941012,37.470788],[126.942006,37.470894],[126.942802,37.470807],[126.943112,37.470649],[126.943555,37.470341],[126.944385,37.469587],[126.94479,37.469193],[126.945223,37.46877]]}},{"type":"Feature","properties":{"color":"#004A85","ref":"1"},"geometry":{"type":"LineString","coordinates":[[127.06243,37.622123],[127.062589,37.621781],[127.062684,37.621549],[127.062808,37.621254],[127.062865,37.621141],[127.062981,37.620909]]}},{"type":"Feature","properties":{"color":"#009BCE","ref":"4"},"geometry":{"type":"LineString","coordinates":[[127.078353,37.669575],[127.078403,37.66955],[127.078898,37.670121],[127.07974,37.670998],[127.079688,37.671029],[127.078847,37.670147],[127.078353,37.669575]]}},{"type":"Feature","properties":{"color":"#009BCE","ref":"4"},"geometry":{"type":"LineString","coordinates":[[126.933161,37.357962],[126.934372,37.358614],[126.93533,37.359236]]}},{"type":"Feature","properties":{"color":"#009BCE","ref":"4"},"geometry":{"type":"LineString","coordinates":[[126.935303,37.359271],[126.934222,37.358816],[126.933947,37.358668],[126.933,37.358156]]}},{"type":"Feature","properties":{"color":"#004A85","ref":"1"},"geometry":{"type":"LineString","coordinates":[[127.045106,37.198554],[127.045461,37.198508],[127.045809,37.198478],[127.046122,37.198426],[127.046377,37.198349],[127.046694,37.19825],[127.049118,37.19698],[127.049768,37.196737],[127.050076,37.19663],[127.050157,37.196602]]}},{"type":"Feature","properties":{"color":"#004A85","ref":"1"},"geometry":{"type":"LineString","coordinates":[[127.050157,37.196602],[127.050364,37.196533],[127.050707,37.196396]]}},{"type":"Feature","properties":{"color":"#004A85","ref":"1"},"geometry":{"type":"LineString","coordinates":[[127.050707,37.196396],[127.05194,37.195778]]}},{"type":"Feature","properties":{"color":"#004A85","ref":"1"},"geometry":{"type":"LineString","coordinates":[[126.849609,37.495442],[126.849327,37.495361],[126.849053,37.495282]]}},{"type":"Feature","properties":{"color":"#004A85","ref":"1"},"geometry":{"type":"LineString","coordinates":[[126.849001,37.495389],[126.849298,37.495434],[126.849597,37.49548]]}},{"type":"Feature","properties":{"color":"#004A85","ref":"1"},"geometry":{"type":"LineString","coordinates":[[126.898299,37.511871],[126.898801,37.51203]]}},{"type":"Feature","properties":{"color":"#004A85","ref":"1"},"geometry":{"type":"LineString","coordinates":[[126.884291,37.504718],[126.884588,37.504865],[126.884934,37.505036]]}},{"type":"Feature","properties":{"color":"#004A85","ref":"1"},"geometry":{"type":"LineString","coordinates":[[126.880423,37.501506],[126.880816,37.501806],[126.881227,37.502121]]}},{"type":"Feature","properties":{"color":"#004A85","ref":"1"},"geometry":{"type":"LineString","coordinates":[[126.881227,37.502121],[126.881473,37.502332],[126.881612,37.502462]]}},{"type":"Feature","properties":{"color":"#004A85","ref":"1"},"geometry":{"type":"LineString","coordinates":[[126.881612,37.502462],[126.881815,37.502648],[126.882481,37.503256]]}},{"type":"Feature","properties":{"color":"#004A85","ref":"1"},"geometry":{"type":"LineString","coordinates":[[126.881342,37.502162],[126.881612,37.502462]]}},{"type":"Feature","properties":{"color":"#004A85","ref":"1"},"geometry":{"type":"LineString","coordinates":[[126.913642,37.517024],[126.914118,37.517099]]}},{"type":"Feature","properties":{"color":"#004A85","ref":"1"},"geometry":{"type":"LineString","coordinates":[[126.912882,37.51693],[126.913371,37.517004]]}},{"type":"Feature","properties":{"color":"#004A85","ref":"1"},"geometry":{"type":"LineString","coordinates":[[127.06205,37.623502],[127.062774,37.621859],[127.062835,37.621717],[127.062979,37.621381],[127.063031,37.621265],[127.063306,37.620649]]}},{"type":"Feature","properties":{"color":"#004A85","ref":"1"},"geometry":{"type":"LineString","coordinates":[[127.063448,37.62027],[127.063306,37.620649]]}},{"type":"Feature","properties":{"color":"#004A85","ref":"1"},"geometry":{"type":"LineString","coordinates":[[127.063582,37.619959],[127.06354,37.620069],[127.063448,37.62027]]}},{"type":"Feature","properties":{"color":"#004A85","ref":"1"},"geometry":{"type":"LineString","coordinates":[[127.063582,37.619959],[127.063682,37.619673],[127.063731,37.619483],[127.063754,37.619409],[127.063766,37.61937],[127.06385,37.619151]]}},{"type":"Feature","properties":{"color":"#004A85","ref":"1"},"geometry":{"type":"LineString","coordinates":[[127.073932,38.101451],[127.073968,38.10145],[127.073928,38.101061],[127.073809,38.100369],[127.073657,38.09965],[127.073619,38.099659],[127.073755,38.100389],[127.073816,38.100805],[127.073868,38.101096],[127.073932,38.101451]]}},{"type":"Feature","properties":{"color":"#004A85","ref":"1"},"geometry":{"type":"LineString","coordinates":[[127.073347,38.09843],[127.073523,38.099028],[127.073651,38.099496],[127.073761,38.09994],[127.073863,38.100461]]}},{"type":"Feature","properties":{"color":"#004A85","ref":"1"},"geometry":{"type":"LineString","coordinates":[[127.072498,38.093942],[127.072955,38.096319],[127.073041,38.09679],[127.073216,38.097684],[127.073245,38.097902],[127.073284,38.098109],[127.073347,38.09843]]}},{"type":"Feature","properties":{"color":"#004A85","ref":"1"},"geometry":{"type":"LineString","coordinates":[[127.07171,38.087617],[127.07161,38.088442],[127.071609,38.08874],[127.071676,38.089279],[127.071861,38.090345],[127.072383,38.09313],[127.072498,38.093942]]}},{"type":"Feature","properties":{"color":"#004A85","ref":"1"},"geometry":{"type":"LineString","coordinates":[[127.072144,38.085322],[127.071806,38.086863],[127.07171,38.087617]]}},{"type":"Feature","properties":{"color":"#004A85","ref":"1"},"geometry":{"type":"LineString","coordinates":[[127.073721,38.075895],[127.073756,38.076018],[127.073864,38.076677],[127.073784,38.077665],[127.073017,38.081153],[127.072509,38.083591],[127.072337,38.084363],[127.07219,38.085095],[127.072144,38.085322]]}},{"type":"Feature","properties":{"color":"#004A85","ref":"1"},"geometry":{"type":"LineString","coordinates":[[127.073697,38.075811],[127.073721,38.075895]]}},{"type":"Feature","properties":{"color":"#004A85","ref":"1"},"geometry":{"type":"LineString","coordinates":[[127.073529,38.07522],[127.073697,38.075811]]}},{"type":"Feature","properties":{"color":"#004A85","ref":"1"},"geometry":{"type":"LineString","coordinates":[[127.073485,38.075133],[127.073529,38.07522]]}},{"type":"Feature","properties":{"color":"#004A85","ref":"1"},"geometry":{"type":"LineString","coordinates":[[127.067562,38.058094],[127.067821,38.059527],[127.068045,38.060524],[127.068431,38.062665],[127.068552,38.063174],[127.069139,38.066141],[127.069621,38.067938],[127.069951,38.068865],[127.070259,38.069611],[127.070855,38.070742],[127.071354,38.071524],[127.072658,38.07354],[127.073485,38.075133]]}},{"type":"Feature","properties":{"color":"#004A85","ref":"1"},"geometry":{"type":"LineString","coordinates":[[127.067526,38.057964],[127.067552,38.058059],[127.067562,38.058094]]}},{"type":"Feature","properties":{"color":"#004A85","ref":"1"},"geometry":{"type":"LineString","coordinates":[[127.066128,38.050794],[127.066244,38.051312],[127.06643,38.052275],[127.066671,38.053529],[127.066954,38.054817],[127.067216,38.056216],[127.067502,38.057864],[127.067526,38.057964]]}},{"type":"Feature","properties":{"color":"#004A85","ref":"1"},"geometry":{"type":"LineString","coordinates":[[127.066102,38.050681],[127.066128,38.050794]]}},{"type":"Feature","properties":{"color":"#004A85","ref":"1"},"geometry":{"type":"LineString","coordinates":[[127.066029,38.041754],[127.065609,38.043611],[127.065498,38.044425],[127.065388,38.045979],[127.065431,38.047147],[127.065521,38.047774],[127.065607,38.048364],[127.065983,38.050151],[127.066102,38.050681]]}},{"type":"Feature","properties":{"color":"#004A85","ref":"1"},"geometry":{"type":"LineString","coordinates":[[127.0671,38.037264],[127.06707,38.037389],[127.067049,38.037473],[127.066736,38.038713],[127.066347,38.040315],[127.066029,38.041754]]}},{"type":"Feature","properties":{"color":"#004A85","ref":"1"},"geometry":{"type":"LineString","coordinates":[[127.067421,38.035732],[127.067171,38.036966],[127.0671,38.037264]]}},{"type":"Feature","properties":{"color":"#004A85","ref":"1"},"geometry":{"type":"LineString","coordinates":[[127.068933,38.030079],[127.068728,38.03059],[127.06869,38.030713],[127.068513,38.03125],[127.068224,38.032238],[127.067975,38.033195],[127.067867,38.033699],[127.067741,38.034282],[127.067562,38.035071],[127.067421,38.035732]]}},{"type":"Feature","properties":{"color":"#004A85","ref":"1"},"geometry":{"type":"LineString","coordinates":[[127.069476,38.028868],[127.069365,38.029104],[127.069043,38.029795],[127.068933,38.030079]]}},{"type":"Feature","properties":{"color":"#004A85","ref":"1"},"geometry":{"type":"LineString","coordinates":[[127.069618,38.028562],[127.069476,38.028868]]}},{"type":"Feature","properties":{"color":"#004A85","ref":"1"},"geometry":{"type":"LineString","coordinates":[[127.070154,38.027626],[127.069935,38.027984],[127.069618,38.028562]]}},{"type":"Feature","properties":{"color":"#004A85","ref":"1"},"geometry":{"type":"LineString","coordinates":[[127.070428,38.027153],[127.070341,38.027288],[127.070154,38.027626]]}},{"type":"Feature","properties":{"color":"#004A85","ref":"1"},"geometry":{"type":"LineString","coordinates":[[127.070428,38.027153],[127.070715,38.02676],[127.070906,38.026461],[127.07123,38.025973],[127.071399,38.025649],[127.07159,38.025318],[127.071759,38.024991],[127.071867,38.024784],[127.071906,38.024716]]}},{"type":"Feature","properties":{"color":"#004A85","ref":"1"},"geometry":{"type":"LineString","coordinates":[[127.071906,38.024716],[127.071947,38.024637]]}},{"type":"Feature","properties":{"color":"#004A85","ref":"1"},"geometry":{"type":"LineString","coordinates":[[127.071947,38.024637],[127.072411,38.023785],[127.072459,38.023688],[127.072557,38.023468],[127.072646,38.023277],[127.072699,38.023096],[127.07275,38.022977],[127.072791,38.022882],[127.072992,38.022448]]}},{"type":"Feature","properties":{"color":"#004A85","ref":"1"},"geometry":{"type":"LineString","coordinates":[[127.073543,38.021394],[127.073471,38.021528],[127.073387,38.021683],[127.072992,38.022448]]}},{"type":"Feature","properties":{"color":"#004A85","ref":"1"},"geometry":{"type":"LineString","coordinates":[[127.074672,38.018794],[127.074624,38.018989],[127.074576,38.019184],[127.07444,38.019621],[127.074149,38.020254],[127.073983,38.02058],[127.073543,38.021394]]}},{"type":"Feature","properties":{"color":"#004A85","ref":"1"},"geometry":{"type":"LineString","coordinates":[[127.074743,38.018458],[127.074701,38.018667],[127.074672,38.018794]]}},{"type":"Feature","properties":{"color":"#004A85","ref":"1"},"geometry":{"type":"LineString","coordinates":[[127.074579,38.012654],[127.074601,38.012825],[127.074629,38.013022],[127.074707,38.014422],[127.074703,38.014665],[127.074707,38.014989],[127.074732,38.015626],[127.074739,38.015787],[127.074821,38.016694],[127.074823,38.017444],[127.074812,38.017876],[127.074795,38.018197],[127.074791,38.01822],[127.074743,38.018458]]}},{"type":"Feature","properties":{"color":"#004A85","ref":"1"},"geometry":{"type":"LineString","coordinates":[[127.074657,38.007068],[127.074452,38.007875],[127.074394,38.008256],[127.074357,38.008468],[127.074316,38.009236],[127.074304,38.00956],[127.074299,38.009909],[127.074365,38.01063],[127.074374,38.011002],[127.074579,38.012654]]}},{"type":"Feature","properties":{"color":"#004A85","ref":"1"},"geometry":{"type":"LineString","coordinates":[[127.075751,38.001899],[127.07573,38.00201],[127.075708,38.002286],[127.075613,38.00277],[127.075323,38.0039],[127.075019,38.005323],[127.074657,38.007068]]}},{"type":"Feature","properties":{"color":"#004A85","ref":"1"},"geometry":{"type":"LineString","coordinates":[[127.07576,38.001713],[127.075751,38.001899]]}},{"type":"Feature","properties":{"color":"#004A85","ref":"1"},"geometry":{"type":"LineString","coordinates":[[127.075662,37.999504],[127.075663,37.999754],[127.075663,37.999921],[127.07575,38.000953],[127.075768,38.001373],[127.07576,38.001713]]}},{"type":"Feature","properties":{"color":"#004A85","ref":"1"},"geometry":{"type":"LineString","coordinates":[[127.075594,37.99891],[127.07563,37.999246],[127.075662,37.999504]]}},{"type":"Feature","properties":{"color":"#004A85","ref":"1"},"geometry":{"type":"LineString","coordinates":[[127.075594,37.99891],[127.075585,37.998485],[127.075551,37.997894],[127.075503,37.997575]]}},{"type":"Feature","properties":{"color":"#004A85","ref":"1"},"geometry":{"type":"LineString","coordinates":[[127.075503,37.997575],[127.075413,37.997147],[127.075389,37.997034],[127.075292,37.996704],[127.075131,37.996393]]}},{"type":"Feature","properties":{"color":"#004A85","ref":"1"},"geometry":{"type":"LineString","coordinates":[[127.075131,37.996393],[127.075019,37.996207],[127.074904,37.995985],[127.07486,37.995902],[127.074765,37.995736],[127.074607,37.995487],[127.074452,37.995262],[127.074357,37.995142],[127.074047,37.994755],[127.073676,37.994333],[127.073659,37.994317],[127.073537,37.994191],[127.073394,37.99407],[127.073039,37.993776],[127.072285,37.993248]]}},{"type":"Feature","properties":{"color":"#004A85","ref":"1"},"geometry":{"type":"LineString","coordinates":[[127.072285,37.993248],[127.071463,37.99274]]}},{"type":"Feature","properties":{"color":"#004A85","ref":"1"},"geometry":{"type":"LineString","coordinates":[[127.070037,37.991758],[127.070906,37.99236],[127.071107,37.9925],[127.071463,37.99274]]}},{"type":"Feature","properties":{"color":"#004A85","ref":"1"},"geometry":{"type":"LineString","coordinates":[[127.068793,37.99081],[127.069279,37.991161],[127.070037,37.991758]]}},{"type":"Feature","properties":{"color":"#004A85","ref":"1"},"geometry":{"type":"LineString","coordinates":[[127.059275,37.968361],[127.059255,37.968643],[127.059214,37.969],[127.059136,37.969356],[127.058824,37.970501],[127.058525,37.971739],[127.05833,37.97239],[127.057925,37.973821],[127.057769,37.974872],[127.057681,37.97579],[127.057708,37.976675],[127.057811,37.977419],[127.058156,37.978623],[127.058804,37.980083],[127.059657,37.981776],[127.060971,37.983771],[127.062911,37.986006],[127.064728,37.987803],[127.067068,37.989646],[127.068793,37.99081]]}},{"type":"Feature","properties":{"color":"#004A85","ref":"1"},"geometry":{"type":"LineString","coordinates":[[127.059379,37.967405],[127.0593,37.968039],[127.059275,37.968361]]}},{"type":"Feature","properties":{"color":"#004A85","ref":"1"},"geometry":{"type":"LineString","coordinates":[[127.061281,37.962311],[127.060736,37.9635],[127.060409,37.964196],[127.06005,37.965165],[127.05976,37.965954],[127.059532,37.966676],[127.059431,37.967108],[127.059379,37.967405]]}},{"type":"Feature","properties":{"color":"#004A85","ref":"1"},"geometry":{"type":"LineString","coordinates":[[127.06211,37.958532],[127.062098,37.958927],[127.062062,37.959313],[127.062014,37.959558],[127.06197,37.959784],[127.061877,37.96029],[127.061738,37.960809],[127.061691,37.96104],[127.061593,37.961447],[127.061281,37.962311]]}},{"type":"Feature","properties":{"color":"#004A85","ref":"1"},"geometry":{"type":"LineString","coordinates":[[127.061061,37.949982],[127.061139,37.950528],[127.06116,37.950706],[127.061224,37.951289],[127.061395,37.952553],[127.061468,37.953097],[127.061535,37.953518],[127.061657,37.954478],[127.061751,37.955296],[127.061844,37.955952],[127.061919,37.95652],[127.062005,37.957223],[127.062064,37.957977],[127.062087,37.958251],[127.06211,37.958532]]}},{"type":"Feature","properties":{"color":"#004A85","ref":"1"},"geometry":{"type":"LineString","coordinates":[[127.061061,37.949982],[127.061036,37.949517],[127.060949,37.948948],[127.060943,37.948895],[127.060873,37.948276],[127.060842,37.947975],[127.06077,37.947439],[127.060723,37.947162]]}},{"type":"Feature","properties":{"color":"#004A85","ref":"1"},"geometry":{"type":"LineString","coordinates":[[127.062619,37.622365],[127.061716,37.624421],[127.061679,37.624411],[127.062582,37.622355],[127.062619,37.622365]]}},{"type":"Feature","properties":{"color":"#004A85","ref":"1"},"geometry":{"type":"LineString","coordinates":[[127.058783,37.633774],[127.058711,37.632154],[127.058775,37.632152],[127.058847,37.633772],[127.058783,37.633774]]}},{"type":"Feature","properties":{"color":"#004A85","ref":"1"},"geometry":{"type":"LineString","coordinates":[[127.051692,37.643822],[127.051628,37.643805],[127.050954,37.645384],[127.051018,37.645401],[127.051692,37.643822]]}},{"type":"Feature","properties":{"color":"#004A85","ref":"1"},"geometry":{"type":"LineString","coordinates":[[127.048052,37.652131],[127.047152,37.654176],[127.047085,37.654162],[127.047997,37.652122],[127.048052,37.652131]]}},{"type":"Feature","properties":{"color":"#004A85","ref":"1"},"geometry":{"type":"LineString","coordinates":[[127.044188,37.668551],[127.044129,37.668549],[127.044312,37.666214],[127.044374,37.666217],[127.044188,37.668551]]}},{"type":"Feature","properties":{"color":"#004A85","ref":"1"},"geometry":{"type":"LineString","coordinates":[[127.045254,37.678017],[127.045295,37.678013],[127.045642,37.679986],[127.045601,37.679991],[127.045254,37.678017]]}},{"type":"Feature","properties":{"color":"#004A85","ref":"1"},"geometry":{"type":"LineString","coordinates":[[127.047099,37.711544],[127.047593,37.70899],[127.047541,37.708984],[127.047512,37.70913],[127.047038,37.711537],[127.047099,37.711544]]}},{"type":"Feature","properties":{"color":"#004A85","ref":"1"},"geometry":{"type":"LineString","coordinates":[[127.047059,37.722817],[127.047106,37.722813],[127.047193,37.723704],[127.047249,37.724785],[127.047188,37.724797],[127.04714,37.723789],[127.047059,37.722817]]}},{"type":"Feature","properties":{"color":"#004A85","ref":"1"},"geometry":{"type":"LineString","coordinates":[[127.046175,37.736447],[127.046224,37.736452],[127.045904,37.738917],[127.045873,37.738914],[127.046175,37.736447]]}},{"type":"Feature","properties":{"color":"#004A85","ref":"1"},"geometry":{"type":"LineString","coordinates":[[127.043947,37.749254],[127.044006,37.74927],[127.044203,37.748814],[127.044405,37.748294],[127.044675,37.747507],[127.044616,37.747493],[127.04435,37.74828],[127.044144,37.748797],[127.043947,37.749254]]}},{"type":"Feature","properties":{"color":"#004A85","ref":"1"},"geometry":{"type":"LineString","coordinates":[[127.042186,37.75846],[127.042251,37.758459],[127.042316,37.76029],[127.042318,37.760345],[127.042253,37.760347],[127.042186,37.75846]]}},{"type":"Feature","properties":{"color":"#004A85","ref":"1"},"geometry":{"type":"LineString","coordinates":[[127.044743,37.775109],[127.044638,37.773825],[127.044595,37.773277],[127.044625,37.773277],[127.044779,37.775107],[127.044743,37.775109]]}},{"type":"Feature","properties":{"color":"#004A85","ref":"1"},"geometry":{"type":"LineString","coordinates":[[127.056258,37.817913],[127.056322,37.817897],[127.057031,37.819672],[127.056967,37.819688],[127.056258,37.817913]]}},{"type":"Feature","properties":{"color":"#004A85","ref":"1"},"geometry":{"type":"LineString","coordinates":[[127.061383,37.844166],[127.061594,37.842327],[127.06163,37.842329],[127.061419,37.844169],[127.061383,37.844166]]}},{"type":"Feature","properties":{"color":"#004A85","ref":"1"},"geometry":{"type":"LineString","coordinates":[[127.055794,37.893268],[127.055655,37.891426],[127.055691,37.891424],[127.05583,37.893266],[127.055794,37.893268]]}},{"type":"Feature","properties":{"color":"#004A85","ref":"1"},"geometry":{"type":"LineString","coordinates":[[127.056504,37.902643],[127.056372,37.900805],[127.056408,37.900803],[127.05654,37.902641],[127.056504,37.902643]]}},{"type":"Feature","properties":{"color":"#004A85","ref":"1"},"geometry":{"type":"LineString","coordinates":[[127.057006,37.91498],[127.057075,37.91499],[127.057168,37.914465],[127.057251,37.913702],[127.057263,37.913242],[127.057197,37.913241],[127.057187,37.9137],[127.057129,37.914241],[127.05706,37.914715],[127.057006,37.91498]]}},{"type":"Feature","properties":{"color":"#004A85","ref":"1"},"geometry":{"type":"LineString","coordinates":[[127.05457,37.928485],[127.054918,37.926645],[127.054951,37.926649],[127.054603,37.928489],[127.05457,37.928485]]}},{"type":"Feature","properties":{"color":"#004A85","ref":"1"},"geometry":{"type":"LineString","coordinates":[[127.073566,37.994331],[127.073546,37.994363],[127.073889,37.994719],[127.073989,37.994854],[127.074441,37.995444],[127.07474,37.995898],[127.074782,37.995882],[127.074475,37.995424],[127.074017,37.994829],[127.073566,37.994331]]}},{"type":"Feature","properties":{"color":"#004A85","ref":"1"},"geometry":{"type":"LineString","coordinates":[[127.07233,38.023685],[127.071835,38.024606],[127.071802,38.024669],[127.071419,38.025382],[127.071468,38.025398],[127.07185,38.024686],[127.071867,38.024654],[127.071884,38.024623],[127.072379,38.023702],[127.07233,38.023685]]}},{"type":"Feature","properties":{"color":"#004A85","ref":"1"},"geometry":{"type":"LineString","coordinates":[[127.060901,37.948867],[127.060946,37.94911],[127.061061,37.949982]]}},{"type":"Feature","properties":{"color":"#004A85","ref":"1"},"geometry":{"type":"LineString","coordinates":[[127.071463,37.99274],[127.072046,37.993152],[127.072388,37.993371],[127.073105,37.993894],[127.073484,37.994218],[127.073675,37.994404],[127.07379,37.994519],[127.073961,37.99472],[127.07414,37.994927],[127.074305,37.995151],[127.07455,37.995478],[127.074774,37.995834],[127.074825,37.995928],[127.074907,37.996093],[127.07507,37.996409]]}},{"type":"Feature","properties":{"color":"#004A85","ref":"1"},"geometry":{"type":"LineString","coordinates":[[127.07507,37.996409],[127.075253,37.996806],[127.075343,37.997185],[127.075432,37.997625]]}},{"type":"Feature","properties":{"color":"#004A85","ref":"1"},"geometry":{"type":"LineString","coordinates":[[127.075432,37.997625],[127.075463,37.9979],[127.07552,37.998316],[127.075594,37.99891]]}},{"type":"Feature","properties":{"color":"#004A85","ref":"1"},"geometry":{"type":"LineString","coordinates":[[127.072992,38.022448],[127.072661,38.023049],[127.072383,38.023564],[127.072253,38.023816],[127.071821,38.024593]]}},{"type":"Feature","properties":{"color":"#004A85","ref":"1"},"geometry":{"type":"LineString","coordinates":[[127.071821,38.024593],[127.071782,38.024668]]}},{"type":"Feature","properties":{"color":"#004A85","ref":"1"},"geometry":{"type":"LineString","coordinates":[[127.071782,38.024668],[127.071445,38.025275],[127.071138,38.025851]]}},{"type":"Feature","properties":{"color":"#004A85","ref":"1"},"geometry":{"type":"LineString","coordinates":[[127.071138,38.025851],[127.070766,38.02653],[127.070581,38.026871],[127.070428,38.027153]]}},{"type":"Feature","properties":{"color":"#004A85","ref":"1"},"geometry":{"type":"LineString","coordinates":[[126.8815,37.502486],[126.881559,37.502447],[126.883029,37.503788],[126.883326,37.504051],[126.883294,37.504074],[126.88297,37.503815],[126.8815,37.502486]]}},{"type":"Feature","properties":{"color":"#6b7280","ref":""},"geometry":{"type":"LineString","coordinates":[[126.450829,37.449644],[126.450523,37.449991],[126.450068,37.449737],[126.450374,37.44939],[126.450829,37.449644]]}},{"type":"Feature","properties":{"color":"#6b7280","ref":""},"geometry":{"type":"LineString","coordinates":[[126.435831,37.465747],[126.435763,37.465709],[126.435323,37.466198],[126.435391,37.466237],[126.435831,37.465747]]}},{"type":"Feature","properties":{"color":"#6b7280","ref":""},"geometry":{"type":"LineString","coordinates":[[126.445429,37.45586],[126.445123,37.456207]]}},{"type":"Feature","properties":{"color":"#6b7280","ref":""},"geometry":{"type":"LineString","coordinates":[[126.450892,37.449679],[126.450586,37.450025]]}},{"type":"Feature","properties":{"color":"#6b7280","ref":""},"geometry":{"type":"LineString","coordinates":[[126.450882,37.449633],[126.450705,37.449833],[126.445244,37.456018]]}},{"type":"Feature","properties":{"color":"#6b7280","ref":""},"geometry":{"type":"LineString","coordinates":[[126.445244,37.456018],[126.436154,37.466295],[126.435872,37.466614]]}},{"type":"Feature","properties":{"color":"#6b7280","ref":""},"geometry":{"type":"LineString","coordinates":[[126.4364,37.466064],[126.436467,37.466101],[126.436032,37.466595],[126.435965,37.466558],[126.4364,37.466064]]}},{"type":"Feature","properties":{"color":"#B4C7E7","ref":"인천1"},"geometry":{"type":"LineString","coordinates":[[126.688538,37.602418],[126.688719,37.602438],[126.690421,37.602566],[126.690984,37.602595],[126.698517,37.602624]]}},{"type":"Feature","properties":{"color":"#B4C7E7","ref":"인천1"},"geometry":{"type":"LineString","coordinates":[[126.698517,37.602624],[126.699838,37.60256],[126.700834,37.602478],[126.706402,37.60151],[126.707259,37.601327],[126.707517,37.601248],[126.707776,37.601139],[126.708306,37.600813],[126.71196,37.597695],[126.712341,37.597278],[126.712594,37.596733],[126.712689,37.596277],[126.713039,37.594042],[126.713315,37.592185]]}},{"type":"Feature","properties":{"color":"#B4C7E7","ref":"인천1"},"geometry":{"type":"LineString","coordinates":[[126.729577,37.571451],[126.729329,37.571441],[126.728595,37.571411],[126.727751,37.571292],[126.726387,37.571094],[126.724099,37.570648],[126.723473,37.570576],[126.722771,37.570572],[126.721919,37.570644],[126.720319,37.570918],[126.718918,37.571347],[126.718115,37.571758],[126.717293,37.572739],[126.716881,37.574055],[126.716852,37.575486],[126.716946,37.576732],[126.717198,37.581594],[126.717277,37.583608],[126.717252,37.583988],[126.716836,37.58556],[126.715317,37.587639],[126.713913,37.589549],[126.713695,37.589966],[126.713528,37.590521],[126.713315,37.592185]]}},{"type":"Feature","properties":{"color":"#B4C7E7","ref":"인천1"},"geometry":{"type":"LineString","coordinates":[[126.729577,37.571451],[126.730074,37.571453],[126.730388,37.57146],[126.730731,37.571462],[126.731174,37.571465],[126.731753,37.571469],[126.732319,37.57147],[126.732833,37.571473],[126.733208,37.571474],[126.73343,37.571475],[126.733615,37.571478],[126.733673,37.571478],[126.733974,37.571476],[126.734297,37.571474]]}},{"type":"Feature","properties":{"color":"#B4C7E7","ref":"인천1"},"geometry":{"type":"LineString","coordinates":[[126.734297,37.571474],[126.734335,37.571475],[126.734567,37.57148]]}},{"type":"Feature","properties":{"color":"#B4C7E7","ref":"인천1"},"geometry":{"type":"LineString","coordinates":[[126.734567,37.57148],[126.737533,37.571486],[126.737815,37.571483],[126.738073,37.571483],[126.738301,37.571475],[126.738535,37.571461],[126.738752,37.571435],[126.738973,37.571391]]}},{"type":"Feature","properties":{"color":"#B4C7E7","ref":"인천1"},"geometry":{"type":"LineString","coordinates":[[126.738973,37.571391],[126.739351,37.571271],[126.739603,37.571149],[126.739738,37.571073],[126.739802,37.571026]]}},{"type":"Feature","properties":{"color":"#B4C7E7","ref":"인천1"},"geometry":{"type":"LineString","coordinates":[[126.739802,37.571026],[126.73995,37.570908],[126.740069,37.570811],[126.740293,37.570576],[126.740446,37.570353],[126.740621,37.570027],[126.741096,37.569062],[126.741367,37.568603],[126.74213,37.567417],[126.742327,37.567094],[126.742478,37.566771],[126.742613,37.566402],[126.7427,37.566131],[126.742746,37.56591]]}},{"type":"Feature","properties":{"color":"#B4C7E7","ref":"인천1"},"geometry":{"type":"LineString","coordinates":[[126.742746,37.56591],[126.742762,37.56584],[126.742792,37.56547],[126.742787,37.564972],[126.74274,37.56417]]}},{"type":"Feature","properties":{"color":"#B4C7E7","ref":"인천1"},"geometry":{"type":"LineString","coordinates":[[126.74274,37.56417],[126.742677,37.563632],[126.742689,37.563452],[126.742791,37.562893],[126.742845,37.562738],[126.743011,37.562386],[126.744054,37.561255],[126.744915,37.560387],[126.74507,37.560231],[126.74535,37.559926],[126.745553,37.55965],[126.745793,37.559018],[126.745864,37.558282],[126.745849,37.557845],[126.745491,37.556041],[126.745211,37.554321],[126.745024,37.55364],[126.744834,37.553314],[126.744425,37.552793],[126.744054,37.552307],[126.742806,37.550753],[126.742233,37.549964],[126.741408,37.548608],[126.740724,37.54768],[126.740174,37.546992],[126.73928,37.545901],[126.738682,37.545173],[126.738658,37.545144],[126.738209,37.544484],[126.737918,37.544022],[126.737638,37.54362],[126.737231,37.543228],[126.736454,37.542963],[126.736158,37.542912],[126.735621,37.542898],[126.733991,37.54299],[126.732918,37.54315],[126.731562,37.543208],[126.728764,37.543354],[126.72789,37.543387],[126.726841,37.54345],[126.726111,37.543473],[126.725193,37.543358],[126.724405,37.543146],[126.723716,37.542778],[126.72326,37.54244],[126.722836,37.541981],[126.722581,37.541504],[126.722495,37.541058],[126.7225,37.540241],[126.72254,37.538987],[126.722536,37.538597],[126.722535,37.538426],[126.722519,37.536904],[126.722496,37.532545],[126.722469,37.530313],[126.722465,37.529902],[126.722478,37.528396],[126.722436,37.527863],[126.722084,37.524599],[126.721805,37.520965],[126.721586,37.518611],[126.721434,37.516713],[126.721422,37.51657],[126.721271,37.515135],[126.720797,37.512012],[126.720568,37.509773],[126.720497,37.508101],[126.720491,37.507925],[126.720486,37.507447],[126.720649,37.506502],[126.721037,37.505453],[126.721318,37.504518],[126.721527,37.503279],[126.721849,37.500995],[126.722171,37.498669],[126.722219,37.498369],[126.722384,37.497339],[126.722589,37.495714],[126.722757,37.494226],[126.723049,37.492704],[126.72322,37.491768],[126.723443,37.490831],[126.7237,37.489965],[126.723713,37.489921],[126.7238,37.489601],[126.723825,37.489364],[126.7238,37.489073],[126.723739,37.488895],[126.723653,37.488654],[126.723409,37.488157],[126.723089,37.487799],[126.722477,37.487343],[126.720988,37.486693],[126.718705,37.485626],[126.718419,37.485496],[126.717058,37.484816],[126.71592,37.484331],[126.715094,37.483919],[126.714676,37.483725],[126.714082,37.483449],[126.713225,37.48303],[126.712499,37.482615],[126.711813,37.481974],[126.710982,37.480068],[126.710205,37.477897],[126.710015,37.477364],[126.709362,37.475387],[126.709123,37.47456],[126.708713,37.473203],[126.708313,37.472085],[126.708102,37.47159],[126.708015,37.471199],[126.707943,37.470563],[126.707906,37.469113],[126.707848,37.467563],[126.707837,37.467337],[126.707687,37.466839],[126.707636,37.466769],[126.707473,37.466546],[126.706838,37.465872],[126.706314,37.465426],[126.70576,37.465181],[126.703065,37.464496],[126.702406,37.464269],[126.702156,37.464134],[126.701895,37.463908],[126.701599,37.463537],[126.701417,37.463247],[126.701279,37.462987],[126.701166,37.462719],[126.701106,37.462337],[126.701126,37.462095],[126.701162,37.46182],[126.701273,37.461461],[126.701758,37.46029],[126.701903,37.459911],[126.701997,37.459666],[126.702026,37.459591],[126.702149,37.45923],[126.702221,37.45884],[126.7022,37.458405],[126.702128,37.457934],[126.701849,37.455839],[126.701591,37.453994],[126.701265,37.451783],[126.701031,37.450062],[126.700896,37.449139],[126.700704,37.447852],[126.700464,37.446395],[126.700209,37.444612],[126.70004,37.443871],[126.699746,37.442552],[126.699654,37.441906],[126.699593,37.44149],[126.699429,37.43993],[126.699318,37.43938],[126.699199,37.439043],[126.698446,37.437647],[126.698037,37.436712],[126.697858,37.436298],[126.697709,37.435605],[126.697746,37.435067],[126.697772,37.434864],[126.697858,37.434185],[126.698364,37.432392],[126.698744,37.431091],[126.698849,37.430463],[126.698962,37.429829],[126.69897,37.429119],[126.69894,37.427752],[126.6989,37.427146],[126.698731,37.426047],[126.698083,37.423473],[126.697599,37.422361],[126.696898,37.42123],[126.696034,37.420218],[126.695207,37.419419],[126.693836,37.418023],[126.693653,37.417875],[126.692294,37.416626],[126.68962,37.414013],[126.688038,37.412537],[126.687954,37.412463],[126.687278,37.41181],[126.686776,37.411339],[126.686187,37.410767],[126.685723,37.410151],[126.685083,37.409346],[126.683999,37.408307],[126.683014,37.407189],[126.681583,37.405756],[126.680576,37.404613],[126.680277,37.40432],[126.679028,37.403033],[126.677163,37.401355],[126.673809,37.398393],[126.671208,37.396061],[126.6698,37.394797],[126.668461,37.393601],[126.666289,37.391607],[126.665188,37.390345],[126.665068,37.390231],[126.664911,37.390122],[126.664657,37.390032],[126.663983,37.389811],[126.663412,37.389605],[126.663271,37.389533],[126.662611,37.389045],[126.661532,37.387919],[126.661199,37.387571],[126.657724,37.384132],[126.656388,37.382663],[126.655845,37.38208],[126.655002,37.381175],[126.650707,37.376653],[126.650193,37.376155],[126.649738,37.375901],[126.649321,37.37583],[126.648829,37.375794],[126.648367,37.375818],[126.647897,37.375895],[126.647383,37.376078],[126.647085,37.376227],[126.646571,37.376765],[126.64561,37.378065],[126.64552,37.378187],[126.644455,37.379548],[126.641791,37.383168],[126.640017,37.385607],[126.639682,37.386078],[126.638758,37.387377],[126.636993,37.389969],[126.635396,37.392414],[126.634714,37.393446],[126.63322,37.395711],[126.631037,37.399231],[126.630625,37.399856]]}},{"type":"Feature","properties":{"color":"#B4C7E7","ref":"인천1"},"geometry":{"type":"LineString","coordinates":[[126.630625,37.399856],[126.630604,37.399889],[126.629557,37.401493],[126.628867,37.402579],[126.62737,37.404987],[126.626147,37.406835]]}},{"type":"Feature","properties":{"color":"#B4C7E7","ref":"인천1"},"geometry":{"type":"LineString","coordinates":[[126.62605,37.406787],[126.626362,37.406287],[126.627914,37.403924],[126.629065,37.401936],[126.630422,37.399891],[126.630504,37.399766]]}},{"type":"Feature","properties":{"color":"#B4C7E7","ref":"인천1"},"geometry":{"type":"LineString","coordinates":[[126.630504,37.399766],[126.630959,37.399045],[126.632147,37.39716],[126.634513,37.393382],[126.63529,37.392268],[126.639496,37.386004],[126.639605,37.385872],[126.6455,37.378005],[126.64605,37.377265],[126.646435,37.376797],[126.646744,37.376431],[126.646869,37.376305],[126.64701,37.376188],[126.647243,37.376067],[126.647568,37.375928],[126.647913,37.375828],[126.64813,37.375787],[126.648366,37.375748],[126.648717,37.375725],[126.649079,37.375727],[126.649413,37.375755],[126.649579,37.375778],[126.649738,37.375822],[126.649886,37.375872],[126.650034,37.37594],[126.650298,37.376121],[126.650872,37.376674],[126.655452,37.381445],[126.655983,37.381992],[126.657155,37.38322],[126.660212,37.386338],[126.661375,37.387528],[126.661683,37.387844],[126.661989,37.388174],[126.662523,37.388709],[126.662796,37.388971],[126.663397,37.389413],[126.66365,37.389536],[126.664001,37.389659],[126.66468,37.389889],[126.664969,37.39],[126.665173,37.390141],[126.665629,37.390597],[126.66649,37.391574],[126.668609,37.393501],[126.670177,37.394964],[126.673952,37.398322],[126.679293,37.403116],[126.680662,37.404566],[126.683271,37.407255],[126.685173,37.409308],[126.68583,37.410109],[126.68632,37.410773],[126.688089,37.412496],[126.693891,37.417974],[126.694064,37.418133],[126.696594,37.420401],[126.697357,37.421317],[126.697968,37.422383],[126.69846,37.423672],[126.698805,37.425096],[126.698972,37.426213],[126.699079,37.427157],[126.699181,37.428395],[126.699186,37.429774],[126.698964,37.430838],[126.698922,37.431132],[126.69887,37.431347],[126.698335,37.432991],[126.698028,37.433803],[126.697908,37.434532],[126.697884,37.434876],[126.697857,37.435507],[126.697974,37.436334],[126.698334,37.437221],[126.698769,37.438068],[126.699133,37.438716],[126.699342,37.439138],[126.699442,37.439545],[126.699777,37.441896],[126.69984,37.442432],[126.700266,37.444698],[126.701089,37.450041],[126.702048,37.456762],[126.702236,37.45793],[126.702296,37.458423],[126.702323,37.458651],[126.702317,37.458909],[126.702269,37.459197],[126.702244,37.459341],[126.702218,37.459408],[126.702082,37.459761],[126.701426,37.461475],[126.701348,37.461646],[126.701267,37.461864],[126.701208,37.462174],[126.701215,37.462369],[126.701279,37.462661],[126.701415,37.463015],[126.701591,37.463375],[126.701738,37.463584],[126.70198,37.46385],[126.702242,37.464058],[126.702511,37.464218],[126.705828,37.465096],[126.706377,37.465365],[126.706802,37.465691],[126.707456,37.466339],[126.707705,37.466612],[126.707872,37.466851],[126.707967,37.467312],[126.707978,37.467647],[126.707991,37.470557],[126.708011,37.47082],[126.708071,37.471214],[126.70818,37.471597],[126.708419,37.472127],[126.70881,37.473224],[126.709178,37.47439],[126.709437,37.475316],[126.709719,37.476157],[126.710039,37.477148],[126.710299,37.477869],[126.711639,37.481438],[126.711896,37.481913],[126.712152,37.482207],[126.712352,37.482394],[126.7127,37.482647],[126.713206,37.482922],[126.713737,37.483205],[126.714663,37.483633],[126.715741,37.484198],[126.717215,37.484828],[126.718469,37.485432],[126.722505,37.48727],[126.72294,37.48754],[126.723179,37.487736],[126.723513,37.488129],[126.723849,37.48888],[126.723909,37.489144],[126.723921,37.48931],[126.723861,37.489599],[126.723776,37.489978],[126.723473,37.491312],[126.722872,37.494245],[126.722342,37.498376],[126.721422,37.504535],[126.721155,37.505525],[126.720867,37.506304],[126.720695,37.506969],[126.720624,37.507532],[126.720638,37.508078],[126.720679,37.509607],[126.720748,37.51061],[126.721548,37.516701],[126.721787,37.519443],[126.721881,37.520899],[126.721901,37.521085],[126.721954,37.521726],[126.722071,37.523016],[126.72213,37.523722],[126.722185,37.52431],[126.722231,37.524854],[126.722261,37.525223],[126.722314,37.525816],[126.722362,37.526307],[126.722535,37.527893],[126.722594,37.5303],[126.722654,37.538426],[126.722678,37.540945],[126.72274,37.541272],[126.722913,37.541685],[126.723199,37.542058],[126.723582,37.542463],[126.724018,37.542788],[126.724419,37.543008],[126.724865,37.543176],[126.725482,37.543308],[126.726162,37.543364],[126.727896,37.543287],[126.732795,37.54307],[126.733898,37.542949],[126.735329,37.542849],[126.735771,37.542845],[126.736186,37.542868],[126.73656,37.542938],[126.73689,37.543025],[126.737246,37.543168],[126.73749,37.543356],[126.737705,37.543609],[126.738066,37.544118],[126.738273,37.544439],[126.738484,37.544767],[126.73877,37.545126],[126.740824,37.547628],[126.741457,37.5485],[126.742241,37.549841],[126.744621,37.552968],[126.744908,37.553333],[126.745074,37.553621],[126.745095,37.553687],[126.745109,37.553729],[126.745227,37.554004],[126.745471,37.555063],[126.745686,37.556394],[126.745701,37.556482],[126.745978,37.558077],[126.745948,37.558623],[126.745857,37.55914],[126.745639,37.559648],[126.745319,37.56006],[126.744851,37.560543],[126.744396,37.560971],[126.743061,37.562411],[126.742881,37.562773],[126.742784,37.563194],[126.742741,37.563573],[126.742753,37.563769],[126.742776,37.564154]]}},{"type":"Feature","properties":{"color":"#B4C7E7","ref":"인천1"},"geometry":{"type":"LineString","coordinates":[[126.742776,37.564154],[126.742833,37.564984],[126.742844,37.565279],[126.742832,37.565614],[126.742797,37.56585],[126.742745,37.566147],[126.742573,37.56666],[126.742407,37.567047],[126.742202,37.567407]]}},{"type":"Feature","properties":{"color":"#B4C7E7","ref":"인천1"},"geometry":{"type":"LineString","coordinates":[[126.742202,37.567407],[126.742072,37.567588],[126.74132,37.568755],[126.741143,37.569072],[126.740642,37.570082],[126.740492,37.570365],[126.740312,37.570616],[126.740116,37.570818],[126.739841,37.571053]]}},{"type":"Feature","properties":{"color":"#B4C7E7","ref":"인천1"},"geometry":{"type":"LineString","coordinates":[[126.739841,37.571053],[126.739766,37.571102],[126.739545,37.57122],[126.739354,37.571311],[126.739117,37.571391]]}},{"type":"Feature","properties":{"color":"#B4C7E7","ref":"인천1"},"geometry":{"type":"LineString","coordinates":[[126.739117,37.571391],[126.73899,37.571424],[126.73876,37.571472],[126.738545,37.571499],[126.738312,37.571513],[126.738065,37.571519],[126.737817,37.571525],[126.737534,37.571523],[126.736699,37.571521]]}},{"type":"Feature","properties":{"color":"#B4C7E7","ref":"인천1"},"geometry":{"type":"LineString","coordinates":[[126.736699,37.571521],[126.734333,37.571501],[126.734293,37.5715]]}},{"type":"Feature","properties":{"color":"#B4C7E7","ref":"인천1"},"geometry":{"type":"LineString","coordinates":[[126.734293,37.5715],[126.733977,37.571503],[126.733669,37.571506],[126.733616,37.571505],[126.733431,37.571505],[126.733211,37.571505],[126.732836,37.571506],[126.732318,37.571506],[126.73175,37.571502],[126.731172,37.5715],[126.730726,37.571495],[126.730386,37.571492],[126.730073,37.571486],[126.729573,37.5715]]}},{"type":"Feature","properties":{"color":"#B4C7E7","ref":"인천1"},"geometry":{"type":"LineString","coordinates":[[126.729573,37.5715],[126.728589,37.571444],[126.727758,37.571321],[126.726381,37.571125],[126.724078,37.570675],[126.723471,37.570604],[126.722769,37.570601],[126.721922,37.570683],[126.72034,37.570962],[126.718965,37.57139],[126.718178,37.571795],[126.717422,37.572751],[126.716983,37.574071],[126.717001,37.575496],[126.717019,37.576747],[126.7173,37.581573],[126.717394,37.5836],[126.71736,37.583998],[126.716928,37.585608],[126.715403,37.587674],[126.714008,37.589594],[126.713794,37.589995],[126.71364,37.590528],[126.713376,37.592192]]}},{"type":"Feature","properties":{"color":"#B4C7E7","ref":"인천1"},"geometry":{"type":"LineString","coordinates":[[126.713376,37.592192],[126.712784,37.596275],[126.712674,37.596757],[126.712423,37.597298],[126.712035,37.597719],[126.710407,37.599112],[126.708373,37.600848],[126.707813,37.601185],[126.707523,37.601289],[126.707243,37.601369],[126.706465,37.601541],[126.700833,37.602514],[126.699849,37.602634],[126.698504,37.602699]]}},{"type":"Feature","properties":{"color":"#B4C7E7","ref":"인천1"},"geometry":{"type":"LineString","coordinates":[[126.698504,37.602699],[126.69096,37.602683],[126.690464,37.602656],[126.688532,37.602464]]}},{"type":"Feature","properties":{"color":"#5fc0b9","ref":"2"},"geometry":{"type":"LineString","coordinates":[[127.402215,36.319591],[127.405081,36.320323],[127.405558,36.320445],[127.406042,36.320576],[127.406549,36.320715],[127.409193,36.321479]]}},{"type":"Feature","properties":{"color":"#5fc0b9","ref":"2"},"geometry":{"type":"LineString","coordinates":[[127.373715,36.310396],[127.374195,36.310512],[127.374488,36.310593],[127.37486,36.310732],[127.375168,36.310868],[127.377574,36.311947],[127.379903,36.312992],[127.380742,36.313364],[127.38208,36.31398],[127.384508,36.31509],[127.384677,36.315151],[127.384892,36.315207],[127.387102,36.31574],[127.388546,36.316098],[127.389876,36.316444],[127.391857,36.316957],[127.394324,36.317597],[127.3955,36.317902],[127.397243,36.318362],[127.397711,36.318483],[127.400432,36.319135],[127.402215,36.319591]]}},{"type":"Feature","properties":{"color":"#5fc0b9","ref":"2"},"geometry":{"type":"LineString","coordinates":[[127.359928,36.306759],[127.361051,36.307033],[127.361391,36.307103],[127.361748,36.307163],[127.363268,36.307293],[127.363481,36.307318],[127.3637,36.307371],[127.364133,36.307524],[127.364922,36.307804],[127.365224,36.307916],[127.366331,36.308222],[127.367597,36.308649],[127.368074,36.308819],[127.368999,36.309215],[127.369194,36.309295],[127.369787,36.309498],[127.370101,36.309553],[127.371077,36.309694],[127.371705,36.309803],[127.372369,36.310029],[127.372515,36.310097],[127.372678,36.310166],[127.372863,36.310221],[127.373715,36.310396]]}},{"type":"Feature","properties":{"color":"#5fc0b9","ref":"2"},"geometry":{"type":"LineString","coordinates":[[127.358012,36.306277],[127.359928,36.306759]]}},{"type":"Feature","properties":{"color":"#5fc0b9","ref":"2"},"geometry":{"type":"LineString","coordinates":[[127.332864,36.319745],[127.333047,36.319199],[127.3332,36.318806],[127.333301,36.318598],[127.333545,36.318172],[127.334173,36.317015],[127.334444,36.316464],[127.334609,36.316045],[127.334719,36.315726],[127.334805,36.315441],[127.334939,36.314587],[127.334984,36.314172],[127.335008,36.313749],[127.335008,36.313188],[127.334923,36.312057],[127.334848,36.311085],[127.334845,36.310618],[127.334868,36.308312],[127.33487,36.308036],[127.33483,36.307601],[127.334822,36.301836],[127.334823,36.301537],[127.334881,36.301416],[127.334999,36.301318],[127.335153,36.301266],[127.335458,36.301259],[127.335799,36.30126],[127.336131,36.301261],[127.336572,36.301265],[127.336814,36.301303],[127.337758,36.301548],[127.340271,36.302146],[127.340794,36.302417],[127.342707,36.302858],[127.343034,36.302937],[127.343897,36.30317],[127.344423,36.303282],[127.344789,36.303345],[127.345124,36.303409],[127.348366,36.304001],[127.349066,36.304125],[127.350347,36.30439],[127.351025,36.304557],[127.3533,36.305121],[127.358012,36.306277]]}},{"type":"Feature","properties":{"color":"#5fc0b9","ref":"2"},"geometry":{"type":"LineString","coordinates":[[127.332763,36.320303],[127.332864,36.319745]]}},{"type":"Feature","properties":{"color":"#5fc0b9","ref":"2"},"geometry":{"type":"LineString","coordinates":[[127.335257,36.337819],[127.334243,36.336591],[127.333962,36.33621],[127.333762,36.335902],[127.333573,36.335537],[127.333408,36.335192],[127.3333,36.334941],[127.333069,36.334432],[127.332956,36.334025],[127.332914,36.333737],[127.332868,36.333334],[127.332836,36.332899],[127.332832,36.332525],[127.332841,36.332002],[127.332822,36.3297],[127.332807,36.327669],[127.332726,36.327296],[127.332714,36.327032],[127.332712,36.326551],[127.332742,36.326182],[127.332755,36.325775],[127.332763,36.324323],[127.332744,36.323738],[127.332747,36.323412],[127.332766,36.322884],[127.332798,36.322513],[127.332794,36.322247],[127.332782,36.321133],[127.332763,36.320303]]}},{"type":"Feature","properties":{"color":"#5fc0b9","ref":"2"},"geometry":{"type":"LineString","coordinates":[[127.336032,36.338738],[127.335257,36.337819]]}},{"type":"Feature","properties":{"color":"#5fc0b9","ref":"2"},"geometry":{"type":"LineString","coordinates":[[127.390238,36.35768],[127.388483,36.357679],[127.38703,36.357687],[127.38654,36.357718],[127.383213,36.357729],[127.382747,36.357515],[127.381443,36.357518],[127.379818,36.357529],[127.379664,36.357569],[127.379533,36.357664],[127.37947,36.357774],[127.379458,36.357994],[127.379459,36.358846],[127.379466,36.35958],[127.379464,36.360027],[127.379494,36.361828],[127.379515,36.364594],[127.379547,36.36516],[127.379565,36.36746],[127.37957,36.368509],[127.379568,36.36878],[127.379533,36.369102],[127.379548,36.370823],[127.379574,36.371285],[127.379617,36.374496],[127.379616,36.374662],[127.379521,36.374775],[127.379375,36.37484],[127.379266,36.374841],[127.379006,36.374753],[127.378809,36.374658],[127.378048,36.374286],[127.377866,36.374186],[127.377674,36.374029],[127.377458,36.373754],[127.377278,36.373596],[127.376916,36.373395],[127.376526,36.373186],[127.375182,36.37248],[127.374147,36.371923],[127.373791,36.371712],[127.373312,36.371386],[127.372303,36.370714],[127.371651,36.370279],[127.37077,36.369682],[127.370188,36.36932],[127.369872,36.369102],[127.368669,36.368307],[127.368247,36.367994],[127.367492,36.367498],[127.367112,36.36725],[127.366094,36.366564],[127.365812,36.366383],[127.365353,36.366129],[127.36511,36.366007],[127.364539,36.365763],[127.364304,36.365659],[127.363593,36.365343],[127.36245,36.364836],[127.362054,36.364639],[127.360602,36.36388],[127.360319,36.363701],[127.359799,36.363344],[127.359535,36.363129],[127.359158,36.362862],[127.35883,36.362655],[127.357787,36.362081],[127.357445,36.36189],[127.356732,36.361549],[127.356001,36.361265],[127.355844,36.361212],[127.354199,36.360713],[127.353571,36.360517],[127.353034,36.360374],[127.352761,36.360334],[127.352356,36.360308],[127.351975,36.360294],[127.351574,36.360321],[127.350446,36.360489],[127.34947,36.360733],[127.348946,36.360877],[127.348418,36.361043],[127.34735,36.361426],[127.345749,36.36201],[127.345072,36.36224],[127.344973,36.362246],[127.344888,36.362234],[127.344829,36.362213],[127.344763,36.362175],[127.344695,36.362123],[127.344639,36.362061],[127.344568,36.361894],[127.344182,36.360926],[127.342251,36.356023],[127.342171,36.355814],[127.342092,36.355568],[127.341966,36.35514],[127.341595,36.35391],[127.341428,36.353477],[127.340934,36.35234],[127.340513,36.35136],[127.340267,36.350651],[127.34022,36.350413],[127.340194,36.350199],[127.340192,36.350007],[127.340276,36.348899],[127.340264,36.348292],[127.340262,36.346275],[127.340263,36.346016],[127.340247,36.345554],[127.340157,36.34485],[127.340098,36.344514],[127.340032,36.344267],[127.339948,36.344014],[127.339797,36.343634],[127.339669,36.343356],[127.339534,36.343099],[127.3393,36.342758],[127.339038,36.342374],[127.33873,36.341942],[127.338429,36.341571],[127.337502,36.340487],[127.336421,36.339204],[127.336032,36.338738]]}},{"type":"Feature","properties":{"color":"#5fc0b9","ref":"2"},"geometry":{"type":"LineString","coordinates":[[127.426952,36.317541],[127.428262,36.318041],[127.431542,36.319283],[127.432055,36.31948],[127.432945,36.319851],[127.434403,36.320436],[127.435784,36.321017],[127.436516,36.321331],[127.436672,36.321382],[127.437035,36.321477],[127.437531,36.321603],[127.43766,36.321667],[127.437733,36.321748],[127.437766,36.321869],[127.43774,36.321962],[127.437557,36.322303],[127.437428,36.32259],[127.437314,36.322805],[127.437201,36.323012],[127.43695,36.323457],[127.436476,36.32435],[127.435304,36.326572],[127.435056,36.326966],[127.433878,36.329009],[127.433725,36.329317],[127.433423,36.329842],[127.433126,36.330363],[127.432838,36.330829],[127.432785,36.330922],[127.43276,36.330995],[127.43276,36.331066],[127.432782,36.331143],[127.432826,36.3312],[127.432902,36.331246],[127.43341,36.331393],[127.436888,36.332656],[127.437544,36.33299],[127.437609,36.332993],[127.437673,36.332979],[127.437718,36.332943],[127.437775,36.332873],[127.438129,36.331948],[127.438461,36.331086],[127.438555,36.330838],[127.43884,36.330243],[127.439013,36.32992],[127.439307,36.329436],[127.439455,36.329159],[127.439682,36.328682],[127.439765,36.32845],[127.439834,36.328393],[127.43993,36.328375],[127.440057,36.328402],[127.44117,36.328773],[127.442594,36.329274],[127.44281,36.329376],[127.443018,36.329511],[127.44314,36.329634],[127.443397,36.33006],[127.443725,36.330478],[127.443855,36.330677],[127.443979,36.330879],[127.444104,36.331084],[127.444535,36.331867],[127.445671,36.333701],[127.446729,36.335463],[127.447264,36.336341],[127.447427,36.336586],[127.447561,36.33682],[127.447664,36.336997],[127.447883,36.337404],[127.448569,36.338617],[127.4487,36.338888],[127.448761,36.339039],[127.448805,36.33918],[127.448842,36.339314],[127.448893,36.339611],[127.448915,36.339824],[127.44892,36.33997],[127.448909,36.340338],[127.448864,36.341074],[127.448849,36.341177],[127.448815,36.341292],[127.448775,36.34139],[127.448699,36.341525],[127.44822,36.342202],[127.446078,36.34519],[127.445965,36.345315],[127.445738,36.345533],[127.445657,36.345625],[127.445471,36.345871],[127.444918,36.346727],[127.444008,36.348173],[127.443378,36.349181],[127.442624,36.350386],[127.44242,36.350699],[127.442269,36.350895],[127.442052,36.351119],[127.441801,36.351333],[127.440191,36.352682],[127.439014,36.353664],[127.438831,36.353817],[127.438627,36.35399],[127.43624,36.355994],[127.433692,36.358123],[127.433102,36.358621],[127.432965,36.358721],[127.432721,36.358898],[127.432515,36.359008],[127.432372,36.359065],[127.432176,36.359113],[127.432108,36.359122],[127.432023,36.359134],[127.431732,36.359125],[127.431306,36.359111],[127.426527,36.358956],[127.425183,36.358905],[127.423517,36.358864],[127.419987,36.358777],[127.419734,36.358771],[127.418966,36.358761],[127.417031,36.358724],[127.416734,36.358719],[127.416467,36.358685],[127.41522,36.358596],[127.413655,36.358471],[127.413453,36.35847],[127.410875,36.358268],[127.410617,36.358247],[127.410446,36.358228],[127.410106,36.358175],[127.409892,36.358134],[127.409647,36.358075],[127.407833,36.357567],[127.406466,36.357178],[127.405626,36.356957],[127.40549,36.356924],[127.40531,36.356903],[127.405096,36.356893],[127.404953,36.356905],[127.404597,36.356956],[127.403194,36.357245],[127.401323,36.357606],[127.400589,36.357653],[127.399985,36.357668],[127.396957,36.357682],[127.395523,36.357689],[127.39498,36.357659],[127.390238,36.35768]]}},{"type":"Feature","properties":{"color":"#5fc0b9","ref":"2"},"geometry":{"type":"LineString","coordinates":[[127.417099,36.318715],[127.417472,36.318405],[127.417582,36.318311],[127.417734,36.318236],[127.417929,36.318198],[127.418791,36.318234],[127.41957,36.31827],[127.419755,36.318261],[127.420104,36.318168],[127.420961,36.317883],[127.421108,36.317847],[127.421322,36.317817],[127.42151,36.317814],[127.423315,36.317941],[127.423454,36.317946],[127.423593,36.317937],[127.423742,36.317904],[127.423885,36.317856],[127.425153,36.31719],[127.425286,36.317137],[127.42541,36.317106],[127.425534,36.317095],[127.425652,36.3171],[127.425766,36.317118],[127.426258,36.317283],[127.426952,36.317541]]}},{"type":"Feature","properties":{"color":"#5fc0b9","ref":"2"},"geometry":{"type":"LineString","coordinates":[[127.409193,36.321479],[127.409291,36.321507],[127.411019,36.322003],[127.412314,36.322375],[127.412402,36.322393],[127.412489,36.322391],[127.412595,36.322362],[127.412684,36.322304],[127.412759,36.322241],[127.413959,36.321247],[127.414381,36.320929],[127.416139,36.319498],[127.417099,36.318715]]}},{"type":"Feature","properties":{"color":"#5fc0b9","ref":"2"},"geometry":{"type":"LineString","coordinates":[[127.323805,36.298945],[127.323973,36.299093],[127.324204,36.299286],[127.324501,36.299511],[127.324783,36.299691],[127.325201,36.29986],[127.328502,36.301014],[127.329338,36.301061],[127.33001,36.301255],[127.330677,36.301384],[127.331445,36.301379],[127.334443,36.301286],[127.334841,36.301209],[127.335112,36.301201],[127.335797,36.301202],[127.336209,36.301202]]}},{"type":"Feature","properties":{"color":"#5fc0b9","ref":"2"},"geometry":{"type":"LineString","coordinates":[[127.335112,36.301201],[127.335458,36.301259]]}},{"type":"Feature","properties":{"color":"#5fc0b9","ref":"2"},"geometry":{"type":"LineString","coordinates":[[127.433102,36.358621],[127.432742,36.358994],[127.432453,36.359232],[127.432364,36.359318],[127.432337,36.359345],[127.432233,36.35944],[127.432107,36.359641],[127.432001,36.359995],[127.431596,36.361487],[127.430332,36.366045],[127.429059,36.370548],[127.428928,36.370896],[127.428526,36.372347],[127.428306,36.373002],[127.428225,36.373296],[127.428097,36.373762],[127.427998,36.37424],[127.427517,36.375954],[127.427131,36.377352],[127.426875,36.378267],[127.42664,36.379414],[127.426384,36.380529],[127.426197,36.38148],[127.426105,36.382095],[127.425697,36.383945],[127.425545,36.384488],[127.425434,36.38477],[127.425309,36.385063],[127.425152,36.385341],[127.425049,36.385496],[127.424868,36.385708],[127.424653,36.385934],[127.42425,36.386298],[127.423762,36.386749],[127.422764,36.387689],[127.422057,36.38837],[127.421788,36.38868],[127.421506,36.389097],[127.421232,36.389598],[127.421104,36.389911],[127.420981,36.390266],[127.420888,36.390648],[127.420823,36.390891]]}},{"type":"Feature","properties":{"color":"#5fc0b9","ref":"2"},"geometry":{"type":"LineString","coordinates":[[127.423269,36.38944],[127.421838,36.388836],[127.422778,36.387893],[127.424131,36.386558],[127.424776,36.387075],[127.423269,36.38944]]}},{"type":"Feature","properties":{"color":"#5fc0b9","ref":"2"},"geometry":{"type":"LineString","coordinates":[[127.433075,36.358602],[127.432965,36.358721],[127.432715,36.358979],[127.432427,36.359218],[127.432204,36.359428],[127.432073,36.359628],[127.431966,36.359986],[127.430291,36.366037],[127.429028,36.370537],[127.428893,36.370886],[127.428489,36.372342],[127.428254,36.373073],[127.428189,36.373289],[127.428063,36.373761],[127.427961,36.374228],[127.427363,36.376395],[127.427102,36.377342],[127.426834,36.378262],[127.426655,36.379179],[127.426349,36.38052],[127.426156,36.38148],[127.426073,36.382042],[127.425662,36.383941],[127.42551,36.384477],[127.425406,36.384772],[127.425279,36.385055],[127.425121,36.385323],[127.425017,36.385487],[127.424841,36.385696],[127.424617,36.385915],[127.422235,36.38815],[127.42202,36.388359],[127.421768,36.388642],[127.421468,36.38909],[127.421197,36.389587],[127.421065,36.389896],[127.420848,36.390642],[127.420789,36.390886]]}},{"type":"Feature","properties":{"color":"#5fc0b9","ref":"2"},"geometry":{"type":"LineString","coordinates":[[127.426939,36.317567],[127.428248,36.318065],[127.43153,36.319311],[127.432033,36.319504],[127.432935,36.31988],[127.434389,36.320467],[127.43554,36.320951],[127.436487,36.321359],[127.436633,36.321408],[127.437519,36.321631],[127.437627,36.321688],[127.437692,36.321759],[127.437725,36.321867],[127.437706,36.321954],[127.437523,36.322291],[127.437361,36.322569],[127.437244,36.322787],[127.437134,36.322989],[127.436912,36.323448],[127.436441,36.324342],[127.435274,36.32656],[127.434992,36.327001],[127.433845,36.329],[127.43366,36.329291],[127.433362,36.329812],[127.433059,36.330341],[127.432805,36.330819],[127.432755,36.330903],[127.432725,36.33099],[127.432726,36.331066],[127.43275,36.331154],[127.432793,36.331213],[127.432878,36.331285],[127.433393,36.331445],[127.436881,36.332677],[127.437522,36.333016],[127.437605,36.333021],[127.43769,36.333005],[127.43776,36.332956],[127.437813,36.332885],[127.438493,36.331094],[127.43859,36.330851],[127.438874,36.330257],[127.439021,36.329983],[127.439261,36.329587],[127.439338,36.329449],[127.439478,36.32919],[127.439721,36.328687],[127.439803,36.328462],[127.439853,36.328419],[127.439928,36.328405],[127.440054,36.328425],[127.442579,36.329299],[127.442787,36.329395],[127.442991,36.329526],[127.443109,36.329647],[127.443358,36.330076],[127.443693,36.330491],[127.443823,36.330687],[127.443947,36.330888],[127.444072,36.33109],[127.444502,36.331881],[127.445635,36.333712],[127.446682,36.335474],[127.447215,36.336358],[127.447498,36.336841],[127.447596,36.337018],[127.447845,36.337421],[127.448294,36.338206],[127.44853,36.338632],[127.448659,36.338897],[127.448721,36.339051],[127.448767,36.339186],[127.448799,36.339317],[127.448848,36.339617],[127.448871,36.339825],[127.448876,36.339976],[127.448867,36.34033],[127.448821,36.341069],[127.448805,36.341175],[127.448776,36.341287],[127.44873,36.341383],[127.448659,36.341507],[127.448189,36.342189],[127.447537,36.343112],[127.446039,36.345176],[127.445928,36.345301],[127.445703,36.345522],[127.445623,36.345613],[127.445445,36.345857],[127.444889,36.346717],[127.443979,36.348165],[127.443345,36.349172],[127.442595,36.350372],[127.442388,36.350686],[127.442239,36.350884],[127.442027,36.351105],[127.441771,36.351316],[127.44016,36.352664],[127.438802,36.353804],[127.438602,36.353972],[127.436213,36.355973],[127.433669,36.358105],[127.433075,36.358602],[127.432693,36.358873],[127.432488,36.35898],[127.432353,36.359034],[127.432172,36.359082],[127.432036,36.359104],[127.431309,36.359085],[127.42653,36.358937],[127.425235,36.35888],[127.419987,36.358746],[127.419729,36.35874],[127.418926,36.358702],[127.41703,36.35866],[127.416736,36.358648],[127.416501,36.358662],[127.41578,36.358613],[127.415209,36.358566],[127.4135,36.358435],[127.410559,36.358211],[127.409817,36.358086],[127.408559,36.357735],[127.407844,36.357539],[127.406254,36.357083],[127.405636,36.356929],[127.405506,36.356903],[127.40532,36.356881],[127.405098,36.356865],[127.40498,36.356868],[127.404561,36.356929],[127.403158,36.357221],[127.401296,36.357574],[127.400577,36.357625],[127.400184,36.357644],[127.396955,36.357649],[127.395528,36.357659],[127.394981,36.357628],[127.39024,36.357654],[127.388487,36.357656],[127.387025,36.357663],[127.386547,36.357691],[127.383217,36.357691],[127.38275,36.357489],[127.382192,36.357489],[127.381445,36.357489],[127.379819,36.357493],[127.379645,36.357542],[127.379508,36.357638],[127.379433,36.357759],[127.379421,36.357995],[127.379429,36.359578],[127.379463,36.361824],[127.379478,36.364598],[127.379513,36.365168],[127.379531,36.368508],[127.379537,36.368781],[127.379498,36.369104],[127.379508,36.370817],[127.379533,36.371298],[127.37958,36.374498],[127.379571,36.374661],[127.379494,36.374756],[127.379366,36.374811],[127.379271,36.37481],[127.379025,36.374733],[127.378827,36.374632],[127.378073,36.374263],[127.377895,36.374157],[127.377715,36.37401],[127.377511,36.373749],[127.377308,36.373573],[127.376938,36.373378],[127.376543,36.373164],[127.375016,36.372365],[127.374164,36.371902],[127.373807,36.371691],[127.373334,36.371366],[127.372337,36.3707],[127.371904,36.370421],[127.371665,36.370257],[127.370788,36.369663],[127.370206,36.3693],[127.369891,36.36908],[127.368697,36.368285],[127.368267,36.367971],[127.367519,36.36748],[127.366466,36.366775],[127.366038,36.366485],[127.365723,36.36629],[127.365324,36.366074],[127.36498,36.365902],[127.364337,36.365615],[127.364166,36.365539],[127.363804,36.365412],[127.362484,36.364821],[127.3622,36.364684],[127.361262,36.364191],[127.360618,36.363858],[127.360229,36.36361],[127.359814,36.363322],[127.359487,36.36306],[127.359176,36.362839],[127.358845,36.362632],[127.357807,36.362057],[127.357456,36.361871],[127.356872,36.36158],[127.356558,36.361443],[127.35586,36.361188],[127.354117,36.360644],[127.353437,36.360454],[127.353048,36.360348],[127.35276,36.360306],[127.352453,36.360288],[127.351975,36.360264],[127.351569,36.360289],[127.350435,36.360467],[127.349461,36.360704],[127.349002,36.360827],[127.348409,36.361013],[127.347333,36.361399],[127.34574,36.361984],[127.345091,36.362205],[127.34499,36.362218],[127.344905,36.362209],[127.344844,36.362186],[127.344786,36.362153],[127.344726,36.362107],[127.344676,36.362055],[127.344606,36.361891],[127.344218,36.360916],[127.343661,36.359517],[127.34352,36.359148],[127.34221,36.355841],[127.342119,36.355558],[127.341975,36.355045],[127.341623,36.353888],[127.341459,36.353442],[127.340971,36.352332],[127.340553,36.351354],[127.34033,36.350729],[127.340303,36.350634],[127.340259,36.350408],[127.340238,36.350205],[127.34023,36.350011],[127.340318,36.348881],[127.340309,36.348296],[127.340305,36.34746],[127.340298,36.346271],[127.340298,36.346017],[127.340287,36.345559],[127.340198,36.344839],[127.340139,36.344507],[127.34007,36.344261],[127.339985,36.344005],[127.339836,36.343618],[127.339702,36.343334],[127.339564,36.343069],[127.339317,36.342706],[127.339078,36.34236],[127.33877,36.341924],[127.338468,36.341555],[127.337554,36.340465],[127.336462,36.339177],[127.336071,36.338709]]}},{"type":"Feature","properties":{"color":"#5fc0b9","ref":"2"},"geometry":{"type":"LineString","coordinates":[[127.432073,36.359628],[127.432081,36.359512],[127.432057,36.359385],[127.432005,36.359271],[127.431915,36.359194],[127.431732,36.359125]]}},{"type":"Feature","properties":{"color":"#5fc0b9","ref":"2"},"geometry":{"type":"LineString","coordinates":[[127.40918,36.321506],[127.409283,36.321535],[127.411002,36.322031],[127.412303,36.322396],[127.412391,36.322416],[127.412497,36.322414],[127.412614,36.322382],[127.412724,36.322315],[127.412797,36.322253],[127.414011,36.321248],[127.415013,36.320469],[127.416172,36.319516],[127.417125,36.318733]]}},{"type":"Feature","properties":{"color":"#5fc0b9","ref":"2"},"geometry":{"type":"LineString","coordinates":[[127.332928,36.319749],[127.332985,36.31952],[127.33308,36.319212],[127.333235,36.318813],[127.333342,36.318604],[127.333602,36.318161],[127.334221,36.317017],[127.334488,36.316465],[127.334657,36.316044],[127.334757,36.315734],[127.334827,36.315459],[127.334974,36.314586],[127.335015,36.314172],[127.335042,36.313758],[127.335046,36.313189],[127.33496,36.312059],[127.334895,36.311088],[127.334884,36.310865],[127.334909,36.30858],[127.334909,36.308312],[127.334909,36.308044],[127.334872,36.307601],[127.334859,36.301833],[127.334863,36.301544],[127.33492,36.301427],[127.335028,36.301344],[127.335156,36.301296],[127.335459,36.301287],[127.335799,36.301288],[127.336131,36.301288],[127.336562,36.301289],[127.336803,36.301326],[127.337747,36.301571],[127.340258,36.302171],[127.340788,36.302446],[127.342697,36.302883],[127.34302,36.302963],[127.343899,36.303201],[127.344359,36.303301],[127.344778,36.303381],[127.345126,36.303445],[127.34906,36.304154],[127.350303,36.304416],[127.351015,36.304584],[127.353281,36.305148],[127.357979,36.306321],[127.359902,36.306792],[127.361022,36.307074],[127.361214,36.307115],[127.361411,36.30715],[127.361578,36.307176],[127.361711,36.307191],[127.363079,36.307305],[127.363342,36.307333],[127.363533,36.307363],[127.363689,36.3074],[127.364213,36.307581],[127.364905,36.30783],[127.365279,36.307966],[127.366301,36.308253],[127.367573,36.308671],[127.368055,36.30885],[127.368302,36.308948],[127.36906,36.309287],[127.369333,36.309388],[127.369756,36.309526],[127.370887,36.309696],[127.37161,36.30981],[127.371847,36.309875],[127.372656,36.310186],[127.372816,36.310234],[127.373705,36.310423],[127.374475,36.310615],[127.375154,36.310884],[127.377558,36.311963],[127.379895,36.313012],[127.380691,36.313367],[127.382064,36.313998],[127.384033,36.314904],[127.384402,36.315073],[127.384535,36.315127],[127.384684,36.31518],[127.384866,36.315232],[127.387094,36.315762],[127.38987,36.316468],[127.391844,36.316981],[127.394314,36.317625],[127.395488,36.317928],[127.397239,36.318384],[127.397706,36.318508],[127.40049,36.319178],[127.402205,36.319606]]}},{"type":"Feature","properties":{"color":"#5fc0b9","ref":"2"},"geometry":{"type":"LineString","coordinates":[[127.332828,36.3203],[127.332928,36.319749]]}},{"type":"Feature","properties":{"color":"#5fc0b9","ref":"2"},"geometry":{"type":"LineString","coordinates":[[127.335313,36.337794],[127.334292,36.336565],[127.333999,36.336179],[127.333811,36.335886],[127.333616,36.335528],[127.333451,36.335178],[127.333342,36.334921],[127.333108,36.334416],[127.333002,36.334026],[127.332963,36.333735],[127.332914,36.333336],[127.332882,36.332905],[127.332879,36.332525],[127.332877,36.331946],[127.332856,36.3297],[127.332846,36.327668],[127.33277,36.327298],[127.332752,36.327026],[127.332749,36.326549],[127.332779,36.326158],[127.332786,36.325772],[127.332795,36.324323],[127.332774,36.323739],[127.332779,36.323418],[127.332802,36.322886],[127.332839,36.322512],[127.332838,36.322241],[127.332829,36.321131],[127.332828,36.3203]]}}]}